ISO-10303-21;
HEADER;
/* Generated by software containing ST-Developer
 * from STEP Tools, Inc. (www.steptools.com) 
 */
/* OPTION: using custom renumber hook */

FILE_DESCRIPTION(
/* description */ ('STEP AP242 Edition 2',
'CAx-IF Rec.Pracs.---Representation and Presentation of Product Manufa
cturing Information (PMI)---4.0---2014-10-13',
'CAx-IF Rec.Pracs.---3D Tessellated Geometry---0.4---2014-09-14','2;1',
'CAx-IF Rec.Pracs.---User Defined Attributes---1.5---2016-08-15'),
/* implementation_level */ '2;1');

FILE_NAME(
/* name */ '9.7in IPS - Electronics mount',
/* time_stamp */ '2026-07-13T15:43:51Z',
/* author */ (''),
/* organization */ (''),
/* preprocessor_version */ 'ST-DEVELOPER v20',
/* originating_system */ 'ONSHAPE BY PTC INC, 1.217',
/* authorisation */ '  ');

FILE_SCHEMA (('AP242_MANAGED_MODEL_BASED_3D_ENGINEERING_MIM_LF { 1 0 10303 442 3 1 4 }'));
ENDSEC;

DATA;
#10=SHAPE_REPRESENTATION_RELATIONSHIP('','',#2329,#11);
#11=ADVANCED_BREP_SHAPE_REPRESENTATION('',(#2327),#4002);
#12=CONICAL_SURFACE('',#2590,0.0025,0.785398163397448);
#13=CONICAL_SURFACE('',#2591,0.0025,0.785398163397448);
#14=CONICAL_SURFACE('',#2592,0.0025,0.785398163397449);
#15=CONICAL_SURFACE('',#2593,0.003,0.785398163397448);
#16=CONICAL_SURFACE('',#2594,0.0025,0.785398163397449);
#17=CONICAL_SURFACE('',#2595,0.003,0.785398163397448);
#18=CONICAL_SURFACE('',#2596,0.003,0.785398163397448);
#19=CONICAL_SURFACE('',#2597,0.003,0.785398163397448);
#20=B_SPLINE_CURVE_WITH_KNOTS('',3,(#3577,#3578,#3579,#3580,#3581,#3582,
#3583),.UNSPECIFIED.,.F.,.F.,(4,1,1,1,4),(0.,0.00119860392023305,0.0023972078404661,
0.00359581176069915,0.0047944156809322),.UNSPECIFIED.);
#21=B_SPLINE_CURVE_WITH_KNOTS('',3,(#3876,#3877,#3878,#3879,#3880),
 .UNSPECIFIED.,.F.,.F.,(4,1,4),(0.,0.0012875669126793,0.00257513382535861),
 .UNSPECIFIED.);
#22=B_SPLINE_CURVE_WITH_KNOTS('',3,(#3957,#3958,#3959,#3960),
 .UNSPECIFIED.,.F.,.F.,(4,4),(1.64314926447512E-6,0.00115308942058471),
 .UNSPECIFIED.);
#23=PLANE('',#2334);
#24=PLANE('',#2338);
#25=PLANE('',#2339);
#26=PLANE('',#2340);
#27=PLANE('',#2341);
#28=PLANE('',#2342);
#29=PLANE('',#2346);
#30=PLANE('',#2347);
#31=PLANE('',#2348);
#32=PLANE('',#2349);
#33=PLANE('',#2350);
#34=PLANE('',#2354);
#35=PLANE('',#2355);
#36=PLANE('',#2356);
#37=PLANE('',#2357);
#38=PLANE('',#2358);
#39=PLANE('',#2362);
#40=PLANE('',#2366);
#41=PLANE('',#2367);
#42=PLANE('',#2368);
#43=PLANE('',#2369);
#44=PLANE('',#2370);
#45=PLANE('',#2371);
#46=PLANE('',#2375);
#47=PLANE('',#2450);
#48=PLANE('',#2558);
#49=PLANE('',#2561);
#50=PLANE('',#2564);
#51=PLANE('',#2567);
#52=PLANE('',#2570);
#53=PLANE('',#2573);
#54=PLANE('',#2576);
#55=PLANE('',#2579);
#56=PLANE('',#2631);
#57=PLANE('',#2632);
#58=LINE('',#3351,#165);
#59=LINE('',#3355,#166);
#60=LINE('',#3357,#167);
#61=LINE('',#3360,#168);
#62=LINE('',#3362,#169);
#63=LINE('',#3364,#170);
#64=LINE('',#3369,#171);
#65=LINE('',#3373,#172);
#66=LINE('',#3375,#173);
#67=LINE('',#3378,#174);
#68=LINE('',#3380,#175);
#69=LINE('',#3382,#176);
#70=LINE('',#3384,#177);
#71=LINE('',#3387,#178);
#72=LINE('',#3389,#179);
#73=LINE('',#3391,#180);
#74=LINE('',#3393,#181);
#75=LINE('',#3396,#182);
#76=LINE('',#3398,#183);
#77=LINE('',#3400,#184);
#78=LINE('',#3402,#185);
#79=LINE('',#3405,#186);
#80=LINE('',#3407,#187);
#81=LINE('',#3409,#188);
#82=LINE('',#3411,#189);
#83=LINE('',#3414,#190);
#84=LINE('',#3416,#191);
#85=LINE('',#3418,#192);
#86=LINE('',#3423,#193);
#87=LINE('',#3427,#194);
#88=LINE('',#3429,#195);
#89=LINE('',#3432,#196);
#90=LINE('',#3434,#197);
#91=LINE('',#3436,#198);
#92=LINE('',#3438,#199);
#93=LINE('',#3441,#200);
#94=LINE('',#3443,#201);
#95=LINE('',#3445,#202);
#96=LINE('',#3447,#203);
#97=LINE('',#3450,#204);
#98=LINE('',#3452,#205);
#99=LINE('',#3454,#206);
#100=LINE('',#3456,#207);
#101=LINE('',#3459,#208);
#102=LINE('',#3461,#209);
#103=LINE('',#3463,#210);
#104=LINE('',#3465,#211);
#105=LINE('',#3468,#212);
#106=LINE('',#3470,#213);
#107=LINE('',#3472,#214);
#108=LINE('',#3477,#215);
#109=LINE('',#3481,#216);
#110=LINE('',#3483,#217);
#111=LINE('',#3486,#218);
#112=LINE('',#3488,#219);
#113=LINE('',#3490,#220);
#114=LINE('',#3492,#221);
#115=LINE('',#3495,#222);
#116=LINE('',#3497,#223);
#117=LINE('',#3499,#224);
#118=LINE('',#3501,#225);
#119=LINE('',#3504,#226);
#120=LINE('',#3506,#227);
#121=LINE('',#3508,#228);
#122=LINE('',#3510,#229);
#123=LINE('',#3513,#230);
#124=LINE('',#3515,#231);
#125=LINE('',#3517,#232);
#126=LINE('',#3519,#233);
#127=LINE('',#3522,#234);
#128=LINE('',#3524,#235);
#129=LINE('',#3526,#236);
#130=LINE('',#3531,#237);
#131=LINE('',#3535,#238);
#132=LINE('',#3537,#239);
#133=LINE('',#3540,#240);
#134=LINE('',#3542,#241);
#135=LINE('',#3544,#242);
#136=LINE('',#3549,#243);
#137=LINE('',#3553,#244);
#138=LINE('',#3555,#245);
#139=LINE('',#3558,#246);
#140=LINE('',#3560,#247);
#141=LINE('',#3562,#248);
#142=LINE('',#3564,#249);
#143=LINE('',#3566,#250);
#144=LINE('',#3568,#251);
#145=LINE('',#3570,#252);
#146=LINE('',#3573,#253);
#147=LINE('',#3575,#254);
#148=LINE('',#3585,#255);
#149=LINE('',#3587,#256);
#150=LINE('',#3589,#257);
#151=LINE('',#3592,#258);
#152=LINE('',#3594,#259);
#153=LINE('',#3596,#260);
#154=LINE('',#3598,#261);
#155=LINE('',#3600,#262);
#156=LINE('',#3603,#263);
#157=LINE('',#3605,#264);
#158=LINE('',#3607,#265);
#159=LINE('',#3609,#266);
#160=LINE('',#3611,#267);
#161=LINE('',#3613,#268);
#162=LINE('',#3714,#269);
#163=LINE('',#3849,#270);
#164=LINE('',#3999,#271);
#165=VECTOR('',#2639,1.);
#166=VECTOR('',#2642,1.);
#167=VECTOR('',#2645,1.);
#168=VECTOR('',#2646,1.);
#169=VECTOR('',#2647,1.);
#170=VECTOR('',#2648,1.);
#171=VECTOR('',#2653,1.);
#172=VECTOR('',#2656,1.);
#173=VECTOR('',#2659,1.);
#174=VECTOR('',#2660,1.);
#175=VECTOR('',#2661,1.);
#176=VECTOR('',#2662,1.);
#177=VECTOR('',#2665,1.);
#178=VECTOR('',#2666,1.);
#179=VECTOR('',#2667,1.);
#180=VECTOR('',#2668,1.);
#181=VECTOR('',#2671,1.);
#182=VECTOR('',#2672,1.);
#183=VECTOR('',#2673,1.);
#184=VECTOR('',#2674,1.);
#185=VECTOR('',#2677,1.);
#186=VECTOR('',#2678,1.);
#187=VECTOR('',#2679,1.);
#188=VECTOR('',#2680,1.);
#189=VECTOR('',#2683,1.);
#190=VECTOR('',#2684,1.);
#191=VECTOR('',#2685,1.);
#192=VECTOR('',#2686,1.);
#193=VECTOR('',#2691,1.);
#194=VECTOR('',#2694,1.);
#195=VECTOR('',#2697,1.);
#196=VECTOR('',#2698,1.);
#197=VECTOR('',#2699,1.);
#198=VECTOR('',#2700,1.);
#199=VECTOR('',#2703,1.);
#200=VECTOR('',#2704,1.);
#201=VECTOR('',#2705,1.);
#202=VECTOR('',#2706,1.);
#203=VECTOR('',#2709,1.);
#204=VECTOR('',#2710,1.);
#205=VECTOR('',#2711,1.);
#206=VECTOR('',#2712,1.);
#207=VECTOR('',#2715,1.);
#208=VECTOR('',#2716,1.);
#209=VECTOR('',#2717,1.);
#210=VECTOR('',#2718,1.);
#211=VECTOR('',#2721,1.);
#212=VECTOR('',#2722,1.);
#213=VECTOR('',#2723,1.);
#214=VECTOR('',#2724,1.);
#215=VECTOR('',#2729,1.);
#216=VECTOR('',#2732,1.);
#217=VECTOR('',#2735,1.);
#218=VECTOR('',#2736,1.);
#219=VECTOR('',#2737,1.);
#220=VECTOR('',#2738,1.);
#221=VECTOR('',#2741,1.);
#222=VECTOR('',#2742,1.);
#223=VECTOR('',#2743,1.);
#224=VECTOR('',#2744,1.);
#225=VECTOR('',#2747,1.);
#226=VECTOR('',#2748,1.);
#227=VECTOR('',#2749,1.);
#228=VECTOR('',#2750,1.);
#229=VECTOR('',#2753,1.);
#230=VECTOR('',#2754,1.);
#231=VECTOR('',#2755,1.);
#232=VECTOR('',#2756,1.);
#233=VECTOR('',#2759,1.);
#234=VECTOR('',#2760,1.);
#235=VECTOR('',#2761,1.);
#236=VECTOR('',#2762,1.);
#237=VECTOR('',#2767,1.);
#238=VECTOR('',#2770,1.);
#239=VECTOR('',#2773,1.);
#240=VECTOR('',#2774,1.);
#241=VECTOR('',#2775,1.);
#242=VECTOR('',#2776,1.);
#243=VECTOR('',#2781,1.);
#244=VECTOR('',#2784,1.);
#245=VECTOR('',#2787,1.);
#246=VECTOR('',#2788,1.);
#247=VECTOR('',#2789,1.);
#248=VECTOR('',#2790,1.);
#249=VECTOR('',#2793,1.);
#250=VECTOR('',#2794,1.);
#251=VECTOR('',#2795,1.);
#252=VECTOR('',#2798,1.);
#253=VECTOR('',#2799,1.);
#254=VECTOR('',#2800,1.);
#255=VECTOR('',#2801,1.);
#256=VECTOR('',#2802,1.);
#257=VECTOR('',#2805,1.);
#258=VECTOR('',#2806,1.);
#259=VECTOR('',#2807,1.);
#260=VECTOR('',#2808,1.);
#261=VECTOR('',#2809,1.);
#262=VECTOR('',#2812,1.);
#263=VECTOR('',#2813,1.);
#264=VECTOR('',#2814,1.);
#265=VECTOR('',#2815,1.);
#266=VECTOR('',#2818,1.);
#267=VECTOR('',#2819,1.);
#268=VECTOR('',#2820,1.);
#269=VECTOR('',#2923,1.);
#270=VECTOR('',#3094,1.);
#271=VECTOR('',#3343,1.);
#272=ORIENTED_EDGE('',*,*,#848,.F.);
#273=ORIENTED_EDGE('',*,*,#849,.T.);
#274=ORIENTED_EDGE('',*,*,#850,.T.);
#275=ORIENTED_EDGE('',*,*,#851,.T.);
#276=ORIENTED_EDGE('',*,*,#852,.T.);
#277=ORIENTED_EDGE('',*,*,#853,.T.);
#278=ORIENTED_EDGE('',*,*,#854,.F.);
#279=ORIENTED_EDGE('',*,*,#855,.T.);
#280=ORIENTED_EDGE('',*,*,#856,.T.);
#281=ORIENTED_EDGE('',*,*,#857,.T.);
#282=ORIENTED_EDGE('',*,*,#858,.F.);
#283=ORIENTED_EDGE('',*,*,#859,.T.);
#284=ORIENTED_EDGE('',*,*,#860,.T.);
#285=ORIENTED_EDGE('',*,*,#861,.T.);
#286=ORIENTED_EDGE('',*,*,#862,.F.);
#287=ORIENTED_EDGE('',*,*,#863,.T.);
#288=ORIENTED_EDGE('',*,*,#864,.F.);
#289=ORIENTED_EDGE('',*,*,#865,.T.);
#290=ORIENTED_EDGE('',*,*,#866,.T.);
#291=ORIENTED_EDGE('',*,*,#867,.T.);
#292=ORIENTED_EDGE('',*,*,#868,.T.);
#293=ORIENTED_EDGE('',*,*,#869,.T.);
#294=ORIENTED_EDGE('',*,*,#870,.F.);
#295=ORIENTED_EDGE('',*,*,#871,.T.);
#296=ORIENTED_EDGE('',*,*,#872,.F.);
#297=ORIENTED_EDGE('',*,*,#873,.T.);
#298=ORIENTED_EDGE('',*,*,#874,.T.);
#299=ORIENTED_EDGE('',*,*,#875,.T.);
#300=ORIENTED_EDGE('',*,*,#876,.F.);
#301=ORIENTED_EDGE('',*,*,#877,.T.);
#302=ORIENTED_EDGE('',*,*,#878,.T.);
#303=ORIENTED_EDGE('',*,*,#879,.T.);
#304=ORIENTED_EDGE('',*,*,#880,.T.);
#305=ORIENTED_EDGE('',*,*,#881,.T.);
#306=ORIENTED_EDGE('',*,*,#882,.F.);
#307=ORIENTED_EDGE('',*,*,#883,.T.);
#308=ORIENTED_EDGE('',*,*,#884,.T.);
#309=ORIENTED_EDGE('',*,*,#885,.T.);
#310=ORIENTED_EDGE('',*,*,#886,.F.);
#311=ORIENTED_EDGE('',*,*,#887,.T.);
#312=ORIENTED_EDGE('',*,*,#888,.F.);
#313=ORIENTED_EDGE('',*,*,#889,.T.);
#314=ORIENTED_EDGE('',*,*,#890,.T.);
#315=ORIENTED_EDGE('',*,*,#891,.T.);
#316=ORIENTED_EDGE('',*,*,#892,.F.);
#317=ORIENTED_EDGE('',*,*,#893,.T.);
#318=ORIENTED_EDGE('',*,*,#894,.T.);
#319=ORIENTED_EDGE('',*,*,#895,.T.);
#320=ORIENTED_EDGE('',*,*,#896,.F.);
#321=ORIENTED_EDGE('',*,*,#897,.T.);
#322=ORIENTED_EDGE('',*,*,#898,.T.);
#323=ORIENTED_EDGE('',*,*,#899,.T.);
#324=ORIENTED_EDGE('',*,*,#900,.F.);
#325=ORIENTED_EDGE('',*,*,#901,.T.);
#326=ORIENTED_EDGE('',*,*,#902,.T.);
#327=ORIENTED_EDGE('',*,*,#903,.T.);
#328=ORIENTED_EDGE('',*,*,#904,.F.);
#329=ORIENTED_EDGE('',*,*,#905,.T.);
#330=ORIENTED_EDGE('',*,*,#906,.T.);
#331=ORIENTED_EDGE('',*,*,#907,.T.);
#332=ORIENTED_EDGE('',*,*,#908,.T.);
#333=ORIENTED_EDGE('',*,*,#909,.T.);
#334=ORIENTED_EDGE('',*,*,#910,.F.);
#335=ORIENTED_EDGE('',*,*,#911,.T.);
#336=ORIENTED_EDGE('',*,*,#912,.F.);
#337=ORIENTED_EDGE('',*,*,#913,.T.);
#338=ORIENTED_EDGE('',*,*,#914,.T.);
#339=ORIENTED_EDGE('',*,*,#915,.T.);
#340=ORIENTED_EDGE('',*,*,#916,.F.);
#341=ORIENTED_EDGE('',*,*,#917,.T.);
#342=ORIENTED_EDGE('',*,*,#918,.T.);
#343=ORIENTED_EDGE('',*,*,#919,.T.);
#344=ORIENTED_EDGE('',*,*,#920,.F.);
#345=ORIENTED_EDGE('',*,*,#921,.T.);
#346=ORIENTED_EDGE('',*,*,#922,.T.);
#347=ORIENTED_EDGE('',*,*,#923,.T.);
#348=ORIENTED_EDGE('',*,*,#924,.F.);
#349=ORIENTED_EDGE('',*,*,#925,.T.);
#350=ORIENTED_EDGE('',*,*,#926,.T.);
#351=ORIENTED_EDGE('',*,*,#927,.T.);
#352=ORIENTED_EDGE('',*,*,#928,.T.);
#353=ORIENTED_EDGE('',*,*,#929,.T.);
#354=ORIENTED_EDGE('',*,*,#930,.F.);
#355=ORIENTED_EDGE('',*,*,#931,.T.);
#356=ORIENTED_EDGE('',*,*,#932,.F.);
#357=ORIENTED_EDGE('',*,*,#933,.T.);
#358=ORIENTED_EDGE('',*,*,#934,.T.);
#359=ORIENTED_EDGE('',*,*,#935,.T.);
#360=ORIENTED_EDGE('',*,*,#936,.T.);
#361=ORIENTED_EDGE('',*,*,#937,.T.);
#362=ORIENTED_EDGE('',*,*,#938,.F.);
#363=ORIENTED_EDGE('',*,*,#939,.T.);
#364=ORIENTED_EDGE('',*,*,#940,.F.);
#365=ORIENTED_EDGE('',*,*,#941,.T.);
#366=ORIENTED_EDGE('',*,*,#942,.T.);
#367=ORIENTED_EDGE('',*,*,#943,.F.);
#368=ORIENTED_EDGE('',*,*,#944,.F.);
#369=ORIENTED_EDGE('',*,*,#945,.T.);
#370=ORIENTED_EDGE('',*,*,#946,.T.);
#371=ORIENTED_EDGE('',*,*,#943,.T.);
#372=ORIENTED_EDGE('',*,*,#947,.F.);
#373=ORIENTED_EDGE('',*,*,#948,.T.);
#374=ORIENTED_EDGE('',*,*,#949,.F.);
#375=ORIENTED_EDGE('',*,*,#950,.T.);
#376=ORIENTED_EDGE('',*,*,#951,.T.);
#377=ORIENTED_EDGE('',*,*,#952,.T.);
#378=ORIENTED_EDGE('',*,*,#953,.T.);
#379=ORIENTED_EDGE('',*,*,#954,.T.);
#380=ORIENTED_EDGE('',*,*,#955,.T.);
#381=ORIENTED_EDGE('',*,*,#956,.F.);
#382=ORIENTED_EDGE('',*,*,#957,.T.);
#383=ORIENTED_EDGE('',*,*,#958,.T.);
#384=ORIENTED_EDGE('',*,*,#959,.T.);
#385=ORIENTED_EDGE('',*,*,#960,.F.);
#386=ORIENTED_EDGE('',*,*,#961,.F.);
#387=ORIENTED_EDGE('',*,*,#962,.F.);
#388=ORIENTED_EDGE('',*,*,#963,.T.);
#389=ORIENTED_EDGE('',*,*,#964,.T.);
#390=ORIENTED_EDGE('',*,*,#961,.T.);
#391=ORIENTED_EDGE('',*,*,#965,.T.);
#392=ORIENTED_EDGE('',*,*,#966,.F.);
#393=ORIENTED_EDGE('',*,*,#967,.F.);
#394=ORIENTED_EDGE('',*,*,#968,.F.);
#395=ORIENTED_EDGE('',*,*,#969,.F.);
#396=ORIENTED_EDGE('',*,*,#970,.F.);
#397=ORIENTED_EDGE('',*,*,#971,.F.);
#398=ORIENTED_EDGE('',*,*,#972,.F.);
#399=ORIENTED_EDGE('',*,*,#973,.F.);
#400=ORIENTED_EDGE('',*,*,#974,.F.);
#401=ORIENTED_EDGE('',*,*,#975,.F.);
#402=ORIENTED_EDGE('',*,*,#976,.F.);
#403=ORIENTED_EDGE('',*,*,#977,.F.);
#404=ORIENTED_EDGE('',*,*,#978,.F.);
#405=ORIENTED_EDGE('',*,*,#979,.F.);
#406=ORIENTED_EDGE('',*,*,#980,.F.);
#407=ORIENTED_EDGE('',*,*,#981,.F.);
#408=ORIENTED_EDGE('',*,*,#982,.F.);
#409=ORIENTED_EDGE('',*,*,#983,.F.);
#410=ORIENTED_EDGE('',*,*,#984,.F.);
#411=ORIENTED_EDGE('',*,*,#985,.F.);
#412=ORIENTED_EDGE('',*,*,#986,.F.);
#413=ORIENTED_EDGE('',*,*,#987,.F.);
#414=ORIENTED_EDGE('',*,*,#988,.F.);
#415=ORIENTED_EDGE('',*,*,#989,.F.);
#416=ORIENTED_EDGE('',*,*,#990,.F.);
#417=ORIENTED_EDGE('',*,*,#991,.F.);
#418=ORIENTED_EDGE('',*,*,#992,.F.);
#419=ORIENTED_EDGE('',*,*,#993,.F.);
#420=ORIENTED_EDGE('',*,*,#994,.F.);
#421=ORIENTED_EDGE('',*,*,#995,.F.);
#422=ORIENTED_EDGE('',*,*,#996,.F.);
#423=ORIENTED_EDGE('',*,*,#997,.F.);
#424=ORIENTED_EDGE('',*,*,#998,.F.);
#425=ORIENTED_EDGE('',*,*,#999,.F.);
#426=ORIENTED_EDGE('',*,*,#1000,.T.);
#427=ORIENTED_EDGE('',*,*,#1001,.T.);
#428=ORIENTED_EDGE('',*,*,#1002,.T.);
#429=ORIENTED_EDGE('',*,*,#1003,.T.);
#430=ORIENTED_EDGE('',*,*,#1004,.T.);
#431=ORIENTED_EDGE('',*,*,#1005,.T.);
#432=ORIENTED_EDGE('',*,*,#1006,.T.);
#433=ORIENTED_EDGE('',*,*,#1007,.T.);
#434=ORIENTED_EDGE('',*,*,#1008,.T.);
#435=ORIENTED_EDGE('',*,*,#1009,.T.);
#436=ORIENTED_EDGE('',*,*,#1010,.T.);
#437=ORIENTED_EDGE('',*,*,#1011,.T.);
#438=ORIENTED_EDGE('',*,*,#1012,.T.);
#439=ORIENTED_EDGE('',*,*,#1013,.T.);
#440=ORIENTED_EDGE('',*,*,#949,.T.);
#441=ORIENTED_EDGE('',*,*,#1014,.T.);
#442=ORIENTED_EDGE('',*,*,#953,.F.);
#443=ORIENTED_EDGE('',*,*,#1015,.T.);
#444=ORIENTED_EDGE('',*,*,#958,.F.);
#445=ORIENTED_EDGE('',*,*,#964,.F.);
#446=ORIENTED_EDGE('',*,*,#1016,.T.);
#447=ORIENTED_EDGE('',*,*,#848,.T.);
#448=ORIENTED_EDGE('',*,*,#1017,.T.);
#449=ORIENTED_EDGE('',*,*,#854,.T.);
#450=ORIENTED_EDGE('',*,*,#1018,.T.);
#451=ORIENTED_EDGE('',*,*,#858,.T.);
#452=ORIENTED_EDGE('',*,*,#1019,.T.);
#453=ORIENTED_EDGE('',*,*,#862,.T.);
#454=ORIENTED_EDGE('',*,*,#1020,.T.);
#455=ORIENTED_EDGE('',*,*,#864,.T.);
#456=ORIENTED_EDGE('',*,*,#1021,.T.);
#457=ORIENTED_EDGE('',*,*,#870,.T.);
#458=ORIENTED_EDGE('',*,*,#1022,.T.);
#459=ORIENTED_EDGE('',*,*,#874,.F.);
#460=ORIENTED_EDGE('',*,*,#1023,.T.);
#461=ORIENTED_EDGE('',*,*,#876,.T.);
#462=ORIENTED_EDGE('',*,*,#1024,.T.);
#463=ORIENTED_EDGE('',*,*,#882,.T.);
#464=ORIENTED_EDGE('',*,*,#1025,.T.);
#465=ORIENTED_EDGE('',*,*,#886,.T.);
#466=ORIENTED_EDGE('',*,*,#1026,.T.);
#467=ORIENTED_EDGE('',*,*,#888,.T.);
#468=ORIENTED_EDGE('',*,*,#1027,.T.);
#469=ORIENTED_EDGE('',*,*,#892,.T.);
#470=ORIENTED_EDGE('',*,*,#1028,.T.);
#471=ORIENTED_EDGE('',*,*,#898,.F.);
#472=ORIENTED_EDGE('',*,*,#1029,.T.);
#473=ORIENTED_EDGE('',*,*,#900,.T.);
#474=ORIENTED_EDGE('',*,*,#1030,.T.);
#475=ORIENTED_EDGE('',*,*,#904,.T.);
#476=ORIENTED_EDGE('',*,*,#1031,.T.);
#477=ORIENTED_EDGE('',*,*,#910,.T.);
#478=ORIENTED_EDGE('',*,*,#1032,.T.);
#479=ORIENTED_EDGE('',*,*,#912,.T.);
#480=ORIENTED_EDGE('',*,*,#1033,.T.);
#481=ORIENTED_EDGE('',*,*,#916,.T.);
#482=ORIENTED_EDGE('',*,*,#1034,.T.);
#483=ORIENTED_EDGE('',*,*,#922,.F.);
#484=ORIENTED_EDGE('',*,*,#1035,.T.);
#485=ORIENTED_EDGE('',*,*,#924,.T.);
#486=ORIENTED_EDGE('',*,*,#1036,.T.);
#487=ORIENTED_EDGE('',*,*,#930,.T.);
#488=ORIENTED_EDGE('',*,*,#1037,.T.);
#489=ORIENTED_EDGE('',*,*,#934,.F.);
#490=ORIENTED_EDGE('',*,*,#1038,.T.);
#491=ORIENTED_EDGE('',*,*,#938,.T.);
#492=ORIENTED_EDGE('',*,*,#1039,.T.);
#493=ORIENTED_EDGE('',*,*,#940,.T.);
#494=ORIENTED_EDGE('',*,*,#946,.F.);
#495=ORIENTED_EDGE('',*,*,#1040,.T.);
#496=ORIENTED_EDGE('',*,*,#1041,.T.);
#497=ORIENTED_EDGE('',*,*,#965,.F.);
#498=ORIENTED_EDGE('',*,*,#1042,.F.);
#499=ORIENTED_EDGE('',*,*,#1043,.F.);
#500=ORIENTED_EDGE('',*,*,#1044,.F.);
#501=ORIENTED_EDGE('',*,*,#1045,.F.);
#502=ORIENTED_EDGE('',*,*,#1046,.F.);
#503=ORIENTED_EDGE('',*,*,#1047,.F.);
#504=ORIENTED_EDGE('',*,*,#1048,.F.);
#505=ORIENTED_EDGE('',*,*,#1049,.F.);
#506=ORIENTED_EDGE('',*,*,#1050,.F.);
#507=ORIENTED_EDGE('',*,*,#1051,.F.);
#508=ORIENTED_EDGE('',*,*,#1052,.F.);
#509=ORIENTED_EDGE('',*,*,#1053,.F.);
#510=ORIENTED_EDGE('',*,*,#1054,.F.);
#511=ORIENTED_EDGE('',*,*,#1055,.F.);
#512=ORIENTED_EDGE('',*,*,#1056,.F.);
#513=ORIENTED_EDGE('',*,*,#1057,.F.);
#514=ORIENTED_EDGE('',*,*,#1058,.F.);
#515=ORIENTED_EDGE('',*,*,#1059,.F.);
#516=ORIENTED_EDGE('',*,*,#1060,.F.);
#517=ORIENTED_EDGE('',*,*,#1061,.F.);
#518=ORIENTED_EDGE('',*,*,#1062,.F.);
#519=ORIENTED_EDGE('',*,*,#1063,.F.);
#520=ORIENTED_EDGE('',*,*,#1064,.F.);
#521=ORIENTED_EDGE('',*,*,#1065,.F.);
#522=ORIENTED_EDGE('',*,*,#1066,.F.);
#523=ORIENTED_EDGE('',*,*,#1067,.F.);
#524=ORIENTED_EDGE('',*,*,#1068,.F.);
#525=ORIENTED_EDGE('',*,*,#1069,.F.);
#526=ORIENTED_EDGE('',*,*,#1070,.F.);
#527=ORIENTED_EDGE('',*,*,#1071,.F.);
#528=ORIENTED_EDGE('',*,*,#1072,.F.);
#529=ORIENTED_EDGE('',*,*,#1073,.F.);
#530=ORIENTED_EDGE('',*,*,#1074,.F.);
#531=ORIENTED_EDGE('',*,*,#1075,.F.);
#532=ORIENTED_EDGE('',*,*,#1076,.F.);
#533=ORIENTED_EDGE('',*,*,#1077,.F.);
#534=ORIENTED_EDGE('',*,*,#1078,.F.);
#535=ORIENTED_EDGE('',*,*,#1079,.F.);
#536=ORIENTED_EDGE('',*,*,#1080,.F.);
#537=ORIENTED_EDGE('',*,*,#1081,.F.);
#538=ORIENTED_EDGE('',*,*,#1082,.F.);
#539=ORIENTED_EDGE('',*,*,#1083,.F.);
#540=ORIENTED_EDGE('',*,*,#1084,.F.);
#541=ORIENTED_EDGE('',*,*,#1085,.F.);
#542=ORIENTED_EDGE('',*,*,#1086,.F.);
#543=ORIENTED_EDGE('',*,*,#1087,.F.);
#544=ORIENTED_EDGE('',*,*,#1088,.F.);
#545=ORIENTED_EDGE('',*,*,#1089,.F.);
#546=ORIENTED_EDGE('',*,*,#878,.F.);
#547=ORIENTED_EDGE('',*,*,#1090,.T.);
#548=ORIENTED_EDGE('',*,*,#872,.T.);
#549=ORIENTED_EDGE('',*,*,#1091,.T.);
#550=ORIENTED_EDGE('',*,*,#868,.F.);
#551=ORIENTED_EDGE('',*,*,#1092,.T.);
#552=ORIENTED_EDGE('',*,*,#866,.F.);
#553=ORIENTED_EDGE('',*,*,#1093,.T.);
#554=ORIENTED_EDGE('',*,*,#860,.F.);
#555=ORIENTED_EDGE('',*,*,#1094,.T.);
#556=ORIENTED_EDGE('',*,*,#856,.F.);
#557=ORIENTED_EDGE('',*,*,#1095,.T.);
#558=ORIENTED_EDGE('',*,*,#852,.F.);
#559=ORIENTED_EDGE('',*,*,#1096,.T.);
#560=ORIENTED_EDGE('',*,*,#850,.F.);
#561=ORIENTED_EDGE('',*,*,#1097,.T.);
#562=ORIENTED_EDGE('',*,*,#962,.T.);
#563=ORIENTED_EDGE('',*,*,#960,.T.);
#564=ORIENTED_EDGE('',*,*,#1098,.T.);
#565=ORIENTED_EDGE('',*,*,#956,.T.);
#566=ORIENTED_EDGE('',*,*,#1099,.T.);
#567=ORIENTED_EDGE('',*,*,#952,.F.);
#568=ORIENTED_EDGE('',*,*,#1100,.T.);
#569=ORIENTED_EDGE('',*,*,#944,.T.);
#570=ORIENTED_EDGE('',*,*,#942,.F.);
#571=ORIENTED_EDGE('',*,*,#1101,.T.);
#572=ORIENTED_EDGE('',*,*,#936,.F.);
#573=ORIENTED_EDGE('',*,*,#1102,.T.);
#574=ORIENTED_EDGE('',*,*,#932,.T.);
#575=ORIENTED_EDGE('',*,*,#1103,.T.);
#576=ORIENTED_EDGE('',*,*,#928,.F.);
#577=ORIENTED_EDGE('',*,*,#1104,.T.);
#578=ORIENTED_EDGE('',*,*,#926,.F.);
#579=ORIENTED_EDGE('',*,*,#1105,.T.);
#580=ORIENTED_EDGE('',*,*,#920,.T.);
#581=ORIENTED_EDGE('',*,*,#1106,.T.);
#582=ORIENTED_EDGE('',*,*,#918,.F.);
#583=ORIENTED_EDGE('',*,*,#1107,.T.);
#584=ORIENTED_EDGE('',*,*,#914,.F.);
#585=ORIENTED_EDGE('',*,*,#1108,.T.);
#586=ORIENTED_EDGE('',*,*,#908,.F.);
#587=ORIENTED_EDGE('',*,*,#1109,.T.);
#588=ORIENTED_EDGE('',*,*,#906,.F.);
#589=ORIENTED_EDGE('',*,*,#1110,.T.);
#590=ORIENTED_EDGE('',*,*,#902,.F.);
#591=ORIENTED_EDGE('',*,*,#1111,.T.);
#592=ORIENTED_EDGE('',*,*,#896,.T.);
#593=ORIENTED_EDGE('',*,*,#1112,.T.);
#594=ORIENTED_EDGE('',*,*,#894,.F.);
#595=ORIENTED_EDGE('',*,*,#1113,.T.);
#596=ORIENTED_EDGE('',*,*,#890,.F.);
#597=ORIENTED_EDGE('',*,*,#1114,.T.);
#598=ORIENTED_EDGE('',*,*,#884,.F.);
#599=ORIENTED_EDGE('',*,*,#1115,.T.);
#600=ORIENTED_EDGE('',*,*,#880,.F.);
#601=ORIENTED_EDGE('',*,*,#1116,.T.);
#602=ORIENTED_EDGE('',*,*,#966,.T.);
#603=ORIENTED_EDGE('',*,*,#1089,.T.);
#604=ORIENTED_EDGE('',*,*,#1013,.F.);
#605=ORIENTED_EDGE('',*,*,#1088,.T.);
#606=ORIENTED_EDGE('',*,*,#1012,.F.);
#607=ORIENTED_EDGE('',*,*,#1087,.T.);
#608=ORIENTED_EDGE('',*,*,#1011,.F.);
#609=ORIENTED_EDGE('',*,*,#1086,.T.);
#610=ORIENTED_EDGE('',*,*,#1010,.F.);
#611=ORIENTED_EDGE('',*,*,#1009,.F.);
#612=ORIENTED_EDGE('',*,*,#1085,.T.);
#613=ORIENTED_EDGE('',*,*,#1084,.T.);
#614=ORIENTED_EDGE('',*,*,#1008,.F.);
#615=ORIENTED_EDGE('',*,*,#1083,.T.);
#616=ORIENTED_EDGE('',*,*,#1007,.F.);
#617=ORIENTED_EDGE('',*,*,#1015,.F.);
#618=ORIENTED_EDGE('',*,*,#957,.F.);
#619=ORIENTED_EDGE('',*,*,#1098,.F.);
#620=ORIENTED_EDGE('',*,*,#959,.F.);
#621=ORIENTED_EDGE('',*,*,#1040,.F.);
#622=ORIENTED_EDGE('',*,*,#945,.F.);
#623=ORIENTED_EDGE('',*,*,#1100,.F.);
#624=ORIENTED_EDGE('',*,*,#951,.F.);
#625=ORIENTED_EDGE('',*,*,#1117,.T.);
#626=ORIENTED_EDGE('',*,*,#1023,.F.);
#627=ORIENTED_EDGE('',*,*,#873,.F.);
#628=ORIENTED_EDGE('',*,*,#1090,.F.);
#629=ORIENTED_EDGE('',*,*,#877,.F.);
#630=ORIENTED_EDGE('',*,*,#1022,.F.);
#631=ORIENTED_EDGE('',*,*,#869,.F.);
#632=ORIENTED_EDGE('',*,*,#1091,.F.);
#633=ORIENTED_EDGE('',*,*,#875,.F.);
#634=ORIENTED_EDGE('',*,*,#1020,.F.);
#635=ORIENTED_EDGE('',*,*,#861,.F.);
#636=ORIENTED_EDGE('',*,*,#1093,.F.);
#637=ORIENTED_EDGE('',*,*,#865,.F.);
#638=ORIENTED_EDGE('',*,*,#1021,.F.);
#639=ORIENTED_EDGE('',*,*,#867,.F.);
#640=ORIENTED_EDGE('',*,*,#1092,.F.);
#641=ORIENTED_EDGE('',*,*,#871,.F.);
#642=ORIENTED_EDGE('',*,*,#1032,.F.);
#643=ORIENTED_EDGE('',*,*,#909,.F.);
#644=ORIENTED_EDGE('',*,*,#1108,.F.);
#645=ORIENTED_EDGE('',*,*,#913,.F.);
#646=ORIENTED_EDGE('',*,*,#1035,.F.);
#647=ORIENTED_EDGE('',*,*,#921,.F.);
#648=ORIENTED_EDGE('',*,*,#1105,.F.);
#649=ORIENTED_EDGE('',*,*,#925,.F.);
#650=ORIENTED_EDGE('',*,*,#1029,.F.);
#651=ORIENTED_EDGE('',*,*,#897,.F.);
#652=ORIENTED_EDGE('',*,*,#1111,.F.);
#653=ORIENTED_EDGE('',*,*,#901,.F.);
#654=ORIENTED_EDGE('',*,*,#1026,.F.);
#655=ORIENTED_EDGE('',*,*,#885,.F.);
#656=ORIENTED_EDGE('',*,*,#1114,.F.);
#657=ORIENTED_EDGE('',*,*,#889,.F.);
#658=ORIENTED_EDGE('',*,*,#1027,.F.);
#659=ORIENTED_EDGE('',*,*,#891,.F.);
#660=ORIENTED_EDGE('',*,*,#1113,.F.);
#661=ORIENTED_EDGE('',*,*,#893,.F.);
#662=ORIENTED_EDGE('',*,*,#1028,.F.);
#663=ORIENTED_EDGE('',*,*,#895,.F.);
#664=ORIENTED_EDGE('',*,*,#1112,.F.);
#665=ORIENTED_EDGE('',*,*,#899,.F.);
#666=ORIENTED_EDGE('',*,*,#1033,.F.);
#667=ORIENTED_EDGE('',*,*,#915,.F.);
#668=ORIENTED_EDGE('',*,*,#1107,.F.);
#669=ORIENTED_EDGE('',*,*,#917,.F.);
#670=ORIENTED_EDGE('',*,*,#1034,.F.);
#671=ORIENTED_EDGE('',*,*,#919,.F.);
#672=ORIENTED_EDGE('',*,*,#1106,.F.);
#673=ORIENTED_EDGE('',*,*,#923,.F.);
#674=ORIENTED_EDGE('',*,*,#1039,.F.);
#675=ORIENTED_EDGE('',*,*,#937,.F.);
#676=ORIENTED_EDGE('',*,*,#1101,.F.);
#677=ORIENTED_EDGE('',*,*,#941,.F.);
#678=ORIENTED_EDGE('',*,*,#1038,.F.);
#679=ORIENTED_EDGE('',*,*,#933,.F.);
#680=ORIENTED_EDGE('',*,*,#1102,.F.);
#681=ORIENTED_EDGE('',*,*,#939,.F.);
#682=ORIENTED_EDGE('',*,*,#1037,.F.);
#683=ORIENTED_EDGE('',*,*,#929,.F.);
#684=ORIENTED_EDGE('',*,*,#1103,.F.);
#685=ORIENTED_EDGE('',*,*,#935,.F.);
#686=ORIENTED_EDGE('',*,*,#1036,.F.);
#687=ORIENTED_EDGE('',*,*,#927,.F.);
#688=ORIENTED_EDGE('',*,*,#1104,.F.);
#689=ORIENTED_EDGE('',*,*,#931,.F.);
#690=ORIENTED_EDGE('',*,*,#1030,.F.);
#691=ORIENTED_EDGE('',*,*,#903,.F.);
#692=ORIENTED_EDGE('',*,*,#1110,.F.);
#693=ORIENTED_EDGE('',*,*,#905,.F.);
#694=ORIENTED_EDGE('',*,*,#1031,.F.);
#695=ORIENTED_EDGE('',*,*,#907,.F.);
#696=ORIENTED_EDGE('',*,*,#1109,.F.);
#697=ORIENTED_EDGE('',*,*,#911,.F.);
#698=ORIENTED_EDGE('',*,*,#1025,.F.);
#699=ORIENTED_EDGE('',*,*,#881,.F.);
#700=ORIENTED_EDGE('',*,*,#1115,.F.);
#701=ORIENTED_EDGE('',*,*,#887,.F.);
#702=ORIENTED_EDGE('',*,*,#1024,.F.);
#703=ORIENTED_EDGE('',*,*,#879,.F.);
#704=ORIENTED_EDGE('',*,*,#1116,.F.);
#705=ORIENTED_EDGE('',*,*,#883,.F.);
#706=ORIENTED_EDGE('',*,*,#1019,.F.);
#707=ORIENTED_EDGE('',*,*,#857,.F.);
#708=ORIENTED_EDGE('',*,*,#1094,.F.);
#709=ORIENTED_EDGE('',*,*,#863,.F.);
#710=ORIENTED_EDGE('',*,*,#1018,.F.);
#711=ORIENTED_EDGE('',*,*,#853,.F.);
#712=ORIENTED_EDGE('',*,*,#1095,.F.);
#713=ORIENTED_EDGE('',*,*,#859,.F.);
#714=ORIENTED_EDGE('',*,*,#1016,.F.);
#715=ORIENTED_EDGE('',*,*,#963,.F.);
#716=ORIENTED_EDGE('',*,*,#1097,.F.);
#717=ORIENTED_EDGE('',*,*,#849,.F.);
#718=ORIENTED_EDGE('',*,*,#1017,.F.);
#719=ORIENTED_EDGE('',*,*,#851,.F.);
#720=ORIENTED_EDGE('',*,*,#1096,.F.);
#721=ORIENTED_EDGE('',*,*,#855,.F.);
#722=ORIENTED_EDGE('',*,*,#1118,.T.);
#723=ORIENTED_EDGE('',*,*,#1119,.T.);
#724=ORIENTED_EDGE('',*,*,#1120,.T.);
#725=ORIENTED_EDGE('',*,*,#1121,.T.);
#726=ORIENTED_EDGE('',*,*,#1122,.T.);
#727=ORIENTED_EDGE('',*,*,#1123,.T.);
#728=ORIENTED_EDGE('',*,*,#1124,.T.);
#729=ORIENTED_EDGE('',*,*,#1125,.T.);
#730=ORIENTED_EDGE('',*,*,#1126,.T.);
#731=ORIENTED_EDGE('',*,*,#1127,.T.);
#732=ORIENTED_EDGE('',*,*,#1128,.T.);
#733=ORIENTED_EDGE('',*,*,#1129,.T.);
#734=ORIENTED_EDGE('',*,*,#1130,.T.);
#735=ORIENTED_EDGE('',*,*,#1131,.T.);
#736=ORIENTED_EDGE('',*,*,#1132,.T.);
#737=ORIENTED_EDGE('',*,*,#1133,.T.);
#738=ORIENTED_EDGE('',*,*,#1078,.T.);
#739=ORIENTED_EDGE('',*,*,#1132,.F.);
#740=ORIENTED_EDGE('',*,*,#1076,.T.);
#741=ORIENTED_EDGE('',*,*,#1130,.F.);
#742=ORIENTED_EDGE('',*,*,#1077,.T.);
#743=ORIENTED_EDGE('',*,*,#1128,.F.);
#744=ORIENTED_EDGE('',*,*,#1075,.T.);
#745=ORIENTED_EDGE('',*,*,#1126,.F.);
#746=ORIENTED_EDGE('',*,*,#1079,.T.);
#747=ORIENTED_EDGE('',*,*,#1124,.F.);
#748=ORIENTED_EDGE('',*,*,#1080,.T.);
#749=ORIENTED_EDGE('',*,*,#1122,.F.);
#750=ORIENTED_EDGE('',*,*,#1081,.T.);
#751=ORIENTED_EDGE('',*,*,#1120,.F.);
#752=ORIENTED_EDGE('',*,*,#1082,.T.);
#753=ORIENTED_EDGE('',*,*,#1118,.F.);
#754=ORIENTED_EDGE('',*,*,#950,.F.);
#755=ORIENTED_EDGE('',*,*,#1041,.F.);
#756=ORIENTED_EDGE('',*,*,#1117,.F.);
#757=ORIENTED_EDGE('',*,*,#1121,.F.);
#758=ORIENTED_EDGE('',*,*,#1000,.F.);
#759=ORIENTED_EDGE('',*,*,#1123,.F.);
#760=ORIENTED_EDGE('',*,*,#1001,.F.);
#761=ORIENTED_EDGE('',*,*,#1125,.F.);
#762=ORIENTED_EDGE('',*,*,#1129,.F.);
#763=ORIENTED_EDGE('',*,*,#1134,.F.);
#764=ORIENTED_EDGE('',*,*,#1002,.F.);
#765=ORIENTED_EDGE('',*,*,#1003,.F.);
#766=ORIENTED_EDGE('',*,*,#1134,.T.);
#767=ORIENTED_EDGE('',*,*,#1127,.F.);
#768=ORIENTED_EDGE('',*,*,#1004,.F.);
#769=ORIENTED_EDGE('',*,*,#1131,.F.);
#770=ORIENTED_EDGE('',*,*,#1005,.F.);
#771=ORIENTED_EDGE('',*,*,#1133,.F.);
#772=ORIENTED_EDGE('',*,*,#1006,.F.);
#773=ORIENTED_EDGE('',*,*,#1119,.F.);
#774=ORIENTED_EDGE('',*,*,#1074,.T.);
#775=ORIENTED_EDGE('',*,*,#999,.T.);
#776=ORIENTED_EDGE('',*,*,#1073,.T.);
#777=ORIENTED_EDGE('',*,*,#998,.T.);
#778=ORIENTED_EDGE('',*,*,#1072,.T.);
#779=ORIENTED_EDGE('',*,*,#997,.T.);
#780=ORIENTED_EDGE('',*,*,#1071,.T.);
#781=ORIENTED_EDGE('',*,*,#996,.T.);
#782=ORIENTED_EDGE('',*,*,#1070,.T.);
#783=ORIENTED_EDGE('',*,*,#995,.T.);
#784=ORIENTED_EDGE('',*,*,#1069,.T.);
#785=ORIENTED_EDGE('',*,*,#994,.T.);
#786=ORIENTED_EDGE('',*,*,#1068,.T.);
#787=ORIENTED_EDGE('',*,*,#993,.T.);
#788=ORIENTED_EDGE('',*,*,#1067,.T.);
#789=ORIENTED_EDGE('',*,*,#992,.T.);
#790=ORIENTED_EDGE('',*,*,#1066,.T.);
#791=ORIENTED_EDGE('',*,*,#991,.T.);
#792=ORIENTED_EDGE('',*,*,#1065,.T.);
#793=ORIENTED_EDGE('',*,*,#990,.T.);
#794=ORIENTED_EDGE('',*,*,#1064,.T.);
#795=ORIENTED_EDGE('',*,*,#989,.T.);
#796=ORIENTED_EDGE('',*,*,#1063,.T.);
#797=ORIENTED_EDGE('',*,*,#988,.T.);
#798=ORIENTED_EDGE('',*,*,#1062,.T.);
#799=ORIENTED_EDGE('',*,*,#987,.T.);
#800=ORIENTED_EDGE('',*,*,#1061,.T.);
#801=ORIENTED_EDGE('',*,*,#986,.T.);
#802=ORIENTED_EDGE('',*,*,#1060,.T.);
#803=ORIENTED_EDGE('',*,*,#985,.T.);
#804=ORIENTED_EDGE('',*,*,#1059,.T.);
#805=ORIENTED_EDGE('',*,*,#984,.T.);
#806=ORIENTED_EDGE('',*,*,#1058,.T.);
#807=ORIENTED_EDGE('',*,*,#983,.T.);
#808=ORIENTED_EDGE('',*,*,#1057,.T.);
#809=ORIENTED_EDGE('',*,*,#982,.T.);
#810=ORIENTED_EDGE('',*,*,#1056,.T.);
#811=ORIENTED_EDGE('',*,*,#981,.T.);
#812=ORIENTED_EDGE('',*,*,#1055,.T.);
#813=ORIENTED_EDGE('',*,*,#980,.T.);
#814=ORIENTED_EDGE('',*,*,#1054,.T.);
#815=ORIENTED_EDGE('',*,*,#979,.T.);
#816=ORIENTED_EDGE('',*,*,#1053,.T.);
#817=ORIENTED_EDGE('',*,*,#978,.T.);
#818=ORIENTED_EDGE('',*,*,#1052,.T.);
#819=ORIENTED_EDGE('',*,*,#977,.T.);
#820=ORIENTED_EDGE('',*,*,#1051,.T.);
#821=ORIENTED_EDGE('',*,*,#976,.T.);
#822=ORIENTED_EDGE('',*,*,#1050,.T.);
#823=ORIENTED_EDGE('',*,*,#975,.T.);
#824=ORIENTED_EDGE('',*,*,#1049,.T.);
#825=ORIENTED_EDGE('',*,*,#974,.T.);
#826=ORIENTED_EDGE('',*,*,#1048,.T.);
#827=ORIENTED_EDGE('',*,*,#973,.T.);
#828=ORIENTED_EDGE('',*,*,#1047,.T.);
#829=ORIENTED_EDGE('',*,*,#972,.T.);
#830=ORIENTED_EDGE('',*,*,#1046,.T.);
#831=ORIENTED_EDGE('',*,*,#971,.T.);
#832=ORIENTED_EDGE('',*,*,#1045,.T.);
#833=ORIENTED_EDGE('',*,*,#970,.T.);
#834=ORIENTED_EDGE('',*,*,#1044,.T.);
#835=ORIENTED_EDGE('',*,*,#969,.T.);
#836=ORIENTED_EDGE('',*,*,#1043,.T.);
#837=ORIENTED_EDGE('',*,*,#968,.T.);
#838=ORIENTED_EDGE('',*,*,#1042,.T.);
#839=ORIENTED_EDGE('',*,*,#967,.T.);
#840=ORIENTED_EDGE('',*,*,#955,.F.);
#841=ORIENTED_EDGE('',*,*,#1135,.T.);
#842=ORIENTED_EDGE('',*,*,#947,.T.);
#843=ORIENTED_EDGE('',*,*,#1099,.F.);
#844=ORIENTED_EDGE('',*,*,#954,.F.);
#845=ORIENTED_EDGE('',*,*,#1014,.F.);
#846=ORIENTED_EDGE('',*,*,#948,.F.);
#847=ORIENTED_EDGE('',*,*,#1135,.F.);
#848=EDGE_CURVE('',#1136,#1137,#1365,.T.);
#849=EDGE_CURVE('',#1136,#1138,#58,.T.);
#850=EDGE_CURVE('',#1138,#1139,#1366,.T.);
#851=EDGE_CURVE('',#1139,#1137,#59,.F.);
#852=EDGE_CURVE('',#1140,#1141,#60,.T.);
#853=EDGE_CURVE('',#1141,#1142,#61,.T.);
#854=EDGE_CURVE('',#1143,#1142,#62,.T.);
#855=EDGE_CURVE('',#1143,#1140,#63,.F.);
#856=EDGE_CURVE('',#1144,#1145,#1367,.T.);
#857=EDGE_CURVE('',#1145,#1146,#64,.F.);
#858=EDGE_CURVE('',#1147,#1146,#1368,.T.);
#859=EDGE_CURVE('',#1147,#1144,#65,.T.);
#860=EDGE_CURVE('',#1148,#1149,#66,.T.);
#861=EDGE_CURVE('',#1149,#1150,#67,.F.);
#862=EDGE_CURVE('',#1151,#1150,#68,.T.);
#863=EDGE_CURVE('',#1151,#1148,#69,.F.);
#864=EDGE_CURVE('',#1152,#1153,#70,.T.);
#865=EDGE_CURVE('',#1152,#1154,#71,.T.);
#866=EDGE_CURVE('',#1154,#1155,#72,.T.);
#867=EDGE_CURVE('',#1155,#1153,#73,.F.);
#868=EDGE_CURVE('',#1156,#1157,#74,.T.);
#869=EDGE_CURVE('',#1157,#1158,#75,.F.);
#870=EDGE_CURVE('',#1159,#1158,#76,.T.);
#871=EDGE_CURVE('',#1159,#1156,#77,.T.);
#872=EDGE_CURVE('',#1160,#1161,#78,.T.);
#873=EDGE_CURVE('',#1160,#1162,#79,.F.);
#874=EDGE_CURVE('',#1162,#1163,#80,.T.);
#875=EDGE_CURVE('',#1163,#1161,#81,.T.);
#876=EDGE_CURVE('',#1164,#1165,#82,.T.);
#877=EDGE_CURVE('',#1164,#1166,#83,.T.);
#878=EDGE_CURVE('',#1166,#1167,#84,.T.);
#879=EDGE_CURVE('',#1167,#1165,#85,.T.);
#880=EDGE_CURVE('',#1168,#1169,#1369,.T.);
#881=EDGE_CURVE('',#1169,#1170,#86,.F.);
#882=EDGE_CURVE('',#1171,#1170,#1370,.T.);
#883=EDGE_CURVE('',#1171,#1168,#87,.T.);
#884=EDGE_CURVE('',#1172,#1173,#88,.T.);
#885=EDGE_CURVE('',#1173,#1174,#89,.F.);
#886=EDGE_CURVE('',#1175,#1174,#90,.T.);
#887=EDGE_CURVE('',#1175,#1172,#91,.F.);
#888=EDGE_CURVE('',#1176,#1177,#92,.T.);
#889=EDGE_CURVE('',#1176,#1178,#93,.T.);
#890=EDGE_CURVE('',#1178,#1179,#94,.T.);
#891=EDGE_CURVE('',#1179,#1177,#95,.F.);
#892=EDGE_CURVE('',#1180,#1181,#96,.T.);
#893=EDGE_CURVE('',#1180,#1182,#97,.T.);
#894=EDGE_CURVE('',#1182,#1183,#98,.T.);
#895=EDGE_CURVE('',#1183,#1181,#99,.F.);
#896=EDGE_CURVE('',#1184,#1185,#100,.T.);
#897=EDGE_CURVE('',#1184,#1186,#101,.F.);
#898=EDGE_CURVE('',#1186,#1187,#102,.T.);
#899=EDGE_CURVE('',#1187,#1185,#103,.T.);
#900=EDGE_CURVE('',#1188,#1189,#104,.T.);
#901=EDGE_CURVE('',#1188,#1190,#105,.T.);
#902=EDGE_CURVE('',#1190,#1191,#106,.T.);
#903=EDGE_CURVE('',#1191,#1189,#107,.T.);
#904=EDGE_CURVE('',#1192,#1193,#1371,.T.);
#905=EDGE_CURVE('',#1192,#1194,#108,.T.);
#906=EDGE_CURVE('',#1194,#1195,#1372,.T.);
#907=EDGE_CURVE('',#1195,#1193,#109,.F.);
#908=EDGE_CURVE('',#1196,#1197,#110,.T.);
#909=EDGE_CURVE('',#1197,#1198,#111,.F.);
#910=EDGE_CURVE('',#1199,#1198,#112,.T.);
#911=EDGE_CURVE('',#1199,#1196,#113,.F.);
#912=EDGE_CURVE('',#1200,#1201,#114,.T.);
#913=EDGE_CURVE('',#1200,#1202,#115,.T.);
#914=EDGE_CURVE('',#1202,#1203,#116,.T.);
#915=EDGE_CURVE('',#1203,#1201,#117,.F.);
#916=EDGE_CURVE('',#1204,#1205,#118,.T.);
#917=EDGE_CURVE('',#1204,#1206,#119,.T.);
#918=EDGE_CURVE('',#1206,#1207,#120,.T.);
#919=EDGE_CURVE('',#1207,#1205,#121,.F.);
#920=EDGE_CURVE('',#1208,#1209,#122,.T.);
#921=EDGE_CURVE('',#1208,#1210,#123,.F.);
#922=EDGE_CURVE('',#1210,#1211,#124,.T.);
#923=EDGE_CURVE('',#1211,#1209,#125,.T.);
#924=EDGE_CURVE('',#1212,#1213,#126,.T.);
#925=EDGE_CURVE('',#1212,#1214,#127,.T.);
#926=EDGE_CURVE('',#1214,#1215,#128,.T.);
#927=EDGE_CURVE('',#1215,#1213,#129,.T.);
#928=EDGE_CURVE('',#1216,#1217,#1373,.T.);
#929=EDGE_CURVE('',#1217,#1218,#130,.F.);
#930=EDGE_CURVE('',#1219,#1218,#1374,.T.);
#931=EDGE_CURVE('',#1219,#1216,#131,.T.);
#932=EDGE_CURVE('',#1220,#1221,#132,.T.);
#933=EDGE_CURVE('',#1220,#1222,#133,.F.);
#934=EDGE_CURVE('',#1222,#1223,#134,.T.);
#935=EDGE_CURVE('',#1223,#1221,#135,.T.);
#936=EDGE_CURVE('',#1224,#1225,#1375,.T.);
#937=EDGE_CURVE('',#1225,#1226,#136,.F.);
#938=EDGE_CURVE('',#1227,#1226,#1376,.T.);
#939=EDGE_CURVE('',#1227,#1224,#137,.T.);
#940=EDGE_CURVE('',#1228,#1229,#138,.T.);
#941=EDGE_CURVE('',#1228,#1230,#139,.F.);
#942=EDGE_CURVE('',#1230,#1231,#140,.T.);
#943=EDGE_CURVE('',#1229,#1231,#141,.T.);
#944=EDGE_CURVE('',#1232,#1231,#142,.T.);
#945=EDGE_CURVE('',#1232,#1233,#143,.F.);
#946=EDGE_CURVE('',#1233,#1229,#144,.T.);
#947=EDGE_CURVE('',#1234,#1235,#145,.T.);
#948=EDGE_CURVE('',#1234,#1236,#146,.F.);
#949=EDGE_CURVE('',#1237,#1236,#147,.T.);
#950=EDGE_CURVE('',#1237,#1238,#20,.T.);
#951=EDGE_CURVE('',#1238,#1239,#148,.T.);
#952=EDGE_CURVE('',#1239,#1235,#149,.T.);
#953=EDGE_CURVE('',#1240,#1241,#150,.T.);
#954=EDGE_CURVE('',#1241,#1242,#151,.F.);
#955=EDGE_CURVE('',#1242,#1243,#152,.T.);
#956=EDGE_CURVE('',#1244,#1243,#153,.T.);
#957=EDGE_CURVE('',#1244,#1240,#154,.F.);
#958=EDGE_CURVE('',#1245,#1246,#155,.T.);
#959=EDGE_CURVE('',#1246,#1247,#156,.T.);
#960=EDGE_CURVE('',#1248,#1247,#157,.T.);
#961=EDGE_CURVE('',#1245,#1248,#158,.T.);
#962=EDGE_CURVE('',#1249,#1248,#159,.T.);
#963=EDGE_CURVE('',#1249,#1250,#160,.F.);
#964=EDGE_CURVE('',#1250,#1245,#161,.T.);
#965=EDGE_CURVE('',#1251,#1251,#1377,.T.);
#966=EDGE_CURVE('',#1252,#1252,#1378,.T.);
#967=EDGE_CURVE('',#1253,#1253,#1379,.T.);
#968=EDGE_CURVE('',#1254,#1254,#1380,.T.);
#969=EDGE_CURVE('',#1255,#1255,#1381,.T.);
#970=EDGE_CURVE('',#1256,#1256,#1382,.T.);
#971=EDGE_CURVE('',#1257,#1257,#1383,.T.);
#972=EDGE_CURVE('',#1258,#1258,#1384,.T.);
#973=EDGE_CURVE('',#1259,#1259,#1385,.T.);
#974=EDGE_CURVE('',#1260,#1260,#1386,.T.);
#975=EDGE_CURVE('',#1261,#1261,#1387,.T.);
#976=EDGE_CURVE('',#1262,#1262,#1388,.T.);
#977=EDGE_CURVE('',#1263,#1263,#1389,.T.);
#978=EDGE_CURVE('',#1264,#1264,#1390,.T.);
#979=EDGE_CURVE('',#1265,#1265,#1391,.T.);
#980=EDGE_CURVE('',#1266,#1266,#1392,.T.);
#981=EDGE_CURVE('',#1267,#1267,#1393,.T.);
#982=EDGE_CURVE('',#1268,#1268,#1394,.T.);
#983=EDGE_CURVE('',#1269,#1269,#1395,.T.);
#984=EDGE_CURVE('',#1270,#1270,#1396,.T.);
#985=EDGE_CURVE('',#1271,#1271,#1397,.T.);
#986=EDGE_CURVE('',#1272,#1272,#1398,.T.);
#987=EDGE_CURVE('',#1273,#1273,#1399,.T.);
#988=EDGE_CURVE('',#1274,#1274,#1400,.T.);
#989=EDGE_CURVE('',#1275,#1275,#1401,.T.);
#990=EDGE_CURVE('',#1276,#1276,#1402,.T.);
#991=EDGE_CURVE('',#1277,#1277,#1403,.T.);
#992=EDGE_CURVE('',#1278,#1278,#1404,.T.);
#993=EDGE_CURVE('',#1279,#1279,#1405,.T.);
#994=EDGE_CURVE('',#1280,#1280,#1406,.T.);
#995=EDGE_CURVE('',#1281,#1281,#1407,.T.);
#996=EDGE_CURVE('',#1282,#1282,#1408,.T.);
#997=EDGE_CURVE('',#1283,#1283,#1409,.T.);
#998=EDGE_CURVE('',#1284,#1284,#1410,.T.);
#999=EDGE_CURVE('',#1285,#1285,#1411,.T.);
#1000=EDGE_CURVE('',#1286,#1286,#1412,.F.);
#1001=EDGE_CURVE('',#1287,#1287,#1413,.F.);
#1002=EDGE_CURVE('',#1288,#1289,#1414,.F.);
#1003=EDGE_CURVE('',#1289,#1288,#1415,.F.);
#1004=EDGE_CURVE('',#1290,#1290,#1416,.F.);
#1005=EDGE_CURVE('',#1291,#1291,#1417,.F.);
#1006=EDGE_CURVE('',#1292,#1292,#1418,.F.);
#1007=EDGE_CURVE('',#1293,#1293,#1419,.T.);
#1008=EDGE_CURVE('',#1294,#1294,#1420,.T.);
#1009=EDGE_CURVE('',#1295,#1295,#1421,.T.);
#1010=EDGE_CURVE('',#1296,#1296,#1422,.T.);
#1011=EDGE_CURVE('',#1297,#1297,#1423,.T.);
#1012=EDGE_CURVE('',#1298,#1298,#1424,.T.);
#1013=EDGE_CURVE('',#1299,#1299,#1425,.T.);
#1014=EDGE_CURVE('',#1236,#1241,#162,.T.);
#1015=EDGE_CURVE('',#1240,#1246,#1426,.F.);
#1016=EDGE_CURVE('',#1250,#1136,#1427,.F.);
#1017=EDGE_CURVE('',#1137,#1143,#1428,.F.);
#1018=EDGE_CURVE('',#1142,#1147,#1429,.F.);
#1019=EDGE_CURVE('',#1146,#1151,#1430,.F.);
#1020=EDGE_CURVE('',#1150,#1152,#1431,.T.);
#1021=EDGE_CURVE('',#1153,#1159,#1432,.F.);
#1022=EDGE_CURVE('',#1158,#1163,#1433,.F.);
#1023=EDGE_CURVE('',#1162,#1164,#1434,.T.);
#1024=EDGE_CURVE('',#1165,#1171,#1435,.F.);
#1025=EDGE_CURVE('',#1170,#1175,#1436,.F.);
#1026=EDGE_CURVE('',#1174,#1176,#1437,.T.);
#1027=EDGE_CURVE('',#1177,#1180,#1438,.F.);
#1028=EDGE_CURVE('',#1181,#1187,#1439,.F.);
#1029=EDGE_CURVE('',#1186,#1188,#1440,.T.);
#1030=EDGE_CURVE('',#1189,#1192,#1441,.F.);
#1031=EDGE_CURVE('',#1193,#1199,#1442,.F.);
#1032=EDGE_CURVE('',#1198,#1200,#1443,.T.);
#1033=EDGE_CURVE('',#1201,#1204,#1444,.F.);
#1034=EDGE_CURVE('',#1205,#1211,#1445,.F.);
#1035=EDGE_CURVE('',#1210,#1212,#1446,.T.);
#1036=EDGE_CURVE('',#1213,#1219,#1447,.F.);
#1037=EDGE_CURVE('',#1218,#1223,#1448,.F.);
#1038=EDGE_CURVE('',#1222,#1227,#1449,.F.);
#1039=EDGE_CURVE('',#1226,#1228,#1450,.F.);
#1040=EDGE_CURVE('',#1233,#1300,#1451,.F.);
#1041=EDGE_CURVE('',#1300,#1237,#1452,.F.);
#1042=EDGE_CURVE('',#1301,#1301,#1453,.F.);
#1043=EDGE_CURVE('',#1302,#1302,#1454,.F.);
#1044=EDGE_CURVE('',#1303,#1303,#1455,.F.);
#1045=EDGE_CURVE('',#1304,#1304,#1456,.F.);
#1046=EDGE_CURVE('',#1305,#1305,#1457,.F.);
#1047=EDGE_CURVE('',#1306,#1306,#1458,.F.);
#1048=EDGE_CURVE('',#1307,#1307,#1459,.F.);
#1049=EDGE_CURVE('',#1308,#1308,#1460,.F.);
#1050=EDGE_CURVE('',#1309,#1309,#1461,.F.);
#1051=EDGE_CURVE('',#1310,#1310,#1462,.F.);
#1052=EDGE_CURVE('',#1311,#1311,#1463,.F.);
#1053=EDGE_CURVE('',#1312,#1312,#1464,.F.);
#1054=EDGE_CURVE('',#1313,#1313,#1465,.F.);
#1055=EDGE_CURVE('',#1314,#1314,#1466,.F.);
#1056=EDGE_CURVE('',#1315,#1315,#1467,.F.);
#1057=EDGE_CURVE('',#1316,#1316,#1468,.F.);
#1058=EDGE_CURVE('',#1317,#1317,#1469,.F.);
#1059=EDGE_CURVE('',#1318,#1318,#1470,.F.);
#1060=EDGE_CURVE('',#1319,#1319,#1471,.F.);
#1061=EDGE_CURVE('',#1320,#1320,#1472,.F.);
#1062=EDGE_CURVE('',#1321,#1321,#1473,.F.);
#1063=EDGE_CURVE('',#1322,#1322,#1474,.F.);
#1064=EDGE_CURVE('',#1323,#1323,#1475,.F.);
#1065=EDGE_CURVE('',#1324,#1324,#1476,.F.);
#1066=EDGE_CURVE('',#1325,#1325,#1477,.F.);
#1067=EDGE_CURVE('',#1326,#1326,#1478,.F.);
#1068=EDGE_CURVE('',#1327,#1327,#1479,.F.);
#1069=EDGE_CURVE('',#1328,#1328,#1480,.F.);
#1070=EDGE_CURVE('',#1329,#1329,#1481,.F.);
#1071=EDGE_CURVE('',#1330,#1330,#1482,.F.);
#1072=EDGE_CURVE('',#1331,#1331,#1483,.F.);
#1073=EDGE_CURVE('',#1332,#1332,#1484,.F.);
#1074=EDGE_CURVE('',#1333,#1333,#1485,.F.);
#1075=EDGE_CURVE('',#1334,#1334,#1486,.T.);
#1076=EDGE_CURVE('',#1335,#1335,#1487,.T.);
#1077=EDGE_CURVE('',#1336,#1336,#1488,.T.);
#1078=EDGE_CURVE('',#1337,#1337,#1489,.T.);
#1079=EDGE_CURVE('',#1338,#1338,#1490,.T.);
#1080=EDGE_CURVE('',#1339,#1339,#1491,.T.);
#1081=EDGE_CURVE('',#1340,#1340,#1492,.T.);
#1082=EDGE_CURVE('',#1341,#1341,#1493,.T.);
#1083=EDGE_CURVE('',#1342,#1342,#1494,.T.);
#1084=EDGE_CURVE('',#1343,#1343,#1495,.T.);
#1085=EDGE_CURVE('',#1344,#1344,#1496,.F.);
#1086=EDGE_CURVE('',#1345,#1345,#1497,.T.);
#1087=EDGE_CURVE('',#1346,#1346,#1498,.T.);
#1088=EDGE_CURVE('',#1347,#1347,#1499,.T.);
#1089=EDGE_CURVE('',#1348,#1348,#1500,.T.);
#1090=EDGE_CURVE('',#1166,#1160,#1501,.F.);
#1091=EDGE_CURVE('',#1161,#1157,#1502,.T.);
#1092=EDGE_CURVE('',#1156,#1155,#1503,.T.);
#1093=EDGE_CURVE('',#1154,#1149,#1504,.F.);
#1094=EDGE_CURVE('',#1148,#1145,#1505,.T.);
#1095=EDGE_CURVE('',#1144,#1141,#1506,.T.);
#1096=EDGE_CURVE('',#1140,#1139,#1507,.T.);
#1097=EDGE_CURVE('',#1138,#1249,#1508,.T.);
#1098=EDGE_CURVE('',#1247,#1244,#1509,.T.);
#1099=EDGE_CURVE('',#1243,#1235,#163,.T.);
#1100=EDGE_CURVE('',#1239,#1232,#1510,.T.);
#1101=EDGE_CURVE('',#1230,#1225,#1511,.T.);
#1102=EDGE_CURVE('',#1224,#1220,#1512,.T.);
#1103=EDGE_CURVE('',#1221,#1217,#1513,.T.);
#1104=EDGE_CURVE('',#1216,#1215,#1514,.T.);
#1105=EDGE_CURVE('',#1214,#1208,#1515,.F.);
#1106=EDGE_CURVE('',#1209,#1207,#1516,.T.);
#1107=EDGE_CURVE('',#1206,#1203,#1517,.T.);
#1108=EDGE_CURVE('',#1202,#1197,#1518,.F.);
#1109=EDGE_CURVE('',#1196,#1195,#1519,.T.);
#1110=EDGE_CURVE('',#1194,#1191,#1520,.T.);
#1111=EDGE_CURVE('',#1190,#1184,#1521,.F.);
#1112=EDGE_CURVE('',#1185,#1183,#1522,.T.);
#1113=EDGE_CURVE('',#1182,#1179,#1523,.T.);
#1114=EDGE_CURVE('',#1178,#1173,#1524,.F.);
#1115=EDGE_CURVE('',#1172,#1169,#1525,.T.);
#1116=EDGE_CURVE('',#1168,#1167,#1526,.T.);
#1117=EDGE_CURVE('',#1238,#1300,#21,.T.);
#1118=EDGE_CURVE('',#1349,#1349,#1527,.T.);
#1119=EDGE_CURVE('',#1350,#1350,#1528,.T.);
#1120=EDGE_CURVE('',#1351,#1351,#1529,.T.);
#1121=EDGE_CURVE('',#1352,#1352,#1530,.T.);
#1122=EDGE_CURVE('',#1353,#1353,#1531,.T.);
#1123=EDGE_CURVE('',#1354,#1354,#1532,.T.);
#1124=EDGE_CURVE('',#1355,#1355,#1533,.T.);
#1125=EDGE_CURVE('',#1356,#1356,#1534,.T.);
#1126=EDGE_CURVE('',#1357,#1357,#1535,.T.);
#1127=EDGE_CURVE('',#1358,#1358,#1536,.T.);
#1128=EDGE_CURVE('',#1359,#1359,#1537,.T.);
#1129=EDGE_CURVE('',#1360,#1360,#1538,.T.);
#1130=EDGE_CURVE('',#1361,#1361,#1539,.T.);
#1131=EDGE_CURVE('',#1362,#1362,#1540,.T.);
#1132=EDGE_CURVE('',#1363,#1363,#1541,.T.);
#1133=EDGE_CURVE('',#1364,#1364,#1542,.T.);
#1134=EDGE_CURVE('',#1289,#1288,#22,.F.);
#1135=EDGE_CURVE('',#1242,#1234,#164,.T.);
#1136=VERTEX_POINT('',#3349);
#1137=VERTEX_POINT('',#3350);
#1138=VERTEX_POINT('',#3352);
#1139=VERTEX_POINT('',#3354);
#1140=VERTEX_POINT('',#3358);
#1141=VERTEX_POINT('',#3359);
#1142=VERTEX_POINT('',#3361);
#1143=VERTEX_POINT('',#3363);
#1144=VERTEX_POINT('',#3367);
#1145=VERTEX_POINT('',#3368);
#1146=VERTEX_POINT('',#3370);
#1147=VERTEX_POINT('',#3372);
#1148=VERTEX_POINT('',#3376);
#1149=VERTEX_POINT('',#3377);
#1150=VERTEX_POINT('',#3379);
#1151=VERTEX_POINT('',#3381);
#1152=VERTEX_POINT('',#3385);
#1153=VERTEX_POINT('',#3386);
#1154=VERTEX_POINT('',#3388);
#1155=VERTEX_POINT('',#3390);
#1156=VERTEX_POINT('',#3394);
#1157=VERTEX_POINT('',#3395);
#1158=VERTEX_POINT('',#3397);
#1159=VERTEX_POINT('',#3399);
#1160=VERTEX_POINT('',#3403);
#1161=VERTEX_POINT('',#3404);
#1162=VERTEX_POINT('',#3406);
#1163=VERTEX_POINT('',#3408);
#1164=VERTEX_POINT('',#3412);
#1165=VERTEX_POINT('',#3413);
#1166=VERTEX_POINT('',#3415);
#1167=VERTEX_POINT('',#3417);
#1168=VERTEX_POINT('',#3421);
#1169=VERTEX_POINT('',#3422);
#1170=VERTEX_POINT('',#3424);
#1171=VERTEX_POINT('',#3426);
#1172=VERTEX_POINT('',#3430);
#1173=VERTEX_POINT('',#3431);
#1174=VERTEX_POINT('',#3433);
#1175=VERTEX_POINT('',#3435);
#1176=VERTEX_POINT('',#3439);
#1177=VERTEX_POINT('',#3440);
#1178=VERTEX_POINT('',#3442);
#1179=VERTEX_POINT('',#3444);
#1180=VERTEX_POINT('',#3448);
#1181=VERTEX_POINT('',#3449);
#1182=VERTEX_POINT('',#3451);
#1183=VERTEX_POINT('',#3453);
#1184=VERTEX_POINT('',#3457);
#1185=VERTEX_POINT('',#3458);
#1186=VERTEX_POINT('',#3460);
#1187=VERTEX_POINT('',#3462);
#1188=VERTEX_POINT('',#3466);
#1189=VERTEX_POINT('',#3467);
#1190=VERTEX_POINT('',#3469);
#1191=VERTEX_POINT('',#3471);
#1192=VERTEX_POINT('',#3475);
#1193=VERTEX_POINT('',#3476);
#1194=VERTEX_POINT('',#3478);
#1195=VERTEX_POINT('',#3480);
#1196=VERTEX_POINT('',#3484);
#1197=VERTEX_POINT('',#3485);
#1198=VERTEX_POINT('',#3487);
#1199=VERTEX_POINT('',#3489);
#1200=VERTEX_POINT('',#3493);
#1201=VERTEX_POINT('',#3494);
#1202=VERTEX_POINT('',#3496);
#1203=VERTEX_POINT('',#3498);
#1204=VERTEX_POINT('',#3502);
#1205=VERTEX_POINT('',#3503);
#1206=VERTEX_POINT('',#3505);
#1207=VERTEX_POINT('',#3507);
#1208=VERTEX_POINT('',#3511);
#1209=VERTEX_POINT('',#3512);
#1210=VERTEX_POINT('',#3514);
#1211=VERTEX_POINT('',#3516);
#1212=VERTEX_POINT('',#3520);
#1213=VERTEX_POINT('',#3521);
#1214=VERTEX_POINT('',#3523);
#1215=VERTEX_POINT('',#3525);
#1216=VERTEX_POINT('',#3529);
#1217=VERTEX_POINT('',#3530);
#1218=VERTEX_POINT('',#3532);
#1219=VERTEX_POINT('',#3534);
#1220=VERTEX_POINT('',#3538);
#1221=VERTEX_POINT('',#3539);
#1222=VERTEX_POINT('',#3541);
#1223=VERTEX_POINT('',#3543);
#1224=VERTEX_POINT('',#3547);
#1225=VERTEX_POINT('',#3548);
#1226=VERTEX_POINT('',#3550);
#1227=VERTEX_POINT('',#3552);
#1228=VERTEX_POINT('',#3556);
#1229=VERTEX_POINT('',#3557);
#1230=VERTEX_POINT('',#3559);
#1231=VERTEX_POINT('',#3561);
#1232=VERTEX_POINT('',#3565);
#1233=VERTEX_POINT('',#3567);
#1234=VERTEX_POINT('',#3571);
#1235=VERTEX_POINT('',#3572);
#1236=VERTEX_POINT('',#3574);
#1237=VERTEX_POINT('',#3576);
#1238=VERTEX_POINT('',#3584);
#1239=VERTEX_POINT('',#3586);
#1240=VERTEX_POINT('',#3590);
#1241=VERTEX_POINT('',#3591);
#1242=VERTEX_POINT('',#3593);
#1243=VERTEX_POINT('',#3595);
#1244=VERTEX_POINT('',#3597);
#1245=VERTEX_POINT('',#3601);
#1246=VERTEX_POINT('',#3602);
#1247=VERTEX_POINT('',#3604);
#1248=VERTEX_POINT('',#3606);
#1249=VERTEX_POINT('',#3610);
#1250=VERTEX_POINT('',#3612);
#1251=VERTEX_POINT('',#3616);
#1252=VERTEX_POINT('',#3618);
#1253=VERTEX_POINT('',#3621);
#1254=VERTEX_POINT('',#3623);
#1255=VERTEX_POINT('',#3625);
#1256=VERTEX_POINT('',#3627);
#1257=VERTEX_POINT('',#3629);
#1258=VERTEX_POINT('',#3631);
#1259=VERTEX_POINT('',#3633);
#1260=VERTEX_POINT('',#3635);
#1261=VERTEX_POINT('',#3637);
#1262=VERTEX_POINT('',#3639);
#1263=VERTEX_POINT('',#3641);
#1264=VERTEX_POINT('',#3643);
#1265=VERTEX_POINT('',#3645);
#1266=VERTEX_POINT('',#3647);
#1267=VERTEX_POINT('',#3649);
#1268=VERTEX_POINT('',#3651);
#1269=VERTEX_POINT('',#3653);
#1270=VERTEX_POINT('',#3655);
#1271=VERTEX_POINT('',#3657);
#1272=VERTEX_POINT('',#3659);
#1273=VERTEX_POINT('',#3661);
#1274=VERTEX_POINT('',#3663);
#1275=VERTEX_POINT('',#3665);
#1276=VERTEX_POINT('',#3667);
#1277=VERTEX_POINT('',#3669);
#1278=VERTEX_POINT('',#3671);
#1279=VERTEX_POINT('',#3673);
#1280=VERTEX_POINT('',#3675);
#1281=VERTEX_POINT('',#3677);
#1282=VERTEX_POINT('',#3679);
#1283=VERTEX_POINT('',#3681);
#1284=VERTEX_POINT('',#3683);
#1285=VERTEX_POINT('',#3685);
#1286=VERTEX_POINT('',#3687);
#1287=VERTEX_POINT('',#3689);
#1288=VERTEX_POINT('',#3691);
#1289=VERTEX_POINT('',#3692);
#1290=VERTEX_POINT('',#3695);
#1291=VERTEX_POINT('',#3697);
#1292=VERTEX_POINT('',#3699);
#1293=VERTEX_POINT('',#3701);
#1294=VERTEX_POINT('',#3703);
#1295=VERTEX_POINT('',#3705);
#1296=VERTEX_POINT('',#3707);
#1297=VERTEX_POINT('',#3709);
#1298=VERTEX_POINT('',#3711);
#1299=VERTEX_POINT('',#3713);
#1300=VERTEX_POINT('',#3741);
#1301=VERTEX_POINT('',#3745);
#1302=VERTEX_POINT('',#3747);
#1303=VERTEX_POINT('',#3749);
#1304=VERTEX_POINT('',#3751);
#1305=VERTEX_POINT('',#3753);
#1306=VERTEX_POINT('',#3755);
#1307=VERTEX_POINT('',#3757);
#1308=VERTEX_POINT('',#3759);
#1309=VERTEX_POINT('',#3761);
#1310=VERTEX_POINT('',#3763);
#1311=VERTEX_POINT('',#3765);
#1312=VERTEX_POINT('',#3767);
#1313=VERTEX_POINT('',#3769);
#1314=VERTEX_POINT('',#3771);
#1315=VERTEX_POINT('',#3773);
#1316=VERTEX_POINT('',#3775);
#1317=VERTEX_POINT('',#3777);
#1318=VERTEX_POINT('',#3779);
#1319=VERTEX_POINT('',#3781);
#1320=VERTEX_POINT('',#3783);
#1321=VERTEX_POINT('',#3785);
#1322=VERTEX_POINT('',#3787);
#1323=VERTEX_POINT('',#3789);
#1324=VERTEX_POINT('',#3791);
#1325=VERTEX_POINT('',#3793);
#1326=VERTEX_POINT('',#3795);
#1327=VERTEX_POINT('',#3797);
#1328=VERTEX_POINT('',#3799);
#1329=VERTEX_POINT('',#3801);
#1330=VERTEX_POINT('',#3803);
#1331=VERTEX_POINT('',#3805);
#1332=VERTEX_POINT('',#3807);
#1333=VERTEX_POINT('',#3809);
#1334=VERTEX_POINT('',#3811);
#1335=VERTEX_POINT('',#3813);
#1336=VERTEX_POINT('',#3815);
#1337=VERTEX_POINT('',#3817);
#1338=VERTEX_POINT('',#3819);
#1339=VERTEX_POINT('',#3821);
#1340=VERTEX_POINT('',#3823);
#1341=VERTEX_POINT('',#3825);
#1342=VERTEX_POINT('',#3827);
#1343=VERTEX_POINT('',#3829);
#1344=VERTEX_POINT('',#3831);
#1345=VERTEX_POINT('',#3833);
#1346=VERTEX_POINT('',#3835);
#1347=VERTEX_POINT('',#3837);
#1348=VERTEX_POINT('',#3839);
#1349=VERTEX_POINT('',#3907);
#1350=VERTEX_POINT('',#3909);
#1351=VERTEX_POINT('',#3912);
#1352=VERTEX_POINT('',#3914);
#1353=VERTEX_POINT('',#3917);
#1354=VERTEX_POINT('',#3919);
#1355=VERTEX_POINT('',#3922);
#1356=VERTEX_POINT('',#3924);
#1357=VERTEX_POINT('',#3927);
#1358=VERTEX_POINT('',#3929);
#1359=VERTEX_POINT('',#3932);
#1360=VERTEX_POINT('',#3934);
#1361=VERTEX_POINT('',#3937);
#1362=VERTEX_POINT('',#3939);
#1363=VERTEX_POINT('',#3942);
#1364=VERTEX_POINT('',#3944);
#1365=CIRCLE('',#2332,0.0035);
#1366=CIRCLE('',#2333,0.0035);
#1367=CIRCLE('',#2336,0.0035);
#1368=CIRCLE('',#2337,0.0035);
#1369=CIRCLE('',#2344,0.0035);
#1370=CIRCLE('',#2345,0.0035);
#1371=CIRCLE('',#2352,0.0035);
#1372=CIRCLE('',#2353,0.0035);
#1373=CIRCLE('',#2360,0.0035);
#1374=CIRCLE('',#2361,0.0035);
#1375=CIRCLE('',#2364,0.0035);
#1376=CIRCLE('',#2365,0.0035);
#1377=CIRCLE('',#2373,0.00125);
#1378=CIRCLE('',#2374,0.00125);
#1379=CIRCLE('',#2376,0.00757760858821788);
#1380=CIRCLE('',#2377,0.00779806056833088);
#1381=CIRCLE('',#2378,0.00815213648224241);
#1382=CIRCLE('',#2379,0.00768585699436308);
#1383=CIRCLE('',#2380,0.0072266148460338);
#1384=CIRCLE('',#2381,0.00512030810206077);
#1385=CIRCLE('',#2382,0.00671268625506444);
#1386=CIRCLE('',#2383,0.0102527329790274);
#1387=CIRCLE('',#2384,0.00657088649003845);
#1388=CIRCLE('',#2385,0.00714870716080798);
#1389=CIRCLE('',#2386,0.00713982208239875);
#1390=CIRCLE('',#2387,0.0080761382678129);
#1391=CIRCLE('',#2388,0.00667417529697842);
#1392=CIRCLE('',#2389,0.00859518565615346);
#1393=CIRCLE('',#2390,0.00869336547904772);
#1394=CIRCLE('',#2391,0.00662914522680357);
#1395=CIRCLE('',#2392,0.00380856148075104);
#1396=CIRCLE('',#2393,0.00519482089236995);
#1397=CIRCLE('',#2394,0.0018);
#1398=CIRCLE('',#2395,0.0018);
#1399=CIRCLE('',#2396,0.0018);
#1400=CIRCLE('',#2397,0.0018);
#1401=CIRCLE('',#2398,0.0018);
#1402=CIRCLE('',#2399,0.0018);
#1403=CIRCLE('',#2400,0.0057575140192109);
#1404=CIRCLE('',#2401,0.00628221595755385);
#1405=CIRCLE('',#2402,0.0068030366611392);
#1406=CIRCLE('',#2403,0.00342543828826899);
#1407=CIRCLE('',#2404,0.00674530970089246);
#1408=CIRCLE('',#2405,0.00580477856336927);
#1409=CIRCLE('',#2406,0.00388294989695337);
#1410=CIRCLE('',#2407,0.00463289527890823);
#1411=CIRCLE('',#2408,0.00878638090649331);
#1412=CIRCLE('',#2409,0.0045);
#1413=CIRCLE('',#2410,0.0045);
#1414=CIRCLE('',#2411,0.005);
#1415=CIRCLE('',#2412,0.0045);
#1416=CIRCLE('',#2413,0.005);
#1417=CIRCLE('',#2414,0.005);
#1418=CIRCLE('',#2415,0.005);
#1419=CIRCLE('',#2416,0.00155);
#1420=CIRCLE('',#2417,0.00155);
#1421=CIRCLE('',#2418,0.00155);
#1422=CIRCLE('',#2419,0.00155);
#1423=CIRCLE('',#2420,0.00155);
#1424=CIRCLE('',#2421,0.00155);
#1425=CIRCLE('',#2422,0.00155);
#1426=CIRCLE('',#2423,0.004);
#1427=CIRCLE('',#2424,0.004);
#1428=CIRCLE('',#2425,0.004);
#1429=CIRCLE('',#2426,0.004);
#1430=CIRCLE('',#2427,0.004);
#1431=CIRCLE('',#2428,0.004);
#1432=CIRCLE('',#2429,0.004);
#1433=CIRCLE('',#2430,0.004);
#1434=CIRCLE('',#2431,0.004);
#1435=CIRCLE('',#2432,0.004);
#1436=CIRCLE('',#2433,0.004);
#1437=CIRCLE('',#2434,0.004);
#1438=CIRCLE('',#2435,0.004);
#1439=CIRCLE('',#2436,0.004);
#1440=CIRCLE('',#2437,0.004);
#1441=CIRCLE('',#2438,0.004);
#1442=CIRCLE('',#2439,0.004);
#1443=CIRCLE('',#2440,0.004);
#1444=CIRCLE('',#2441,0.004);
#1445=CIRCLE('',#2442,0.004);
#1446=CIRCLE('',#2443,0.004);
#1447=CIRCLE('',#2444,0.004);
#1448=CIRCLE('',#2445,0.004);
#1449=CIRCLE('',#2446,0.004);
#1450=CIRCLE('',#2447,0.004);
#1451=CIRCLE('',#2448,0.004);
#1452=CIRCLE('',#2449,0.0045);
#1453=CIRCLE('',#2451,0.00757760858821788);
#1454=CIRCLE('',#2452,0.00779806056833088);
#1455=CIRCLE('',#2453,0.00815213648224241);
#1456=CIRCLE('',#2454,0.00768585699436308);
#1457=CIRCLE('',#2455,0.0072266148460338);
#1458=CIRCLE('',#2456,0.00512030810206077);
#1459=CIRCLE('',#2457,0.00671268625506444);
#1460=CIRCLE('',#2458,0.0102527329790274);
#1461=CIRCLE('',#2459,0.00657088649003845);
#1462=CIRCLE('',#2460,0.00714870716080798);
#1463=CIRCLE('',#2461,0.00713982208239875);
#1464=CIRCLE('',#2462,0.0080761382678129);
#1465=CIRCLE('',#2463,0.00667417529697842);
#1466=CIRCLE('',#2464,0.00859518565615346);
#1467=CIRCLE('',#2465,0.00869336547904772);
#1468=CIRCLE('',#2466,0.00662914522680357);
#1469=CIRCLE('',#2467,0.00380856148075104);
#1470=CIRCLE('',#2468,0.00519482089236995);
#1471=CIRCLE('',#2469,0.0018);
#1472=CIRCLE('',#2470,0.0018);
#1473=CIRCLE('',#2471,0.0018);
#1474=CIRCLE('',#2472,0.0018);
#1475=CIRCLE('',#2473,0.0018);
#1476=CIRCLE('',#2474,0.0018);
#1477=CIRCLE('',#2475,0.0057575140192109);
#1478=CIRCLE('',#2476,0.00628221595755385);
#1479=CIRCLE('',#2477,0.0068030366611392);
#1480=CIRCLE('',#2478,0.00342543828826899);
#1481=CIRCLE('',#2479,0.00674530970089246);
#1482=CIRCLE('',#2480,0.00580477856336927);
#1483=CIRCLE('',#2481,0.00388294989695337);
#1484=CIRCLE('',#2482,0.00463289527890823);
#1485=CIRCLE('',#2483,0.00878638090649331);
#1486=CIRCLE('',#2484,0.00125);
#1487=CIRCLE('',#2485,0.00125);
#1488=CIRCLE('',#2486,0.00125);
#1489=CIRCLE('',#2487,0.00125);
#1490=CIRCLE('',#2488,0.00125);
#1491=CIRCLE('',#2489,0.00125);
#1492=CIRCLE('',#2490,0.00125);
#1493=CIRCLE('',#2491,0.00125);
#1494=CIRCLE('',#2492,0.00155);
#1495=CIRCLE('',#2493,0.00155);
#1496=CIRCLE('',#2494,0.00155);
#1497=CIRCLE('',#2495,0.00155);
#1498=CIRCLE('',#2496,0.00155);
#1499=CIRCLE('',#2497,0.00155);
#1500=CIRCLE('',#2498,0.00155);
#1501=CIRCLE('',#2499,0.004);
#1502=CIRCLE('',#2500,0.004);
#1503=CIRCLE('',#2501,0.004);
#1504=CIRCLE('',#2502,0.004);
#1505=CIRCLE('',#2503,0.004);
#1506=CIRCLE('',#2504,0.004);
#1507=CIRCLE('',#2505,0.004);
#1508=CIRCLE('',#2506,0.004);
#1509=CIRCLE('',#2507,0.004);
#1510=CIRCLE('',#2508,0.004);
#1511=CIRCLE('',#2509,0.004);
#1512=CIRCLE('',#2510,0.004);
#1513=CIRCLE('',#2511,0.004);
#1514=CIRCLE('',#2512,0.004);
#1515=CIRCLE('',#2513,0.004);
#1516=CIRCLE('',#2514,0.004);
#1517=CIRCLE('',#2515,0.004);
#1518=CIRCLE('',#2516,0.004);
#1519=CIRCLE('',#2517,0.004);
#1520=CIRCLE('',#2518,0.004);
#1521=CIRCLE('',#2519,0.004);
#1522=CIRCLE('',#2520,0.004);
#1523=CIRCLE('',#2521,0.004);
#1524=CIRCLE('',#2522,0.004);
#1525=CIRCLE('',#2523,0.004);
#1526=CIRCLE('',#2524,0.004);
#1527=CIRCLE('',#2559,0.00125);
#1528=CIRCLE('',#2560,0.003);
#1529=CIRCLE('',#2562,0.00125);
#1530=CIRCLE('',#2563,0.0025);
#1531=CIRCLE('',#2565,0.00125);
#1532=CIRCLE('',#2566,0.0025);
#1533=CIRCLE('',#2568,0.00125);
#1534=CIRCLE('',#2569,0.0025);
#1535=CIRCLE('',#2571,0.00125);
#1536=CIRCLE('',#2572,0.0025);
#1537=CIRCLE('',#2574,0.00125);
#1538=CIRCLE('',#2575,0.003);
#1539=CIRCLE('',#2577,0.00125);
#1540=CIRCLE('',#2578,0.003);
#1541=CIRCLE('',#2580,0.00125);
#1542=CIRCLE('',#2581,0.003);
#1543=EDGE_LOOP('',(#272,#273,#274,#275));
#1544=EDGE_LOOP('',(#276,#277,#278,#279));
#1545=EDGE_LOOP('',(#280,#281,#282,#283));
#1546=EDGE_LOOP('',(#284,#285,#286,#287));
#1547=EDGE_LOOP('',(#288,#289,#290,#291));
#1548=EDGE_LOOP('',(#292,#293,#294,#295));
#1549=EDGE_LOOP('',(#296,#297,#298,#299));
#1550=EDGE_LOOP('',(#300,#301,#302,#303));
#1551=EDGE_LOOP('',(#304,#305,#306,#307));
#1552=EDGE_LOOP('',(#308,#309,#310,#311));
#1553=EDGE_LOOP('',(#312,#313,#314,#315));
#1554=EDGE_LOOP('',(#316,#317,#318,#319));
#1555=EDGE_LOOP('',(#320,#321,#322,#323));
#1556=EDGE_LOOP('',(#324,#325,#326,#327));
#1557=EDGE_LOOP('',(#328,#329,#330,#331));
#1558=EDGE_LOOP('',(#332,#333,#334,#335));
#1559=EDGE_LOOP('',(#336,#337,#338,#339));
#1560=EDGE_LOOP('',(#340,#341,#342,#343));
#1561=EDGE_LOOP('',(#344,#345,#346,#347));
#1562=EDGE_LOOP('',(#348,#349,#350,#351));
#1563=EDGE_LOOP('',(#352,#353,#354,#355));
#1564=EDGE_LOOP('',(#356,#357,#358,#359));
#1565=EDGE_LOOP('',(#360,#361,#362,#363));
#1566=EDGE_LOOP('',(#364,#365,#366,#367));
#1567=EDGE_LOOP('',(#368,#369,#370,#371));
#1568=EDGE_LOOP('',(#372,#373,#374,#375,#376,#377));
#1569=EDGE_LOOP('',(#378,#379,#380,#381,#382));
#1570=EDGE_LOOP('',(#383,#384,#385,#386));
#1571=EDGE_LOOP('',(#387,#388,#389,#390));
#1572=EDGE_LOOP('',(#391));
#1573=EDGE_LOOP('',(#392));
#1574=EDGE_LOOP('',(#393));
#1575=EDGE_LOOP('',(#394));
#1576=EDGE_LOOP('',(#395));
#1577=EDGE_LOOP('',(#396));
#1578=EDGE_LOOP('',(#397));
#1579=EDGE_LOOP('',(#398));
#1580=EDGE_LOOP('',(#399));
#1581=EDGE_LOOP('',(#400));
#1582=EDGE_LOOP('',(#401));
#1583=EDGE_LOOP('',(#402));
#1584=EDGE_LOOP('',(#403));
#1585=EDGE_LOOP('',(#404));
#1586=EDGE_LOOP('',(#405));
#1587=EDGE_LOOP('',(#406));
#1588=EDGE_LOOP('',(#407));
#1589=EDGE_LOOP('',(#408));
#1590=EDGE_LOOP('',(#409));
#1591=EDGE_LOOP('',(#410));
#1592=EDGE_LOOP('',(#411));
#1593=EDGE_LOOP('',(#412));
#1594=EDGE_LOOP('',(#413));
#1595=EDGE_LOOP('',(#414));
#1596=EDGE_LOOP('',(#415));
#1597=EDGE_LOOP('',(#416));
#1598=EDGE_LOOP('',(#417));
#1599=EDGE_LOOP('',(#418));
#1600=EDGE_LOOP('',(#419));
#1601=EDGE_LOOP('',(#420));
#1602=EDGE_LOOP('',(#421));
#1603=EDGE_LOOP('',(#422));
#1604=EDGE_LOOP('',(#423));
#1605=EDGE_LOOP('',(#424));
#1606=EDGE_LOOP('',(#425));
#1607=EDGE_LOOP('',(#426));
#1608=EDGE_LOOP('',(#427));
#1609=EDGE_LOOP('',(#428,#429));
#1610=EDGE_LOOP('',(#430));
#1611=EDGE_LOOP('',(#431));
#1612=EDGE_LOOP('',(#432));
#1613=EDGE_LOOP('',(#433));
#1614=EDGE_LOOP('',(#434));
#1615=EDGE_LOOP('',(#435));
#1616=EDGE_LOOP('',(#436));
#1617=EDGE_LOOP('',(#437));
#1618=EDGE_LOOP('',(#438));
#1619=EDGE_LOOP('',(#439));
#1620=EDGE_LOOP('',(#440,#441,#442,#443,#444,#445,#446,#447,#448,#449,#450,
#451,#452,#453,#454,#455,#456,#457,#458,#459,#460,#461,#462,#463,#464,#465,
#466,#467,#468,#469,#470,#471,#472,#473,#474,#475,#476,#477,#478,#479,#480,
#481,#482,#483,#484,#485,#486,#487,#488,#489,#490,#491,#492,#493,#494,#495,
#496));
#1621=EDGE_LOOP('',(#497));
#1622=EDGE_LOOP('',(#498));
#1623=EDGE_LOOP('',(#499));
#1624=EDGE_LOOP('',(#500));
#1625=EDGE_LOOP('',(#501));
#1626=EDGE_LOOP('',(#502));
#1627=EDGE_LOOP('',(#503));
#1628=EDGE_LOOP('',(#504));
#1629=EDGE_LOOP('',(#505));
#1630=EDGE_LOOP('',(#506));
#1631=EDGE_LOOP('',(#507));
#1632=EDGE_LOOP('',(#508));
#1633=EDGE_LOOP('',(#509));
#1634=EDGE_LOOP('',(#510));
#1635=EDGE_LOOP('',(#511));
#1636=EDGE_LOOP('',(#512));
#1637=EDGE_LOOP('',(#513));
#1638=EDGE_LOOP('',(#514));
#1639=EDGE_LOOP('',(#515));
#1640=EDGE_LOOP('',(#516));
#1641=EDGE_LOOP('',(#517));
#1642=EDGE_LOOP('',(#518));
#1643=EDGE_LOOP('',(#519));
#1644=EDGE_LOOP('',(#520));
#1645=EDGE_LOOP('',(#521));
#1646=EDGE_LOOP('',(#522));
#1647=EDGE_LOOP('',(#523));
#1648=EDGE_LOOP('',(#524));
#1649=EDGE_LOOP('',(#525));
#1650=EDGE_LOOP('',(#526));
#1651=EDGE_LOOP('',(#527));
#1652=EDGE_LOOP('',(#528));
#1653=EDGE_LOOP('',(#529));
#1654=EDGE_LOOP('',(#530));
#1655=EDGE_LOOP('',(#531));
#1656=EDGE_LOOP('',(#532));
#1657=EDGE_LOOP('',(#533));
#1658=EDGE_LOOP('',(#534));
#1659=EDGE_LOOP('',(#535));
#1660=EDGE_LOOP('',(#536));
#1661=EDGE_LOOP('',(#537));
#1662=EDGE_LOOP('',(#538));
#1663=EDGE_LOOP('',(#539));
#1664=EDGE_LOOP('',(#540));
#1665=EDGE_LOOP('',(#541));
#1666=EDGE_LOOP('',(#542));
#1667=EDGE_LOOP('',(#543));
#1668=EDGE_LOOP('',(#544));
#1669=EDGE_LOOP('',(#545));
#1670=EDGE_LOOP('',(#546,#547,#548,#549,#550,#551,#552,#553,#554,#555,#556,
#557,#558,#559,#560,#561,#562,#563,#564,#565,#566,#567,#568,#569,#570,#571,
#572,#573,#574,#575,#576,#577,#578,#579,#580,#581,#582,#583,#584,#585,#586,
#587,#588,#589,#590,#591,#592,#593,#594,#595,#596,#597,#598,#599,#600,#601));
#1671=EDGE_LOOP('',(#602));
#1672=EDGE_LOOP('',(#603));
#1673=EDGE_LOOP('',(#604));
#1674=EDGE_LOOP('',(#605));
#1675=EDGE_LOOP('',(#606));
#1676=EDGE_LOOP('',(#607));
#1677=EDGE_LOOP('',(#608));
#1678=EDGE_LOOP('',(#609));
#1679=EDGE_LOOP('',(#610));
#1680=EDGE_LOOP('',(#611));
#1681=EDGE_LOOP('',(#612));
#1682=EDGE_LOOP('',(#613));
#1683=EDGE_LOOP('',(#614));
#1684=EDGE_LOOP('',(#615));
#1685=EDGE_LOOP('',(#616));
#1686=EDGE_LOOP('',(#617,#618,#619,#620));
#1687=EDGE_LOOP('',(#621,#622,#623,#624,#625));
#1688=EDGE_LOOP('',(#626,#627,#628,#629));
#1689=EDGE_LOOP('',(#630,#631,#632,#633));
#1690=EDGE_LOOP('',(#634,#635,#636,#637));
#1691=EDGE_LOOP('',(#638,#639,#640,#641));
#1692=EDGE_LOOP('',(#642,#643,#644,#645));
#1693=EDGE_LOOP('',(#646,#647,#648,#649));
#1694=EDGE_LOOP('',(#650,#651,#652,#653));
#1695=EDGE_LOOP('',(#654,#655,#656,#657));
#1696=EDGE_LOOP('',(#658,#659,#660,#661));
#1697=EDGE_LOOP('',(#662,#663,#664,#665));
#1698=EDGE_LOOP('',(#666,#667,#668,#669));
#1699=EDGE_LOOP('',(#670,#671,#672,#673));
#1700=EDGE_LOOP('',(#674,#675,#676,#677));
#1701=EDGE_LOOP('',(#678,#679,#680,#681));
#1702=EDGE_LOOP('',(#682,#683,#684,#685));
#1703=EDGE_LOOP('',(#686,#687,#688,#689));
#1704=EDGE_LOOP('',(#690,#691,#692,#693));
#1705=EDGE_LOOP('',(#694,#695,#696,#697));
#1706=EDGE_LOOP('',(#698,#699,#700,#701));
#1707=EDGE_LOOP('',(#702,#703,#704,#705));
#1708=EDGE_LOOP('',(#706,#707,#708,#709));
#1709=EDGE_LOOP('',(#710,#711,#712,#713));
#1710=EDGE_LOOP('',(#714,#715,#716,#717));
#1711=EDGE_LOOP('',(#718,#719,#720,#721));
#1712=EDGE_LOOP('',(#722));
#1713=EDGE_LOOP('',(#723));
#1714=EDGE_LOOP('',(#724));
#1715=EDGE_LOOP('',(#725));
#1716=EDGE_LOOP('',(#726));
#1717=EDGE_LOOP('',(#727));
#1718=EDGE_LOOP('',(#728));
#1719=EDGE_LOOP('',(#729));
#1720=EDGE_LOOP('',(#730));
#1721=EDGE_LOOP('',(#731));
#1722=EDGE_LOOP('',(#732));
#1723=EDGE_LOOP('',(#733));
#1724=EDGE_LOOP('',(#734));
#1725=EDGE_LOOP('',(#735));
#1726=EDGE_LOOP('',(#736));
#1727=EDGE_LOOP('',(#737));
#1728=EDGE_LOOP('',(#738));
#1729=EDGE_LOOP('',(#739));
#1730=EDGE_LOOP('',(#740));
#1731=EDGE_LOOP('',(#741));
#1732=EDGE_LOOP('',(#742));
#1733=EDGE_LOOP('',(#743));
#1734=EDGE_LOOP('',(#744));
#1735=EDGE_LOOP('',(#745));
#1736=EDGE_LOOP('',(#746));
#1737=EDGE_LOOP('',(#747));
#1738=EDGE_LOOP('',(#748));
#1739=EDGE_LOOP('',(#749));
#1740=EDGE_LOOP('',(#750));
#1741=EDGE_LOOP('',(#751));
#1742=EDGE_LOOP('',(#752));
#1743=EDGE_LOOP('',(#753));
#1744=EDGE_LOOP('',(#754,#755,#756));
#1745=EDGE_LOOP('',(#757));
#1746=EDGE_LOOP('',(#758));
#1747=EDGE_LOOP('',(#759));
#1748=EDGE_LOOP('',(#760));
#1749=EDGE_LOOP('',(#761));
#1750=EDGE_LOOP('',(#762));
#1751=EDGE_LOOP('',(#763,#764));
#1752=EDGE_LOOP('',(#765,#766));
#1753=EDGE_LOOP('',(#767));
#1754=EDGE_LOOP('',(#768));
#1755=EDGE_LOOP('',(#769));
#1756=EDGE_LOOP('',(#770));
#1757=EDGE_LOOP('',(#771));
#1758=EDGE_LOOP('',(#772));
#1759=EDGE_LOOP('',(#773));
#1760=EDGE_LOOP('',(#774));
#1761=EDGE_LOOP('',(#775));
#1762=EDGE_LOOP('',(#776));
#1763=EDGE_LOOP('',(#777));
#1764=EDGE_LOOP('',(#778));
#1765=EDGE_LOOP('',(#779));
#1766=EDGE_LOOP('',(#780));
#1767=EDGE_LOOP('',(#781));
#1768=EDGE_LOOP('',(#782));
#1769=EDGE_LOOP('',(#783));
#1770=EDGE_LOOP('',(#784));
#1771=EDGE_LOOP('',(#785));
#1772=EDGE_LOOP('',(#786));
#1773=EDGE_LOOP('',(#787));
#1774=EDGE_LOOP('',(#788));
#1775=EDGE_LOOP('',(#789));
#1776=EDGE_LOOP('',(#790));
#1777=EDGE_LOOP('',(#791));
#1778=EDGE_LOOP('',(#792));
#1779=EDGE_LOOP('',(#793));
#1780=EDGE_LOOP('',(#794));
#1781=EDGE_LOOP('',(#795));
#1782=EDGE_LOOP('',(#796));
#1783=EDGE_LOOP('',(#797));
#1784=EDGE_LOOP('',(#798));
#1785=EDGE_LOOP('',(#799));
#1786=EDGE_LOOP('',(#800));
#1787=EDGE_LOOP('',(#801));
#1788=EDGE_LOOP('',(#802));
#1789=EDGE_LOOP('',(#803));
#1790=EDGE_LOOP('',(#804));
#1791=EDGE_LOOP('',(#805));
#1792=EDGE_LOOP('',(#806));
#1793=EDGE_LOOP('',(#807));
#1794=EDGE_LOOP('',(#808));
#1795=EDGE_LOOP('',(#809));
#1796=EDGE_LOOP('',(#810));
#1797=EDGE_LOOP('',(#811));
#1798=EDGE_LOOP('',(#812));
#1799=EDGE_LOOP('',(#813));
#1800=EDGE_LOOP('',(#814));
#1801=EDGE_LOOP('',(#815));
#1802=EDGE_LOOP('',(#816));
#1803=EDGE_LOOP('',(#817));
#1804=EDGE_LOOP('',(#818));
#1805=EDGE_LOOP('',(#819));
#1806=EDGE_LOOP('',(#820));
#1807=EDGE_LOOP('',(#821));
#1808=EDGE_LOOP('',(#822));
#1809=EDGE_LOOP('',(#823));
#1810=EDGE_LOOP('',(#824));
#1811=EDGE_LOOP('',(#825));
#1812=EDGE_LOOP('',(#826));
#1813=EDGE_LOOP('',(#827));
#1814=EDGE_LOOP('',(#828));
#1815=EDGE_LOOP('',(#829));
#1816=EDGE_LOOP('',(#830));
#1817=EDGE_LOOP('',(#831));
#1818=EDGE_LOOP('',(#832));
#1819=EDGE_LOOP('',(#833));
#1820=EDGE_LOOP('',(#834));
#1821=EDGE_LOOP('',(#835));
#1822=EDGE_LOOP('',(#836));
#1823=EDGE_LOOP('',(#837));
#1824=EDGE_LOOP('',(#838));
#1825=EDGE_LOOP('',(#839));
#1826=EDGE_LOOP('',(#840,#841,#842,#843));
#1827=EDGE_LOOP('',(#844,#845,#846,#847));
#1828=FACE_BOUND('',#1543,.T.);
#1829=FACE_BOUND('',#1544,.T.);
#1830=FACE_BOUND('',#1545,.T.);
#1831=FACE_BOUND('',#1546,.T.);
#1832=FACE_BOUND('',#1547,.T.);
#1833=FACE_BOUND('',#1548,.T.);
#1834=FACE_BOUND('',#1549,.T.);
#1835=FACE_BOUND('',#1550,.T.);
#1836=FACE_BOUND('',#1551,.T.);
#1837=FACE_BOUND('',#1552,.T.);
#1838=FACE_BOUND('',#1553,.T.);
#1839=FACE_BOUND('',#1554,.T.);
#1840=FACE_BOUND('',#1555,.T.);
#1841=FACE_BOUND('',#1556,.T.);
#1842=FACE_BOUND('',#1557,.T.);
#1843=FACE_BOUND('',#1558,.T.);
#1844=FACE_BOUND('',#1559,.T.);
#1845=FACE_BOUND('',#1560,.T.);
#1846=FACE_BOUND('',#1561,.T.);
#1847=FACE_BOUND('',#1562,.T.);
#1848=FACE_BOUND('',#1563,.T.);
#1849=FACE_BOUND('',#1564,.T.);
#1850=FACE_BOUND('',#1565,.T.);
#1851=FACE_BOUND('',#1566,.T.);
#1852=FACE_BOUND('',#1567,.T.);
#1853=FACE_BOUND('',#1568,.T.);
#1854=FACE_BOUND('',#1569,.T.);
#1855=FACE_BOUND('',#1570,.T.);
#1856=FACE_BOUND('',#1571,.T.);
#1857=FACE_BOUND('',#1572,.T.);
#1858=FACE_BOUND('',#1573,.T.);
#1859=FACE_BOUND('',#1574,.T.);
#1860=FACE_BOUND('',#1575,.T.);
#1861=FACE_BOUND('',#1576,.T.);
#1862=FACE_BOUND('',#1577,.T.);
#1863=FACE_BOUND('',#1578,.T.);
#1864=FACE_BOUND('',#1579,.T.);
#1865=FACE_BOUND('',#1580,.T.);
#1866=FACE_BOUND('',#1581,.T.);
#1867=FACE_BOUND('',#1582,.T.);
#1868=FACE_BOUND('',#1583,.T.);
#1869=FACE_BOUND('',#1584,.T.);
#1870=FACE_BOUND('',#1585,.T.);
#1871=FACE_BOUND('',#1586,.T.);
#1872=FACE_BOUND('',#1587,.T.);
#1873=FACE_BOUND('',#1588,.T.);
#1874=FACE_BOUND('',#1589,.T.);
#1875=FACE_BOUND('',#1590,.T.);
#1876=FACE_BOUND('',#1591,.T.);
#1877=FACE_BOUND('',#1592,.T.);
#1878=FACE_BOUND('',#1593,.T.);
#1879=FACE_BOUND('',#1594,.T.);
#1880=FACE_BOUND('',#1595,.T.);
#1881=FACE_BOUND('',#1596,.T.);
#1882=FACE_BOUND('',#1597,.T.);
#1883=FACE_BOUND('',#1598,.T.);
#1884=FACE_BOUND('',#1599,.T.);
#1885=FACE_BOUND('',#1600,.T.);
#1886=FACE_BOUND('',#1601,.T.);
#1887=FACE_BOUND('',#1602,.T.);
#1888=FACE_BOUND('',#1603,.T.);
#1889=FACE_BOUND('',#1604,.T.);
#1890=FACE_BOUND('',#1605,.T.);
#1891=FACE_BOUND('',#1606,.T.);
#1892=FACE_BOUND('',#1607,.T.);
#1893=FACE_BOUND('',#1608,.T.);
#1894=FACE_BOUND('',#1609,.T.);
#1895=FACE_BOUND('',#1610,.T.);
#1896=FACE_BOUND('',#1611,.T.);
#1897=FACE_BOUND('',#1612,.T.);
#1898=FACE_BOUND('',#1613,.T.);
#1899=FACE_BOUND('',#1614,.T.);
#1900=FACE_BOUND('',#1615,.T.);
#1901=FACE_BOUND('',#1616,.T.);
#1902=FACE_BOUND('',#1617,.T.);
#1903=FACE_BOUND('',#1618,.T.);
#1904=FACE_BOUND('',#1619,.T.);
#1905=FACE_BOUND('',#1620,.T.);
#1906=FACE_BOUND('',#1621,.T.);
#1907=FACE_BOUND('',#1622,.T.);
#1908=FACE_BOUND('',#1623,.T.);
#1909=FACE_BOUND('',#1624,.T.);
#1910=FACE_BOUND('',#1625,.T.);
#1911=FACE_BOUND('',#1626,.T.);
#1912=FACE_BOUND('',#1627,.T.);
#1913=FACE_BOUND('',#1628,.T.);
#1914=FACE_BOUND('',#1629,.T.);
#1915=FACE_BOUND('',#1630,.T.);
#1916=FACE_BOUND('',#1631,.T.);
#1917=FACE_BOUND('',#1632,.T.);
#1918=FACE_BOUND('',#1633,.T.);
#1919=FACE_BOUND('',#1634,.T.);
#1920=FACE_BOUND('',#1635,.T.);
#1921=FACE_BOUND('',#1636,.T.);
#1922=FACE_BOUND('',#1637,.T.);
#1923=FACE_BOUND('',#1638,.T.);
#1924=FACE_BOUND('',#1639,.T.);
#1925=FACE_BOUND('',#1640,.T.);
#1926=FACE_BOUND('',#1641,.T.);
#1927=FACE_BOUND('',#1642,.T.);
#1928=FACE_BOUND('',#1643,.T.);
#1929=FACE_BOUND('',#1644,.T.);
#1930=FACE_BOUND('',#1645,.T.);
#1931=FACE_BOUND('',#1646,.T.);
#1932=FACE_BOUND('',#1647,.T.);
#1933=FACE_BOUND('',#1648,.T.);
#1934=FACE_BOUND('',#1649,.T.);
#1935=FACE_BOUND('',#1650,.T.);
#1936=FACE_BOUND('',#1651,.T.);
#1937=FACE_BOUND('',#1652,.T.);
#1938=FACE_BOUND('',#1653,.T.);
#1939=FACE_BOUND('',#1654,.T.);
#1940=FACE_BOUND('',#1655,.T.);
#1941=FACE_BOUND('',#1656,.T.);
#1942=FACE_BOUND('',#1657,.T.);
#1943=FACE_BOUND('',#1658,.T.);
#1944=FACE_BOUND('',#1659,.T.);
#1945=FACE_BOUND('',#1660,.T.);
#1946=FACE_BOUND('',#1661,.T.);
#1947=FACE_BOUND('',#1662,.T.);
#1948=FACE_BOUND('',#1663,.T.);
#1949=FACE_BOUND('',#1664,.T.);
#1950=FACE_BOUND('',#1665,.T.);
#1951=FACE_BOUND('',#1666,.T.);
#1952=FACE_BOUND('',#1667,.T.);
#1953=FACE_BOUND('',#1668,.T.);
#1954=FACE_BOUND('',#1669,.T.);
#1955=FACE_BOUND('',#1670,.T.);
#1956=FACE_BOUND('',#1671,.T.);
#1957=FACE_BOUND('',#1672,.T.);
#1958=FACE_BOUND('',#1673,.T.);
#1959=FACE_BOUND('',#1674,.T.);
#1960=FACE_BOUND('',#1675,.T.);
#1961=FACE_BOUND('',#1676,.T.);
#1962=FACE_BOUND('',#1677,.T.);
#1963=FACE_BOUND('',#1678,.T.);
#1964=FACE_BOUND('',#1679,.T.);
#1965=FACE_BOUND('',#1680,.T.);
#1966=FACE_BOUND('',#1681,.T.);
#1967=FACE_BOUND('',#1682,.T.);
#1968=FACE_BOUND('',#1683,.T.);
#1969=FACE_BOUND('',#1684,.T.);
#1970=FACE_BOUND('',#1685,.T.);
#1971=FACE_BOUND('',#1686,.T.);
#1972=FACE_BOUND('',#1687,.T.);
#1973=FACE_BOUND('',#1688,.T.);
#1974=FACE_BOUND('',#1689,.T.);
#1975=FACE_BOUND('',#1690,.T.);
#1976=FACE_BOUND('',#1691,.T.);
#1977=FACE_BOUND('',#1692,.T.);
#1978=FACE_BOUND('',#1693,.T.);
#1979=FACE_BOUND('',#1694,.T.);
#1980=FACE_BOUND('',#1695,.T.);
#1981=FACE_BOUND('',#1696,.T.);
#1982=FACE_BOUND('',#1697,.T.);
#1983=FACE_BOUND('',#1698,.T.);
#1984=FACE_BOUND('',#1699,.T.);
#1985=FACE_BOUND('',#1700,.T.);
#1986=FACE_BOUND('',#1701,.T.);
#1987=FACE_BOUND('',#1702,.T.);
#1988=FACE_BOUND('',#1703,.T.);
#1989=FACE_BOUND('',#1704,.T.);
#1990=FACE_BOUND('',#1705,.T.);
#1991=FACE_BOUND('',#1706,.T.);
#1992=FACE_BOUND('',#1707,.T.);
#1993=FACE_BOUND('',#1708,.T.);
#1994=FACE_BOUND('',#1709,.T.);
#1995=FACE_BOUND('',#1710,.T.);
#1996=FACE_BOUND('',#1711,.T.);
#1997=FACE_BOUND('',#1712,.T.);
#1998=FACE_BOUND('',#1713,.T.);
#1999=FACE_BOUND('',#1714,.T.);
#2000=FACE_BOUND('',#1715,.T.);
#2001=FACE_BOUND('',#1716,.T.);
#2002=FACE_BOUND('',#1717,.T.);
#2003=FACE_BOUND('',#1718,.T.);
#2004=FACE_BOUND('',#1719,.T.);
#2005=FACE_BOUND('',#1720,.T.);
#2006=FACE_BOUND('',#1721,.T.);
#2007=FACE_BOUND('',#1722,.T.);
#2008=FACE_BOUND('',#1723,.T.);
#2009=FACE_BOUND('',#1724,.T.);
#2010=FACE_BOUND('',#1725,.T.);
#2011=FACE_BOUND('',#1726,.T.);
#2012=FACE_BOUND('',#1727,.T.);
#2013=FACE_BOUND('',#1728,.T.);
#2014=FACE_BOUND('',#1729,.T.);
#2015=FACE_BOUND('',#1730,.T.);
#2016=FACE_BOUND('',#1731,.T.);
#2017=FACE_BOUND('',#1732,.T.);
#2018=FACE_BOUND('',#1733,.T.);
#2019=FACE_BOUND('',#1734,.T.);
#2020=FACE_BOUND('',#1735,.T.);
#2021=FACE_BOUND('',#1736,.T.);
#2022=FACE_BOUND('',#1737,.T.);
#2023=FACE_BOUND('',#1738,.T.);
#2024=FACE_BOUND('',#1739,.T.);
#2025=FACE_BOUND('',#1740,.T.);
#2026=FACE_BOUND('',#1741,.T.);
#2027=FACE_BOUND('',#1742,.T.);
#2028=FACE_BOUND('',#1743,.T.);
#2029=FACE_BOUND('',#1744,.T.);
#2030=FACE_BOUND('',#1745,.T.);
#2031=FACE_BOUND('',#1746,.T.);
#2032=FACE_BOUND('',#1747,.T.);
#2033=FACE_BOUND('',#1748,.T.);
#2034=FACE_BOUND('',#1749,.T.);
#2035=FACE_BOUND('',#1750,.T.);
#2036=FACE_BOUND('',#1751,.T.);
#2037=FACE_BOUND('',#1752,.T.);
#2038=FACE_BOUND('',#1753,.T.);
#2039=FACE_BOUND('',#1754,.T.);
#2040=FACE_BOUND('',#1755,.T.);
#2041=FACE_BOUND('',#1756,.T.);
#2042=FACE_BOUND('',#1757,.T.);
#2043=FACE_BOUND('',#1758,.T.);
#2044=FACE_BOUND('',#1759,.T.);
#2045=FACE_BOUND('',#1760,.T.);
#2046=FACE_BOUND('',#1761,.T.);
#2047=FACE_BOUND('',#1762,.T.);
#2048=FACE_BOUND('',#1763,.T.);
#2049=FACE_BOUND('',#1764,.T.);
#2050=FACE_BOUND('',#1765,.T.);
#2051=FACE_BOUND('',#1766,.T.);
#2052=FACE_BOUND('',#1767,.T.);
#2053=FACE_BOUND('',#1768,.T.);
#2054=FACE_BOUND('',#1769,.T.);
#2055=FACE_BOUND('',#1770,.T.);
#2056=FACE_BOUND('',#1771,.T.);
#2057=FACE_BOUND('',#1772,.T.);
#2058=FACE_BOUND('',#1773,.T.);
#2059=FACE_BOUND('',#1774,.T.);
#2060=FACE_BOUND('',#1775,.T.);
#2061=FACE_BOUND('',#1776,.T.);
#2062=FACE_BOUND('',#1777,.T.);
#2063=FACE_BOUND('',#1778,.T.);
#2064=FACE_BOUND('',#1779,.T.);
#2065=FACE_BOUND('',#1780,.T.);
#2066=FACE_BOUND('',#1781,.T.);
#2067=FACE_BOUND('',#1782,.T.);
#2068=FACE_BOUND('',#1783,.T.);
#2069=FACE_BOUND('',#1784,.T.);
#2070=FACE_BOUND('',#1785,.T.);
#2071=FACE_BOUND('',#1786,.T.);
#2072=FACE_BOUND('',#1787,.T.);
#2073=FACE_BOUND('',#1788,.T.);
#2074=FACE_BOUND('',#1789,.T.);
#2075=FACE_BOUND('',#1790,.T.);
#2076=FACE_BOUND('',#1791,.T.);
#2077=FACE_BOUND('',#1792,.T.);
#2078=FACE_BOUND('',#1793,.T.);
#2079=FACE_BOUND('',#1794,.T.);
#2080=FACE_BOUND('',#1795,.T.);
#2081=FACE_BOUND('',#1796,.T.);
#2082=FACE_BOUND('',#1797,.T.);
#2083=FACE_BOUND('',#1798,.T.);
#2084=FACE_BOUND('',#1799,.T.);
#2085=FACE_BOUND('',#1800,.T.);
#2086=FACE_BOUND('',#1801,.T.);
#2087=FACE_BOUND('',#1802,.T.);
#2088=FACE_BOUND('',#1803,.T.);
#2089=FACE_BOUND('',#1804,.T.);
#2090=FACE_BOUND('',#1805,.T.);
#2091=FACE_BOUND('',#1806,.T.);
#2092=FACE_BOUND('',#1807,.T.);
#2093=FACE_BOUND('',#1808,.T.);
#2094=FACE_BOUND('',#1809,.T.);
#2095=FACE_BOUND('',#1810,.T.);
#2096=FACE_BOUND('',#1811,.T.);
#2097=FACE_BOUND('',#1812,.T.);
#2098=FACE_BOUND('',#1813,.T.);
#2099=FACE_BOUND('',#1814,.T.);
#2100=FACE_BOUND('',#1815,.T.);
#2101=FACE_BOUND('',#1816,.T.);
#2102=FACE_BOUND('',#1817,.T.);
#2103=FACE_BOUND('',#1818,.T.);
#2104=FACE_BOUND('',#1819,.T.);
#2105=FACE_BOUND('',#1820,.T.);
#2106=FACE_BOUND('',#1821,.T.);
#2107=FACE_BOUND('',#1822,.T.);
#2108=FACE_BOUND('',#1823,.T.);
#2109=FACE_BOUND('',#1824,.T.);
#2110=FACE_BOUND('',#1825,.T.);
#2111=FACE_BOUND('',#1826,.T.);
#2112=FACE_BOUND('',#1827,.T.);
#2113=CYLINDRICAL_SURFACE('',#2331,0.0035);
#2114=CYLINDRICAL_SURFACE('',#2335,0.0035);
#2115=CYLINDRICAL_SURFACE('',#2343,0.0035);
#2116=CYLINDRICAL_SURFACE('',#2351,0.0035);
#2117=CYLINDRICAL_SURFACE('',#2359,0.0035);
#2118=CYLINDRICAL_SURFACE('',#2363,0.0035);
#2119=CYLINDRICAL_SURFACE('',#2372,0.00125);
#2120=CYLINDRICAL_SURFACE('',#2525,0.00155);
#2121=CYLINDRICAL_SURFACE('',#2526,0.00155);
#2122=CYLINDRICAL_SURFACE('',#2527,0.00155);
#2123=CYLINDRICAL_SURFACE('',#2528,0.00155);
#2124=CYLINDRICAL_SURFACE('',#2529,0.00155);
#2125=CYLINDRICAL_SURFACE('',#2530,0.00155);
#2126=CYLINDRICAL_SURFACE('',#2531,0.00155);
#2127=CYLINDRICAL_SURFACE('',#2532,0.004);
#2128=CYLINDRICAL_SURFACE('',#2533,0.004);
#2129=CYLINDRICAL_SURFACE('',#2534,0.004);
#2130=CYLINDRICAL_SURFACE('',#2535,0.004);
#2131=CYLINDRICAL_SURFACE('',#2536,0.004);
#2132=CYLINDRICAL_SURFACE('',#2537,0.004);
#2133=CYLINDRICAL_SURFACE('',#2538,0.004);
#2134=CYLINDRICAL_SURFACE('',#2539,0.004);
#2135=CYLINDRICAL_SURFACE('',#2540,0.004);
#2136=CYLINDRICAL_SURFACE('',#2541,0.004);
#2137=CYLINDRICAL_SURFACE('',#2542,0.004);
#2138=CYLINDRICAL_SURFACE('',#2543,0.004);
#2139=CYLINDRICAL_SURFACE('',#2544,0.004);
#2140=CYLINDRICAL_SURFACE('',#2545,0.004);
#2141=CYLINDRICAL_SURFACE('',#2546,0.004);
#2142=CYLINDRICAL_SURFACE('',#2547,0.004);
#2143=CYLINDRICAL_SURFACE('',#2548,0.004);
#2144=CYLINDRICAL_SURFACE('',#2549,0.004);
#2145=CYLINDRICAL_SURFACE('',#2550,0.004);
#2146=CYLINDRICAL_SURFACE('',#2551,0.004);
#2147=CYLINDRICAL_SURFACE('',#2552,0.004);
#2148=CYLINDRICAL_SURFACE('',#2553,0.004);
#2149=CYLINDRICAL_SURFACE('',#2554,0.004);
#2150=CYLINDRICAL_SURFACE('',#2555,0.004);
#2151=CYLINDRICAL_SURFACE('',#2556,0.004);
#2152=CYLINDRICAL_SURFACE('',#2557,0.004);
#2153=CYLINDRICAL_SURFACE('',#2582,0.00125);
#2154=CYLINDRICAL_SURFACE('',#2583,0.00125);
#2155=CYLINDRICAL_SURFACE('',#2584,0.00125);
#2156=CYLINDRICAL_SURFACE('',#2585,0.00125);
#2157=CYLINDRICAL_SURFACE('',#2586,0.00125);
#2158=CYLINDRICAL_SURFACE('',#2587,0.00125);
#2159=CYLINDRICAL_SURFACE('',#2588,0.00125);
#2160=CYLINDRICAL_SURFACE('',#2589,0.00125);
#2161=CYLINDRICAL_SURFACE('',#2598,0.00878638090649331);
#2162=CYLINDRICAL_SURFACE('',#2599,0.00463289527890823);
#2163=CYLINDRICAL_SURFACE('',#2600,0.00388294989695337);
#2164=CYLINDRICAL_SURFACE('',#2601,0.00580477856336927);
#2165=CYLINDRICAL_SURFACE('',#2602,0.00674530970089246);
#2166=CYLINDRICAL_SURFACE('',#2603,0.00342543828826899);
#2167=CYLINDRICAL_SURFACE('',#2604,0.0068030366611392);
#2168=CYLINDRICAL_SURFACE('',#2605,0.00628221595755385);
#2169=CYLINDRICAL_SURFACE('',#2606,0.0057575140192109);
#2170=CYLINDRICAL_SURFACE('',#2607,0.0018);
#2171=CYLINDRICAL_SURFACE('',#2608,0.0018);
#2172=CYLINDRICAL_SURFACE('',#2609,0.0018);
#2173=CYLINDRICAL_SURFACE('',#2610,0.0018);
#2174=CYLINDRICAL_SURFACE('',#2611,0.0018);
#2175=CYLINDRICAL_SURFACE('',#2612,0.0018);
#2176=CYLINDRICAL_SURFACE('',#2613,0.00519482089236995);
#2177=CYLINDRICAL_SURFACE('',#2614,0.00380856148075104);
#2178=CYLINDRICAL_SURFACE('',#2615,0.00662914522680357);
#2179=CYLINDRICAL_SURFACE('',#2616,0.00869336547904772);
#2180=CYLINDRICAL_SURFACE('',#2617,0.00859518565615346);
#2181=CYLINDRICAL_SURFACE('',#2618,0.00667417529697842);
#2182=CYLINDRICAL_SURFACE('',#2619,0.0080761382678129);
#2183=CYLINDRICAL_SURFACE('',#2620,0.00713982208239875);
#2184=CYLINDRICAL_SURFACE('',#2621,0.00714870716080798);
#2185=CYLINDRICAL_SURFACE('',#2622,0.00657088649003845);
#2186=CYLINDRICAL_SURFACE('',#2623,0.0102527329790274);
#2187=CYLINDRICAL_SURFACE('',#2624,0.00671268625506444);
#2188=CYLINDRICAL_SURFACE('',#2625,0.00512030810206077);
#2189=CYLINDRICAL_SURFACE('',#2626,0.0072266148460338);
#2190=CYLINDRICAL_SURFACE('',#2627,0.00768585699436308);
#2191=CYLINDRICAL_SURFACE('',#2628,0.00815213648224241);
#2192=CYLINDRICAL_SURFACE('',#2629,0.00779806056833088);
#2193=CYLINDRICAL_SURFACE('',#2630,0.00757760858821788);
#2194=ADVANCED_FACE('',(#1828),#2113,.T.);
#2195=ADVANCED_FACE('',(#1829),#23,.F.);
#2196=ADVANCED_FACE('',(#1830),#2114,.T.);
#2197=ADVANCED_FACE('',(#1831),#24,.F.);
#2198=ADVANCED_FACE('',(#1832),#25,.F.);
#2199=ADVANCED_FACE('',(#1833),#26,.F.);
#2200=ADVANCED_FACE('',(#1834),#27,.T.);
#2201=ADVANCED_FACE('',(#1835),#28,.F.);
#2202=ADVANCED_FACE('',(#1836),#2115,.T.);
#2203=ADVANCED_FACE('',(#1837),#29,.F.);
#2204=ADVANCED_FACE('',(#1838),#30,.F.);
#2205=ADVANCED_FACE('',(#1839),#31,.F.);
#2206=ADVANCED_FACE('',(#1840),#32,.T.);
#2207=ADVANCED_FACE('',(#1841),#33,.F.);
#2208=ADVANCED_FACE('',(#1842),#2116,.T.);
#2209=ADVANCED_FACE('',(#1843),#34,.F.);
#2210=ADVANCED_FACE('',(#1844),#35,.F.);
#2211=ADVANCED_FACE('',(#1845),#36,.F.);
#2212=ADVANCED_FACE('',(#1846),#37,.T.);
#2213=ADVANCED_FACE('',(#1847),#38,.F.);
#2214=ADVANCED_FACE('',(#1848),#2117,.T.);
#2215=ADVANCED_FACE('',(#1849),#39,.T.);
#2216=ADVANCED_FACE('',(#1850),#2118,.T.);
#2217=ADVANCED_FACE('',(#1851),#40,.F.);
#2218=ADVANCED_FACE('',(#1852),#41,.T.);
#2219=ADVANCED_FACE('',(#1853),#42,.F.);
#2220=ADVANCED_FACE('',(#1854),#43,.T.);
#2221=ADVANCED_FACE('',(#1855),#44,.T.);
#2222=ADVANCED_FACE('',(#1856),#45,.T.);
#2223=ADVANCED_FACE('',(#1857,#1858),#2119,.F.);
#2224=ADVANCED_FACE('',(#1859,#1860,#1861,#1862,#1863,#1864,#1865,#1866,
#1867,#1868,#1869,#1870,#1871,#1872,#1873,#1874,#1875,#1876,#1877,#1878,
#1879,#1880,#1881,#1882,#1883,#1884,#1885,#1886,#1887,#1888,#1889,#1890,
#1891,#1892,#1893,#1894,#1895,#1896,#1897,#1898,#1899,#1900,#1901,#1902,
#1903,#1904,#1905,#1906),#46,.T.);
#2225=ADVANCED_FACE('',(#1907,#1908,#1909,#1910,#1911,#1912,#1913,#1914,
#1915,#1916,#1917,#1918,#1919,#1920,#1921,#1922,#1923,#1924,#1925,#1926,
#1927,#1928,#1929,#1930,#1931,#1932,#1933,#1934,#1935,#1936,#1937,#1938,
#1939,#1940,#1941,#1942,#1943,#1944,#1945,#1946,#1947,#1948,#1949,#1950,
#1951,#1952,#1953,#1954,#1955,#1956),#47,.F.);
#2226=ADVANCED_FACE('',(#1957,#1958),#2120,.F.);
#2227=ADVANCED_FACE('',(#1959,#1960),#2121,.F.);
#2228=ADVANCED_FACE('',(#1961,#1962),#2122,.F.);
#2229=ADVANCED_FACE('',(#1963,#1964),#2123,.F.);
#2230=ADVANCED_FACE('',(#1965,#1966),#2124,.F.);
#2231=ADVANCED_FACE('',(#1967,#1968),#2125,.F.);
#2232=ADVANCED_FACE('',(#1969,#1970),#2126,.F.);
#2233=ADVANCED_FACE('',(#1971),#2127,.F.);
#2234=ADVANCED_FACE('',(#1972),#2128,.F.);
#2235=ADVANCED_FACE('',(#1973),#2129,.T.);
#2236=ADVANCED_FACE('',(#1974),#2130,.F.);
#2237=ADVANCED_FACE('',(#1975),#2131,.T.);
#2238=ADVANCED_FACE('',(#1976),#2132,.F.);
#2239=ADVANCED_FACE('',(#1977),#2133,.T.);
#2240=ADVANCED_FACE('',(#1978),#2134,.T.);
#2241=ADVANCED_FACE('',(#1979),#2135,.T.);
#2242=ADVANCED_FACE('',(#1980),#2136,.T.);
#2243=ADVANCED_FACE('',(#1981),#2137,.F.);
#2244=ADVANCED_FACE('',(#1982),#2138,.F.);
#2245=ADVANCED_FACE('',(#1983),#2139,.F.);
#2246=ADVANCED_FACE('',(#1984),#2140,.F.);
#2247=ADVANCED_FACE('',(#1985),#2141,.F.);
#2248=ADVANCED_FACE('',(#1986),#2142,.F.);
#2249=ADVANCED_FACE('',(#1987),#2143,.F.);
#2250=ADVANCED_FACE('',(#1988),#2144,.F.);
#2251=ADVANCED_FACE('',(#1989),#2145,.F.);
#2252=ADVANCED_FACE('',(#1990),#2146,.F.);
#2253=ADVANCED_FACE('',(#1991),#2147,.F.);
#2254=ADVANCED_FACE('',(#1992),#2148,.F.);
#2255=ADVANCED_FACE('',(#1993),#2149,.F.);
#2256=ADVANCED_FACE('',(#1994),#2150,.F.);
#2257=ADVANCED_FACE('',(#1995),#2151,.F.);
#2258=ADVANCED_FACE('',(#1996),#2152,.F.);
#2259=ADVANCED_FACE('',(#1997,#1998),#48,.T.);
#2260=ADVANCED_FACE('',(#1999,#2000),#49,.T.);
#2261=ADVANCED_FACE('',(#2001,#2002),#50,.T.);
#2262=ADVANCED_FACE('',(#2003,#2004),#51,.T.);
#2263=ADVANCED_FACE('',(#2005,#2006),#52,.T.);
#2264=ADVANCED_FACE('',(#2007,#2008),#53,.T.);
#2265=ADVANCED_FACE('',(#2009,#2010),#54,.T.);
#2266=ADVANCED_FACE('',(#2011,#2012),#55,.T.);
#2267=ADVANCED_FACE('',(#2013,#2014),#2153,.F.);
#2268=ADVANCED_FACE('',(#2015,#2016),#2154,.F.);
#2269=ADVANCED_FACE('',(#2017,#2018),#2155,.F.);
#2270=ADVANCED_FACE('',(#2019,#2020),#2156,.F.);
#2271=ADVANCED_FACE('',(#2021,#2022),#2157,.F.);
#2272=ADVANCED_FACE('',(#2023,#2024),#2158,.F.);
#2273=ADVANCED_FACE('',(#2025,#2026),#2159,.F.);
#2274=ADVANCED_FACE('',(#2027,#2028),#2160,.F.);
#2275=ADVANCED_FACE('',(#2029,#2030),#12,.T.);
#2276=ADVANCED_FACE('',(#2031,#2032),#13,.T.);
#2277=ADVANCED_FACE('',(#2033,#2034),#14,.T.);
#2278=ADVANCED_FACE('',(#2035,#2036),#15,.T.);
#2279=ADVANCED_FACE('',(#2037,#2038),#16,.T.);
#2280=ADVANCED_FACE('',(#2039,#2040),#17,.T.);
#2281=ADVANCED_FACE('',(#2041,#2042),#18,.T.);
#2282=ADVANCED_FACE('',(#2043,#2044),#19,.T.);
#2283=ADVANCED_FACE('',(#2045,#2046),#2161,.F.);
#2284=ADVANCED_FACE('',(#2047,#2048),#2162,.F.);
#2285=ADVANCED_FACE('',(#2049,#2050),#2163,.F.);
#2286=ADVANCED_FACE('',(#2051,#2052),#2164,.F.);
#2287=ADVANCED_FACE('',(#2053,#2054),#2165,.F.);
#2288=ADVANCED_FACE('',(#2055,#2056),#2166,.F.);
#2289=ADVANCED_FACE('',(#2057,#2058),#2167,.F.);
#2290=ADVANCED_FACE('',(#2059,#2060),#2168,.F.);
#2291=ADVANCED_FACE('',(#2061,#2062),#2169,.F.);
#2292=ADVANCED_FACE('',(#2063,#2064),#2170,.F.);
#2293=ADVANCED_FACE('',(#2065,#2066),#2171,.F.);
#2294=ADVANCED_FACE('',(#2067,#2068),#2172,.F.);
#2295=ADVANCED_FACE('',(#2069,#2070),#2173,.F.);
#2296=ADVANCED_FACE('',(#2071,#2072),#2174,.F.);
#2297=ADVANCED_FACE('',(#2073,#2074),#2175,.F.);
#2298=ADVANCED_FACE('',(#2075,#2076),#2176,.F.);
#2299=ADVANCED_FACE('',(#2077,#2078),#2177,.F.);
#2300=ADVANCED_FACE('',(#2079,#2080),#2178,.F.);
#2301=ADVANCED_FACE('',(#2081,#2082),#2179,.F.);
#2302=ADVANCED_FACE('',(#2083,#2084),#2180,.F.);
#2303=ADVANCED_FACE('',(#2085,#2086),#2181,.F.);
#2304=ADVANCED_FACE('',(#2087,#2088),#2182,.F.);
#2305=ADVANCED_FACE('',(#2089,#2090),#2183,.F.);
#2306=ADVANCED_FACE('',(#2091,#2092),#2184,.F.);
#2307=ADVANCED_FACE('',(#2093,#2094),#2185,.F.);
#2308=ADVANCED_FACE('',(#2095,#2096),#2186,.F.);
#2309=ADVANCED_FACE('',(#2097,#2098),#2187,.F.);
#2310=ADVANCED_FACE('',(#2099,#2100),#2188,.F.);
#2311=ADVANCED_FACE('',(#2101,#2102),#2189,.F.);
#2312=ADVANCED_FACE('',(#2103,#2104),#2190,.F.);
#2313=ADVANCED_FACE('',(#2105,#2106),#2191,.F.);
#2314=ADVANCED_FACE('',(#2107,#2108),#2192,.F.);
#2315=ADVANCED_FACE('',(#2109,#2110),#2193,.F.);
#2316=ADVANCED_FACE('',(#2111),#56,.T.);
#2317=ADVANCED_FACE('',(#2112),#57,.F.);
#2318=CLOSED_SHELL('',(#2194,#2195,#2196,#2197,#2198,#2199,#2200,#2201,
#2202,#2203,#2204,#2205,#2206,#2207,#2208,#2209,#2210,#2211,#2212,#2213,
#2214,#2215,#2216,#2217,#2218,#2219,#2220,#2221,#2222,#2223,#2224,#2225,
#2226,#2227,#2228,#2229,#2230,#2231,#2232,#2233,#2234,#2235,#2236,#2237,
#2238,#2239,#2240,#2241,#2242,#2243,#2244,#2245,#2246,#2247,#2248,#2249,
#2250,#2251,#2252,#2253,#2254,#2255,#2256,#2257,#2258,#2259,#2260,#2261,
#2262,#2263,#2264,#2265,#2266,#2267,#2268,#2269,#2270,#2271,#2272,#2273,
#2274,#2275,#2276,#2277,#2278,#2279,#2280,#2281,#2282,#2283,#2284,#2285,
#2286,#2287,#2288,#2289,#2290,#2291,#2292,#2293,#2294,#2295,#2296,#2297,
#2298,#2299,#2300,#2301,#2302,#2303,#2304,#2305,#2306,#2307,#2308,#2309,
#2310,#2311,#2312,#2313,#2314,#2315,#2316,#2317));
#2319=STYLED_ITEM('',(#2320),#2327);
#2320=PRESENTATION_STYLE_ASSIGNMENT((#2321));
#2321=SURFACE_STYLE_USAGE(.BOTH.,#2322);
#2322=SURFACE_SIDE_STYLE('',(#2323));
#2323=SURFACE_STYLE_FILL_AREA(#2324);
#2324=FILL_AREA_STYLE('',(#2325));
#2325=FILL_AREA_STYLE_COLOUR('',#2326);
#2326=COLOUR_RGB('',0.647058823529412,0.647058823529412,0.647058823529412);
#2327=MANIFOLD_SOLID_BREP('Electronics mount',#2318);
#2328=SHAPE_DEFINITION_REPRESENTATION(#4007,#2329);
#2329=SHAPE_REPRESENTATION('Electronics mount',(#2330),#4002);
#2330=AXIS2_PLACEMENT_3D('',#3346,#2633,#2634);
#2331=AXIS2_PLACEMENT_3D('',#3347,#2635,#2636);
#2332=AXIS2_PLACEMENT_3D('',#3348,#2637,#2638);
#2333=AXIS2_PLACEMENT_3D('',#3353,#2640,#2641);
#2334=AXIS2_PLACEMENT_3D('',#3356,#2643,#2644);
#2335=AXIS2_PLACEMENT_3D('',#3365,#2649,#2650);
#2336=AXIS2_PLACEMENT_3D('',#3366,#2651,#2652);
#2337=AXIS2_PLACEMENT_3D('',#3371,#2654,#2655);
#2338=AXIS2_PLACEMENT_3D('',#3374,#2657,#2658);
#2339=AXIS2_PLACEMENT_3D('',#3383,#2663,#2664);
#2340=AXIS2_PLACEMENT_3D('',#3392,#2669,#2670);
#2341=AXIS2_PLACEMENT_3D('',#3401,#2675,#2676);
#2342=AXIS2_PLACEMENT_3D('',#3410,#2681,#2682);
#2343=AXIS2_PLACEMENT_3D('',#3419,#2687,#2688);
#2344=AXIS2_PLACEMENT_3D('',#3420,#2689,#2690);
#2345=AXIS2_PLACEMENT_3D('',#3425,#2692,#2693);
#2346=AXIS2_PLACEMENT_3D('',#3428,#2695,#2696);
#2347=AXIS2_PLACEMENT_3D('',#3437,#2701,#2702);
#2348=AXIS2_PLACEMENT_3D('',#3446,#2707,#2708);
#2349=AXIS2_PLACEMENT_3D('',#3455,#2713,#2714);
#2350=AXIS2_PLACEMENT_3D('',#3464,#2719,#2720);
#2351=AXIS2_PLACEMENT_3D('',#3473,#2725,#2726);
#2352=AXIS2_PLACEMENT_3D('',#3474,#2727,#2728);
#2353=AXIS2_PLACEMENT_3D('',#3479,#2730,#2731);
#2354=AXIS2_PLACEMENT_3D('',#3482,#2733,#2734);
#2355=AXIS2_PLACEMENT_3D('',#3491,#2739,#2740);
#2356=AXIS2_PLACEMENT_3D('',#3500,#2745,#2746);
#2357=AXIS2_PLACEMENT_3D('',#3509,#2751,#2752);
#2358=AXIS2_PLACEMENT_3D('',#3518,#2757,#2758);
#2359=AXIS2_PLACEMENT_3D('',#3527,#2763,#2764);
#2360=AXIS2_PLACEMENT_3D('',#3528,#2765,#2766);
#2361=AXIS2_PLACEMENT_3D('',#3533,#2768,#2769);
#2362=AXIS2_PLACEMENT_3D('',#3536,#2771,#2772);
#2363=AXIS2_PLACEMENT_3D('',#3545,#2777,#2778);
#2364=AXIS2_PLACEMENT_3D('',#3546,#2779,#2780);
#2365=AXIS2_PLACEMENT_3D('',#3551,#2782,#2783);
#2366=AXIS2_PLACEMENT_3D('',#3554,#2785,#2786);
#2367=AXIS2_PLACEMENT_3D('',#3563,#2791,#2792);
#2368=AXIS2_PLACEMENT_3D('',#3569,#2796,#2797);
#2369=AXIS2_PLACEMENT_3D('',#3588,#2803,#2804);
#2370=AXIS2_PLACEMENT_3D('',#3599,#2810,#2811);
#2371=AXIS2_PLACEMENT_3D('',#3608,#2816,#2817);
#2372=AXIS2_PLACEMENT_3D('',#3614,#2821,#2822);
#2373=AXIS2_PLACEMENT_3D('',#3615,#2823,#2824);
#2374=AXIS2_PLACEMENT_3D('',#3617,#2825,#2826);
#2375=AXIS2_PLACEMENT_3D('',#3619,#2827,#2828);
#2376=AXIS2_PLACEMENT_3D('',#3620,#2829,#2830);
#2377=AXIS2_PLACEMENT_3D('',#3622,#2831,#2832);
#2378=AXIS2_PLACEMENT_3D('',#3624,#2833,#2834);
#2379=AXIS2_PLACEMENT_3D('',#3626,#2835,#2836);
#2380=AXIS2_PLACEMENT_3D('',#3628,#2837,#2838);
#2381=AXIS2_PLACEMENT_3D('',#3630,#2839,#2840);
#2382=AXIS2_PLACEMENT_3D('',#3632,#2841,#2842);
#2383=AXIS2_PLACEMENT_3D('',#3634,#2843,#2844);
#2384=AXIS2_PLACEMENT_3D('',#3636,#2845,#2846);
#2385=AXIS2_PLACEMENT_3D('',#3638,#2847,#2848);
#2386=AXIS2_PLACEMENT_3D('',#3640,#2849,#2850);
#2387=AXIS2_PLACEMENT_3D('',#3642,#2851,#2852);
#2388=AXIS2_PLACEMENT_3D('',#3644,#2853,#2854);
#2389=AXIS2_PLACEMENT_3D('',#3646,#2855,#2856);
#2390=AXIS2_PLACEMENT_3D('',#3648,#2857,#2858);
#2391=AXIS2_PLACEMENT_3D('',#3650,#2859,#2860);
#2392=AXIS2_PLACEMENT_3D('',#3652,#2861,#2862);
#2393=AXIS2_PLACEMENT_3D('',#3654,#2863,#2864);
#2394=AXIS2_PLACEMENT_3D('',#3656,#2865,#2866);
#2395=AXIS2_PLACEMENT_3D('',#3658,#2867,#2868);
#2396=AXIS2_PLACEMENT_3D('',#3660,#2869,#2870);
#2397=AXIS2_PLACEMENT_3D('',#3662,#2871,#2872);
#2398=AXIS2_PLACEMENT_3D('',#3664,#2873,#2874);
#2399=AXIS2_PLACEMENT_3D('',#3666,#2875,#2876);
#2400=AXIS2_PLACEMENT_3D('',#3668,#2877,#2878);
#2401=AXIS2_PLACEMENT_3D('',#3670,#2879,#2880);
#2402=AXIS2_PLACEMENT_3D('',#3672,#2881,#2882);
#2403=AXIS2_PLACEMENT_3D('',#3674,#2883,#2884);
#2404=AXIS2_PLACEMENT_3D('',#3676,#2885,#2886);
#2405=AXIS2_PLACEMENT_3D('',#3678,#2887,#2888);
#2406=AXIS2_PLACEMENT_3D('',#3680,#2889,#2890);
#2407=AXIS2_PLACEMENT_3D('',#3682,#2891,#2892);
#2408=AXIS2_PLACEMENT_3D('',#3684,#2893,#2894);
#2409=AXIS2_PLACEMENT_3D('',#3686,#2895,#2896);
#2410=AXIS2_PLACEMENT_3D('',#3688,#2897,#2898);
#2411=AXIS2_PLACEMENT_3D('',#3690,#2899,#2900);
#2412=AXIS2_PLACEMENT_3D('',#3693,#2901,#2902);
#2413=AXIS2_PLACEMENT_3D('',#3694,#2903,#2904);
#2414=AXIS2_PLACEMENT_3D('',#3696,#2905,#2906);
#2415=AXIS2_PLACEMENT_3D('',#3698,#2907,#2908);
#2416=AXIS2_PLACEMENT_3D('',#3700,#2909,#2910);
#2417=AXIS2_PLACEMENT_3D('',#3702,#2911,#2912);
#2418=AXIS2_PLACEMENT_3D('',#3704,#2913,#2914);
#2419=AXIS2_PLACEMENT_3D('',#3706,#2915,#2916);
#2420=AXIS2_PLACEMENT_3D('',#3708,#2917,#2918);
#2421=AXIS2_PLACEMENT_3D('',#3710,#2919,#2920);
#2422=AXIS2_PLACEMENT_3D('',#3712,#2921,#2922);
#2423=AXIS2_PLACEMENT_3D('',#3715,#2924,#2925);
#2424=AXIS2_PLACEMENT_3D('',#3716,#2926,#2927);
#2425=AXIS2_PLACEMENT_3D('',#3717,#2928,#2929);
#2426=AXIS2_PLACEMENT_3D('',#3718,#2930,#2931);
#2427=AXIS2_PLACEMENT_3D('',#3719,#2932,#2933);
#2428=AXIS2_PLACEMENT_3D('',#3720,#2934,#2935);
#2429=AXIS2_PLACEMENT_3D('',#3721,#2936,#2937);
#2430=AXIS2_PLACEMENT_3D('',#3722,#2938,#2939);
#2431=AXIS2_PLACEMENT_3D('',#3723,#2940,#2941);
#2432=AXIS2_PLACEMENT_3D('',#3724,#2942,#2943);
#2433=AXIS2_PLACEMENT_3D('',#3725,#2944,#2945);
#2434=AXIS2_PLACEMENT_3D('',#3726,#2946,#2947);
#2435=AXIS2_PLACEMENT_3D('',#3727,#2948,#2949);
#2436=AXIS2_PLACEMENT_3D('',#3728,#2950,#2951);
#2437=AXIS2_PLACEMENT_3D('',#3729,#2952,#2953);
#2438=AXIS2_PLACEMENT_3D('',#3730,#2954,#2955);
#2439=AXIS2_PLACEMENT_3D('',#3731,#2956,#2957);
#2440=AXIS2_PLACEMENT_3D('',#3732,#2958,#2959);
#2441=AXIS2_PLACEMENT_3D('',#3733,#2960,#2961);
#2442=AXIS2_PLACEMENT_3D('',#3734,#2962,#2963);
#2443=AXIS2_PLACEMENT_3D('',#3735,#2964,#2965);
#2444=AXIS2_PLACEMENT_3D('',#3736,#2966,#2967);
#2445=AXIS2_PLACEMENT_3D('',#3737,#2968,#2969);
#2446=AXIS2_PLACEMENT_3D('',#3738,#2970,#2971);
#2447=AXIS2_PLACEMENT_3D('',#3739,#2972,#2973);
#2448=AXIS2_PLACEMENT_3D('',#3740,#2974,#2975);
#2449=AXIS2_PLACEMENT_3D('',#3742,#2976,#2977);
#2450=AXIS2_PLACEMENT_3D('',#3743,#2978,#2979);
#2451=AXIS2_PLACEMENT_3D('',#3744,#2980,#2981);
#2452=AXIS2_PLACEMENT_3D('',#3746,#2982,#2983);
#2453=AXIS2_PLACEMENT_3D('',#3748,#2984,#2985);
#2454=AXIS2_PLACEMENT_3D('',#3750,#2986,#2987);
#2455=AXIS2_PLACEMENT_3D('',#3752,#2988,#2989);
#2456=AXIS2_PLACEMENT_3D('',#3754,#2990,#2991);
#2457=AXIS2_PLACEMENT_3D('',#3756,#2992,#2993);
#2458=AXIS2_PLACEMENT_3D('',#3758,#2994,#2995);
#2459=AXIS2_PLACEMENT_3D('',#3760,#2996,#2997);
#2460=AXIS2_PLACEMENT_3D('',#3762,#2998,#2999);
#2461=AXIS2_PLACEMENT_3D('',#3764,#3000,#3001);
#2462=AXIS2_PLACEMENT_3D('',#3766,#3002,#3003);
#2463=AXIS2_PLACEMENT_3D('',#3768,#3004,#3005);
#2464=AXIS2_PLACEMENT_3D('',#3770,#3006,#3007);
#2465=AXIS2_PLACEMENT_3D('',#3772,#3008,#3009);
#2466=AXIS2_PLACEMENT_3D('',#3774,#3010,#3011);
#2467=AXIS2_PLACEMENT_3D('',#3776,#3012,#3013);
#2468=AXIS2_PLACEMENT_3D('',#3778,#3014,#3015);
#2469=AXIS2_PLACEMENT_3D('',#3780,#3016,#3017);
#2470=AXIS2_PLACEMENT_3D('',#3782,#3018,#3019);
#2471=AXIS2_PLACEMENT_3D('',#3784,#3020,#3021);
#2472=AXIS2_PLACEMENT_3D('',#3786,#3022,#3023);
#2473=AXIS2_PLACEMENT_3D('',#3788,#3024,#3025);
#2474=AXIS2_PLACEMENT_3D('',#3790,#3026,#3027);
#2475=AXIS2_PLACEMENT_3D('',#3792,#3028,#3029);
#2476=AXIS2_PLACEMENT_3D('',#3794,#3030,#3031);
#2477=AXIS2_PLACEMENT_3D('',#3796,#3032,#3033);
#2478=AXIS2_PLACEMENT_3D('',#3798,#3034,#3035);
#2479=AXIS2_PLACEMENT_3D('',#3800,#3036,#3037);
#2480=AXIS2_PLACEMENT_3D('',#3802,#3038,#3039);
#2481=AXIS2_PLACEMENT_3D('',#3804,#3040,#3041);
#2482=AXIS2_PLACEMENT_3D('',#3806,#3042,#3043);
#2483=AXIS2_PLACEMENT_3D('',#3808,#3044,#3045);
#2484=AXIS2_PLACEMENT_3D('',#3810,#3046,#3047);
#2485=AXIS2_PLACEMENT_3D('',#3812,#3048,#3049);
#2486=AXIS2_PLACEMENT_3D('',#3814,#3050,#3051);
#2487=AXIS2_PLACEMENT_3D('',#3816,#3052,#3053);
#2488=AXIS2_PLACEMENT_3D('',#3818,#3054,#3055);
#2489=AXIS2_PLACEMENT_3D('',#3820,#3056,#3057);
#2490=AXIS2_PLACEMENT_3D('',#3822,#3058,#3059);
#2491=AXIS2_PLACEMENT_3D('',#3824,#3060,#3061);
#2492=AXIS2_PLACEMENT_3D('',#3826,#3062,#3063);
#2493=AXIS2_PLACEMENT_3D('',#3828,#3064,#3065);
#2494=AXIS2_PLACEMENT_3D('',#3830,#3066,#3067);
#2495=AXIS2_PLACEMENT_3D('',#3832,#3068,#3069);
#2496=AXIS2_PLACEMENT_3D('',#3834,#3070,#3071);
#2497=AXIS2_PLACEMENT_3D('',#3836,#3072,#3073);
#2498=AXIS2_PLACEMENT_3D('',#3838,#3074,#3075);
#2499=AXIS2_PLACEMENT_3D('',#3840,#3076,#3077);
#2500=AXIS2_PLACEMENT_3D('',#3841,#3078,#3079);
#2501=AXIS2_PLACEMENT_3D('',#3842,#3080,#3081);
#2502=AXIS2_PLACEMENT_3D('',#3843,#3082,#3083);
#2503=AXIS2_PLACEMENT_3D('',#3844,#3084,#3085);
#2504=AXIS2_PLACEMENT_3D('',#3845,#3086,#3087);
#2505=AXIS2_PLACEMENT_3D('',#3846,#3088,#3089);
#2506=AXIS2_PLACEMENT_3D('',#3847,#3090,#3091);
#2507=AXIS2_PLACEMENT_3D('',#3848,#3092,#3093);
#2508=AXIS2_PLACEMENT_3D('',#3850,#3095,#3096);
#2509=AXIS2_PLACEMENT_3D('',#3851,#3097,#3098);
#2510=AXIS2_PLACEMENT_3D('',#3852,#3099,#3100);
#2511=AXIS2_PLACEMENT_3D('',#3853,#3101,#3102);
#2512=AXIS2_PLACEMENT_3D('',#3854,#3103,#3104);
#2513=AXIS2_PLACEMENT_3D('',#3855,#3105,#3106);
#2514=AXIS2_PLACEMENT_3D('',#3856,#3107,#3108);
#2515=AXIS2_PLACEMENT_3D('',#3857,#3109,#3110);
#2516=AXIS2_PLACEMENT_3D('',#3858,#3111,#3112);
#2517=AXIS2_PLACEMENT_3D('',#3859,#3113,#3114);
#2518=AXIS2_PLACEMENT_3D('',#3860,#3115,#3116);
#2519=AXIS2_PLACEMENT_3D('',#3861,#3117,#3118);
#2520=AXIS2_PLACEMENT_3D('',#3862,#3119,#3120);
#2521=AXIS2_PLACEMENT_3D('',#3863,#3121,#3122);
#2522=AXIS2_PLACEMENT_3D('',#3864,#3123,#3124);
#2523=AXIS2_PLACEMENT_3D('',#3865,#3125,#3126);
#2524=AXIS2_PLACEMENT_3D('',#3866,#3127,#3128);
#2525=AXIS2_PLACEMENT_3D('',#3867,#3129,#3130);
#2526=AXIS2_PLACEMENT_3D('',#3868,#3131,#3132);
#2527=AXIS2_PLACEMENT_3D('',#3869,#3133,#3134);
#2528=AXIS2_PLACEMENT_3D('',#3870,#3135,#3136);
#2529=AXIS2_PLACEMENT_3D('',#3871,#3137,#3138);
#2530=AXIS2_PLACEMENT_3D('',#3872,#3139,#3140);
#2531=AXIS2_PLACEMENT_3D('',#3873,#3141,#3142);
#2532=AXIS2_PLACEMENT_3D('',#3874,#3143,#3144);
#2533=AXIS2_PLACEMENT_3D('',#3875,#3145,#3146);
#2534=AXIS2_PLACEMENT_3D('',#3881,#3147,#3148);
#2535=AXIS2_PLACEMENT_3D('',#3882,#3149,#3150);
#2536=AXIS2_PLACEMENT_3D('',#3883,#3151,#3152);
#2537=AXIS2_PLACEMENT_3D('',#3884,#3153,#3154);
#2538=AXIS2_PLACEMENT_3D('',#3885,#3155,#3156);
#2539=AXIS2_PLACEMENT_3D('',#3886,#3157,#3158);
#2540=AXIS2_PLACEMENT_3D('',#3887,#3159,#3160);
#2541=AXIS2_PLACEMENT_3D('',#3888,#3161,#3162);
#2542=AXIS2_PLACEMENT_3D('',#3889,#3163,#3164);
#2543=AXIS2_PLACEMENT_3D('',#3890,#3165,#3166);
#2544=AXIS2_PLACEMENT_3D('',#3891,#3167,#3168);
#2545=AXIS2_PLACEMENT_3D('',#3892,#3169,#3170);
#2546=AXIS2_PLACEMENT_3D('',#3893,#3171,#3172);
#2547=AXIS2_PLACEMENT_3D('',#3894,#3173,#3174);
#2548=AXIS2_PLACEMENT_3D('',#3895,#3175,#3176);
#2549=AXIS2_PLACEMENT_3D('',#3896,#3177,#3178);
#2550=AXIS2_PLACEMENT_3D('',#3897,#3179,#3180);
#2551=AXIS2_PLACEMENT_3D('',#3898,#3181,#3182);
#2552=AXIS2_PLACEMENT_3D('',#3899,#3183,#3184);
#2553=AXIS2_PLACEMENT_3D('',#3900,#3185,#3186);
#2554=AXIS2_PLACEMENT_3D('',#3901,#3187,#3188);
#2555=AXIS2_PLACEMENT_3D('',#3902,#3189,#3190);
#2556=AXIS2_PLACEMENT_3D('',#3903,#3191,#3192);
#2557=AXIS2_PLACEMENT_3D('',#3904,#3193,#3194);
#2558=AXIS2_PLACEMENT_3D('',#3905,#3195,#3196);
#2559=AXIS2_PLACEMENT_3D('',#3906,#3197,#3198);
#2560=AXIS2_PLACEMENT_3D('',#3908,#3199,#3200);
#2561=AXIS2_PLACEMENT_3D('',#3910,#3201,#3202);
#2562=AXIS2_PLACEMENT_3D('',#3911,#3203,#3204);
#2563=AXIS2_PLACEMENT_3D('',#3913,#3205,#3206);
#2564=AXIS2_PLACEMENT_3D('',#3915,#3207,#3208);
#2565=AXIS2_PLACEMENT_3D('',#3916,#3209,#3210);
#2566=AXIS2_PLACEMENT_3D('',#3918,#3211,#3212);
#2567=AXIS2_PLACEMENT_3D('',#3920,#3213,#3214);
#2568=AXIS2_PLACEMENT_3D('',#3921,#3215,#3216);
#2569=AXIS2_PLACEMENT_3D('',#3923,#3217,#3218);
#2570=AXIS2_PLACEMENT_3D('',#3925,#3219,#3220);
#2571=AXIS2_PLACEMENT_3D('',#3926,#3221,#3222);
#2572=AXIS2_PLACEMENT_3D('',#3928,#3223,#3224);
#2573=AXIS2_PLACEMENT_3D('',#3930,#3225,#3226);
#2574=AXIS2_PLACEMENT_3D('',#3931,#3227,#3228);
#2575=AXIS2_PLACEMENT_3D('',#3933,#3229,#3230);
#2576=AXIS2_PLACEMENT_3D('',#3935,#3231,#3232);
#2577=AXIS2_PLACEMENT_3D('',#3936,#3233,#3234);
#2578=AXIS2_PLACEMENT_3D('',#3938,#3235,#3236);
#2579=AXIS2_PLACEMENT_3D('',#3940,#3237,#3238);
#2580=AXIS2_PLACEMENT_3D('',#3941,#3239,#3240);
#2581=AXIS2_PLACEMENT_3D('',#3943,#3241,#3242);
#2582=AXIS2_PLACEMENT_3D('',#3945,#3243,#3244);
#2583=AXIS2_PLACEMENT_3D('',#3946,#3245,#3246);
#2584=AXIS2_PLACEMENT_3D('',#3947,#3247,#3248);
#2585=AXIS2_PLACEMENT_3D('',#3948,#3249,#3250);
#2586=AXIS2_PLACEMENT_3D('',#3949,#3251,#3252);
#2587=AXIS2_PLACEMENT_3D('',#3950,#3253,#3254);
#2588=AXIS2_PLACEMENT_3D('',#3951,#3255,#3256);
#2589=AXIS2_PLACEMENT_3D('',#3952,#3257,#3258);
#2590=AXIS2_PLACEMENT_3D('',#3953,#3259,#3260);
#2591=AXIS2_PLACEMENT_3D('',#3954,#3261,#3262);
#2592=AXIS2_PLACEMENT_3D('',#3955,#3263,#3264);
#2593=AXIS2_PLACEMENT_3D('',#3956,#3265,#3266);
#2594=AXIS2_PLACEMENT_3D('',#3961,#3267,#3268);
#2595=AXIS2_PLACEMENT_3D('',#3962,#3269,#3270);
#2596=AXIS2_PLACEMENT_3D('',#3963,#3271,#3272);
#2597=AXIS2_PLACEMENT_3D('',#3964,#3273,#3274);
#2598=AXIS2_PLACEMENT_3D('',#3965,#3275,#3276);
#2599=AXIS2_PLACEMENT_3D('',#3966,#3277,#3278);
#2600=AXIS2_PLACEMENT_3D('',#3967,#3279,#3280);
#2601=AXIS2_PLACEMENT_3D('',#3968,#3281,#3282);
#2602=AXIS2_PLACEMENT_3D('',#3969,#3283,#3284);
#2603=AXIS2_PLACEMENT_3D('',#3970,#3285,#3286);
#2604=AXIS2_PLACEMENT_3D('',#3971,#3287,#3288);
#2605=AXIS2_PLACEMENT_3D('',#3972,#3289,#3290);
#2606=AXIS2_PLACEMENT_3D('',#3973,#3291,#3292);
#2607=AXIS2_PLACEMENT_3D('',#3974,#3293,#3294);
#2608=AXIS2_PLACEMENT_3D('',#3975,#3295,#3296);
#2609=AXIS2_PLACEMENT_3D('',#3976,#3297,#3298);
#2610=AXIS2_PLACEMENT_3D('',#3977,#3299,#3300);
#2611=AXIS2_PLACEMENT_3D('',#3978,#3301,#3302);
#2612=AXIS2_PLACEMENT_3D('',#3979,#3303,#3304);
#2613=AXIS2_PLACEMENT_3D('',#3980,#3305,#3306);
#2614=AXIS2_PLACEMENT_3D('',#3981,#3307,#3308);
#2615=AXIS2_PLACEMENT_3D('',#3982,#3309,#3310);
#2616=AXIS2_PLACEMENT_3D('',#3983,#3311,#3312);
#2617=AXIS2_PLACEMENT_3D('',#3984,#3313,#3314);
#2618=AXIS2_PLACEMENT_3D('',#3985,#3315,#3316);
#2619=AXIS2_PLACEMENT_3D('',#3986,#3317,#3318);
#2620=AXIS2_PLACEMENT_3D('',#3987,#3319,#3320);
#2621=AXIS2_PLACEMENT_3D('',#3988,#3321,#3322);
#2622=AXIS2_PLACEMENT_3D('',#3989,#3323,#3324);
#2623=AXIS2_PLACEMENT_3D('',#3990,#3325,#3326);
#2624=AXIS2_PLACEMENT_3D('',#3991,#3327,#3328);
#2625=AXIS2_PLACEMENT_3D('',#3992,#3329,#3330);
#2626=AXIS2_PLACEMENT_3D('',#3993,#3331,#3332);
#2627=AXIS2_PLACEMENT_3D('',#3994,#3333,#3334);
#2628=AXIS2_PLACEMENT_3D('',#3995,#3335,#3336);
#2629=AXIS2_PLACEMENT_3D('',#3996,#3337,#3338);
#2630=AXIS2_PLACEMENT_3D('',#3997,#3339,#3340);
#2631=AXIS2_PLACEMENT_3D('',#3998,#3341,#3342);
#2632=AXIS2_PLACEMENT_3D('',#4000,#3344,#3345);
#2633=DIRECTION('',(0.,0.,1.));
#2634=DIRECTION('',(1.,0.,0.));
#2635=DIRECTION('',(0.,0.,-1.));
#2636=DIRECTION('',(-1.,0.,0.));
#2637=DIRECTION('',(0.,0.,1.));
#2638=DIRECTION('',(1.,0.,0.));
#2639=DIRECTION('',(0.,0.,-1.));
#2640=DIRECTION('',(0.,0.,1.));
#2641=DIRECTION('',(1.,0.,0.));
#2642=DIRECTION('',(0.,0.,-1.));
#2643=DIRECTION('',(1.,5.23690105955263E-16,0.));
#2644=DIRECTION('',(-5.23690105955263E-16,1.,0.));
#2645=DIRECTION('',(5.23690105955263E-16,-1.,0.));
#2646=DIRECTION('',(0.,0.,1.));
#2647=DIRECTION('',(5.23690105955263E-16,-1.,0.));
#2648=DIRECTION('',(0.,0.,1.));
#2649=DIRECTION('',(0.,0.,-1.));
#2650=DIRECTION('',(-1.,0.,0.));
#2651=DIRECTION('',(0.,0.,1.));
#2652=DIRECTION('',(1.,0.,0.));
#2653=DIRECTION('',(0.,0.,-1.));
#2654=DIRECTION('',(0.,0.,1.));
#2655=DIRECTION('',(1.,0.,0.));
#2656=DIRECTION('',(0.,0.,-1.));
#2657=DIRECTION('',(-5.55111512312576E-16,1.,0.));
#2658=DIRECTION('',(-1.,-5.55111512312576E-16,0.));
#2659=DIRECTION('',(1.,5.55111512312576E-16,0.));
#2660=DIRECTION('',(0.,0.,-1.));
#2661=DIRECTION('',(1.,5.55111512312576E-16,0.));
#2662=DIRECTION('',(0.,0.,1.));
#2663=DIRECTION('',(-1.,0.,0.));
#2664=DIRECTION('',(0.,0.,1.));
#2665=DIRECTION('',(0.,1.,0.));
#2666=DIRECTION('',(0.,0.,-1.));
#2667=DIRECTION('',(0.,1.,0.));
#2668=DIRECTION('',(0.,0.,-1.));
#2669=DIRECTION('',(0.,1.,0.));
#2670=DIRECTION('',(0.,0.,1.));
#2671=DIRECTION('',(1.,0.,0.));
#2672=DIRECTION('',(0.,0.,-1.));
#2673=DIRECTION('',(1.,0.,0.));
#2674=DIRECTION('',(0.,0.,-1.));
#2675=DIRECTION('',(-1.,0.,0.));
#2676=DIRECTION('',(0.,0.,1.));
#2677=DIRECTION('',(0.,1.,0.));
#2678=DIRECTION('',(0.,0.,-1.));
#2679=DIRECTION('',(0.,1.,0.));
#2680=DIRECTION('',(0.,0.,-1.));
#2681=DIRECTION('',(-5.88041856263325E-16,1.,0.));
#2682=DIRECTION('',(-1.,-5.88041856263325E-16,0.));
#2683=DIRECTION('',(1.,5.88041856263325E-16,0.));
#2684=DIRECTION('',(0.,0.,-1.));
#2685=DIRECTION('',(1.,5.88041856263325E-16,0.));
#2686=DIRECTION('',(0.,0.,1.));
#2687=DIRECTION('',(0.,0.,-1.));
#2688=DIRECTION('',(-1.,0.,0.));
#2689=DIRECTION('',(0.,0.,1.));
#2690=DIRECTION('',(1.,0.,0.));
#2691=DIRECTION('',(0.,0.,-1.));
#2692=DIRECTION('',(0.,0.,1.));
#2693=DIRECTION('',(1.,0.,0.));
#2694=DIRECTION('',(0.,0.,-1.));
#2695=DIRECTION('',(-4.42908121525992E-16,1.,0.));
#2696=DIRECTION('',(-1.,-4.42908121525992E-16,0.));
#2697=DIRECTION('',(1.,4.42908121525992E-16,0.));
#2698=DIRECTION('',(0.,0.,-1.));
#2699=DIRECTION('',(1.,4.42908121525992E-16,0.));
#2700=DIRECTION('',(0.,0.,1.));
#2701=DIRECTION('',(-1.,-1.73472347597679E-16,0.));
#2702=DIRECTION('',(1.73472347597679E-16,-1.,0.));
#2703=DIRECTION('',(-1.73472347597679E-16,1.,0.));
#2704=DIRECTION('',(0.,0.,-1.));
#2705=DIRECTION('',(-1.73472347597679E-16,1.,0.));
#2706=DIRECTION('',(0.,0.,-1.));
#2707=DIRECTION('',(-4.33680868994202E-16,1.,0.));
#2708=DIRECTION('',(-1.,-4.33680868994202E-16,0.));
#2709=DIRECTION('',(1.,4.33680868994202E-16,0.));
#2710=DIRECTION('',(0.,0.,-1.));
#2711=DIRECTION('',(1.,4.33680868994202E-16,0.));
#2712=DIRECTION('',(0.,0.,-1.));
#2713=DIRECTION('',(-1.,-3.46944695195359E-16,0.));
#2714=DIRECTION('',(3.46944695195359E-16,-1.,0.));
#2715=DIRECTION('',(-3.46944695195359E-16,1.,0.));
#2716=DIRECTION('',(0.,0.,-1.));
#2717=DIRECTION('',(-3.46944695195359E-16,1.,0.));
#2718=DIRECTION('',(0.,0.,-1.));
#2719=DIRECTION('',(-4.42908121525994E-16,1.,0.));
#2720=DIRECTION('',(-1.,-4.42908121525994E-16,0.));
#2721=DIRECTION('',(1.,4.42908121525995E-16,0.));
#2722=DIRECTION('',(0.,0.,-1.));
#2723=DIRECTION('',(1.,4.42908121525995E-16,0.));
#2724=DIRECTION('',(0.,0.,1.));
#2725=DIRECTION('',(0.,0.,-1.));
#2726=DIRECTION('',(-1.,0.,0.));
#2727=DIRECTION('',(0.,0.,1.));
#2728=DIRECTION('',(1.,0.,0.));
#2729=DIRECTION('',(0.,0.,-1.));
#2730=DIRECTION('',(0.,0.,1.));
#2731=DIRECTION('',(1.,0.,0.));
#2732=DIRECTION('',(0.,0.,-1.));
#2733=DIRECTION('',(-5.88041856263324E-16,1.,0.));
#2734=DIRECTION('',(-1.,-5.88041856263324E-16,0.));
#2735=DIRECTION('',(1.,5.88041856263324E-16,0.));
#2736=DIRECTION('',(0.,0.,-1.));
#2737=DIRECTION('',(1.,5.88041856263324E-16,0.));
#2738=DIRECTION('',(0.,0.,1.));
#2739=DIRECTION('',(-1.,0.,0.));
#2740=DIRECTION('',(0.,0.,1.));
#2741=DIRECTION('',(0.,1.,0.));
#2742=DIRECTION('',(0.,0.,-1.));
#2743=DIRECTION('',(0.,1.,0.));
#2744=DIRECTION('',(0.,0.,-1.));
#2745=DIRECTION('',(0.,1.,0.));
#2746=DIRECTION('',(0.,0.,1.));
#2747=DIRECTION('',(1.,0.,0.));
#2748=DIRECTION('',(0.,0.,-1.));
#2749=DIRECTION('',(1.,0.,0.));
#2750=DIRECTION('',(0.,0.,-1.));
#2751=DIRECTION('',(-1.,0.,0.));
#2752=DIRECTION('',(0.,0.,1.));
#2753=DIRECTION('',(0.,1.,0.));
#2754=DIRECTION('',(0.,0.,-1.));
#2755=DIRECTION('',(0.,1.,0.));
#2756=DIRECTION('',(0.,0.,-1.));
#2757=DIRECTION('',(-5.55111512312578E-16,1.,0.));
#2758=DIRECTION('',(-1.,-5.55111512312578E-16,0.));
#2759=DIRECTION('',(1.,5.55111512312578E-16,0.));
#2760=DIRECTION('',(0.,0.,-1.));
#2761=DIRECTION('',(1.,5.55111512312578E-16,0.));
#2762=DIRECTION('',(0.,0.,1.));
#2763=DIRECTION('',(0.,0.,-1.));
#2764=DIRECTION('',(-1.,0.,0.));
#2765=DIRECTION('',(0.,0.,1.));
#2766=DIRECTION('',(1.,0.,0.));
#2767=DIRECTION('',(0.,0.,-1.));
#2768=DIRECTION('',(0.,0.,1.));
#2769=DIRECTION('',(1.,0.,0.));
#2770=DIRECTION('',(0.,0.,-1.));
#2771=DIRECTION('',(1.,5.23690105955263E-16,0.));
#2772=DIRECTION('',(-5.23690105955263E-16,1.,0.));
#2773=DIRECTION('',(5.23690105955263E-16,-1.,0.));
#2774=DIRECTION('',(0.,0.,-1.));
#2775=DIRECTION('',(5.23690105955263E-16,-1.,0.));
#2776=DIRECTION('',(0.,0.,-1.));
#2777=DIRECTION('',(0.,0.,-1.));
#2778=DIRECTION('',(-1.,0.,0.));
#2779=DIRECTION('',(0.,0.,1.));
#2780=DIRECTION('',(1.,0.,0.));
#2781=DIRECTION('',(0.,0.,-1.));
#2782=DIRECTION('',(0.,0.,1.));
#2783=DIRECTION('',(1.,0.,0.));
#2784=DIRECTION('',(0.,0.,-1.));
#2785=DIRECTION('',(-1.,0.,0.));
#2786=DIRECTION('',(0.,0.,1.));
#2787=DIRECTION('',(0.,1.,0.));
#2788=DIRECTION('',(0.,0.,1.));
#2789=DIRECTION('',(0.,1.,0.));
#2790=DIRECTION('',(0.,0.,-1.));
#2791=DIRECTION('',(-8.47574773376656E-16,1.,0.));
#2792=DIRECTION('',(-1.,-8.47574773376656E-16,0.));
#2793=DIRECTION('',(1.,8.47574773376656E-16,0.));
#2794=DIRECTION('',(0.,0.,-1.));
#2795=DIRECTION('',(1.,8.47574773376656E-16,0.));
#2796=DIRECTION('',(-1.,0.,0.));
#2797=DIRECTION('',(0.,0.,1.));
#2798=DIRECTION('',(0.,0.,-1.));
#2799=DIRECTION('',(0.,0.707106781186548,-0.707106781186548));
#2800=DIRECTION('',(0.,1.,0.));
#2801=DIRECTION('',(0.,0.,-1.));
#2802=DIRECTION('',(0.,1.,0.));
#2803=DIRECTION('',(-1.,0.,0.));
#2804=DIRECTION('',(0.,0.,1.));
#2805=DIRECTION('',(0.,1.,0.));
#2806=DIRECTION('',(0.,-0.707106781186548,0.707106781186548));
#2807=DIRECTION('',(0.,0.,-1.));
#2808=DIRECTION('',(0.,1.,0.));
#2809=DIRECTION('',(0.,0.,-1.));
#2810=DIRECTION('',(-8.47574773376655E-16,1.,0.));
#2811=DIRECTION('',(-1.,-8.47574773376655E-16,0.));
#2812=DIRECTION('',(1.,8.47574773376655E-16,0.));
#2813=DIRECTION('',(0.,0.,-1.));
#2814=DIRECTION('',(1.,8.47574773376655E-16,0.));
#2815=DIRECTION('',(0.,0.,-1.));
#2816=DIRECTION('',(-1.,0.,0.));
#2817=DIRECTION('',(0.,0.,1.));
#2818=DIRECTION('',(0.,1.,0.));
#2819=DIRECTION('',(0.,0.,-1.));
#2820=DIRECTION('',(0.,1.,0.));
#2821=DIRECTION('',(0.,0.,-1.));
#2822=DIRECTION('',(-1.,0.,0.));
#2823=DIRECTION('',(0.,0.,1.));
#2824=DIRECTION('',(1.,0.,0.));
#2825=DIRECTION('',(0.,0.,1.));
#2826=DIRECTION('',(1.,0.,0.));
#2827=DIRECTION('',(0.,0.,1.));
#2828=DIRECTION('',(1.,0.,0.));
#2829=DIRECTION('',(0.,0.,1.));
#2830=DIRECTION('',(1.,0.,0.));
#2831=DIRECTION('',(0.,0.,1.));
#2832=DIRECTION('',(1.,0.,0.));
#2833=DIRECTION('',(0.,0.,1.));
#2834=DIRECTION('',(1.,0.,0.));
#2835=DIRECTION('',(0.,0.,1.));
#2836=DIRECTION('',(1.,0.,0.));
#2837=DIRECTION('',(0.,0.,1.));
#2838=DIRECTION('',(1.,0.,0.));
#2839=DIRECTION('',(0.,0.,1.));
#2840=DIRECTION('',(1.,0.,0.));
#2841=DIRECTION('',(0.,0.,1.));
#2842=DIRECTION('',(1.,0.,0.));
#2843=DIRECTION('',(0.,0.,1.));
#2844=DIRECTION('',(1.,0.,0.));
#2845=DIRECTION('',(0.,0.,1.));
#2846=DIRECTION('',(1.,0.,0.));
#2847=DIRECTION('',(0.,0.,1.));
#2848=DIRECTION('',(1.,0.,0.));
#2849=DIRECTION('',(0.,0.,1.));
#2850=DIRECTION('',(1.,0.,0.));
#2851=DIRECTION('',(0.,0.,1.));
#2852=DIRECTION('',(1.,0.,0.));
#2853=DIRECTION('',(0.,0.,1.));
#2854=DIRECTION('',(1.,0.,0.));
#2855=DIRECTION('',(0.,0.,1.));
#2856=DIRECTION('',(1.,0.,0.));
#2857=DIRECTION('',(0.,0.,1.));
#2858=DIRECTION('',(1.,0.,0.));
#2859=DIRECTION('',(0.,0.,1.));
#2860=DIRECTION('',(1.,0.,0.));
#2861=DIRECTION('',(0.,0.,1.));
#2862=DIRECTION('',(1.,0.,0.));
#2863=DIRECTION('',(0.,0.,1.));
#2864=DIRECTION('',(1.,0.,0.));
#2865=DIRECTION('',(0.,0.,1.));
#2866=DIRECTION('',(1.,0.,0.));
#2867=DIRECTION('',(0.,0.,1.));
#2868=DIRECTION('',(1.,0.,0.));
#2869=DIRECTION('',(0.,0.,1.));
#2870=DIRECTION('',(1.,0.,0.));
#2871=DIRECTION('',(0.,0.,1.));
#2872=DIRECTION('',(1.,0.,0.));
#2873=DIRECTION('',(0.,0.,1.));
#2874=DIRECTION('',(1.,0.,0.));
#2875=DIRECTION('',(0.,0.,1.));
#2876=DIRECTION('',(1.,0.,0.));
#2877=DIRECTION('',(0.,0.,1.));
#2878=DIRECTION('',(1.,0.,0.));
#2879=DIRECTION('',(0.,0.,1.));
#2880=DIRECTION('',(1.,0.,0.));
#2881=DIRECTION('',(0.,0.,1.));
#2882=DIRECTION('',(1.,0.,0.));
#2883=DIRECTION('',(0.,0.,1.));
#2884=DIRECTION('',(1.,0.,0.));
#2885=DIRECTION('',(0.,0.,1.));
#2886=DIRECTION('',(1.,0.,0.));
#2887=DIRECTION('',(0.,0.,1.));
#2888=DIRECTION('',(1.,0.,0.));
#2889=DIRECTION('',(0.,0.,1.));
#2890=DIRECTION('',(1.,0.,0.));
#2891=DIRECTION('',(0.,0.,1.));
#2892=DIRECTION('',(1.,0.,0.));
#2893=DIRECTION('',(0.,0.,1.));
#2894=DIRECTION('',(1.,0.,0.));
#2895=DIRECTION('',(0.,0.,1.));
#2896=DIRECTION('',(1.,0.,0.));
#2897=DIRECTION('',(0.,0.,1.));
#2898=DIRECTION('',(1.,0.,0.));
#2899=DIRECTION('',(0.,0.,1.));
#2900=DIRECTION('',(1.,0.,0.));
#2901=DIRECTION('',(0.,0.,1.));
#2902=DIRECTION('',(1.,0.,0.));
#2903=DIRECTION('',(0.,0.,1.));
#2904=DIRECTION('',(1.,0.,0.));
#2905=DIRECTION('',(0.,0.,1.));
#2906=DIRECTION('',(1.,0.,0.));
#2907=DIRECTION('',(0.,0.,1.));
#2908=DIRECTION('',(1.,0.,0.));
#2909=DIRECTION('',(0.,0.,-1.));
#2910=DIRECTION('',(-1.,0.,0.));
#2911=DIRECTION('',(0.,0.,-1.));
#2912=DIRECTION('',(-1.,0.,0.));
#2913=DIRECTION('',(0.,0.,-1.));
#2914=DIRECTION('',(-1.,0.,0.));
#2915=DIRECTION('',(0.,0.,-1.));
#2916=DIRECTION('',(-1.,0.,0.));
#2917=DIRECTION('',(0.,0.,-1.));
#2918=DIRECTION('',(-1.,0.,0.));
#2919=DIRECTION('',(0.,0.,-1.));
#2920=DIRECTION('',(-1.,0.,0.));
#2921=DIRECTION('',(0.,0.,-1.));
#2922=DIRECTION('',(-1.,0.,0.));
#2923=DIRECTION('',(-1.,0.,0.));
#2924=DIRECTION('',(0.,0.,1.));
#2925=DIRECTION('',(1.,0.,0.));
#2926=DIRECTION('',(0.,0.,1.));
#2927=DIRECTION('',(1.,0.,0.));
#2928=DIRECTION('',(0.,0.,1.));
#2929=DIRECTION('',(1.,0.,0.));
#2930=DIRECTION('',(0.,0.,1.));
#2931=DIRECTION('',(1.,0.,0.));
#2932=DIRECTION('',(0.,0.,1.));
#2933=DIRECTION('',(1.,0.,0.));
#2934=DIRECTION('',(0.,0.,1.));
#2935=DIRECTION('',(1.,0.,0.));
#2936=DIRECTION('',(0.,0.,1.));
#2937=DIRECTION('',(1.,0.,0.));
#2938=DIRECTION('',(0.,0.,1.));
#2939=DIRECTION('',(1.,0.,0.));
#2940=DIRECTION('',(0.,0.,1.));
#2941=DIRECTION('',(1.,0.,0.));
#2942=DIRECTION('',(0.,0.,1.));
#2943=DIRECTION('',(1.,0.,0.));
#2944=DIRECTION('',(0.,0.,1.));
#2945=DIRECTION('',(1.,0.,0.));
#2946=DIRECTION('',(0.,0.,1.));
#2947=DIRECTION('',(1.,0.,0.));
#2948=DIRECTION('',(0.,0.,1.));
#2949=DIRECTION('',(1.,0.,0.));
#2950=DIRECTION('',(0.,0.,1.));
#2951=DIRECTION('',(1.,0.,0.));
#2952=DIRECTION('',(0.,0.,1.));
#2953=DIRECTION('',(1.,0.,0.));
#2954=DIRECTION('',(0.,0.,1.));
#2955=DIRECTION('',(1.,0.,0.));
#2956=DIRECTION('',(0.,0.,1.));
#2957=DIRECTION('',(1.,0.,0.));
#2958=DIRECTION('',(0.,0.,1.));
#2959=DIRECTION('',(1.,0.,0.));
#2960=DIRECTION('',(0.,0.,1.));
#2961=DIRECTION('',(1.,0.,0.));
#2962=DIRECTION('',(0.,0.,1.));
#2963=DIRECTION('',(1.,0.,0.));
#2964=DIRECTION('',(0.,0.,1.));
#2965=DIRECTION('',(1.,0.,0.));
#2966=DIRECTION('',(0.,0.,1.));
#2967=DIRECTION('',(1.,0.,0.));
#2968=DIRECTION('',(0.,0.,1.));
#2969=DIRECTION('',(1.,0.,0.));
#2970=DIRECTION('',(0.,0.,1.));
#2971=DIRECTION('',(1.,0.,0.));
#2972=DIRECTION('',(0.,0.,1.));
#2973=DIRECTION('',(1.,0.,0.));
#2974=DIRECTION('',(0.,0.,1.));
#2975=DIRECTION('',(1.,0.,0.));
#2976=DIRECTION('',(0.,0.,1.));
#2977=DIRECTION('',(1.,0.,0.));
#2978=DIRECTION('',(0.,0.,1.));
#2979=DIRECTION('',(1.,0.,0.));
#2980=DIRECTION('',(0.,0.,1.));
#2981=DIRECTION('',(1.,0.,0.));
#2982=DIRECTION('',(0.,0.,1.));
#2983=DIRECTION('',(1.,0.,0.));
#2984=DIRECTION('',(0.,0.,1.));
#2985=DIRECTION('',(1.,0.,0.));
#2986=DIRECTION('',(0.,0.,1.));
#2987=DIRECTION('',(1.,0.,0.));
#2988=DIRECTION('',(0.,0.,1.));
#2989=DIRECTION('',(1.,0.,0.));
#2990=DIRECTION('',(0.,0.,1.));
#2991=DIRECTION('',(1.,0.,0.));
#2992=DIRECTION('',(0.,0.,1.));
#2993=DIRECTION('',(1.,0.,0.));
#2994=DIRECTION('',(0.,0.,1.));
#2995=DIRECTION('',(1.,0.,0.));
#2996=DIRECTION('',(0.,0.,1.));
#2997=DIRECTION('',(1.,0.,0.));
#2998=DIRECTION('',(0.,0.,1.));
#2999=DIRECTION('',(1.,0.,0.));
#3000=DIRECTION('',(0.,0.,1.));
#3001=DIRECTION('',(1.,0.,0.));
#3002=DIRECTION('',(0.,0.,1.));
#3003=DIRECTION('',(1.,0.,0.));
#3004=DIRECTION('',(0.,0.,1.));
#3005=DIRECTION('',(1.,0.,0.));
#3006=DIRECTION('',(0.,0.,1.));
#3007=DIRECTION('',(1.,0.,0.));
#3008=DIRECTION('',(0.,0.,1.));
#3009=DIRECTION('',(1.,0.,0.));
#3010=DIRECTION('',(0.,0.,1.));
#3011=DIRECTION('',(1.,0.,0.));
#3012=DIRECTION('',(0.,0.,1.));
#3013=DIRECTION('',(1.,0.,0.));
#3014=DIRECTION('',(0.,0.,1.));
#3015=DIRECTION('',(1.,0.,0.));
#3016=DIRECTION('',(0.,0.,1.));
#3017=DIRECTION('',(1.,0.,0.));
#3018=DIRECTION('',(0.,0.,1.));
#3019=DIRECTION('',(1.,0.,0.));
#3020=DIRECTION('',(0.,0.,1.));
#3021=DIRECTION('',(1.,0.,0.));
#3022=DIRECTION('',(0.,0.,1.));
#3023=DIRECTION('',(1.,0.,0.));
#3024=DIRECTION('',(0.,0.,1.));
#3025=DIRECTION('',(1.,0.,0.));
#3026=DIRECTION('',(0.,0.,1.));
#3027=DIRECTION('',(1.,0.,0.));
#3028=DIRECTION('',(0.,0.,1.));
#3029=DIRECTION('',(1.,0.,0.));
#3030=DIRECTION('',(0.,0.,1.));
#3031=DIRECTION('',(1.,0.,0.));
#3032=DIRECTION('',(0.,0.,1.));
#3033=DIRECTION('',(1.,0.,0.));
#3034=DIRECTION('',(0.,0.,1.));
#3035=DIRECTION('',(1.,0.,0.));
#3036=DIRECTION('',(0.,0.,1.));
#3037=DIRECTION('',(1.,0.,0.));
#3038=DIRECTION('',(0.,0.,1.));
#3039=DIRECTION('',(1.,0.,0.));
#3040=DIRECTION('',(0.,0.,1.));
#3041=DIRECTION('',(1.,0.,0.));
#3042=DIRECTION('',(0.,0.,1.));
#3043=DIRECTION('',(1.,0.,0.));
#3044=DIRECTION('',(0.,0.,1.));
#3045=DIRECTION('',(1.,0.,0.));
#3046=DIRECTION('',(0.,0.,-1.));
#3047=DIRECTION('',(-1.,0.,0.));
#3048=DIRECTION('',(0.,0.,-1.));
#3049=DIRECTION('',(-1.,0.,0.));
#3050=DIRECTION('',(0.,0.,-1.));
#3051=DIRECTION('',(-1.,0.,0.));
#3052=DIRECTION('',(0.,0.,-1.));
#3053=DIRECTION('',(-1.,0.,0.));
#3054=DIRECTION('',(0.,0.,-1.));
#3055=DIRECTION('',(-1.,0.,0.));
#3056=DIRECTION('',(0.,0.,-1.));
#3057=DIRECTION('',(-1.,0.,0.));
#3058=DIRECTION('',(0.,0.,-1.));
#3059=DIRECTION('',(-1.,0.,0.));
#3060=DIRECTION('',(0.,0.,-1.));
#3061=DIRECTION('',(-1.,0.,0.));
#3062=DIRECTION('',(0.,0.,-1.));
#3063=DIRECTION('',(-1.,0.,0.));
#3064=DIRECTION('',(0.,0.,-1.));
#3065=DIRECTION('',(-1.,0.,0.));
#3066=DIRECTION('',(0.,0.,1.));
#3067=DIRECTION('',(1.,0.,0.));
#3068=DIRECTION('',(0.,0.,-1.));
#3069=DIRECTION('',(-1.,0.,0.));
#3070=DIRECTION('',(0.,0.,-1.));
#3071=DIRECTION('',(-1.,0.,0.));
#3072=DIRECTION('',(0.,0.,-1.));
#3073=DIRECTION('',(-1.,0.,0.));
#3074=DIRECTION('',(0.,0.,-1.));
#3075=DIRECTION('',(-1.,0.,0.));
#3076=DIRECTION('',(0.,0.,1.));
#3077=DIRECTION('',(1.,0.,0.));
#3078=DIRECTION('',(0.,0.,1.));
#3079=DIRECTION('',(1.,0.,0.));
#3080=DIRECTION('',(0.,0.,1.));
#3081=DIRECTION('',(1.,0.,0.));
#3082=DIRECTION('',(0.,0.,1.));
#3083=DIRECTION('',(1.,0.,0.));
#3084=DIRECTION('',(0.,0.,1.));
#3085=DIRECTION('',(1.,0.,0.));
#3086=DIRECTION('',(0.,0.,1.));
#3087=DIRECTION('',(1.,0.,0.));
#3088=DIRECTION('',(0.,0.,1.));
#3089=DIRECTION('',(1.,0.,0.));
#3090=DIRECTION('',(0.,0.,1.));
#3091=DIRECTION('',(1.,0.,0.));
#3092=DIRECTION('',(0.,0.,1.));
#3093=DIRECTION('',(1.,0.,0.));
#3094=DIRECTION('',(1.,0.,0.));
#3095=DIRECTION('',(0.,0.,1.));
#3096=DIRECTION('',(1.,0.,0.));
#3097=DIRECTION('',(0.,0.,1.));
#3098=DIRECTION('',(1.,0.,0.));
#3099=DIRECTION('',(0.,0.,1.));
#3100=DIRECTION('',(1.,0.,0.));
#3101=DIRECTION('',(0.,0.,1.));
#3102=DIRECTION('',(1.,0.,0.));
#3103=DIRECTION('',(0.,0.,1.));
#3104=DIRECTION('',(1.,0.,0.));
#3105=DIRECTION('',(0.,0.,1.));
#3106=DIRECTION('',(1.,0.,0.));
#3107=DIRECTION('',(0.,0.,1.));
#3108=DIRECTION('',(1.,0.,0.));
#3109=DIRECTION('',(0.,0.,1.));
#3110=DIRECTION('',(1.,0.,0.));
#3111=DIRECTION('',(0.,0.,1.));
#3112=DIRECTION('',(1.,0.,0.));
#3113=DIRECTION('',(0.,0.,1.));
#3114=DIRECTION('',(1.,0.,0.));
#3115=DIRECTION('',(0.,0.,1.));
#3116=DIRECTION('',(1.,0.,0.));
#3117=DIRECTION('',(0.,0.,1.));
#3118=DIRECTION('',(1.,0.,0.));
#3119=DIRECTION('',(0.,0.,1.));
#3120=DIRECTION('',(1.,0.,0.));
#3121=DIRECTION('',(0.,0.,1.));
#3122=DIRECTION('',(1.,0.,0.));
#3123=DIRECTION('',(0.,0.,1.));
#3124=DIRECTION('',(1.,0.,0.));
#3125=DIRECTION('',(0.,0.,1.));
#3126=DIRECTION('',(1.,0.,0.));
#3127=DIRECTION('',(0.,0.,1.));
#3128=DIRECTION('',(1.,0.,0.));
#3129=DIRECTION('',(0.,0.,-1.));
#3130=DIRECTION('',(-1.,0.,0.));
#3131=DIRECTION('',(0.,0.,-1.));
#3132=DIRECTION('',(-1.,0.,0.));
#3133=DIRECTION('',(0.,0.,-1.));
#3134=DIRECTION('',(-1.,0.,0.));
#3135=DIRECTION('',(0.,0.,-1.));
#3136=DIRECTION('',(-1.,0.,0.));
#3137=DIRECTION('',(0.,0.,-1.));
#3138=DIRECTION('',(-1.,0.,0.));
#3139=DIRECTION('',(0.,0.,-1.));
#3140=DIRECTION('',(-1.,0.,0.));
#3141=DIRECTION('',(0.,0.,-1.));
#3142=DIRECTION('',(-1.,0.,0.));
#3143=DIRECTION('',(0.,0.,1.));
#3144=DIRECTION('',(1.,0.,0.));
#3145=DIRECTION('',(0.,0.,-1.));
#3146=DIRECTION('',(-1.,0.,0.));
#3147=DIRECTION('',(0.,0.,1.));
#3148=DIRECTION('',(1.,0.,0.));
#3149=DIRECTION('',(0.,0.,-1.));
#3150=DIRECTION('',(-1.,0.,0.));
#3151=DIRECTION('',(0.,0.,-1.));
#3152=DIRECTION('',(-1.,0.,0.));
#3153=DIRECTION('',(0.,0.,1.));
#3154=DIRECTION('',(1.,0.,0.));
#3155=DIRECTION('',(0.,0.,-1.));
#3156=DIRECTION('',(-1.,0.,0.));
#3157=DIRECTION('',(0.,0.,1.));
#3158=DIRECTION('',(1.,0.,0.));
#3159=DIRECTION('',(0.,0.,1.));
#3160=DIRECTION('',(1.,0.,0.));
#3161=DIRECTION('',(0.,0.,-1.));
#3162=DIRECTION('',(-1.,0.,0.));
#3163=DIRECTION('',(0.,0.,1.));
#3164=DIRECTION('',(1.,0.,0.));
#3165=DIRECTION('',(0.,0.,-1.));
#3166=DIRECTION('',(-1.,0.,0.));
#3167=DIRECTION('',(0.,0.,1.));
#3168=DIRECTION('',(1.,0.,0.));
#3169=DIRECTION('',(0.,0.,-1.));
#3170=DIRECTION('',(-1.,0.,0.));
#3171=DIRECTION('',(0.,0.,-1.));
#3172=DIRECTION('',(-1.,0.,0.));
#3173=DIRECTION('',(0.,0.,-1.));
#3174=DIRECTION('',(-1.,0.,0.));
#3175=DIRECTION('',(0.,0.,-1.));
#3176=DIRECTION('',(-1.,0.,0.));
#3177=DIRECTION('',(0.,0.,-1.));
#3178=DIRECTION('',(-1.,0.,0.));
#3179=DIRECTION('',(0.,0.,-1.));
#3180=DIRECTION('',(-1.,0.,0.));
#3181=DIRECTION('',(0.,0.,-1.));
#3182=DIRECTION('',(-1.,0.,0.));
#3183=DIRECTION('',(0.,0.,-1.));
#3184=DIRECTION('',(-1.,0.,0.));
#3185=DIRECTION('',(0.,0.,-1.));
#3186=DIRECTION('',(-1.,0.,0.));
#3187=DIRECTION('',(0.,0.,-1.));
#3188=DIRECTION('',(-1.,0.,0.));
#3189=DIRECTION('',(0.,0.,-1.));
#3190=DIRECTION('',(-1.,0.,0.));
#3191=DIRECTION('',(0.,0.,-1.));
#3192=DIRECTION('',(-1.,0.,0.));
#3193=DIRECTION('',(0.,0.,-1.));
#3194=DIRECTION('',(-1.,0.,0.));
#3195=DIRECTION('',(0.,0.,1.));
#3196=DIRECTION('',(1.,0.,0.));
#3197=DIRECTION('',(0.,0.,-1.));
#3198=DIRECTION('',(-1.,0.,0.));
#3199=DIRECTION('',(0.,0.,1.));
#3200=DIRECTION('',(1.,0.,0.));
#3201=DIRECTION('',(0.,0.,1.));
#3202=DIRECTION('',(1.,0.,0.));
#3203=DIRECTION('',(0.,0.,-1.));
#3204=DIRECTION('',(-1.,0.,0.));
#3205=DIRECTION('',(0.,0.,1.));
#3206=DIRECTION('',(1.,0.,0.));
#3207=DIRECTION('',(0.,0.,1.));
#3208=DIRECTION('',(1.,0.,0.));
#3209=DIRECTION('',(0.,0.,-1.));
#3210=DIRECTION('',(-1.,0.,0.));
#3211=DIRECTION('',(0.,0.,1.));
#3212=DIRECTION('',(1.,0.,0.));
#3213=DIRECTION('',(0.,0.,1.));
#3214=DIRECTION('',(1.,0.,0.));
#3215=DIRECTION('',(0.,0.,-1.));
#3216=DIRECTION('',(-1.,0.,0.));
#3217=DIRECTION('',(0.,0.,1.));
#3218=DIRECTION('',(1.,0.,0.));
#3219=DIRECTION('',(0.,0.,1.));
#3220=DIRECTION('',(1.,0.,0.));
#3221=DIRECTION('',(0.,0.,-1.));
#3222=DIRECTION('',(-1.,0.,0.));
#3223=DIRECTION('',(0.,0.,1.));
#3224=DIRECTION('',(1.,0.,0.));
#3225=DIRECTION('',(0.,0.,1.));
#3226=DIRECTION('',(1.,0.,0.));
#3227=DIRECTION('',(0.,0.,-1.));
#3228=DIRECTION('',(-1.,0.,0.));
#3229=DIRECTION('',(0.,0.,1.));
#3230=DIRECTION('',(1.,0.,0.));
#3231=DIRECTION('',(0.,0.,1.));
#3232=DIRECTION('',(1.,0.,0.));
#3233=DIRECTION('',(0.,0.,-1.));
#3234=DIRECTION('',(-1.,0.,0.));
#3235=DIRECTION('',(0.,0.,1.));
#3236=DIRECTION('',(1.,0.,0.));
#3237=DIRECTION('',(0.,0.,1.));
#3238=DIRECTION('',(1.,0.,0.));
#3239=DIRECTION('',(0.,0.,-1.));
#3240=DIRECTION('',(-1.,0.,0.));
#3241=DIRECTION('',(0.,0.,1.));
#3242=DIRECTION('',(1.,0.,0.));
#3243=DIRECTION('',(0.,0.,-1.));
#3244=DIRECTION('',(-1.,0.,0.));
#3245=DIRECTION('',(0.,0.,-1.));
#3246=DIRECTION('',(-1.,0.,0.));
#3247=DIRECTION('',(0.,0.,-1.));
#3248=DIRECTION('',(-1.,0.,0.));
#3249=DIRECTION('',(0.,0.,-1.));
#3250=DIRECTION('',(-1.,0.,0.));
#3251=DIRECTION('',(0.,0.,-1.));
#3252=DIRECTION('',(-1.,0.,0.));
#3253=DIRECTION('',(0.,0.,-1.));
#3254=DIRECTION('',(-1.,0.,0.));
#3255=DIRECTION('',(0.,0.,-1.));
#3256=DIRECTION('',(-1.,0.,0.));
#3257=DIRECTION('',(0.,0.,-1.));
#3258=DIRECTION('',(-1.,0.,0.));
#3259=DIRECTION('',(0.,0.,-1.));
#3260=DIRECTION('',(-1.,0.,0.));
#3261=DIRECTION('',(0.,0.,-1.));
#3262=DIRECTION('',(-1.,0.,0.));
#3263=DIRECTION('',(0.,0.,-1.));
#3264=DIRECTION('',(-1.,0.,0.));
#3265=DIRECTION('',(0.,0.,-1.));
#3266=DIRECTION('',(-1.,0.,0.));
#3267=DIRECTION('',(0.,0.,-1.));
#3268=DIRECTION('',(-1.,0.,0.));
#3269=DIRECTION('',(0.,0.,-1.));
#3270=DIRECTION('',(-1.,0.,0.));
#3271=DIRECTION('',(0.,0.,-1.));
#3272=DIRECTION('',(-1.,0.,0.));
#3273=DIRECTION('',(0.,0.,-1.));
#3274=DIRECTION('',(-1.,0.,0.));
#3275=DIRECTION('',(0.,0.,1.));
#3276=DIRECTION('',(1.,0.,0.));
#3277=DIRECTION('',(0.,0.,1.));
#3278=DIRECTION('',(1.,0.,0.));
#3279=DIRECTION('',(0.,0.,1.));
#3280=DIRECTION('',(1.,0.,0.));
#3281=DIRECTION('',(0.,0.,1.));
#3282=DIRECTION('',(1.,0.,0.));
#3283=DIRECTION('',(0.,0.,1.));
#3284=DIRECTION('',(1.,0.,0.));
#3285=DIRECTION('',(0.,0.,1.));
#3286=DIRECTION('',(1.,0.,0.));
#3287=DIRECTION('',(0.,0.,1.));
#3288=DIRECTION('',(1.,0.,0.));
#3289=DIRECTION('',(0.,0.,1.));
#3290=DIRECTION('',(1.,0.,0.));
#3291=DIRECTION('',(0.,0.,1.));
#3292=DIRECTION('',(1.,0.,0.));
#3293=DIRECTION('',(0.,0.,1.));
#3294=DIRECTION('',(1.,0.,0.));
#3295=DIRECTION('',(0.,0.,1.));
#3296=DIRECTION('',(1.,0.,0.));
#3297=DIRECTION('',(0.,0.,1.));
#3298=DIRECTION('',(1.,0.,0.));
#3299=DIRECTION('',(0.,0.,1.));
#3300=DIRECTION('',(1.,0.,0.));
#3301=DIRECTION('',(0.,0.,1.));
#3302=DIRECTION('',(1.,0.,0.));
#3303=DIRECTION('',(0.,0.,1.));
#3304=DIRECTION('',(1.,0.,0.));
#3305=DIRECTION('',(0.,0.,1.));
#3306=DIRECTION('',(1.,0.,0.));
#3307=DIRECTION('',(0.,0.,1.));
#3308=DIRECTION('',(1.,0.,0.));
#3309=DIRECTION('',(0.,0.,1.));
#3310=DIRECTION('',(1.,0.,0.));
#3311=DIRECTION('',(0.,0.,1.));
#3312=DIRECTION('',(1.,0.,0.));
#3313=DIRECTION('',(0.,0.,1.));
#3314=DIRECTION('',(1.,0.,0.));
#3315=DIRECTION('',(0.,0.,1.));
#3316=DIRECTION('',(1.,0.,0.));
#3317=DIRECTION('',(0.,0.,1.));
#3318=DIRECTION('',(1.,0.,0.));
#3319=DIRECTION('',(0.,0.,1.));
#3320=DIRECTION('',(1.,0.,0.));
#3321=DIRECTION('',(0.,0.,1.));
#3322=DIRECTION('',(1.,0.,0.));
#3323=DIRECTION('',(0.,0.,1.));
#3324=DIRECTION('',(1.,0.,0.));
#3325=DIRECTION('',(0.,0.,1.));
#3326=DIRECTION('',(1.,0.,0.));
#3327=DIRECTION('',(0.,0.,1.));
#3328=DIRECTION('',(1.,0.,0.));
#3329=DIRECTION('',(0.,0.,1.));
#3330=DIRECTION('',(1.,0.,0.));
#3331=DIRECTION('',(0.,0.,1.));
#3332=DIRECTION('',(1.,0.,0.));
#3333=DIRECTION('',(0.,0.,1.));
#3334=DIRECTION('',(1.,0.,0.));
#3335=DIRECTION('',(0.,0.,1.));
#3336=DIRECTION('',(1.,0.,0.));
#3337=DIRECTION('',(0.,0.,1.));
#3338=DIRECTION('',(1.,0.,0.));
#3339=DIRECTION('',(0.,0.,1.));
#3340=DIRECTION('',(1.,0.,0.));
#3341=DIRECTION('',(0.,1.,0.));
#3342=DIRECTION('',(-1.,0.,0.));
#3343=DIRECTION('',(1.,0.,0.));
#3344=DIRECTION('',(0.,-0.707106781186548,-0.707106781186548));
#3345=DIRECTION('',(1.,0.,0.));
#3346=CARTESIAN_POINT('',(0.,0.,0.));
#3347=CARTESIAN_POINT('',(-0.1,0.08,-0.089));
#3348=CARTESIAN_POINT('',(-0.1,0.08,-0.089));
#3349=CARTESIAN_POINT('',(-0.101866666666667,0.0829606680927716,-0.089));
#3350=CARTESIAN_POINT('',(-0.101866666666667,0.0770393319072284,-0.089));
#3351=CARTESIAN_POINT('',(-0.101866666666667,0.0829606680927716,-0.089));
#3352=CARTESIAN_POINT('',(-0.101866666666667,0.0829606680927716,-0.091));
#3353=CARTESIAN_POINT('',(-0.1,0.08,-0.091));
#3354=CARTESIAN_POINT('',(-0.101866666666667,0.0770393319072284,-0.091));
#3355=CARTESIAN_POINT('',(-0.101866666666667,0.0770393319072284,-0.089));
#3356=CARTESIAN_POINT('',(-0.1,0.05,-0.089));
#3357=CARTESIAN_POINT('',(-0.1,0.05,-0.091));
#3358=CARTESIAN_POINT('',(-0.1,0.0736557112297752,-0.091));
#3359=CARTESIAN_POINT('',(-0.1,0.0263442887702248,-0.091));
#3360=CARTESIAN_POINT('',(-0.1,0.0263442887702248,-0.089));
#3361=CARTESIAN_POINT('',(-0.1,0.0263442887702248,-0.089));
#3362=CARTESIAN_POINT('',(-0.1,0.05,-0.089));
#3363=CARTESIAN_POINT('',(-0.1,0.0736557112297752,-0.089));
#3364=CARTESIAN_POINT('',(-0.1,0.0736557112297752,-0.091));
#3365=CARTESIAN_POINT('',(-0.1,0.02,-0.089));
#3366=CARTESIAN_POINT('',(-0.1,0.02,-0.091));
#3367=CARTESIAN_POINT('',(-0.101866666666667,0.0229606680927716,-0.091));
#3368=CARTESIAN_POINT('',(-0.0970393319072285,0.0181333333333333,-0.091));
#3369=CARTESIAN_POINT('',(-0.0970393319072285,0.0181333333333333,-0.089));
#3370=CARTESIAN_POINT('',(-0.0970393319072285,0.0181333333333333,-0.089));
#3371=CARTESIAN_POINT('',(-0.1,0.02,-0.089));
#3372=CARTESIAN_POINT('',(-0.101866666666667,0.0229606680927716,-0.089));
#3373=CARTESIAN_POINT('',(-0.101866666666667,0.0229606680927716,-0.089));
#3374=CARTESIAN_POINT('',(-0.09025,0.02,-0.089));
#3375=CARTESIAN_POINT('',(-0.09025,0.02,-0.091));
#3376=CARTESIAN_POINT('',(-0.0936557112297753,0.02,-0.091));
#3377=CARTESIAN_POINT('',(-0.088,0.02,-0.091));
#3378=CARTESIAN_POINT('',(-0.088,0.02,-0.089));
#3379=CARTESIAN_POINT('',(-0.088,0.02,-0.089));
#3380=CARTESIAN_POINT('',(-0.09025,0.02,-0.089));
#3381=CARTESIAN_POINT('',(-0.0936557112297753,0.02,-0.089));
#3382=CARTESIAN_POINT('',(-0.0936557112297753,0.02,-0.091));
#3383=CARTESIAN_POINT('',(-0.084,0.025,-0.089));
#3384=CARTESIAN_POINT('',(-0.084,0.025,-0.089));
#3385=CARTESIAN_POINT('',(-0.084,0.024,-0.089));
#3386=CARTESIAN_POINT('',(-0.084,0.026,-0.089));
#3387=CARTESIAN_POINT('',(-0.084,0.024,-0.089));
#3388=CARTESIAN_POINT('',(-0.084,0.024,-0.091));
#3389=CARTESIAN_POINT('',(-0.084,0.025,-0.091));
#3390=CARTESIAN_POINT('',(-0.084,0.026,-0.091));
#3391=CARTESIAN_POINT('',(-0.084,0.026,-0.089));
#3392=CARTESIAN_POINT('',(-0.076,0.03,-0.089));
#3393=CARTESIAN_POINT('',(-0.076,0.03,-0.091));
#3394=CARTESIAN_POINT('',(-0.08,0.03,-0.091));
#3395=CARTESIAN_POINT('',(-0.072,0.03,-0.091));
#3396=CARTESIAN_POINT('',(-0.072,0.03,-0.089));
#3397=CARTESIAN_POINT('',(-0.072,0.03,-0.089));
#3398=CARTESIAN_POINT('',(-0.076,0.03,-0.089));
#3399=CARTESIAN_POINT('',(-0.08,0.03,-0.089));
#3400=CARTESIAN_POINT('',(-0.08,0.03,-0.091));
#3401=CARTESIAN_POINT('',(-0.068,0.025,-0.089));
#3402=CARTESIAN_POINT('',(-0.068,0.025,-0.091));
#3403=CARTESIAN_POINT('',(-0.068,0.024,-0.091));
#3404=CARTESIAN_POINT('',(-0.068,0.026,-0.091));
#3405=CARTESIAN_POINT('',(-0.068,0.024,-0.089));
#3406=CARTESIAN_POINT('',(-0.068,0.024,-0.089));
#3407=CARTESIAN_POINT('',(-0.068,0.025,-0.089));
#3408=CARTESIAN_POINT('',(-0.068,0.026,-0.089));
#3409=CARTESIAN_POINT('',(-0.068,0.026,-0.089));
#3410=CARTESIAN_POINT('',(-0.05325,0.02,-0.089));
#3411=CARTESIAN_POINT('',(-0.05325,0.02,-0.089));
#3412=CARTESIAN_POINT('',(-0.064,0.02,-0.089));
#3413=CARTESIAN_POINT('',(-0.0413442887702248,0.02,-0.089));
#3414=CARTESIAN_POINT('',(-0.064,0.02,-0.091));
#3415=CARTESIAN_POINT('',(-0.064,0.02,-0.091));
#3416=CARTESIAN_POINT('',(-0.05325,0.02,-0.091));
#3417=CARTESIAN_POINT('',(-0.0413442887702248,0.02,-0.091));
#3418=CARTESIAN_POINT('',(-0.0413442887702248,0.02,-0.089));
#3419=CARTESIAN_POINT('',(-0.035,0.02,-0.089));
#3420=CARTESIAN_POINT('',(-0.035,0.02,-0.091));
#3421=CARTESIAN_POINT('',(-0.0379606680927716,0.0181333333333333,-0.091));
#3422=CARTESIAN_POINT('',(-0.0320393319072284,0.0181333333333333,-0.091));
#3423=CARTESIAN_POINT('',(-0.0320393319072284,0.0181333333333333,-0.089));
#3424=CARTESIAN_POINT('',(-0.0320393319072284,0.0181333333333333,-0.089));
#3425=CARTESIAN_POINT('',(-0.035,0.02,-0.089));
#3426=CARTESIAN_POINT('',(-0.0379606680927716,0.0181333333333333,-0.089));
#3427=CARTESIAN_POINT('',(-0.0379606680927716,0.0181333333333333,-0.089));
#3428=CARTESIAN_POINT('',(-0.01975,0.02,-0.089));
#3429=CARTESIAN_POINT('',(-0.01975,0.02,-0.091));
#3430=CARTESIAN_POINT('',(-0.0286557112297753,0.02,-0.091));
#3431=CARTESIAN_POINT('',(-0.012,0.02,-0.091));
#3432=CARTESIAN_POINT('',(-0.012,0.02,-0.089));
#3433=CARTESIAN_POINT('',(-0.012,0.02,-0.089));
#3434=CARTESIAN_POINT('',(-0.01975,0.02,-0.089));
#3435=CARTESIAN_POINT('',(-0.0286557112297753,0.02,-0.089));
#3436=CARTESIAN_POINT('',(-0.0286557112297753,0.02,-0.091));
#3437=CARTESIAN_POINT('',(-0.008,0.025,-0.089));
#3438=CARTESIAN_POINT('',(-0.008,0.025,-0.089));
#3439=CARTESIAN_POINT('',(-0.008,0.024,-0.089));
#3440=CARTESIAN_POINT('',(-0.008,0.026,-0.089));
#3441=CARTESIAN_POINT('',(-0.008,0.024,-0.089));
#3442=CARTESIAN_POINT('',(-0.008,0.024,-0.091));
#3443=CARTESIAN_POINT('',(-0.008,0.025,-0.091));
#3444=CARTESIAN_POINT('',(-0.008,0.026,-0.091));
#3445=CARTESIAN_POINT('',(-0.008,0.026,-0.089));
#3446=CARTESIAN_POINT('',(4.5102810375397E-17,0.03,-0.089));
#3447=CARTESIAN_POINT('',(4.5102810375397E-17,0.03,-0.089));
#3448=CARTESIAN_POINT('',(-0.004,0.03,-0.089));
#3449=CARTESIAN_POINT('',(0.00400000000000005,0.03,-0.089));
#3450=CARTESIAN_POINT('',(-0.004,0.03,-0.091));
#3451=CARTESIAN_POINT('',(-0.004,0.03,-0.091));
#3452=CARTESIAN_POINT('',(4.5102810375397E-17,0.03,-0.091));
#3453=CARTESIAN_POINT('',(0.00400000000000005,0.03,-0.091));
#3454=CARTESIAN_POINT('',(0.00400000000000005,0.03,-0.089));
#3455=CARTESIAN_POINT('',(0.008,0.025,-0.089));
#3456=CARTESIAN_POINT('',(0.008,0.025,-0.091));
#3457=CARTESIAN_POINT('',(0.008,0.024,-0.091));
#3458=CARTESIAN_POINT('',(0.008,0.026,-0.091));
#3459=CARTESIAN_POINT('',(0.008,0.024,-0.089));
#3460=CARTESIAN_POINT('',(0.008,0.024,-0.089));
#3461=CARTESIAN_POINT('',(0.008,0.025,-0.089));
#3462=CARTESIAN_POINT('',(0.008,0.026,-0.089));
#3463=CARTESIAN_POINT('',(0.008,0.026,-0.089));
#3464=CARTESIAN_POINT('',(0.01975,0.02,-0.089));
#3465=CARTESIAN_POINT('',(0.01975,0.02,-0.089));
#3466=CARTESIAN_POINT('',(0.012,0.02,-0.089));
#3467=CARTESIAN_POINT('',(0.0286557112297753,0.02,-0.089));
#3468=CARTESIAN_POINT('',(0.012,0.02,-0.091));
#3469=CARTESIAN_POINT('',(0.012,0.02,-0.091));
#3470=CARTESIAN_POINT('',(0.01975,0.02,-0.091));
#3471=CARTESIAN_POINT('',(0.0286557112297753,0.02,-0.091));
#3472=CARTESIAN_POINT('',(0.0286557112297753,0.02,-0.089));
#3473=CARTESIAN_POINT('',(0.035,0.02,-0.089));
#3474=CARTESIAN_POINT('',(0.035,0.02,-0.089));
#3475=CARTESIAN_POINT('',(0.0320393319072284,0.0181333333333333,-0.089));
#3476=CARTESIAN_POINT('',(0.0379606680927716,0.0181333333333334,-0.089));
#3477=CARTESIAN_POINT('',(0.0320393319072284,0.0181333333333333,-0.089));
#3478=CARTESIAN_POINT('',(0.0320393319072284,0.0181333333333333,-0.091));
#3479=CARTESIAN_POINT('',(0.035,0.02,-0.091));
#3480=CARTESIAN_POINT('',(0.0379606680927716,0.0181333333333334,-0.091));
#3481=CARTESIAN_POINT('',(0.0379606680927716,0.0181333333333333,-0.089));
#3482=CARTESIAN_POINT('',(0.05325,0.02,-0.089));
#3483=CARTESIAN_POINT('',(0.05325,0.02,-0.091));
#3484=CARTESIAN_POINT('',(0.0413442887702248,0.02,-0.091));
#3485=CARTESIAN_POINT('',(0.064,0.02,-0.091));
#3486=CARTESIAN_POINT('',(0.064,0.02,-0.089));
#3487=CARTESIAN_POINT('',(0.064,0.02,-0.089));
#3488=CARTESIAN_POINT('',(0.05325,0.02,-0.089));
#3489=CARTESIAN_POINT('',(0.0413442887702248,0.02,-0.089));
#3490=CARTESIAN_POINT('',(0.0413442887702248,0.02,-0.091));
#3491=CARTESIAN_POINT('',(0.068,0.025,-0.089));
#3492=CARTESIAN_POINT('',(0.068,0.025,-0.089));
#3493=CARTESIAN_POINT('',(0.068,0.024,-0.089));
#3494=CARTESIAN_POINT('',(0.068,0.026,-0.089));
#3495=CARTESIAN_POINT('',(0.068,0.024,-0.089));
#3496=CARTESIAN_POINT('',(0.068,0.024,-0.091));
#3497=CARTESIAN_POINT('',(0.068,0.025,-0.091));
#3498=CARTESIAN_POINT('',(0.068,0.026,-0.091));
#3499=CARTESIAN_POINT('',(0.068,0.026,-0.089));
#3500=CARTESIAN_POINT('',(0.076,0.03,-0.089));
#3501=CARTESIAN_POINT('',(0.076,0.03,-0.089));
#3502=CARTESIAN_POINT('',(0.072,0.03,-0.089));
#3503=CARTESIAN_POINT('',(0.08,0.03,-0.089));
#3504=CARTESIAN_POINT('',(0.072,0.03,-0.091));
#3505=CARTESIAN_POINT('',(0.072,0.03,-0.091));
#3506=CARTESIAN_POINT('',(0.076,0.03,-0.091));
#3507=CARTESIAN_POINT('',(0.08,0.03,-0.091));
#3508=CARTESIAN_POINT('',(0.08,0.03,-0.089));
#3509=CARTESIAN_POINT('',(0.084,0.025,-0.089));
#3510=CARTESIAN_POINT('',(0.084,0.025,-0.091));
#3511=CARTESIAN_POINT('',(0.084,0.024,-0.091));
#3512=CARTESIAN_POINT('',(0.084,0.026,-0.091));
#3513=CARTESIAN_POINT('',(0.084,0.024,-0.089));
#3514=CARTESIAN_POINT('',(0.084,0.024,-0.089));
#3515=CARTESIAN_POINT('',(0.084,0.025,-0.089));
#3516=CARTESIAN_POINT('',(0.084,0.026,-0.089));
#3517=CARTESIAN_POINT('',(0.084,0.026,-0.089));
#3518=CARTESIAN_POINT('',(0.09025,0.02,-0.089));
#3519=CARTESIAN_POINT('',(0.09025,0.02,-0.089));
#3520=CARTESIAN_POINT('',(0.088,0.02,-0.089));
#3521=CARTESIAN_POINT('',(0.0936557112297752,0.02,-0.089));
#3522=CARTESIAN_POINT('',(0.088,0.02,-0.091));
#3523=CARTESIAN_POINT('',(0.088,0.02,-0.091));
#3524=CARTESIAN_POINT('',(0.09025,0.02,-0.091));
#3525=CARTESIAN_POINT('',(0.0936557112297752,0.02,-0.091));
#3526=CARTESIAN_POINT('',(0.0936557112297752,0.02,-0.089));
#3527=CARTESIAN_POINT('',(0.1,0.02,-0.089));
#3528=CARTESIAN_POINT('',(0.1,0.02,-0.091));
#3529=CARTESIAN_POINT('',(0.0970393319072285,0.0181333333333334,-0.091));
#3530=CARTESIAN_POINT('',(0.101866666666667,0.0229606680927716,-0.091));
#3531=CARTESIAN_POINT('',(0.101866666666667,0.0229606680927716,-0.089));
#3532=CARTESIAN_POINT('',(0.101866666666667,0.0229606680927716,-0.089));
#3533=CARTESIAN_POINT('',(0.1,0.02,-0.089));
#3534=CARTESIAN_POINT('',(0.0970393319072285,0.0181333333333334,-0.089));
#3535=CARTESIAN_POINT('',(0.0970393319072285,0.0181333333333334,-0.089));
#3536=CARTESIAN_POINT('',(0.1,0.05,-0.089));
#3537=CARTESIAN_POINT('',(0.1,0.05,-0.091));
#3538=CARTESIAN_POINT('',(0.1,0.0736557112297752,-0.091));
#3539=CARTESIAN_POINT('',(0.1,0.0263442887702248,-0.091));
#3540=CARTESIAN_POINT('',(0.1,0.0736557112297752,-0.089));
#3541=CARTESIAN_POINT('',(0.1,0.0736557112297752,-0.089));
#3542=CARTESIAN_POINT('',(0.1,0.05,-0.089));
#3543=CARTESIAN_POINT('',(0.1,0.0263442887702248,-0.089));
#3544=CARTESIAN_POINT('',(0.1,0.0263442887702248,-0.089));
#3545=CARTESIAN_POINT('',(0.1,0.08,-0.089));
#3546=CARTESIAN_POINT('',(0.1,0.08,-0.091));
#3547=CARTESIAN_POINT('',(0.101866666666667,0.0770393319072284,-0.091));
#3548=CARTESIAN_POINT('',(0.101866666666667,0.0829606680927716,-0.091));
#3549=CARTESIAN_POINT('',(0.101866666666667,0.0829606680927716,-0.089));
#3550=CARTESIAN_POINT('',(0.101866666666667,0.0829606680927716,-0.089));
#3551=CARTESIAN_POINT('',(0.1,0.08,-0.089));
#3552=CARTESIAN_POINT('',(0.101866666666667,0.0770393319072284,-0.089));
#3553=CARTESIAN_POINT('',(0.101866666666667,0.0770393319072284,-0.089));
#3554=CARTESIAN_POINT('',(0.1,0.08525,-0.089));
#3555=CARTESIAN_POINT('',(0.1,0.08525,-0.089));
#3556=CARTESIAN_POINT('',(0.1,0.0863442887702248,-0.089));
#3557=CARTESIAN_POINT('',(0.1,0.087,-0.089));
#3558=CARTESIAN_POINT('',(0.1,0.0863442887702248,-0.091));
#3559=CARTESIAN_POINT('',(0.1,0.0863442887702248,-0.091));
#3560=CARTESIAN_POINT('',(0.1,0.08525,-0.091));
#3561=CARTESIAN_POINT('',(0.1,0.087,-0.091));
#3562=CARTESIAN_POINT('',(0.1,0.087,-0.089));
#3563=CARTESIAN_POINT('',(0.0918132368708151,0.087,-0.089));
#3564=CARTESIAN_POINT('',(0.0918132368708151,0.087,-0.091));
#3565=CARTESIAN_POINT('',(0.0876264737416302,0.087,-0.091));
#3566=CARTESIAN_POINT('',(0.0876264737416302,0.087,-0.089));
#3567=CARTESIAN_POINT('',(0.0876264737416302,0.087,-0.089));
#3568=CARTESIAN_POINT('',(0.0918132368708151,0.087,-0.089));
#3569=CARTESIAN_POINT('',(0.0836264737416302,0.092,-0.089));
#3570=CARTESIAN_POINT('',(0.0836264737416302,0.0999,-0.089));
#3571=CARTESIAN_POINT('',(0.0836264737416302,0.0999,-0.0895));
#3572=CARTESIAN_POINT('',(0.0836264737416302,0.0999,-0.091));
#3573=CARTESIAN_POINT('',(0.0836264737416302,0.0999,-0.0895));
#3574=CARTESIAN_POINT('',(0.0836264737416302,0.0994,-0.089));
#3575=CARTESIAN_POINT('',(0.0836264737416302,0.092,-0.089));
#3576=CARTESIAN_POINT('',(0.0836264737416302,0.0953823768907971,-0.089));
#3577=CARTESIAN_POINT('',(0.0836264737416302,0.0953823768907971,-0.089));
#3578=CARTESIAN_POINT('',(0.0836264737416302,0.0950636870216122,-0.0887552381401939));
#3579=CARTESIAN_POINT('',(0.0836264737416302,0.0944149592999439,-0.0882844194813643));
#3580=CARTESIAN_POINT('',(0.0836264737416302,0.093380527233069,-0.0876780726465428));
#3581=CARTESIAN_POINT('',(0.0836264737416302,0.0922035193555136,-0.0873076435837786));
#3582=CARTESIAN_POINT('',(0.0836264737416302,0.0913889510420375,-0.087408069058182));
#3583=CARTESIAN_POINT('',(0.0836264737416302,0.091,-0.087527084913131));
#3584=CARTESIAN_POINT('',(0.0836264737416302,0.091,-0.087527084913131));
#3585=CARTESIAN_POINT('',(0.0836264737416302,0.091,-0.089));
#3586=CARTESIAN_POINT('',(0.0836264737416302,0.091,-0.091));
#3587=CARTESIAN_POINT('',(0.0836264737416302,0.092,-0.091));
#3588=CARTESIAN_POINT('',(-0.0836264737416302,0.092,-0.089));
#3589=CARTESIAN_POINT('',(-0.0836264737416302,0.092,-0.089));
#3590=CARTESIAN_POINT('',(-0.0836264737416302,0.091,-0.089));
#3591=CARTESIAN_POINT('',(-0.0836264737416302,0.0994,-0.089));
#3592=CARTESIAN_POINT('',(-0.0836264737416302,0.0957,-0.0853));
#3593=CARTESIAN_POINT('',(-0.0836264737416302,0.0999,-0.0895));
#3594=CARTESIAN_POINT('',(-0.0836264737416302,0.0999,-0.089));
#3595=CARTESIAN_POINT('',(-0.0836264737416302,0.0999,-0.091));
#3596=CARTESIAN_POINT('',(-0.0836264737416302,0.092,-0.091));
#3597=CARTESIAN_POINT('',(-0.0836264737416302,0.091,-0.091));
#3598=CARTESIAN_POINT('',(-0.0836264737416302,0.091,-0.089));
#3599=CARTESIAN_POINT('',(-0.0918132368708151,0.087,-0.089));
#3600=CARTESIAN_POINT('',(-0.0918132368708151,0.087,-0.089));
#3601=CARTESIAN_POINT('',(-0.1,0.087,-0.089));
#3602=CARTESIAN_POINT('',(-0.0876264737416302,0.087,-0.089));
#3603=CARTESIAN_POINT('',(-0.0876264737416302,0.087,-0.091));
#3604=CARTESIAN_POINT('',(-0.0876264737416302,0.087,-0.091));
#3605=CARTESIAN_POINT('',(-0.0918132368708151,0.087,-0.091));
#3606=CARTESIAN_POINT('',(-0.1,0.087,-0.091));
#3607=CARTESIAN_POINT('',(-0.1,0.087,-0.089));
#3608=CARTESIAN_POINT('',(-0.1,0.08525,-0.089));
#3609=CARTESIAN_POINT('',(-0.1,0.08525,-0.091));
#3610=CARTESIAN_POINT('',(-0.1,0.0863442887702248,-0.091));
#3611=CARTESIAN_POINT('',(-0.1,0.0863442887702248,-0.089));
#3612=CARTESIAN_POINT('',(-0.1,0.0863442887702248,-0.089));
#3613=CARTESIAN_POINT('',(-0.1,0.08525,-0.089));
#3614=CARTESIAN_POINT('',(0.02,0.08,-0.089));
#3615=CARTESIAN_POINT('',(0.02,0.08,-0.089));
#3616=CARTESIAN_POINT('',(0.02125,0.08,-0.089));
#3617=CARTESIAN_POINT('',(0.02,0.08,-0.091));
#3618=CARTESIAN_POINT('',(0.02125,0.08,-0.091));
#3619=CARTESIAN_POINT('',(0.,0.05675,-0.089));
#3620=CARTESIAN_POINT('',(0.00345750423592283,0.0498781143272477,-0.089));
#3621=CARTESIAN_POINT('',(0.0110351128241407,0.0498781143272477,-0.089));
#3622=CARTESIAN_POINT('',(0.0477318477473904,0.0435797545986851,-0.089));
#3623=CARTESIAN_POINT('',(0.0555299083157213,0.0435797545986851,-0.089));
#3624=CARTESIAN_POINT('',(0.0481586910400014,0.0684153880825414,-0.089));
#3625=CARTESIAN_POINT('',(0.0563108275222438,0.0684153880825414,-0.089));
#3626=CARTESIAN_POINT('',(0.0683944768126363,0.0822711282808435,-0.089));
#3627=CARTESIAN_POINT('',(0.0760803338069994,0.0822711282808435,-0.089));
#3628=CARTESIAN_POINT('',(-0.00742938062204648,0.0840345014509913,-0.089));
#3629=CARTESIAN_POINT('',(-0.00020276577601268,0.0840345014509913,-0.089));
#3630=CARTESIAN_POINT('',(0.0585890065179811,0.0310010188822506,-0.089));
#3631=CARTESIAN_POINT('',(0.0637093146200419,0.0310010188822506,-0.089));
#3632=CARTESIAN_POINT('',(0.0888151723546493,0.0431285905744683,-0.089));
#3633=CARTESIAN_POINT('',(0.0955278586097137,0.0431285905744683,-0.089));
#3634=CARTESIAN_POINT('',(0.0693945071607924,0.0537086375605884,-0.089));
#3635=CARTESIAN_POINT('',(0.0796472401398198,0.0537086375605884,-0.089));
#3636=CARTESIAN_POINT('',(-0.0559802035013446,0.0782330522836849,-0.089));
#3637=CARTESIAN_POINT('',(-0.0494093170113061,0.0782330522836849,-0.089));
#3638=CARTESIAN_POINT('',(-0.0126724804154431,0.0648554463106824,-0.089));
#3639=CARTESIAN_POINT('',(-0.00552377325463516,0.0648554463106824,-0.089));
#3640=CARTESIAN_POINT('',(-0.0353892546699539,0.0489429188160845,-0.089));
#3641=CARTESIAN_POINT('',(-0.0282494325875551,0.0489429188160845,-0.089));
#3642=CARTESIAN_POINT('',(-0.054428614390674,0.0336602959771474,-0.089));
#3643=CARTESIAN_POINT('',(-0.0463524761228611,0.0336602959771474,-0.089));
#3644=CARTESIAN_POINT('',(0.0207327591864408,0.0598055719575947,-0.089));
#3645=CARTESIAN_POINT('',(0.0274069344834192,0.0598055719575947,-0.089));
#3646=CARTESIAN_POINT('',(-0.0324900620041918,0.0695511934232246,-0.089));
#3647=CARTESIAN_POINT('',(-0.0238948763480384,0.0695511934232246,-0.089));
#3648=CARTESIAN_POINT('',(-0.0176643050739891,0.0383777751501872,-0.089));
#3649=CARTESIAN_POINT('',(-0.00897093959494138,0.0383777751501872,-0.089));
#3650=CARTESIAN_POINT('',(-0.0536045876803956,0.0571145602372217,-0.089));
#3651=CARTESIAN_POINT('',(-0.046975442453592,0.0571145602372217,-0.089));
#3652=CARTESIAN_POINT('',(0.0906207976486058,0.0583941664168206,-0.089));
#3653=CARTESIAN_POINT('',(0.0944293591293568,0.0583941664168206,-0.089));
#3654=CARTESIAN_POINT('',(0.0517760959762375,0.0888830046865809,-0.089));
#3655=CARTESIAN_POINT('',(0.0569709168686075,0.0888830046865809,-0.089));
#3656=CARTESIAN_POINT('',(-0.0925,0.0305,-0.089));
#3657=CARTESIAN_POINT('',(-0.0907,0.0305,-0.089));
#3658=CARTESIAN_POINT('',(-0.0925,0.0805,-0.089));
#3659=CARTESIAN_POINT('',(-0.0907,0.0805,-0.089));
#3660=CARTESIAN_POINT('',(0.0925,0.0805,-0.089));
#3661=CARTESIAN_POINT('',(0.0943,0.0805,-0.089));
#3662=CARTESIAN_POINT('',(0.0925,0.0305,-0.089));
#3663=CARTESIAN_POINT('',(0.0943,0.0305,-0.089));
#3664=CARTESIAN_POINT('',(-0.0325,0.0305,-0.089));
#3665=CARTESIAN_POINT('',(-0.0307,0.0305,-0.089));
#3666=CARTESIAN_POINT('',(0.0325,0.0305,-0.089));
#3667=CARTESIAN_POINT('',(0.0343,0.0305,-0.089));
#3668=CARTESIAN_POINT('',(-0.0894716457373687,0.042561564427082,-0.089));
#3669=CARTESIAN_POINT('',(-0.0837141317181578,0.042561564427082,-0.089));
#3670=CARTESIAN_POINT('',(-0.0390244245408526,0.0883885371665232,-0.089));
#3671=CARTESIAN_POINT('',(-0.0327422085832988,0.0883885371665232,-0.089));
#3672=CARTESIAN_POINT('',(0.0189208309771601,0.0316919464674864,-0.089));
#3673=CARTESIAN_POINT('',(0.0257238676382993,0.0316919464674864,-0.089));
#3674=CARTESIAN_POINT('',(0.0241792586840704,0.0728645200306803,-0.089));
#3675=CARTESIAN_POINT('',(0.0276046969723393,0.0728645200306803,-0.089));
#3676=CARTESIAN_POINT('',(0.00952285916466171,0.08462325171336,-0.089));
#3677=CARTESIAN_POINT('',(0.0162681688655542,0.08462325171336,-0.089));
#3678=CARTESIAN_POINT('',(0.00507458238033698,0.0674119177609286,-0.089));
#3679=CARTESIAN_POINT('',(0.0108793609437062,0.0674119177609286,-0.089));
#3680=CARTESIAN_POINT('',(-0.0694130996999494,0.07375224444443,-0.089));
#3681=CARTESIAN_POINT('',(-0.065530149802996,0.07375224444443,-0.089));
#3682=CARTESIAN_POINT('',(-0.0685086227560612,0.0564769478740106,-0.089));
#3683=CARTESIAN_POINT('',(-0.063875727477153,0.0564769478740106,-0.089));
#3684=CARTESIAN_POINT('',(-0.0844580370101802,0.0642535824492859,-0.089));
#3685=CARTESIAN_POINT('',(-0.0756716561036869,0.0642535824492859,-0.089));
#3686=CARTESIAN_POINT('',(0.0807445856001744,0.066926263359656,-0.089));
#3687=CARTESIAN_POINT('',(0.0852445856001744,0.066926263359656,-0.089));
#3688=CARTESIAN_POINT('',(0.0327445856001743,0.066926263359656,-0.089));
#3689=CARTESIAN_POINT('',(0.0372445856001743,0.066926263359656,-0.089));
#3690=CARTESIAN_POINT('',(0.0235,0.0900666745648369,-0.089));
#3691=CARTESIAN_POINT('',(0.0284827439608874,0.0904817198879531,-0.089));
#3692=CARTESIAN_POINT('',(0.0282556739331641,0.0916105545606342,-0.089));
#3693=CARTESIAN_POINT('',(0.0327445856001743,0.0919262633596561,-0.089));
#3694=CARTESIAN_POINT('',(0.0235,0.0450666745648369,-0.089));
#3695=CARTESIAN_POINT('',(0.0285,0.0450666745648369,-0.089));
#3696=CARTESIAN_POINT('',(-0.0755,0.0450666745648369,-0.089));
#3697=CARTESIAN_POINT('',(-0.0705,0.0450666745648369,-0.089));
#3698=CARTESIAN_POINT('',(-0.0755,0.0900666745648369,-0.089));
#3699=CARTESIAN_POINT('',(-0.0705,0.0900666745648369,-0.089));
#3700=CARTESIAN_POINT('',(-0.1,0.08,-0.089));
#3701=CARTESIAN_POINT('',(-0.10155,0.08,-0.089));
#3702=CARTESIAN_POINT('',(-0.035,0.02,-0.089));
#3703=CARTESIAN_POINT('',(-0.03655,0.02,-0.089));
#3704=CARTESIAN_POINT('',(-0.02,0.08,-0.089));
#3705=CARTESIAN_POINT('',(-0.02155,0.08,-0.089));
#3706=CARTESIAN_POINT('',(0.1,0.08,-0.089));
#3707=CARTESIAN_POINT('',(0.09845,0.08,-0.089));
#3708=CARTESIAN_POINT('',(0.1,0.02,-0.089));
#3709=CARTESIAN_POINT('',(0.09845,0.02,-0.089));
#3710=CARTESIAN_POINT('',(0.035,0.02,-0.089));
#3711=CARTESIAN_POINT('',(0.03345,0.02,-0.089));
#3712=CARTESIAN_POINT('',(-0.1,0.02,-0.089));
#3713=CARTESIAN_POINT('',(-0.10155,0.02,-0.089));
#3714=CARTESIAN_POINT('',(0.,0.0994,-0.089));
#3715=CARTESIAN_POINT('',(-0.0876264737416302,0.091,-0.089));
#3716=CARTESIAN_POINT('',(-0.104,0.0863442887702248,-0.089));
#3717=CARTESIAN_POINT('',(-0.104,0.0736557112297752,-0.089));
#3718=CARTESIAN_POINT('',(-0.104,0.0263442887702248,-0.089));
#3719=CARTESIAN_POINT('',(-0.0936557112297753,0.016,-0.089));
#3720=CARTESIAN_POINT('',(-0.088,0.024,-0.089));
#3721=CARTESIAN_POINT('',(-0.08,0.026,-0.089));
#3722=CARTESIAN_POINT('',(-0.072,0.026,-0.089));
#3723=CARTESIAN_POINT('',(-0.064,0.024,-0.089));
#3724=CARTESIAN_POINT('',(-0.0413442887702248,0.016,-0.089));
#3725=CARTESIAN_POINT('',(-0.0286557112297753,0.016,-0.089));
#3726=CARTESIAN_POINT('',(-0.012,0.024,-0.089));
#3727=CARTESIAN_POINT('',(-0.004,0.026,-0.089));
#3728=CARTESIAN_POINT('',(0.00400000000000005,0.026,-0.089));
#3729=CARTESIAN_POINT('',(0.012,0.024,-0.089));
#3730=CARTESIAN_POINT('',(0.0286557112297753,0.016,-0.089));
#3731=CARTESIAN_POINT('',(0.0413442887702248,0.016,-0.089));
#3732=CARTESIAN_POINT('',(0.064,0.024,-0.089));
#3733=CARTESIAN_POINT('',(0.072,0.026,-0.089));
#3734=CARTESIAN_POINT('',(0.08,0.026,-0.089));
#3735=CARTESIAN_POINT('',(0.088,0.024,-0.089));
#3736=CARTESIAN_POINT('',(0.0936557112297752,0.016,-0.089));
#3737=CARTESIAN_POINT('',(0.104,0.0263442887702248,-0.089));
#3738=CARTESIAN_POINT('',(0.104,0.0736557112297752,-0.089));
#3739=CARTESIAN_POINT('',(0.104,0.0863442887702248,-0.089));
#3740=CARTESIAN_POINT('',(0.0876264737416302,0.091,-0.089));
#3741=CARTESIAN_POINT('',(0.0841627090384757,0.0889994165648041,-0.089));
#3742=CARTESIAN_POINT('',(0.0807445856001744,0.0919262633596561,-0.089));
#3743=CARTESIAN_POINT('',(0.,0.05675,-0.091));
#3744=CARTESIAN_POINT('',(0.00345750423592283,0.0498781143272477,-0.091));
#3745=CARTESIAN_POINT('',(0.0110351128241407,0.0498781143272477,-0.091));
#3746=CARTESIAN_POINT('',(0.0477318477473904,0.0435797545986851,-0.091));
#3747=CARTESIAN_POINT('',(0.0555299083157213,0.0435797545986851,-0.091));
#3748=CARTESIAN_POINT('',(0.0481586910400014,0.0684153880825414,-0.091));
#3749=CARTESIAN_POINT('',(0.0563108275222438,0.0684153880825414,-0.091));
#3750=CARTESIAN_POINT('',(0.0683944768126363,0.0822711282808435,-0.091));
#3751=CARTESIAN_POINT('',(0.0760803338069994,0.0822711282808435,-0.091));
#3752=CARTESIAN_POINT('',(-0.00742938062204648,0.0840345014509913,-0.091));
#3753=CARTESIAN_POINT('',(-0.00020276577601268,0.0840345014509913,-0.091));
#3754=CARTESIAN_POINT('',(0.0585890065179811,0.0310010188822506,-0.091));
#3755=CARTESIAN_POINT('',(0.0637093146200419,0.0310010188822506,-0.091));
#3756=CARTESIAN_POINT('',(0.0888151723546493,0.0431285905744683,-0.091));
#3757=CARTESIAN_POINT('',(0.0955278586097137,0.0431285905744683,-0.091));
#3758=CARTESIAN_POINT('',(0.0693945071607924,0.0537086375605884,-0.091));
#3759=CARTESIAN_POINT('',(0.0796472401398198,0.0537086375605884,-0.091));
#3760=CARTESIAN_POINT('',(-0.0559802035013446,0.0782330522836849,-0.091));
#3761=CARTESIAN_POINT('',(-0.0494093170113061,0.0782330522836849,-0.091));
#3762=CARTESIAN_POINT('',(-0.0126724804154431,0.0648554463106824,-0.091));
#3763=CARTESIAN_POINT('',(-0.00552377325463516,0.0648554463106824,-0.091));
#3764=CARTESIAN_POINT('',(-0.0353892546699539,0.0489429188160845,-0.091));
#3765=CARTESIAN_POINT('',(-0.0282494325875551,0.0489429188160845,-0.091));
#3766=CARTESIAN_POINT('',(-0.054428614390674,0.0336602959771474,-0.091));
#3767=CARTESIAN_POINT('',(-0.0463524761228611,0.0336602959771474,-0.091));
#3768=CARTESIAN_POINT('',(0.0207327591864408,0.0598055719575947,-0.091));
#3769=CARTESIAN_POINT('',(0.0274069344834192,0.0598055719575947,-0.091));
#3770=CARTESIAN_POINT('',(-0.0324900620041918,0.0695511934232246,-0.091));
#3771=CARTESIAN_POINT('',(-0.0238948763480384,0.0695511934232246,-0.091));
#3772=CARTESIAN_POINT('',(-0.0176643050739891,0.0383777751501872,-0.091));
#3773=CARTESIAN_POINT('',(-0.00897093959494138,0.0383777751501872,-0.091));
#3774=CARTESIAN_POINT('',(-0.0536045876803956,0.0571145602372217,-0.091));
#3775=CARTESIAN_POINT('',(-0.046975442453592,0.0571145602372217,-0.091));
#3776=CARTESIAN_POINT('',(0.0906207976486058,0.0583941664168206,-0.091));
#3777=CARTESIAN_POINT('',(0.0944293591293568,0.0583941664168206,-0.091));
#3778=CARTESIAN_POINT('',(0.0517760959762375,0.0888830046865809,-0.091));
#3779=CARTESIAN_POINT('',(0.0569709168686075,0.0888830046865809,-0.091));
#3780=CARTESIAN_POINT('',(-0.0925,0.0305,-0.091));
#3781=CARTESIAN_POINT('',(-0.0907,0.0305,-0.091));
#3782=CARTESIAN_POINT('',(-0.0925,0.0805,-0.091));
#3783=CARTESIAN_POINT('',(-0.0907,0.0805,-0.091));
#3784=CARTESIAN_POINT('',(0.0925,0.0805,-0.091));
#3785=CARTESIAN_POINT('',(0.0943,0.0805,-0.091));
#3786=CARTESIAN_POINT('',(0.0925,0.0305,-0.091));
#3787=CARTESIAN_POINT('',(0.0943,0.0305,-0.091));
#3788=CARTESIAN_POINT('',(-0.0325,0.0305,-0.091));
#3789=CARTESIAN_POINT('',(-0.0307,0.0305,-0.091));
#3790=CARTESIAN_POINT('',(0.0325,0.0305,-0.091));
#3791=CARTESIAN_POINT('',(0.0343,0.0305,-0.091));
#3792=CARTESIAN_POINT('',(-0.0894716457373687,0.042561564427082,-0.091));
#3793=CARTESIAN_POINT('',(-0.0837141317181578,0.042561564427082,-0.091));
#3794=CARTESIAN_POINT('',(-0.0390244245408526,0.0883885371665232,-0.091));
#3795=CARTESIAN_POINT('',(-0.0327422085832988,0.0883885371665232,-0.091));
#3796=CARTESIAN_POINT('',(0.0189208309771601,0.0316919464674864,-0.091));
#3797=CARTESIAN_POINT('',(0.0257238676382993,0.0316919464674864,-0.091));
#3798=CARTESIAN_POINT('',(0.0241792586840704,0.0728645200306803,-0.091));
#3799=CARTESIAN_POINT('',(0.0276046969723393,0.0728645200306803,-0.091));
#3800=CARTESIAN_POINT('',(0.00952285916466171,0.08462325171336,-0.091));
#3801=CARTESIAN_POINT('',(0.0162681688655542,0.08462325171336,-0.091));
#3802=CARTESIAN_POINT('',(0.00507458238033698,0.0674119177609286,-0.091));
#3803=CARTESIAN_POINT('',(0.0108793609437062,0.0674119177609286,-0.091));
#3804=CARTESIAN_POINT('',(-0.0694130996999494,0.07375224444443,-0.091));
#3805=CARTESIAN_POINT('',(-0.065530149802996,0.07375224444443,-0.091));
#3806=CARTESIAN_POINT('',(-0.0685086227560612,0.0564769478740106,-0.091));
#3807=CARTESIAN_POINT('',(-0.063875727477153,0.0564769478740106,-0.091));
#3808=CARTESIAN_POINT('',(-0.0844580370101802,0.0642535824492859,-0.091));
#3809=CARTESIAN_POINT('',(-0.0756716561036869,0.0642535824492859,-0.091));
#3810=CARTESIAN_POINT('',(0.0327445856001743,0.0919262633596561,-0.091));
#3811=CARTESIAN_POINT('',(0.0314945856001743,0.0919262633596561,-0.091));
#3812=CARTESIAN_POINT('',(0.0235,0.0450666745648369,-0.091));
#3813=CARTESIAN_POINT('',(0.02225,0.0450666745648369,-0.091));
#3814=CARTESIAN_POINT('',(0.0235,0.0900666745648369,-0.091));
#3815=CARTESIAN_POINT('',(0.02225,0.0900666745648369,-0.091));
#3816=CARTESIAN_POINT('',(-0.0755,0.0450666745648369,-0.091));
#3817=CARTESIAN_POINT('',(-0.07675,0.0450666745648369,-0.091));
#3818=CARTESIAN_POINT('',(0.0327445856001743,0.066926263359656,-0.091));
#3819=CARTESIAN_POINT('',(0.0314945856001743,0.066926263359656,-0.091));
#3820=CARTESIAN_POINT('',(0.0807445856001744,0.066926263359656,-0.091));
#3821=CARTESIAN_POINT('',(0.0794945856001744,0.066926263359656,-0.091));
#3822=CARTESIAN_POINT('',(0.0807445856001744,0.0919262633596561,-0.091));
#3823=CARTESIAN_POINT('',(0.0794945856001744,0.0919262633596561,-0.091));
#3824=CARTESIAN_POINT('',(-0.0755,0.0900666745648369,-0.091));
#3825=CARTESIAN_POINT('',(-0.07675,0.0900666745648369,-0.091));
#3826=CARTESIAN_POINT('',(-0.1,0.08,-0.091));
#3827=CARTESIAN_POINT('',(-0.10155,0.08,-0.091));
#3828=CARTESIAN_POINT('',(-0.035,0.02,-0.091));
#3829=CARTESIAN_POINT('',(-0.03655,0.02,-0.091));
#3830=CARTESIAN_POINT('',(-0.02,0.08,-0.091));
#3831=CARTESIAN_POINT('',(-0.01845,0.08,-0.091));
#3832=CARTESIAN_POINT('',(0.1,0.08,-0.091));
#3833=CARTESIAN_POINT('',(0.09845,0.08,-0.091));
#3834=CARTESIAN_POINT('',(0.1,0.02,-0.091));
#3835=CARTESIAN_POINT('',(0.09845,0.02,-0.091));
#3836=CARTESIAN_POINT('',(0.035,0.02,-0.091));
#3837=CARTESIAN_POINT('',(0.03345,0.02,-0.091));
#3838=CARTESIAN_POINT('',(-0.1,0.02,-0.091));
#3839=CARTESIAN_POINT('',(-0.10155,0.02,-0.091));
#3840=CARTESIAN_POINT('',(-0.064,0.024,-0.091));
#3841=CARTESIAN_POINT('',(-0.072,0.026,-0.091));
#3842=CARTESIAN_POINT('',(-0.08,0.026,-0.091));
#3843=CARTESIAN_POINT('',(-0.088,0.024,-0.091));
#3844=CARTESIAN_POINT('',(-0.0936557112297753,0.016,-0.091));
#3845=CARTESIAN_POINT('',(-0.104,0.0263442887702248,-0.091));
#3846=CARTESIAN_POINT('',(-0.104,0.0736557112297752,-0.091));
#3847=CARTESIAN_POINT('',(-0.104,0.0863442887702248,-0.091));
#3848=CARTESIAN_POINT('',(-0.0876264737416302,0.091,-0.091));
#3849=CARTESIAN_POINT('',(0.,0.0999,-0.091));
#3850=CARTESIAN_POINT('',(0.0876264737416302,0.091,-0.091));
#3851=CARTESIAN_POINT('',(0.104,0.0863442887702248,-0.091));
#3852=CARTESIAN_POINT('',(0.104,0.0736557112297752,-0.091));
#3853=CARTESIAN_POINT('',(0.104,0.0263442887702248,-0.091));
#3854=CARTESIAN_POINT('',(0.0936557112297752,0.016,-0.091));
#3855=CARTESIAN_POINT('',(0.088,0.024,-0.091));
#3856=CARTESIAN_POINT('',(0.08,0.026,-0.091));
#3857=CARTESIAN_POINT('',(0.072,0.026,-0.091));
#3858=CARTESIAN_POINT('',(0.064,0.024,-0.091));
#3859=CARTESIAN_POINT('',(0.0413442887702248,0.016,-0.091));
#3860=CARTESIAN_POINT('',(0.0286557112297753,0.016,-0.091));
#3861=CARTESIAN_POINT('',(0.012,0.024,-0.091));
#3862=CARTESIAN_POINT('',(0.00400000000000005,0.026,-0.091));
#3863=CARTESIAN_POINT('',(-0.004,0.026,-0.091));
#3864=CARTESIAN_POINT('',(-0.012,0.024,-0.091));
#3865=CARTESIAN_POINT('',(-0.0286557112297753,0.016,-0.091));
#3866=CARTESIAN_POINT('',(-0.0413442887702248,0.016,-0.091));
#3867=CARTESIAN_POINT('',(-0.1,0.02,-0.089));
#3868=CARTESIAN_POINT('',(0.035,0.02,-0.089));
#3869=CARTESIAN_POINT('',(0.1,0.02,-0.089));
#3870=CARTESIAN_POINT('',(0.1,0.08,-0.089));
#3871=CARTESIAN_POINT('',(-0.02,0.08,-0.089));
#3872=CARTESIAN_POINT('',(-0.035,0.02,-0.089));
#3873=CARTESIAN_POINT('',(-0.1,0.08,-0.089));
#3874=CARTESIAN_POINT('',(-0.0876264737416302,0.091,-0.089));
#3875=CARTESIAN_POINT('',(0.0876264737416302,0.091,-0.089));
#3876=CARTESIAN_POINT('',(0.0836264737416302,0.091,-0.087527084913131));
#3877=CARTESIAN_POINT('',(0.0836264737416302,0.09058194392051,-0.0876550066727861));
#3878=CARTESIAN_POINT('',(0.0837500820113851,0.0898569374062853,-0.0881339914487559));
#3879=CARTESIAN_POINT('',(0.0840055094383263,0.0892715883806695,-0.0887035704789606));
#3880=CARTESIAN_POINT('',(0.0841627090384757,0.0889994165648041,-0.089));
#3881=CARTESIAN_POINT('',(-0.064,0.024,-0.089));
#3882=CARTESIAN_POINT('',(-0.072,0.026,-0.089));
#3883=CARTESIAN_POINT('',(-0.088,0.024,-0.089));
#3884=CARTESIAN_POINT('',(-0.08,0.026,-0.089));
#3885=CARTESIAN_POINT('',(0.064,0.024,-0.089));
#3886=CARTESIAN_POINT('',(0.088,0.024,-0.089));
#3887=CARTESIAN_POINT('',(0.012,0.024,-0.089));
#3888=CARTESIAN_POINT('',(-0.012,0.024,-0.089));
#3889=CARTESIAN_POINT('',(-0.004,0.026,-0.089));
#3890=CARTESIAN_POINT('',(0.00400000000000005,0.026,-0.089));
#3891=CARTESIAN_POINT('',(0.072,0.026,-0.089));
#3892=CARTESIAN_POINT('',(0.08,0.026,-0.089));
#3893=CARTESIAN_POINT('',(0.104,0.0863442887702248,-0.089));
#3894=CARTESIAN_POINT('',(0.104,0.0736557112297752,-0.089));
#3895=CARTESIAN_POINT('',(0.104,0.0263442887702248,-0.089));
#3896=CARTESIAN_POINT('',(0.0936557112297752,0.016,-0.089));
#3897=CARTESIAN_POINT('',(0.0286557112297753,0.016,-0.089));
#3898=CARTESIAN_POINT('',(0.0413442887702248,0.016,-0.089));
#3899=CARTESIAN_POINT('',(-0.0286557112297753,0.016,-0.089));
#3900=CARTESIAN_POINT('',(-0.0413442887702248,0.016,-0.089));
#3901=CARTESIAN_POINT('',(-0.0936557112297753,0.016,-0.089));
#3902=CARTESIAN_POINT('',(-0.104,0.0263442887702248,-0.089));
#3903=CARTESIAN_POINT('',(-0.104,0.0863442887702248,-0.089));
#3904=CARTESIAN_POINT('',(-0.104,0.0736557112297752,-0.089));
#3905=CARTESIAN_POINT('',(1.38777878078145E-17,0.05675,-0.087));
#3906=CARTESIAN_POINT('',(-0.0755,0.0900666745648369,-0.087));
#3907=CARTESIAN_POINT('',(-0.07675,0.0900666745648369,-0.087));
#3908=CARTESIAN_POINT('',(-0.0755,0.0900666745648369,-0.087));
#3909=CARTESIAN_POINT('',(-0.0725,0.0900666745648369,-0.087));
#3910=CARTESIAN_POINT('',(1.38777878078145E-17,0.05675,-0.087));
#3911=CARTESIAN_POINT('',(0.0807445856001744,0.0919262633596561,-0.087));
#3912=CARTESIAN_POINT('',(0.0794945856001744,0.0919262633596561,-0.087));
#3913=CARTESIAN_POINT('',(0.0807445856001744,0.0919262633596561,-0.087));
#3914=CARTESIAN_POINT('',(0.0832445856001744,0.0919262633596561,-0.087));
#3915=CARTESIAN_POINT('',(1.38777878078145E-17,0.05675,-0.087));
#3916=CARTESIAN_POINT('',(0.0807445856001744,0.066926263359656,-0.087));
#3917=CARTESIAN_POINT('',(0.0794945856001744,0.066926263359656,-0.087));
#3918=CARTESIAN_POINT('',(0.0807445856001744,0.066926263359656,-0.087));
#3919=CARTESIAN_POINT('',(0.0832445856001744,0.066926263359656,-0.087));
#3920=CARTESIAN_POINT('',(1.38777878078145E-17,0.05675,-0.087));
#3921=CARTESIAN_POINT('',(0.0327445856001743,0.066926263359656,-0.087));
#3922=CARTESIAN_POINT('',(0.0314945856001743,0.066926263359656,-0.087));
#3923=CARTESIAN_POINT('',(0.0327445856001743,0.066926263359656,-0.087));
#3924=CARTESIAN_POINT('',(0.0352445856001743,0.066926263359656,-0.087));
#3925=CARTESIAN_POINT('',(1.38777878078145E-17,0.05675,-0.087));
#3926=CARTESIAN_POINT('',(0.0327445856001743,0.0919262633596561,-0.087));
#3927=CARTESIAN_POINT('',(0.0314945856001743,0.0919262633596561,-0.087));
#3928=CARTESIAN_POINT('',(0.0327445856001743,0.0919262633596561,-0.087));
#3929=CARTESIAN_POINT('',(0.0352445856001743,0.0919262633596561,-0.087));
#3930=CARTESIAN_POINT('',(1.38777878078145E-17,0.05675,-0.087));
#3931=CARTESIAN_POINT('',(0.0235,0.0900666745648369,-0.087));
#3932=CARTESIAN_POINT('',(0.02225,0.0900666745648369,-0.087));
#3933=CARTESIAN_POINT('',(0.0235,0.0900666745648369,-0.087));
#3934=CARTESIAN_POINT('',(0.0265,0.0900666745648369,-0.087));
#3935=CARTESIAN_POINT('',(1.38777878078145E-17,0.05675,-0.087));
#3936=CARTESIAN_POINT('',(0.0235,0.0450666745648369,-0.087));
#3937=CARTESIAN_POINT('',(0.02225,0.0450666745648369,-0.087));
#3938=CARTESIAN_POINT('',(0.0235,0.0450666745648369,-0.087));
#3939=CARTESIAN_POINT('',(0.0265,0.0450666745648369,-0.087));
#3940=CARTESIAN_POINT('',(1.38777878078145E-17,0.05675,-0.087));
#3941=CARTESIAN_POINT('',(-0.0755,0.0450666745648369,-0.087));
#3942=CARTESIAN_POINT('',(-0.07675,0.0450666745648369,-0.087));
#3943=CARTESIAN_POINT('',(-0.0755,0.0450666745648369,-0.087));
#3944=CARTESIAN_POINT('',(-0.0725,0.0450666745648369,-0.087));
#3945=CARTESIAN_POINT('',(-0.0755,0.0450666745648369,-0.087));
#3946=CARTESIAN_POINT('',(0.0235,0.0450666745648369,-0.087));
#3947=CARTESIAN_POINT('',(0.0235,0.0900666745648369,-0.087));
#3948=CARTESIAN_POINT('',(0.0327445856001743,0.0919262633596561,-0.087));
#3949=CARTESIAN_POINT('',(0.0327445856001743,0.066926263359656,-0.087));
#3950=CARTESIAN_POINT('',(0.0807445856001744,0.066926263359656,-0.087));
#3951=CARTESIAN_POINT('',(0.0807445856001744,0.0919262633596561,-0.087));
#3952=CARTESIAN_POINT('',(-0.0755,0.0900666745648369,-0.087));
#3953=CARTESIAN_POINT('',(0.0807445856001744,0.0919262633596561,-0.087));
#3954=CARTESIAN_POINT('',(0.0807445856001744,0.066926263359656,-0.087));
#3955=CARTESIAN_POINT('',(0.0327445856001743,0.066926263359656,-0.087));
#3956=CARTESIAN_POINT('',(0.0235,0.0900666745648369,-0.087));
#3957=CARTESIAN_POINT('',(0.0284827439608874,0.0904817198879531,-0.089));
#3958=CARTESIAN_POINT('',(0.0284046288993043,0.0908575103023034,-0.0889533485405182));
#3959=CARTESIAN_POINT('',(0.0283289388900633,0.0912337885265305,-0.0889533485405182));
#3960=CARTESIAN_POINT('',(0.0282556739331641,0.0916105545606342,-0.089));
#3961=CARTESIAN_POINT('',(0.0327445856001743,0.0919262633596561,-0.087));
#3962=CARTESIAN_POINT('',(0.0235,0.0450666745648369,-0.087));
#3963=CARTESIAN_POINT('',(-0.0755,0.0450666745648369,-0.087));
#3964=CARTESIAN_POINT('',(-0.0755,0.0900666745648369,-0.087));
#3965=CARTESIAN_POINT('',(-0.0844580370101802,0.0642535824492859,-0.091002));
#3966=CARTESIAN_POINT('',(-0.0685086227560612,0.0564769478740106,-0.091002));
#3967=CARTESIAN_POINT('',(-0.0694130996999494,0.07375224444443,-0.091002));
#3968=CARTESIAN_POINT('',(0.00507458238033698,0.0674119177609286,-0.091002));
#3969=CARTESIAN_POINT('',(0.00952285916466171,0.08462325171336,-0.091002));
#3970=CARTESIAN_POINT('',(0.0241792586840704,0.0728645200306803,-0.091002));
#3971=CARTESIAN_POINT('',(0.0189208309771601,0.0316919464674864,-0.091002));
#3972=CARTESIAN_POINT('',(-0.0390244245408526,0.0883885371665232,-0.091002));
#3973=CARTESIAN_POINT('',(-0.0894716457373687,0.042561564427082,-0.091002));
#3974=CARTESIAN_POINT('',(0.0325,0.0305,-0.091002));
#3975=CARTESIAN_POINT('',(-0.0325,0.0305,-0.091002));
#3976=CARTESIAN_POINT('',(0.0925,0.0305,-0.091002));
#3977=CARTESIAN_POINT('',(0.0925,0.0805,-0.091002));
#3978=CARTESIAN_POINT('',(-0.0925,0.0805,-0.091002));
#3979=CARTESIAN_POINT('',(-0.0925,0.0305,-0.091002));
#3980=CARTESIAN_POINT('',(0.0517760959762375,0.0888830046865809,-0.091002));
#3981=CARTESIAN_POINT('',(0.0906207976486058,0.0583941664168206,-0.091002));
#3982=CARTESIAN_POINT('',(-0.0536045876803956,0.0571145602372217,-0.091002));
#3983=CARTESIAN_POINT('',(-0.0176643050739891,0.0383777751501872,-0.091002));
#3984=CARTESIAN_POINT('',(-0.0324900620041918,0.0695511934232246,-0.091002));
#3985=CARTESIAN_POINT('',(0.0207327591864408,0.0598055719575947,-0.091002));
#3986=CARTESIAN_POINT('',(-0.054428614390674,0.0336602959771474,-0.091002));
#3987=CARTESIAN_POINT('',(-0.0353892546699539,0.0489429188160845,-0.091002));
#3988=CARTESIAN_POINT('',(-0.0126724804154431,0.0648554463106824,-0.091002));
#3989=CARTESIAN_POINT('',(-0.0559802035013446,0.0782330522836849,-0.091002));
#3990=CARTESIAN_POINT('',(0.0693945071607924,0.0537086375605884,-0.091002));
#3991=CARTESIAN_POINT('',(0.0888151723546493,0.0431285905744683,-0.091002));
#3992=CARTESIAN_POINT('',(0.0585890065179811,0.0310010188822506,-0.091002));
#3993=CARTESIAN_POINT('',(-0.00742938062204648,0.0840345014509913,-0.091002));
#3994=CARTESIAN_POINT('',(0.0683944768126363,0.0822711282808435,-0.091002));
#3995=CARTESIAN_POINT('',(0.0481586910400014,0.0684153880825414,-0.091002));
#3996=CARTESIAN_POINT('',(0.0477318477473904,0.0435797545986851,-0.091002));
#3997=CARTESIAN_POINT('',(0.00345750423592283,0.0498781143272477,-0.091002));
#3998=CARTESIAN_POINT('',(0.,0.0999,-0.09));
#3999=CARTESIAN_POINT('',(0.,0.0999,-0.0895));
#4000=CARTESIAN_POINT('',(0.,0.0999,-0.0895));
#4001=MECHANICAL_DESIGN_GEOMETRIC_PRESENTATION_REPRESENTATION('',(#2319),
#4002);
#4002=(
GEOMETRIC_REPRESENTATION_CONTEXT(3)
GLOBAL_UNCERTAINTY_ASSIGNED_CONTEXT((#4003))
GLOBAL_UNIT_ASSIGNED_CONTEXT((#4006,#4005,#4004))
REPRESENTATION_CONTEXT('Electronics mount','TOP_LEVEL_ASSEMBLY_PART')
);
#4003=UNCERTAINTY_MEASURE_WITH_UNIT(LENGTH_MEASURE(2.E-5),#4006,
'DISTANCE_ACCURACY_VALUE','Maximum Tolerance applied to model');
#4004=(
NAMED_UNIT(*)
SI_UNIT($,.STERADIAN.)
SOLID_ANGLE_UNIT()
);
#4005=(
NAMED_UNIT(*)
PLANE_ANGLE_UNIT()
SI_UNIT($,.RADIAN.)
);
#4006=(
LENGTH_UNIT()
NAMED_UNIT(*)
SI_UNIT($,.METRE.)
);
#4007=PRODUCT_DEFINITION_SHAPE('','',#4008);
#4008=PRODUCT_DEFINITION('','',#4010,#4009);
#4009=PRODUCT_DEFINITION_CONTEXT('',#4016,'design');
#4010=PRODUCT_DEFINITION_FORMATION_WITH_SPECIFIED_SOURCE('','',#4012,
 .NOT_KNOWN.);
#4011=PRODUCT_RELATED_PRODUCT_CATEGORY('','',(#4012));
#4012=PRODUCT('Electronics mount','Electronics mount',
'Electronics mount',(#4014));
#4013=PRODUCT_CATEGORY('','');
#4014=PRODUCT_CONTEXT('',#4016,'mechanical');
#4015=APPLICATION_PROTOCOL_DEFINITION('international standard',
'ap242_managed_model_based_3d_engineering',2020,#4016);
#4016=APPLICATION_CONTEXT('managed model based 3d engineering');
ENDSEC;
END-ISO-10303-21;
