ISO-10303-21;
HEADER;
/* Generated by software containing ST-Developer
 * from STEP Tools, Inc. (www.steptools.com) 
 */
/* OPTION: using custom renumber hook */

FILE_DESCRIPTION(
/* description */ ('STEP AP242 Edition 2',
'CAx-IF Rec.Pracs.---Representation and Presentation of Product Manufa
cturing Information (PMI)---4.0---2014-10-13',
'CAx-IF Rec.Pracs.---3D Tessellated Geometry---0.4---2014-09-14','2;1',
'CAx-IF Rec.Pracs.---User Defined Attributes---1.5---2016-08-15'),
/* implementation_level */ '2;1');

FILE_NAME(
/* name */ '9.7in IPS - Front Bezel',
/* time_stamp */ '2026-07-13T15:42:53Z',
/* author */ (''),
/* organization */ (''),
/* preprocessor_version */ 'ST-DEVELOPER v20',
/* originating_system */ 'ONSHAPE BY PTC INC, 1.217',
/* authorisation */ '  ');

FILE_SCHEMA (('AP242_MANAGED_MODEL_BASED_3D_ENGINEERING_MIM_LF { 1 0 10303 442 3 1 4 }'));
ENDSEC;

DATA;
#10=SHAPE_REPRESENTATION_RELATIONSHIP('','',#2899,#11);
#11=ADVANCED_BREP_SHAPE_REPRESENTATION('',(#2897),#5127);
#12=VERTEX_LOOP('',#2144);
#13=VERTEX_LOOP('',#2146);
#14=VERTEX_LOOP('',#2148);
#15=VERTEX_LOOP('',#2150);
#16=VERTEX_LOOP('',#2158);
#17=VERTEX_LOOP('',#2160);
#18=VERTEX_LOOP('',#2162);
#19=VERTEX_LOOP('',#2165);
#20=VERTEX_LOOP('',#2167);
#21=VERTEX_LOOP('',#2169);
#22=CONICAL_SURFACE('',#3080,0.00125,1.02974425867665);
#23=CONICAL_SURFACE('',#3083,0.00125,1.02974425867665);
#24=CONICAL_SURFACE('',#3086,0.00125,1.02974425867665);
#25=CONICAL_SURFACE('',#3089,0.00125,1.02974425867665);
#26=CONICAL_SURFACE('',#3122,0.00125,1.02974425867665);
#27=CONICAL_SURFACE('',#3125,0.00125,1.02974425867665);
#28=CONICAL_SURFACE('',#3128,0.00125,1.02974425867665);
#29=CONICAL_SURFACE('',#3144,0.00125,1.02974425867665);
#30=CONICAL_SURFACE('',#3152,0.00125,1.02974425867665);
#31=CONICAL_SURFACE('',#3160,0.00125,1.02974425867665);
#32=(
BOUNDED_SURFACE()
B_SPLINE_SURFACE(3,2,((#4797,#4798,#4799),(#4800,#4801,#4802),(#4803,#4804,
#4805),(#4806,#4807,#4808),(#4809,#4810,#4811)),.UNSPECIFIED.,.F.,.F.,.F.)
B_SPLINE_SURFACE_WITH_KNOTS((4,1,4),(3,3),(-6.93889390390723E-17,0.00128382587379131,
0.00256765174758268),(0.,1.),.UNSPECIFIED.)
GEOMETRIC_REPRESENTATION_ITEM()
RATIONAL_B_SPLINE_SURFACE(((1.,0.707106781186523,1.),(1.,0.707106781186523,
1.),(1.,0.707106781186629,1.),(1.,0.707106781186547,1.),(1.,0.707106781186547,
1.)))
REPRESENTATION_ITEM('')
SURFACE()
);
#33=(
BOUNDED_SURFACE()
B_SPLINE_SURFACE(3,2,((#4815,#4816,#4817),(#4818,#4819,#4820),(#4821,#4822,
#4823),(#4824,#4825,#4826),(#4827,#4828,#4829)),.UNSPECIFIED.,.F.,.F.,.F.)
B_SPLINE_SURFACE_WITH_KNOTS((4,1,4),(3,3),(-4.05491612509579E-17,0.00128382587366995,
0.00256765174733994),(0.,1.),.UNSPECIFIED.)
GEOMETRIC_REPRESENTATION_ITEM()
RATIONAL_B_SPLINE_SURFACE(((1.,0.707106781186547,1.),(1.,0.707106781186547,
1.),(1.,0.70710678118656,1.),(1.,0.707106781186523,1.),(1.,0.707106781186523,
1.)))
REPRESENTATION_ITEM('')
SURFACE()
);
#34=(
BOUNDED_SURFACE()
B_SPLINE_SURFACE(3,2,((#4831,#4832,#4833),(#4834,#4835,#4836),(#4837,#4838,
#4839),(#4840,#4841,#4842),(#4843,#4844,#4845)),.UNSPECIFIED.,.F.,.F.,.F.)
B_SPLINE_SURFACE_WITH_KNOTS((4,1,4),(3,3),(-4.05491612509579E-17,0.00128382587377976,
0.00256765174755956),(0.,1.),.UNSPECIFIED.)
GEOMETRIC_REPRESENTATION_ITEM()
RATIONAL_B_SPLINE_SURFACE(((1.,0.707106781186547,1.),(1.,0.707106781186547,
1.),(1.,0.707106781186594,1.),(1.,0.707106781186523,1.),(1.,0.707106781186523,
1.)))
REPRESENTATION_ITEM('')
SURFACE()
);
#35=(
BOUNDED_SURFACE()
B_SPLINE_SURFACE(3,2,((#4848,#4849,#4850),(#4851,#4852,#4853),(#4854,#4855,
#4856),(#4857,#4858,#4859),(#4860,#4861,#4862)),.UNSPECIFIED.,.F.,.F.,.F.)
B_SPLINE_SURFACE_WITH_KNOTS((4,1,4),(3,3),(-6.93889390390723E-17,0.00128382587379131,
0.00256765174758268),(0.,1.),.UNSPECIFIED.)
GEOMETRIC_REPRESENTATION_ITEM()
RATIONAL_B_SPLINE_SURFACE(((1.,0.707106781186523,1.),(1.,0.707106781186523,
1.),(1.,0.707106781186629,1.),(1.,0.707106781186547,1.),(1.,0.707106781186547,
1.)))
REPRESENTATION_ITEM('')
SURFACE()
);
#36=B_SPLINE_SURFACE_WITH_KNOTS('',3,1,((#4731,#4732),(#4733,#4734),(#4735,
#4736),(#4737,#4738)),.SURF_OF_LINEAR_EXTRUSION.,.F.,.F.,.F.,(4,4),(2,2),
(0.880348580107612,1.11965141991211),(0.,1.),.PIECEWISE_BEZIER_KNOTS.);
#37=B_SPLINE_SURFACE_WITH_KNOTS('',3,1,((#4750,#4751),(#4752,#4753),(#4754,
#4755),(#4756,#4757)),.SURF_OF_LINEAR_EXTRUSION.,.F.,.F.,.F.,(4,4),(2,2),
(0.880348580087617,1.11965141991211),(0.,1.),.PIECEWISE_BEZIER_KNOTS.);
#38=B_SPLINE_SURFACE_WITH_KNOTS('',3,1,((#4763,#4764),(#4765,#4766),(#4767,
#4768),(#4769,#4770)),.SURF_OF_LINEAR_EXTRUSION.,.F.,.F.,.F.,(4,4),(2,2),
(0.880348580107613,1.11965141991211),(0.,1.),.PIECEWISE_BEZIER_KNOTS.);
#39=B_SPLINE_SURFACE_WITH_KNOTS('',3,1,((#4784,#4785),(#4786,#4787),(#4788,
#4789),(#4790,#4791)),.SURF_OF_LINEAR_EXTRUSION.,.F.,.F.,.F.,(4,4),(2,2),
(0.880348580087617,1.11965141991211),(0.,1.),.PIECEWISE_BEZIER_KNOTS.);
#40=B_SPLINE_SURFACE_WITH_KNOTS('',1,3,((#5000,#5001,#5002,#5003,#5004,
#5005),(#5006,#5007,#5008,#5009,#5010,#5011)),.RULED_SURF.,.F.,.F.,.F.,
(2,2),(4,2,4),(0.,1.),(-0.751879414294984,2.77555756156289E-16,0.751879414294984),
 .UNSPECIFIED.);
#41=B_SPLINE_SURFACE_WITH_KNOTS('',1,3,((#5016,#5017,#5018,#5019,#5020,
#5021),(#5022,#5023,#5024,#5025,#5026,#5027)),.RULED_SURF.,.F.,.F.,.F.,
(2,2),(4,2,4),(0.,1.),(-0.751879414294981,4.71844785465692E-15,0.751879414294991),
 .UNSPECIFIED.);
#42=B_SPLINE_SURFACE_WITH_KNOTS('',1,3,((#5042,#5043,#5044,#5045,#5046,
#5047),(#5048,#5049,#5050,#5051,#5052,#5053)),.RULED_SURF.,.F.,.F.,.F.,
(2,2),(4,2,4),(0.,1.),(-0.751879414294981,4.71844785465692E-15,0.751879414294991),
 .UNSPECIFIED.);
#43=B_SPLINE_SURFACE_WITH_KNOTS('',1,3,((#5058,#5059,#5060,#5061,#5062,
#5063),(#5064,#5065,#5066,#5067,#5068,#5069)),.RULED_SURF.,.F.,.F.,.F.,
(2,2),(4,2,4),(0.,1.),(-0.751879414294984,2.77555756156289E-16,0.751879414294984),
 .UNSPECIFIED.);
#44=SPHERICAL_SURFACE('',#3033,0.005);
#45=SPHERICAL_SURFACE('',#3035,0.005);
#46=SPHERICAL_SURFACE('',#3045,0.005);
#47=SPHERICAL_SURFACE('',#3047,0.005);
#48=OVER_RIDING_STYLED_ITEM('',(#2884),#2744,#2882);
#49=CYLINDRICAL_SURFACE('',#2938,0.0002);
#50=CYLINDRICAL_SURFACE('',#2939,0.0002);
#51=CYLINDRICAL_SURFACE('',#2947,0.0002);
#52=CYLINDRICAL_SURFACE('',#2949,0.0002);
#53=CYLINDRICAL_SURFACE('',#2964,0.0002);
#54=CYLINDRICAL_SURFACE('',#2965,0.0002);
#55=CYLINDRICAL_SURFACE('',#2966,0.0002);
#56=CYLINDRICAL_SURFACE('',#2968,0.0002);
#57=CYLINDRICAL_SURFACE('',#2995,0.002);
#58=CYLINDRICAL_SURFACE('',#2997,0.002);
#59=CYLINDRICAL_SURFACE('',#3004,0.002);
#60=CYLINDRICAL_SURFACE('',#3005,0.002);
#61=CYLINDRICAL_SURFACE('',#3022,0.003);
#62=CYLINDRICAL_SURFACE('',#3023,0.003);
#63=CYLINDRICAL_SURFACE('',#3024,0.003);
#64=CYLINDRICAL_SURFACE('',#3025,0.003);
#65=CYLINDRICAL_SURFACE('',#3026,0.005);
#66=CYLINDRICAL_SURFACE('',#3028,0.005);
#67=CYLINDRICAL_SURFACE('',#3030,0.005);
#68=CYLINDRICAL_SURFACE('',#3037,0.005);
#69=CYLINDRICAL_SURFACE('',#3039,0.005);
#70=CYLINDRICAL_SURFACE('',#3041,0.005);
#71=CYLINDRICAL_SURFACE('',#3043,0.005);
#72=CYLINDRICAL_SURFACE('',#3049,0.005);
#73=CYLINDRICAL_SURFACE('',#3055,0.0002);
#74=CYLINDRICAL_SURFACE('',#3058,0.0002);
#75=CYLINDRICAL_SURFACE('',#3082,0.00125);
#76=CYLINDRICAL_SURFACE('',#3085,0.00125);
#77=CYLINDRICAL_SURFACE('',#3088,0.00125);
#78=CYLINDRICAL_SURFACE('',#3091,0.00125);
#79=CYLINDRICAL_SURFACE('',#3102,0.00125);
#80=CYLINDRICAL_SURFACE('',#3105,0.00125);
#81=CYLINDRICAL_SURFACE('',#3108,0.00125);
#82=CYLINDRICAL_SURFACE('',#3109,0.00125);
#83=CYLINDRICAL_SURFACE('',#3112,0.00125);
#84=CYLINDRICAL_SURFACE('',#3115,0.00125);
#85=CYLINDRICAL_SURFACE('',#3124,0.00125);
#86=CYLINDRICAL_SURFACE('',#3127,0.00125);
#87=CYLINDRICAL_SURFACE('',#3130,0.00125);
#88=CYLINDRICAL_SURFACE('',#3131,0.01);
#89=CYLINDRICAL_SURFACE('',#3133,0.01);
#90=CYLINDRICAL_SURFACE('',#3136,0.012);
#91=CYLINDRICAL_SURFACE('',#3137,0.012);
#92=CYLINDRICAL_SURFACE('',#3138,0.012);
#93=CYLINDRICAL_SURFACE('',#3139,0.012);
#94=CYLINDRICAL_SURFACE('',#3140,0.012);
#95=CYLINDRICAL_SURFACE('',#3141,0.012);
#96=CYLINDRICAL_SURFACE('',#3142,0.00125);
#97=CYLINDRICAL_SURFACE('',#3148,0.01);
#98=CYLINDRICAL_SURFACE('',#3149,0.01);
#99=CYLINDRICAL_SURFACE('',#3150,0.00125);
#100=CYLINDRICAL_SURFACE('',#3156,0.01);
#101=CYLINDRICAL_SURFACE('',#3157,0.01);
#102=CYLINDRICAL_SURFACE('',#3158,0.00125);
#103=CIRCLE('',#2904,0.00125);
#104=CIRCLE('',#2905,0.00125);
#105=CIRCLE('',#2906,0.00125);
#106=CIRCLE('',#2911,0.012);
#107=CIRCLE('',#2912,0.012);
#108=CIRCLE('',#2913,0.012);
#109=CIRCLE('',#2914,0.012);
#110=CIRCLE('',#2915,0.012);
#111=CIRCLE('',#2916,0.012);
#112=CIRCLE('',#2937,0.012);
#113=CIRCLE('',#2940,0.0002);
#114=CIRCLE('',#2943,0.012);
#115=CIRCLE('',#2948,0.0002);
#116=CIRCLE('',#2959,0.012);
#117=CIRCLE('',#2960,0.012);
#118=CIRCLE('',#2962,0.012);
#119=CIRCLE('',#2963,0.012);
#120=CIRCLE('',#2967,0.0002);
#121=CIRCLE('',#2969,0.0002);
#122=CIRCLE('',#2986,0.002);
#123=CIRCLE('',#2987,0.002);
#124=CIRCLE('',#2988,0.002);
#125=CIRCLE('',#2989,0.002);
#126=CIRCLE('',#2999,0.00125);
#127=CIRCLE('',#3000,0.00125);
#128=CIRCLE('',#3001,0.00125);
#129=CIRCLE('',#3009,0.00125);
#130=CIRCLE('',#3010,0.00125);
#131=CIRCLE('',#3011,0.00125);
#132=CIRCLE('',#3027,0.005);
#133=CIRCLE('',#3029,0.005);
#134=CIRCLE('',#3031,0.005);
#135=CIRCLE('',#3032,0.005);
#136=CIRCLE('',#3034,0.005);
#137=CIRCLE('',#3036,0.005);
#138=CIRCLE('',#3038,0.005);
#139=CIRCLE('',#3040,0.005);
#140=CIRCLE('',#3042,0.005);
#141=CIRCLE('',#3044,0.005);
#142=CIRCLE('',#3046,0.005);
#143=CIRCLE('',#3048,0.005);
#144=CIRCLE('',#3054,0.0002);
#145=CIRCLE('',#3056,0.0002);
#146=CIRCLE('',#3057,0.0002);
#147=CIRCLE('',#3059,0.0002);
#148=CIRCLE('',#3061,0.00125);
#149=CIRCLE('',#3067,0.00125);
#150=CIRCLE('',#3073,0.00125);
#151=CIRCLE('',#3077,0.00125);
#152=CIRCLE('',#3081,0.00125);
#153=CIRCLE('',#3084,0.00125);
#154=CIRCLE('',#3087,0.00125);
#155=CIRCLE('',#3090,0.00125);
#156=CIRCLE('',#3101,0.00125);
#157=CIRCLE('',#3104,0.00125);
#158=CIRCLE('',#3107,0.00125);
#159=CIRCLE('',#3110,0.00125);
#160=CIRCLE('',#3113,0.00125);
#161=CIRCLE('',#3116,0.00125);
#162=CIRCLE('',#3123,0.00125);
#163=CIRCLE('',#3126,0.00125);
#164=CIRCLE('',#3129,0.00125);
#165=CIRCLE('',#3132,0.01);
#166=CIRCLE('',#3134,0.01);
#167=CIRCLE('',#3143,0.00125);
#168=CIRCLE('',#3146,0.01);
#169=CIRCLE('',#3147,0.01);
#170=CIRCLE('',#3151,0.00125);
#171=CIRCLE('',#3154,0.01);
#172=CIRCLE('',#3155,0.01);
#173=CIRCLE('',#3159,0.00125);
#174=LINE('',#3946,#424);
#175=LINE('',#3954,#425);
#176=LINE('',#3962,#426);
#177=LINE('',#3970,#427);
#178=LINE('',#3977,#428);
#179=LINE('',#3980,#429);
#180=LINE('',#3982,#430);
#181=LINE('',#3984,#431);
#182=LINE('',#3986,#432);
#183=LINE('',#3988,#433);
#184=LINE('',#3990,#434);
#185=LINE('',#3992,#435);
#186=LINE('',#3994,#436);
#187=LINE('',#3998,#437);
#188=LINE('',#4000,#438);
#189=LINE('',#4002,#439);
#190=LINE('',#4004,#440);
#191=LINE('',#4006,#441);
#192=LINE('',#4008,#442);
#193=LINE('',#4010,#443);
#194=LINE('',#4012,#444);
#195=LINE('',#4014,#445);
#196=LINE('',#4018,#446);
#197=LINE('',#4020,#447);
#198=LINE('',#4022,#448);
#199=LINE('',#4024,#449);
#200=LINE('',#4026,#450);
#201=LINE('',#4028,#451);
#202=LINE('',#4030,#452);
#203=LINE('',#4032,#453);
#204=LINE('',#4034,#454);
#205=LINE('',#4038,#455);
#206=LINE('',#4040,#456);
#207=LINE('',#4042,#457);
#208=LINE('',#4044,#458);
#209=LINE('',#4046,#459);
#210=LINE('',#4050,#460);
#211=LINE('',#4052,#461);
#212=LINE('',#4054,#462);
#213=LINE('',#4056,#463);
#214=LINE('',#4060,#464);
#215=LINE('',#4064,#465);
#216=LINE('',#4068,#466);
#217=LINE('',#4070,#467);
#218=LINE('',#4072,#468);
#219=LINE('',#4074,#469);
#220=LINE('',#4076,#470);
#221=LINE('',#4080,#471);
#222=LINE('',#4102,#472);
#223=LINE('',#4124,#473);
#224=LINE('',#4146,#474);
#225=LINE('',#4168,#475);
#226=LINE('',#4172,#476);
#227=LINE('',#4176,#477);
#228=LINE('',#4183,#478);
#229=LINE('',#4187,#479);
#230=LINE('',#4191,#480);
#231=LINE('',#4195,#481);
#232=LINE('',#4199,#482);
#233=LINE('',#4201,#483);
#234=LINE('',#4202,#484);
#235=LINE('',#4204,#485);
#236=LINE('',#4208,#486);
#237=LINE('',#4213,#487);
#238=LINE('',#4217,#488);
#239=LINE('',#4219,#489);
#240=LINE('',#4220,#490);
#241=LINE('',#4222,#491);
#242=LINE('',#4226,#492);
#243=LINE('',#4230,#493);
#244=LINE('',#4234,#494);
#245=LINE('',#4238,#495);
#246=LINE('',#4240,#496);
#247=LINE('',#4248,#497);
#248=LINE('',#4256,#498);
#249=LINE('',#4264,#499);
#250=LINE('',#4268,#500);
#251=LINE('',#4270,#501);
#252=LINE('',#4293,#502);
#253=LINE('',#4297,#503);
#254=LINE('',#4299,#504);
#255=LINE('',#4303,#505);
#256=LINE('',#4311,#506);
#257=LINE('',#4321,#507);
#258=LINE('',#4346,#508);
#259=LINE('',#4348,#509);
#260=LINE('',#4350,#510);
#261=LINE('',#4352,#511);
#262=LINE('',#4355,#512);
#263=LINE('',#4356,#513);
#264=LINE('',#4358,#514);
#265=LINE('',#4360,#515);
#266=LINE('',#4362,#516);
#267=LINE('',#4364,#517);
#268=LINE('',#4367,#518);
#269=LINE('',#4368,#519);
#270=LINE('',#4370,#520);
#271=LINE('',#4373,#521);
#272=LINE('',#4374,#522);
#273=LINE('',#4376,#523);
#274=LINE('',#4378,#524);
#275=LINE('',#4380,#525);
#276=LINE('',#4382,#526);
#277=LINE('',#4383,#527);
#278=LINE('',#4385,#528);
#279=LINE('',#4386,#529);
#280=LINE('',#4388,#530);
#281=LINE('',#4396,#531);
#282=LINE('',#4442,#532);
#283=LINE('',#4444,#533);
#284=LINE('',#4446,#534);
#285=LINE('',#4448,#535);
#286=LINE('',#4450,#536);
#287=LINE('',#4451,#537);
#288=LINE('',#4453,#538);
#289=LINE('',#4455,#539);
#290=LINE('',#4457,#540);
#291=LINE('',#4459,#541);
#292=LINE('',#4460,#542);
#293=LINE('',#4462,#543);
#294=LINE('',#4464,#544);
#295=LINE('',#4466,#545);
#296=LINE('',#4469,#546);
#297=LINE('',#4470,#547);
#298=LINE('',#4472,#548);
#299=LINE('',#4474,#549);
#300=LINE('',#4475,#550);
#301=LINE('',#4477,#551);
#302=LINE('',#4479,#552);
#303=LINE('',#4481,#553);
#304=LINE('',#4483,#554);
#305=LINE('',#4484,#555);
#306=LINE('',#4486,#556);
#307=LINE('',#4488,#557);
#308=LINE('',#4490,#558);
#309=LINE('',#4493,#559);
#310=LINE('',#4495,#560);
#311=LINE('',#4497,#561);
#312=LINE('',#4499,#562);
#313=LINE('',#4502,#563);
#314=LINE('',#4504,#564);
#315=LINE('',#4506,#565);
#316=LINE('',#4508,#566);
#317=LINE('',#4511,#567);
#318=LINE('',#4513,#568);
#319=LINE('',#4515,#569);
#320=LINE('',#4517,#570);
#321=LINE('',#4520,#571);
#322=LINE('',#4522,#572);
#323=LINE('',#4524,#573);
#324=LINE('',#4526,#574);
#325=LINE('',#4529,#575);
#326=LINE('',#4531,#576);
#327=LINE('',#4533,#577);
#328=LINE('',#4534,#578);
#329=LINE('',#4539,#579);
#330=LINE('',#4543,#580);
#331=LINE('',#4547,#581);
#332=LINE('',#4551,#582);
#333=LINE('',#4554,#583);
#334=LINE('',#4555,#584);
#335=LINE('',#4557,#585);
#336=LINE('',#4559,#586);
#337=LINE('',#4561,#587);
#338=LINE('',#4563,#588);
#339=LINE('',#4565,#589);
#340=LINE('',#4567,#590);
#341=LINE('',#4569,#591);
#342=LINE('',#4571,#592);
#343=LINE('',#4573,#593);
#344=LINE('',#4577,#594);
#345=LINE('',#4579,#595);
#346=LINE('',#4581,#596);
#347=LINE('',#4583,#597);
#348=LINE('',#4587,#598);
#349=LINE('',#4589,#599);
#350=LINE('',#4591,#600);
#351=LINE('',#4593,#601);
#352=LINE('',#4595,#602);
#353=LINE('',#4600,#603);
#354=LINE('',#4602,#604);
#355=LINE('',#4604,#605);
#356=LINE('',#4606,#606);
#357=LINE('',#4608,#607);
#358=LINE('',#4610,#608);
#359=LINE('',#4612,#609);
#360=LINE('',#4614,#610);
#361=LINE('',#4616,#611);
#362=LINE('',#4622,#612);
#363=LINE('',#4623,#613);
#364=LINE('',#4625,#614);
#365=LINE('',#4627,#615);
#366=LINE('',#4629,#616);
#367=LINE('',#4630,#617);
#368=LINE('',#4638,#618);
#369=LINE('',#4640,#619);
#370=LINE('',#4641,#620);
#371=LINE('',#4643,#621);
#372=LINE('',#4645,#622);
#373=LINE('',#4647,#623);
#374=LINE('',#4649,#624);
#375=LINE('',#4650,#625);
#376=LINE('',#4652,#626);
#377=LINE('',#4660,#627);
#378=LINE('',#4661,#628);
#379=LINE('',#4663,#629);
#380=LINE('',#4664,#630);
#381=LINE('',#4666,#631);
#382=LINE('',#4739,#632);
#383=LINE('',#4747,#633);
#384=LINE('',#4749,#634);
#385=LINE('',#4771,#635);
#386=LINE('',#4779,#636);
#387=LINE('',#4781,#637);
#388=LINE('',#4866,#638);
#389=LINE('',#4868,#639);
#390=LINE('',#4870,#640);
#391=LINE('',#4872,#641);
#392=LINE('',#4874,#642);
#393=LINE('',#4876,#643);
#394=LINE('',#4878,#644);
#395=LINE('',#4880,#645);
#396=LINE('',#4881,#646);
#397=LINE('',#4883,#647);
#398=LINE('',#4885,#648);
#399=LINE('',#4887,#649);
#400=LINE('',#4891,#650);
#401=LINE('',#4893,#651);
#402=LINE('',#4895,#652);
#403=LINE('',#4897,#653);
#404=LINE('',#4899,#654);
#405=LINE('',#4900,#655);
#406=LINE('',#4902,#656);
#407=LINE('',#4905,#657);
#408=LINE('',#4906,#658);
#409=LINE('',#4908,#659);
#410=LINE('',#4910,#660);
#411=LINE('',#4912,#661);
#412=LINE('',#4916,#662);
#413=LINE('',#4918,#663);
#414=LINE('',#4919,#664);
#415=LINE('',#4921,#665);
#416=LINE('',#4923,#666);
#417=LINE('',#4925,#667);
#418=LINE('',#4929,#668);
#419=LINE('',#4931,#669);
#420=LINE('',#4933,#670);
#421=LINE('',#4935,#671);
#422=LINE('',#4937,#672);
#423=LINE('',#4938,#673);
#424=VECTOR('',#3169,1.);
#425=VECTOR('',#3170,1.);
#426=VECTOR('',#3171,1.);
#427=VECTOR('',#3172,1.);
#428=VECTOR('',#3179,1.);
#429=VECTOR('',#3180,1.);
#430=VECTOR('',#3181,1.);
#431=VECTOR('',#3182,1.);
#432=VECTOR('',#3183,1.);
#433=VECTOR('',#3184,1.);
#434=VECTOR('',#3185,1.);
#435=VECTOR('',#3186,1.);
#436=VECTOR('',#3187,1.);
#437=VECTOR('',#3190,1.);
#438=VECTOR('',#3191,1.);
#439=VECTOR('',#3192,1.);
#440=VECTOR('',#3193,1.);
#441=VECTOR('',#3194,1.);
#442=VECTOR('',#3195,1.);
#443=VECTOR('',#3196,1.);
#444=VECTOR('',#3197,1.);
#445=VECTOR('',#3198,1.);
#446=VECTOR('',#3201,1.);
#447=VECTOR('',#3202,1.);
#448=VECTOR('',#3203,1.);
#449=VECTOR('',#3204,1.);
#450=VECTOR('',#3205,1.);
#451=VECTOR('',#3206,1.);
#452=VECTOR('',#3207,1.);
#453=VECTOR('',#3208,1.);
#454=VECTOR('',#3209,1.);
#455=VECTOR('',#3212,1.);
#456=VECTOR('',#3213,1.);
#457=VECTOR('',#3214,1.);
#458=VECTOR('',#3215,1.);
#459=VECTOR('',#3216,1.);
#460=VECTOR('',#3219,1.);
#461=VECTOR('',#3220,1.);
#462=VECTOR('',#3221,1.);
#463=VECTOR('',#3222,1.);
#464=VECTOR('',#3225,1.);
#465=VECTOR('',#3228,1.);
#466=VECTOR('',#3231,1.);
#467=VECTOR('',#3232,1.);
#468=VECTOR('',#3233,1.);
#469=VECTOR('',#3234,1.);
#470=VECTOR('',#3235,1.);
#471=VECTOR('',#3238,1.);
#472=VECTOR('',#3239,1.);
#473=VECTOR('',#3240,1.);
#474=VECTOR('',#3241,1.);
#475=VECTOR('',#3242,1.);
#476=VECTOR('',#3245,1.);
#477=VECTOR('',#3248,1.);
#478=VECTOR('',#3255,1.);
#479=VECTOR('',#3258,1.);
#480=VECTOR('',#3261,1.);
#481=VECTOR('',#3264,1.);
#482=VECTOR('',#3267,1.);
#483=VECTOR('',#3268,1.);
#484=VECTOR('',#3269,1.);
#485=VECTOR('',#3270,1.);
#486=VECTOR('',#3273,1.);
#487=VECTOR('',#3278,1.);
#488=VECTOR('',#3281,1.);
#489=VECTOR('',#3282,1.);
#490=VECTOR('',#3283,1.);
#491=VECTOR('',#3284,1.);
#492=VECTOR('',#3287,1.);
#493=VECTOR('',#3290,1.);
#494=VECTOR('',#3293,1.);
#495=VECTOR('',#3296,1.);
#496=VECTOR('',#3299,1.);
#497=VECTOR('',#3308,1.);
#498=VECTOR('',#3309,1.);
#499=VECTOR('',#3310,1.);
#500=VECTOR('',#3313,1.);
#501=VECTOR('',#3314,1.);
#502=VECTOR('',#3323,1.);
#503=VECTOR('',#3326,1.);
#504=VECTOR('',#3327,1.);
#505=VECTOR('',#3330,1.);
#506=VECTOR('',#3331,1.);
#507=VECTOR('',#3336,1.);
#508=VECTOR('',#3347,1.);
#509=VECTOR('',#3348,1.);
#510=VECTOR('',#3349,1.);
#511=VECTOR('',#3352,1.);
#512=VECTOR('',#3353,1.);
#513=VECTOR('',#3354,1.);
#514=VECTOR('',#3357,1.);
#515=VECTOR('',#3358,1.);
#516=VECTOR('',#3359,1.);
#517=VECTOR('',#3362,1.);
#518=VECTOR('',#3363,1.);
#519=VECTOR('',#3364,1.);
#520=VECTOR('',#3367,1.);
#521=VECTOR('',#3368,1.);
#522=VECTOR('',#3369,1.);
#523=VECTOR('',#3372,1.);
#524=VECTOR('',#3373,1.);
#525=VECTOR('',#3374,1.);
#526=VECTOR('',#3377,1.);
#527=VECTOR('',#3378,1.);
#528=VECTOR('',#3381,1.);
#529=VECTOR('',#3382,1.);
#530=VECTOR('',#3385,1.);
#531=VECTOR('',#3394,1.);
#532=VECTOR('',#3411,1.);
#533=VECTOR('',#3412,1.);
#534=VECTOR('',#3413,1.);
#535=VECTOR('',#3414,1.);
#536=VECTOR('',#3415,1.);
#537=VECTOR('',#3416,1.);
#538=VECTOR('',#3417,1.);
#539=VECTOR('',#3418,1.);
#540=VECTOR('',#3419,1.);
#541=VECTOR('',#3420,1.);
#542=VECTOR('',#3421,1.);
#543=VECTOR('',#3422,1.);
#544=VECTOR('',#3423,1.);
#545=VECTOR('',#3426,1.);
#546=VECTOR('',#3427,1.);
#547=VECTOR('',#3428,1.);
#548=VECTOR('',#3429,1.);
#549=VECTOR('',#3430,1.);
#550=VECTOR('',#3431,1.);
#551=VECTOR('',#3432,1.);
#552=VECTOR('',#3433,1.);
#553=VECTOR('',#3434,1.);
#554=VECTOR('',#3435,1.);
#555=VECTOR('',#3436,1.);
#556=VECTOR('',#3437,1.);
#557=VECTOR('',#3438,1.);
#558=VECTOR('',#3441,1.);
#559=VECTOR('',#3442,1.);
#560=VECTOR('',#3443,1.);
#561=VECTOR('',#3444,1.);
#562=VECTOR('',#3447,1.);
#563=VECTOR('',#3448,1.);
#564=VECTOR('',#3449,1.);
#565=VECTOR('',#3450,1.);
#566=VECTOR('',#3453,1.);
#567=VECTOR('',#3454,1.);
#568=VECTOR('',#3455,1.);
#569=VECTOR('',#3456,1.);
#570=VECTOR('',#3459,1.);
#571=VECTOR('',#3460,1.);
#572=VECTOR('',#3461,1.);
#573=VECTOR('',#3462,1.);
#574=VECTOR('',#3465,1.);
#575=VECTOR('',#3466,1.);
#576=VECTOR('',#3467,1.);
#577=VECTOR('',#3468,1.);
#578=VECTOR('',#3469,1.);
#579=VECTOR('',#3472,1.);
#580=VECTOR('',#3475,1.);
#581=VECTOR('',#3478,1.);
#582=VECTOR('',#3483,1.);
#583=VECTOR('',#3484,1.);
#584=VECTOR('',#3485,1.);
#585=VECTOR('',#3488,1.);
#586=VECTOR('',#3489,1.);
#587=VECTOR('',#3490,1.);
#588=VECTOR('',#3493,1.);
#589=VECTOR('',#3494,1.);
#590=VECTOR('',#3495,1.);
#591=VECTOR('',#3498,1.);
#592=VECTOR('',#3499,1.);
#593=VECTOR('',#3500,1.);
#594=VECTOR('',#3505,1.);
#595=VECTOR('',#3506,1.);
#596=VECTOR('',#3507,1.);
#597=VECTOR('',#3508,1.);
#598=VECTOR('',#3511,1.);
#599=VECTOR('',#3512,1.);
#600=VECTOR('',#3513,1.);
#601=VECTOR('',#3514,1.);
#602=VECTOR('',#3515,1.);
#603=VECTOR('',#3520,1.);
#604=VECTOR('',#3521,1.);
#605=VECTOR('',#3522,1.);
#606=VECTOR('',#3523,1.);
#607=VECTOR('',#3524,1.);
#608=VECTOR('',#3525,1.);
#609=VECTOR('',#3526,1.);
#610=VECTOR('',#3527,1.);
#611=VECTOR('',#3528,1.);
#612=VECTOR('',#3539,1.);
#613=VECTOR('',#3540,1.);
#614=VECTOR('',#3543,1.);
#615=VECTOR('',#3546,1.);
#616=VECTOR('',#3549,1.);
#617=VECTOR('',#3550,1.);
#618=VECTOR('',#3559,1.);
#619=VECTOR('',#3562,1.);
#620=VECTOR('',#3563,1.);
#621=VECTOR('',#3566,1.);
#622=VECTOR('',#3569,1.);
#623=VECTOR('',#3572,1.);
#624=VECTOR('',#3575,1.);
#625=VECTOR('',#3576,1.);
#626=VECTOR('',#3579,1.);
#627=VECTOR('',#3588,1.);
#628=VECTOR('',#3589,1.);
#629=VECTOR('',#3592,1.);
#630=VECTOR('',#3593,1.);
#631=VECTOR('',#3596,1.);
#632=VECTOR('',#3669,1.);
#633=VECTOR('',#3672,1.);
#634=VECTOR('',#3673,1.);
#635=VECTOR('',#3674,1.);
#636=VECTOR('',#3677,1.);
#637=VECTOR('',#3678,1.);
#638=VECTOR('',#3699,1.);
#639=VECTOR('',#3700,1.);
#640=VECTOR('',#3701,1.);
#641=VECTOR('',#3704,1.);
#642=VECTOR('',#3705,1.);
#643=VECTOR('',#3708,1.);
#644=VECTOR('',#3709,1.);
#645=VECTOR('',#3712,1.);
#646=VECTOR('',#3713,1.);
#647=VECTOR('',#3716,1.);
#648=VECTOR('',#3717,1.);
#649=VECTOR('',#3718,1.);
#650=VECTOR('',#3723,1.);
#651=VECTOR('',#3724,1.);
#652=VECTOR('',#3727,1.);
#653=VECTOR('',#3728,1.);
#654=VECTOR('',#3731,1.);
#655=VECTOR('',#3732,1.);
#656=VECTOR('',#3735,1.);
#657=VECTOR('',#3736,1.);
#658=VECTOR('',#3737,1.);
#659=VECTOR('',#3740,1.);
#660=VECTOR('',#3741,1.);
#661=VECTOR('',#3742,1.);
#662=VECTOR('',#3747,1.);
#663=VECTOR('',#3750,1.);
#664=VECTOR('',#3751,1.);
#665=VECTOR('',#3754,1.);
#666=VECTOR('',#3755,1.);
#667=VECTOR('',#3756,1.);
#668=VECTOR('',#3761,1.);
#669=VECTOR('',#3762,1.);
#670=VECTOR('',#3765,1.);
#671=VECTOR('',#3766,1.);
#672=VECTOR('',#3769,1.);
#673=VECTOR('',#3770,1.);
#674=B_SPLINE_CURVE_WITH_KNOTS('',3,(#3939,#3940,#3941,#3942,#3943),
 .UNSPECIFIED.,.F.,.F.,(4,1,4),(0.,0.5,1.),.UNSPECIFIED.);
#675=B_SPLINE_CURVE_WITH_KNOTS('',3,(#3948,#3949,#3950,#3951,#3952),
 .UNSPECIFIED.,.F.,.F.,(4,1,4),(0.,0.5,1.),.UNSPECIFIED.);
#676=B_SPLINE_CURVE_WITH_KNOTS('',3,(#3956,#3957,#3958,#3959,#3960),
 .UNSPECIFIED.,.F.,.F.,(4,1,4),(0.,0.5,1.),.UNSPECIFIED.);
#677=B_SPLINE_CURVE_WITH_KNOTS('',3,(#3964,#3965,#3966,#3967,#3968),
 .UNSPECIFIED.,.F.,.F.,(4,1,4),(0.,0.5,1.),.UNSPECIFIED.);
#678=B_SPLINE_CURVE_WITH_KNOTS('',3,(#4082,#4083,#4084,#4085,#4086,#4087,
#4088,#4089,#4090,#4091,#4092,#4093,#4094,#4095,#4096,#4097,#4098,#4099,
#4100),.UNSPECIFIED.,.F.,.F.,(4,1,1,1,1,1,1,3,1,1,1,1,1,1,4),(0.880348580087617,
0.890625,0.90625,0.921875,0.9375,0.96875,0.984375,1.,1.015625,1.03125,1.0625,
1.078125,1.09375,1.109375,1.11965141991211),.UNSPECIFIED.);
#679=B_SPLINE_CURVE_WITH_KNOTS('',3,(#4104,#4105,#4106,#4107,#4108,#4109,
#4110,#4111,#4112,#4113,#4114,#4115,#4116,#4117,#4118,#4119,#4120,#4121,
#4122),.UNSPECIFIED.,.F.,.F.,(4,1,1,1,1,1,1,3,1,1,1,1,1,1,4),(0.880348580107612,
0.890625,0.90625,0.921875,0.9375,0.96875,0.984375,1.,1.015625,1.03125,1.0625,
1.078125,1.09375,1.109375,1.11965141991211),.UNSPECIFIED.);
#680=B_SPLINE_CURVE_WITH_KNOTS('',3,(#4126,#4127,#4128,#4129,#4130,#4131,
#4132,#4133,#4134,#4135,#4136,#4137,#4138,#4139,#4140,#4141,#4142,#4143,
#4144),.UNSPECIFIED.,.F.,.F.,(4,1,1,1,1,1,1,3,1,1,1,1,1,1,4),(0.880348580087617,
0.890625,0.90625,0.921875,0.9375,0.96875,0.984375,1.,1.015625,1.03125,1.0625,
1.078125,1.09375,1.109375,1.11965141991211),.UNSPECIFIED.);
#681=B_SPLINE_CURVE_WITH_KNOTS('',3,(#4148,#4149,#4150,#4151,#4152,#4153,
#4154,#4155,#4156,#4157,#4158,#4159,#4160,#4161,#4162,#4163,#4164,#4165,
#4166),.UNSPECIFIED.,.F.,.F.,(4,1,1,1,1,1,1,3,1,1,1,1,1,1,4),(0.880348580107613,
0.890625,0.90625,0.921875,0.9375,0.96875,0.984375,1.,1.015625,1.03125,1.0625,
1.078125,1.09375,1.109375,1.11965141991211),.UNSPECIFIED.);
#682=B_SPLINE_CURVE_WITH_KNOTS('',3,(#4250,#4251,#4252,#4253,#4254),
 .UNSPECIFIED.,.F.,.F.,(4,1,4),(0.,0.00129553721988101,0.00259107443976201),
 .UNSPECIFIED.);
#683=B_SPLINE_CURVE_WITH_KNOTS('',3,(#4258,#4259,#4260,#4261,#4262),
 .UNSPECIFIED.,.F.,.F.,(4,1,4),(0.,0.00129553721989287,0.00259107443978574),
 .UNSPECIFIED.);
#684=B_SPLINE_CURVE_WITH_KNOTS('',3,(#4272,#4273,#4274,#4275,#4276,#4277),
 .UNSPECIFIED.,.F.,.F.,(4,1,1,4),(0.,0.000180465624899846,0.000360931249799692,
0.000721862499599384),.UNSPECIFIED.);
#685=B_SPLINE_CURVE_WITH_KNOTS('',3,(#4278,#4279,#4280,#4281,#4282,#4283),
 .UNSPECIFIED.,.F.,.F.,(4,1,1,4),(0.,0.000356515558093091,0.000534773337139637,
0.000713031116186183),.UNSPECIFIED.);
#686=B_SPLINE_CURVE_WITH_KNOTS('',3,(#4285,#4286,#4287,#4288,#4289,#4290),
 .UNSPECIFIED.,.F.,.F.,(4,1,1,4),(0.,0.0003565155580931,0.000534773337139649,
0.000713031116186199),.UNSPECIFIED.);
#687=B_SPLINE_CURVE_WITH_KNOTS('',3,(#4305,#4306,#4307,#4308,#4309),
 .UNSPECIFIED.,.F.,.F.,(4,1,4),(0.,0.0012955372197781,0.00259107443955621),
 .UNSPECIFIED.);
#688=B_SPLINE_CURVE_WITH_KNOTS('',3,(#4313,#4314,#4315,#4316,#4317),
 .UNSPECIFIED.,.F.,.F.,(4,1,4),(0.,0.00129553880862331,0.00259107761724661),
 .UNSPECIFIED.);
#689=B_SPLINE_CURVE_WITH_KNOTS('',3,(#4325,#4326,#4327,#4328,#4329,#4330),
 .UNSPECIFIED.,.F.,.F.,(4,1,1,4),(0.,0.000180465624899812,0.000360931249799623,
0.000721862499599247),.UNSPECIFIED.);
#690=B_SPLINE_CURVE_WITH_KNOTS('',3,(#4333,#4334,#4335,#4336,#4337,#4338),
 .UNSPECIFIED.,.F.,.F.,(4,1,1,4),(0.,0.000356515558093106,0.000534773337139659,
0.000713031116186212),.UNSPECIFIED.);
#691=B_SPLINE_CURVE_WITH_KNOTS('',3,(#4339,#4340,#4341,#4342,#4343,#4344),
 .UNSPECIFIED.,.F.,.F.,(4,1,1,4),(0.,0.000180465624899732,0.000360931249799465,
0.000721862499598929),.UNSPECIFIED.);
#692=B_SPLINE_CURVE_WITH_KNOTS('',3,(#4400,#4401,#4402,#4403,#4404,#4405),
 .UNSPECIFIED.,.F.,.F.,(4,1,1,4),(0.,0.000178190945099649,0.000356381890199297,
0.000712763780398595),.UNSPECIFIED.);
#693=B_SPLINE_CURVE_WITH_KNOTS('',3,(#4406,#4407,#4408,#4409,#4410,#4411),
 .UNSPECIFIED.,.F.,.F.,(4,1,1,4),(5.58472060355807E-6,0.000356812108990962,
0.000532425803184665,0.000708039497378367),.UNSPECIFIED.);
#694=B_SPLINE_CURVE_WITH_KNOTS('',3,(#4413,#4414,#4415,#4416,#4417,#4418),
 .UNSPECIFIED.,.F.,.F.,(4,1,1,4),(5.58472060353213E-6,0.000356812108990956,
0.000532425803184668,0.000708039497378379),.UNSPECIFIED.);
#695=B_SPLINE_CURVE_WITH_KNOTS('',3,(#4419,#4420,#4421,#4422,#4423,#4424),
 .UNSPECIFIED.,.F.,.F.,(4,1,1,4),(0.,0.000178190945099649,0.000356381890199297,
0.000712763780398595),.UNSPECIFIED.);
#696=B_SPLINE_CURVE_WITH_KNOTS('',3,(#4426,#4427,#4428,#4429,#4430,#4431),
 .UNSPECIFIED.,.F.,.F.,(4,1,1,4),(0.,0.000178190945099652,0.000356381890199304,
0.000712763780398607),.UNSPECIFIED.);
#697=B_SPLINE_CURVE_WITH_KNOTS('',3,(#4434,#4435,#4436,#4437,#4438,#4439),
 .UNSPECIFIED.,.F.,.F.,(4,1,1,4),(5.58472060354487E-6,0.000356812108990951,
0.000532425803184654,0.000708039497378357),.UNSPECIFIED.);
#698=B_SPLINE_CURVE_WITH_KNOTS('',3,(#4680,#4681,#4682,#4683,#4684,#4685,
#4686),.UNSPECIFIED.,.F.,.F.,(4,1,1,1,4),(0.,0.25,0.5,0.75,1.),
 .UNSPECIFIED.);
#699=B_SPLINE_CURVE_WITH_KNOTS('',3,(#4689,#4690,#4691,#4692,#4693,#4694,
#4695),.UNSPECIFIED.,.F.,.F.,(4,1,1,1,4),(0.,0.25,0.5,0.75,1.),
 .UNSPECIFIED.);
#700=B_SPLINE_CURVE_WITH_KNOTS('',3,(#4707,#4708,#4709,#4710,#4711,#4712,
#4713),.UNSPECIFIED.,.F.,.F.,(4,1,1,1,4),(0.,0.25,0.5,0.75,1.),
 .UNSPECIFIED.);
#701=B_SPLINE_CURVE_WITH_KNOTS('',3,(#4716,#4717,#4718,#4719,#4720,#4721,
#4722),.UNSPECIFIED.,.F.,.F.,(4,1,1,1,4),(0.,0.25,0.5,0.75,1.),
 .UNSPECIFIED.);
#702=B_SPLINE_CURVE_WITH_KNOTS('',3,(#4741,#4742,#4743,#4744,#4745),
 .UNSPECIFIED.,.F.,.F.,(4,1,4),(-5.99999999250076E-8,0.00144014594166505,
0.00288035188333002),.UNSPECIFIED.);
#703=B_SPLINE_CURVE_WITH_KNOTS('',3,(#4758,#4759,#4760,#4761,#4762),
 .UNSPECIFIED.,.F.,.F.,(4,1,4),(-6.00000000360332E-8,0.00144014594169005,
0.00288035188338014),.UNSPECIFIED.);
#704=B_SPLINE_CURVE_WITH_KNOTS('',3,(#4773,#4774,#4775,#4776,#4777),
 .UNSPECIFIED.,.F.,.F.,(4,1,4),(-5.99999999250076E-8,0.00144014594155516,
0.00288035188311024),.UNSPECIFIED.);
#705=B_SPLINE_CURVE_WITH_KNOTS('',3,(#4792,#4793,#4794,#4795,#4796),
 .UNSPECIFIED.,.F.,.F.,(4,1,4),(-6.00000000360332E-8,0.00144014594169005,
0.00288035188338014),.UNSPECIFIED.);
#706=B_SPLINE_CURVE_WITH_KNOTS('',3,(#4992,#4993,#4994,#4995),
 .UNSPECIFIED.,.F.,.F.,(4,4),(0.,1.),.UNSPECIFIED.);
#707=B_SPLINE_CURVE_WITH_KNOTS('',3,(#4996,#4997,#4998,#4999),
 .UNSPECIFIED.,.F.,.F.,(4,4),(0.,1.),.UNSPECIFIED.);
#708=B_SPLINE_CURVE_WITH_KNOTS('',3,(#5012,#5013,#5014,#5015),
 .UNSPECIFIED.,.F.,.F.,(4,4),(0.,1.),.UNSPECIFIED.);
#709=B_SPLINE_CURVE_WITH_KNOTS('',3,(#5028,#5029,#5030,#5031),
 .UNSPECIFIED.,.F.,.F.,(4,4),(0.,1.),.UNSPECIFIED.);
#710=B_SPLINE_CURVE_WITH_KNOTS('',3,(#5033,#5034,#5035,#5036),
 .UNSPECIFIED.,.F.,.F.,(4,4),(0.,1.),.UNSPECIFIED.);
#711=B_SPLINE_CURVE_WITH_KNOTS('',3,(#5038,#5039,#5040,#5041),
 .UNSPECIFIED.,.F.,.F.,(4,4),(0.,1.),.UNSPECIFIED.);
#712=B_SPLINE_CURVE_WITH_KNOTS('',3,(#5054,#5055,#5056,#5057),
 .UNSPECIFIED.,.F.,.F.,(4,4),(0.,1.),.UNSPECIFIED.);
#713=B_SPLINE_CURVE_WITH_KNOTS('',3,(#5070,#5071,#5072,#5073),
 .UNSPECIFIED.,.F.,.F.,(4,4),(0.,1.),.UNSPECIFIED.);
#714=ORIENTED_EDGE('',*,*,#1502,.F.);
#715=ORIENTED_EDGE('',*,*,#1503,.F.);
#716=ORIENTED_EDGE('',*,*,#1504,.T.);
#717=ORIENTED_EDGE('',*,*,#1505,.T.);
#718=ORIENTED_EDGE('',*,*,#1506,.T.);
#719=ORIENTED_EDGE('',*,*,#1507,.T.);
#720=ORIENTED_EDGE('',*,*,#1508,.T.);
#721=ORIENTED_EDGE('',*,*,#1509,.T.);
#722=ORIENTED_EDGE('',*,*,#1510,.T.);
#723=ORIENTED_EDGE('',*,*,#1511,.T.);
#724=ORIENTED_EDGE('',*,*,#1512,.T.);
#725=ORIENTED_EDGE('',*,*,#1513,.T.);
#726=ORIENTED_EDGE('',*,*,#1514,.T.);
#727=ORIENTED_EDGE('',*,*,#1515,.T.);
#728=ORIENTED_EDGE('',*,*,#1516,.T.);
#729=ORIENTED_EDGE('',*,*,#1517,.T.);
#730=ORIENTED_EDGE('',*,*,#1518,.T.);
#731=ORIENTED_EDGE('',*,*,#1519,.T.);
#732=ORIENTED_EDGE('',*,*,#1520,.T.);
#733=ORIENTED_EDGE('',*,*,#1521,.T.);
#734=ORIENTED_EDGE('',*,*,#1522,.T.);
#735=ORIENTED_EDGE('',*,*,#1523,.T.);
#736=ORIENTED_EDGE('',*,*,#1524,.F.);
#737=ORIENTED_EDGE('',*,*,#1525,.T.);
#738=ORIENTED_EDGE('',*,*,#1526,.F.);
#739=ORIENTED_EDGE('',*,*,#1527,.T.);
#740=ORIENTED_EDGE('',*,*,#1528,.T.);
#741=ORIENTED_EDGE('',*,*,#1529,.F.);
#742=ORIENTED_EDGE('',*,*,#1530,.T.);
#743=ORIENTED_EDGE('',*,*,#1531,.F.);
#744=ORIENTED_EDGE('',*,*,#1532,.T.);
#745=ORIENTED_EDGE('',*,*,#1533,.T.);
#746=ORIENTED_EDGE('',*,*,#1534,.F.);
#747=ORIENTED_EDGE('',*,*,#1535,.F.);
#748=ORIENTED_EDGE('',*,*,#1536,.T.);
#749=ORIENTED_EDGE('',*,*,#1537,.F.);
#750=ORIENTED_EDGE('',*,*,#1538,.T.);
#751=ORIENTED_EDGE('',*,*,#1539,.F.);
#752=ORIENTED_EDGE('',*,*,#1540,.T.);
#753=ORIENTED_EDGE('',*,*,#1541,.F.);
#754=ORIENTED_EDGE('',*,*,#1542,.T.);
#755=ORIENTED_EDGE('',*,*,#1543,.F.);
#756=ORIENTED_EDGE('',*,*,#1544,.F.);
#757=ORIENTED_EDGE('',*,*,#1545,.T.);
#758=ORIENTED_EDGE('',*,*,#1546,.F.);
#759=ORIENTED_EDGE('',*,*,#1547,.T.);
#760=ORIENTED_EDGE('',*,*,#1548,.T.);
#761=ORIENTED_EDGE('',*,*,#1549,.F.);
#762=ORIENTED_EDGE('',*,*,#1550,.F.);
#763=ORIENTED_EDGE('',*,*,#1551,.T.);
#764=ORIENTED_EDGE('',*,*,#1552,.T.);
#765=ORIENTED_EDGE('',*,*,#1553,.T.);
#766=ORIENTED_EDGE('',*,*,#1554,.T.);
#767=ORIENTED_EDGE('',*,*,#1555,.F.);
#768=ORIENTED_EDGE('',*,*,#1556,.T.);
#769=ORIENTED_EDGE('',*,*,#1557,.F.);
#770=ORIENTED_EDGE('',*,*,#1558,.T.);
#771=ORIENTED_EDGE('',*,*,#1559,.F.);
#772=ORIENTED_EDGE('',*,*,#1560,.T.);
#773=ORIENTED_EDGE('',*,*,#1561,.F.);
#774=ORIENTED_EDGE('',*,*,#1562,.F.);
#775=ORIENTED_EDGE('',*,*,#1563,.T.);
#776=ORIENTED_EDGE('',*,*,#1564,.T.);
#777=ORIENTED_EDGE('',*,*,#1565,.F.);
#778=ORIENTED_EDGE('',*,*,#1566,.T.);
#779=ORIENTED_EDGE('',*,*,#1567,.F.);
#780=ORIENTED_EDGE('',*,*,#1568,.F.);
#781=ORIENTED_EDGE('',*,*,#1569,.F.);
#782=ORIENTED_EDGE('',*,*,#1570,.F.);
#783=ORIENTED_EDGE('',*,*,#1571,.F.);
#784=ORIENTED_EDGE('',*,*,#1572,.T.);
#785=ORIENTED_EDGE('',*,*,#1573,.F.);
#786=ORIENTED_EDGE('',*,*,#1574,.T.);
#787=ORIENTED_EDGE('',*,*,#1575,.F.);
#788=ORIENTED_EDGE('',*,*,#1576,.T.);
#789=ORIENTED_EDGE('',*,*,#1577,.F.);
#790=ORIENTED_EDGE('',*,*,#1578,.T.);
#791=ORIENTED_EDGE('',*,*,#1579,.F.);
#792=ORIENTED_EDGE('',*,*,#1580,.F.);
#793=ORIENTED_EDGE('',*,*,#1581,.T.);
#794=ORIENTED_EDGE('',*,*,#1582,.F.);
#795=ORIENTED_EDGE('',*,*,#1583,.F.);
#796=ORIENTED_EDGE('',*,*,#1584,.F.);
#797=ORIENTED_EDGE('',*,*,#1585,.T.);
#798=ORIENTED_EDGE('',*,*,#1586,.F.);
#799=ORIENTED_EDGE('',*,*,#1587,.F.);
#800=ORIENTED_EDGE('',*,*,#1588,.F.);
#801=ORIENTED_EDGE('',*,*,#1589,.T.);
#802=ORIENTED_EDGE('',*,*,#1590,.T.);
#803=ORIENTED_EDGE('',*,*,#1570,.T.);
#804=ORIENTED_EDGE('',*,*,#1591,.F.);
#805=ORIENTED_EDGE('',*,*,#1592,.T.);
#806=ORIENTED_EDGE('',*,*,#1593,.F.);
#807=ORIENTED_EDGE('',*,*,#1594,.F.);
#808=ORIENTED_EDGE('',*,*,#1595,.F.);
#809=ORIENTED_EDGE('',*,*,#1596,.F.);
#810=ORIENTED_EDGE('',*,*,#1597,.F.);
#811=ORIENTED_EDGE('',*,*,#1598,.F.);
#812=ORIENTED_EDGE('',*,*,#1599,.T.);
#813=ORIENTED_EDGE('',*,*,#1562,.T.);
#814=ORIENTED_EDGE('',*,*,#1600,.F.);
#815=ORIENTED_EDGE('',*,*,#1601,.F.);
#816=ORIENTED_EDGE('',*,*,#1602,.F.);
#817=ORIENTED_EDGE('',*,*,#1603,.F.);
#818=ORIENTED_EDGE('',*,*,#1604,.F.);
#819=ORIENTED_EDGE('',*,*,#1605,.F.);
#820=ORIENTED_EDGE('',*,*,#1606,.F.);
#821=ORIENTED_EDGE('',*,*,#1607,.F.);
#822=ORIENTED_EDGE('',*,*,#1608,.F.);
#823=ORIENTED_EDGE('',*,*,#1609,.F.);
#824=ORIENTED_EDGE('',*,*,#1610,.T.);
#825=ORIENTED_EDGE('',*,*,#1611,.T.);
#826=ORIENTED_EDGE('',*,*,#1609,.T.);
#827=ORIENTED_EDGE('',*,*,#1612,.T.);
#828=ORIENTED_EDGE('',*,*,#1598,.T.);
#829=ORIENTED_EDGE('',*,*,#1613,.T.);
#830=ORIENTED_EDGE('',*,*,#1614,.T.);
#831=ORIENTED_EDGE('',*,*,#1615,.T.);
#832=ORIENTED_EDGE('',*,*,#1616,.T.);
#833=ORIENTED_EDGE('',*,*,#1617,.T.);
#834=ORIENTED_EDGE('',*,*,#1618,.T.);
#835=ORIENTED_EDGE('',*,*,#1619,.T.);
#836=ORIENTED_EDGE('',*,*,#1620,.F.);
#837=ORIENTED_EDGE('',*,*,#1621,.F.);
#838=ORIENTED_EDGE('',*,*,#1581,.F.);
#839=ORIENTED_EDGE('',*,*,#1622,.T.);
#840=ORIENTED_EDGE('',*,*,#1610,.F.);
#841=ORIENTED_EDGE('',*,*,#1623,.T.);
#842=ORIENTED_EDGE('',*,*,#1614,.F.);
#843=ORIENTED_EDGE('',*,*,#1624,.T.);
#844=ORIENTED_EDGE('',*,*,#1592,.F.);
#845=ORIENTED_EDGE('',*,*,#1625,.T.);
#846=ORIENTED_EDGE('',*,*,#1626,.T.);
#847=ORIENTED_EDGE('',*,*,#1627,.T.);
#848=ORIENTED_EDGE('',*,*,#1601,.T.);
#849=ORIENTED_EDGE('',*,*,#1628,.T.);
#850=ORIENTED_EDGE('',*,*,#1629,.F.);
#851=ORIENTED_EDGE('',*,*,#1630,.T.);
#852=ORIENTED_EDGE('',*,*,#1631,.T.);
#853=ORIENTED_EDGE('',*,*,#1632,.T.);
#854=ORIENTED_EDGE('',*,*,#1633,.T.);
#855=ORIENTED_EDGE('',*,*,#1634,.T.);
#856=ORIENTED_EDGE('',*,*,#1605,.T.);
#857=ORIENTED_EDGE('',*,*,#1635,.T.);
#858=ORIENTED_EDGE('',*,*,#1636,.T.);
#859=ORIENTED_EDGE('',*,*,#1637,.T.);
#860=ORIENTED_EDGE('',*,*,#1589,.F.);
#861=ORIENTED_EDGE('',*,*,#1638,.T.);
#862=ORIENTED_EDGE('',*,*,#1626,.F.);
#863=ORIENTED_EDGE('',*,*,#1639,.F.);
#864=ORIENTED_EDGE('',*,*,#1636,.F.);
#865=ORIENTED_EDGE('',*,*,#1640,.T.);
#866=ORIENTED_EDGE('',*,*,#1585,.F.);
#867=ORIENTED_EDGE('',*,*,#1641,.T.);
#868=ORIENTED_EDGE('',*,*,#1558,.F.);
#869=ORIENTED_EDGE('',*,*,#1642,.T.);
#870=ORIENTED_EDGE('',*,*,#1643,.T.);
#871=ORIENTED_EDGE('',*,*,#1644,.T.);
#872=ORIENTED_EDGE('',*,*,#1645,.T.);
#873=ORIENTED_EDGE('',*,*,#1646,.T.);
#874=ORIENTED_EDGE('',*,*,#1576,.F.);
#875=ORIENTED_EDGE('',*,*,#1647,.T.);
#876=ORIENTED_EDGE('',*,*,#1566,.F.);
#877=ORIENTED_EDGE('',*,*,#1648,.T.);
#878=ORIENTED_EDGE('',*,*,#1649,.T.);
#879=ORIENTED_EDGE('',*,*,#1650,.T.);
#880=ORIENTED_EDGE('',*,*,#1651,.T.);
#881=ORIENTED_EDGE('',*,*,#1652,.T.);
#882=ORIENTED_EDGE('',*,*,#1574,.F.);
#883=ORIENTED_EDGE('',*,*,#1653,.F.);
#884=ORIENTED_EDGE('',*,*,#1654,.T.);
#885=ORIENTED_EDGE('',*,*,#1655,.T.);
#886=ORIENTED_EDGE('',*,*,#1556,.F.);
#887=ORIENTED_EDGE('',*,*,#1656,.T.);
#888=ORIENTED_EDGE('',*,*,#1578,.F.);
#889=ORIENTED_EDGE('',*,*,#1657,.T.);
#890=ORIENTED_EDGE('',*,*,#1658,.T.);
#891=ORIENTED_EDGE('',*,*,#1659,.T.);
#892=ORIENTED_EDGE('',*,*,#1620,.T.);
#893=ORIENTED_EDGE('',*,*,#1660,.T.);
#894=ORIENTED_EDGE('',*,*,#1564,.F.);
#895=ORIENTED_EDGE('',*,*,#1661,.F.);
#896=ORIENTED_EDGE('',*,*,#1560,.F.);
#897=ORIENTED_EDGE('',*,*,#1662,.T.);
#898=ORIENTED_EDGE('',*,*,#1629,.T.);
#899=ORIENTED_EDGE('',*,*,#1663,.T.);
#900=ORIENTED_EDGE('',*,*,#1664,.T.);
#901=ORIENTED_EDGE('',*,*,#1665,.T.);
#902=ORIENTED_EDGE('',*,*,#1654,.F.);
#903=ORIENTED_EDGE('',*,*,#1666,.T.);
#904=ORIENTED_EDGE('',*,*,#1658,.F.);
#905=ORIENTED_EDGE('',*,*,#1667,.T.);
#906=ORIENTED_EDGE('',*,*,#1668,.T.);
#907=ORIENTED_EDGE('',*,*,#1669,.T.);
#908=ORIENTED_EDGE('',*,*,#1643,.F.);
#909=ORIENTED_EDGE('',*,*,#1670,.T.);
#910=ORIENTED_EDGE('',*,*,#1664,.F.);
#911=ORIENTED_EDGE('',*,*,#1671,.T.);
#912=ORIENTED_EDGE('',*,*,#1668,.F.);
#913=ORIENTED_EDGE('',*,*,#1672,.T.);
#914=ORIENTED_EDGE('',*,*,#1645,.F.);
#915=ORIENTED_EDGE('',*,*,#1673,.T.);
#916=ORIENTED_EDGE('',*,*,#1649,.F.);
#917=ORIENTED_EDGE('',*,*,#1674,.T.);
#918=ORIENTED_EDGE('',*,*,#1618,.F.);
#919=ORIENTED_EDGE('',*,*,#1675,.T.);
#920=ORIENTED_EDGE('',*,*,#1631,.F.);
#921=ORIENTED_EDGE('',*,*,#1676,.T.);
#922=ORIENTED_EDGE('',*,*,#1651,.F.);
#923=ORIENTED_EDGE('',*,*,#1677,.F.);
#924=ORIENTED_EDGE('',*,*,#1543,.T.);
#925=ORIENTED_EDGE('',*,*,#1678,.T.);
#926=ORIENTED_EDGE('',*,*,#1679,.T.);
#927=ORIENTED_EDGE('',*,*,#1680,.F.);
#928=ORIENTED_EDGE('',*,*,#1681,.F.);
#929=ORIENTED_EDGE('',*,*,#1682,.T.);
#930=ORIENTED_EDGE('',*,*,#1539,.T.);
#931=ORIENTED_EDGE('',*,*,#1683,.T.);
#932=ORIENTED_EDGE('',*,*,#1684,.T.);
#933=ORIENTED_EDGE('',*,*,#1685,.F.);
#934=ORIENTED_EDGE('',*,*,#1686,.F.);
#935=ORIENTED_EDGE('',*,*,#1687,.T.);
#936=ORIENTED_EDGE('',*,*,#1535,.T.);
#937=ORIENTED_EDGE('',*,*,#1688,.T.);
#938=ORIENTED_EDGE('',*,*,#1689,.T.);
#939=ORIENTED_EDGE('',*,*,#1690,.F.);
#940=ORIENTED_EDGE('',*,*,#1691,.F.);
#941=ORIENTED_EDGE('',*,*,#1692,.T.);
#942=ORIENTED_EDGE('',*,*,#1515,.F.);
#943=ORIENTED_EDGE('',*,*,#1693,.T.);
#944=ORIENTED_EDGE('',*,*,#1694,.F.);
#945=ORIENTED_EDGE('',*,*,#1695,.F.);
#946=ORIENTED_EDGE('',*,*,#1523,.F.);
#947=ORIENTED_EDGE('',*,*,#1696,.T.);
#948=ORIENTED_EDGE('',*,*,#1697,.T.);
#949=ORIENTED_EDGE('',*,*,#1698,.T.);
#950=ORIENTED_EDGE('',*,*,#1699,.F.);
#951=ORIENTED_EDGE('',*,*,#1700,.T.);
#952=ORIENTED_EDGE('',*,*,#1519,.F.);
#953=ORIENTED_EDGE('',*,*,#1701,.T.);
#954=ORIENTED_EDGE('',*,*,#1702,.T.);
#955=ORIENTED_EDGE('',*,*,#1703,.T.);
#956=ORIENTED_EDGE('',*,*,#1704,.T.);
#957=ORIENTED_EDGE('',*,*,#1705,.T.);
#958=ORIENTED_EDGE('',*,*,#1706,.T.);
#959=ORIENTED_EDGE('',*,*,#1707,.T.);
#960=ORIENTED_EDGE('',*,*,#1708,.T.);
#961=ORIENTED_EDGE('',*,*,#1709,.T.);
#962=ORIENTED_EDGE('',*,*,#1710,.T.);
#963=ORIENTED_EDGE('',*,*,#1711,.T.);
#964=ORIENTED_EDGE('',*,*,#1712,.T.);
#965=ORIENTED_EDGE('',*,*,#1713,.T.);
#966=ORIENTED_EDGE('',*,*,#1714,.T.);
#967=ORIENTED_EDGE('',*,*,#1715,.T.);
#968=ORIENTED_EDGE('',*,*,#1716,.T.);
#969=ORIENTED_EDGE('',*,*,#1717,.T.);
#970=ORIENTED_EDGE('',*,*,#1718,.T.);
#971=ORIENTED_EDGE('',*,*,#1719,.T.);
#972=ORIENTED_EDGE('',*,*,#1720,.T.);
#973=ORIENTED_EDGE('',*,*,#1721,.T.);
#974=ORIENTED_EDGE('',*,*,#1722,.T.);
#975=ORIENTED_EDGE('',*,*,#1723,.T.);
#976=ORIENTED_EDGE('',*,*,#1724,.F.);
#977=ORIENTED_EDGE('',*,*,#1725,.T.);
#978=ORIENTED_EDGE('',*,*,#1726,.T.);
#979=ORIENTED_EDGE('',*,*,#1727,.T.);
#980=ORIENTED_EDGE('',*,*,#1728,.T.);
#981=ORIENTED_EDGE('',*,*,#1729,.T.);
#982=ORIENTED_EDGE('',*,*,#1730,.F.);
#983=ORIENTED_EDGE('',*,*,#1731,.T.);
#984=ORIENTED_EDGE('',*,*,#1732,.T.);
#985=ORIENTED_EDGE('',*,*,#1733,.T.);
#986=ORIENTED_EDGE('',*,*,#1726,.F.);
#987=ORIENTED_EDGE('',*,*,#1734,.T.);
#988=ORIENTED_EDGE('',*,*,#1728,.F.);
#989=ORIENTED_EDGE('',*,*,#1735,.T.);
#990=ORIENTED_EDGE('',*,*,#1736,.T.);
#991=ORIENTED_EDGE('',*,*,#1737,.T.);
#992=ORIENTED_EDGE('',*,*,#1724,.T.);
#993=ORIENTED_EDGE('',*,*,#1738,.T.);
#994=ORIENTED_EDGE('',*,*,#1739,.F.);
#995=ORIENTED_EDGE('',*,*,#1740,.T.);
#996=ORIENTED_EDGE('',*,*,#1730,.T.);
#997=ORIENTED_EDGE('',*,*,#1741,.T.);
#998=ORIENTED_EDGE('',*,*,#1742,.F.);
#999=ORIENTED_EDGE('',*,*,#1743,.T.);
#1000=ORIENTED_EDGE('',*,*,#1744,.F.);
#1001=ORIENTED_EDGE('',*,*,#1694,.T.);
#1002=ORIENTED_EDGE('',*,*,#1745,.T.);
#1003=ORIENTED_EDGE('',*,*,#1746,.T.);
#1004=ORIENTED_EDGE('',*,*,#1747,.T.);
#1005=ORIENTED_EDGE('',*,*,#1748,.T.);
#1006=ORIENTED_EDGE('',*,*,#1749,.F.);
#1007=ORIENTED_EDGE('',*,*,#1750,.F.);
#1008=ORIENTED_EDGE('',*,*,#1751,.T.);
#1009=ORIENTED_EDGE('',*,*,#1752,.T.);
#1010=ORIENTED_EDGE('',*,*,#1753,.F.);
#1011=ORIENTED_EDGE('',*,*,#1754,.T.);
#1012=ORIENTED_EDGE('',*,*,#1755,.F.);
#1013=ORIENTED_EDGE('',*,*,#1689,.F.);
#1014=ORIENTED_EDGE('',*,*,#1756,.F.);
#1015=ORIENTED_EDGE('',*,*,#1757,.T.);
#1016=ORIENTED_EDGE('',*,*,#1758,.T.);
#1017=ORIENTED_EDGE('',*,*,#1759,.F.);
#1018=ORIENTED_EDGE('',*,*,#1760,.T.);
#1019=ORIENTED_EDGE('',*,*,#1761,.F.);
#1020=ORIENTED_EDGE('',*,*,#1762,.T.);
#1021=ORIENTED_EDGE('',*,*,#1763,.T.);
#1022=ORIENTED_EDGE('',*,*,#1764,.F.);
#1023=ORIENTED_EDGE('',*,*,#1765,.T.);
#1024=ORIENTED_EDGE('',*,*,#1732,.F.);
#1025=ORIENTED_EDGE('',*,*,#1766,.T.);
#1026=ORIENTED_EDGE('',*,*,#1739,.T.);
#1027=ORIENTED_EDGE('',*,*,#1767,.T.);
#1028=ORIENTED_EDGE('',*,*,#1742,.T.);
#1029=ORIENTED_EDGE('',*,*,#1768,.T.);
#1030=ORIENTED_EDGE('',*,*,#1736,.F.);
#1031=ORIENTED_EDGE('',*,*,#1769,.T.);
#1032=ORIENTED_EDGE('',*,*,#1746,.F.);
#1033=ORIENTED_EDGE('',*,*,#1770,.T.);
#1034=ORIENTED_EDGE('',*,*,#1553,.F.);
#1035=ORIENTED_EDGE('',*,*,#1771,.T.);
#1036=ORIENTED_EDGE('',*,*,#1744,.T.);
#1037=ORIENTED_EDGE('',*,*,#1772,.T.);
#1038=ORIENTED_EDGE('',*,*,#1524,.T.);
#1039=ORIENTED_EDGE('',*,*,#1695,.T.);
#1040=ORIENTED_EDGE('',*,*,#1552,.F.);
#1041=ORIENTED_EDGE('',*,*,#1773,.T.);
#1042=ORIENTED_EDGE('',*,*,#1747,.F.);
#1043=ORIENTED_EDGE('',*,*,#1771,.F.);
#1044=ORIENTED_EDGE('',*,*,#1749,.T.);
#1045=ORIENTED_EDGE('',*,*,#1774,.T.);
#1046=ORIENTED_EDGE('',*,*,#1550,.T.);
#1047=ORIENTED_EDGE('',*,*,#1775,.T.);
#1048=ORIENTED_EDGE('',*,*,#1776,.T.);
#1049=ORIENTED_EDGE('',*,*,#1777,.T.);
#1050=ORIENTED_EDGE('',*,*,#1778,.T.);
#1051=ORIENTED_EDGE('',*,*,#1549,.T.);
#1052=ORIENTED_EDGE('',*,*,#1779,.T.);
#1053=ORIENTED_EDGE('',*,*,#1750,.T.);
#1054=ORIENTED_EDGE('',*,*,#1775,.F.);
#1055=ORIENTED_EDGE('',*,*,#1752,.F.);
#1056=ORIENTED_EDGE('',*,*,#1780,.T.);
#1057=ORIENTED_EDGE('',*,*,#1547,.F.);
#1058=ORIENTED_EDGE('',*,*,#1781,.T.);
#1059=ORIENTED_EDGE('',*,*,#1546,.T.);
#1060=ORIENTED_EDGE('',*,*,#1782,.T.);
#1061=ORIENTED_EDGE('',*,*,#1753,.T.);
#1062=ORIENTED_EDGE('',*,*,#1781,.F.);
#1063=ORIENTED_EDGE('',*,*,#1755,.T.);
#1064=ORIENTED_EDGE('',*,*,#1783,.T.);
#1065=ORIENTED_EDGE('',*,*,#1544,.T.);
#1066=ORIENTED_EDGE('',*,*,#1690,.T.);
#1067=ORIENTED_EDGE('',*,*,#1534,.T.);
#1068=ORIENTED_EDGE('',*,*,#1784,.T.);
#1069=ORIENTED_EDGE('',*,*,#1756,.T.);
#1070=ORIENTED_EDGE('',*,*,#1688,.F.);
#1071=ORIENTED_EDGE('',*,*,#1785,.T.);
#1072=ORIENTED_EDGE('',*,*,#1758,.F.);
#1073=ORIENTED_EDGE('',*,*,#1786,.F.);
#1074=ORIENTED_EDGE('',*,*,#1532,.F.);
#1075=ORIENTED_EDGE('',*,*,#1531,.T.);
#1076=ORIENTED_EDGE('',*,*,#1787,.T.);
#1077=ORIENTED_EDGE('',*,*,#1759,.T.);
#1078=ORIENTED_EDGE('',*,*,#1785,.F.);
#1079=ORIENTED_EDGE('',*,*,#1788,.T.);
#1080=ORIENTED_EDGE('',*,*,#1789,.T.);
#1081=ORIENTED_EDGE('',*,*,#1790,.T.);
#1082=ORIENTED_EDGE('',*,*,#1761,.T.);
#1083=ORIENTED_EDGE('',*,*,#1791,.T.);
#1084=ORIENTED_EDGE('',*,*,#1529,.T.);
#1085=ORIENTED_EDGE('',*,*,#1792,.T.);
#1086=ORIENTED_EDGE('',*,*,#1763,.F.);
#1087=ORIENTED_EDGE('',*,*,#1793,.T.);
#1088=ORIENTED_EDGE('',*,*,#1527,.F.);
#1089=ORIENTED_EDGE('',*,*,#1794,.T.);
#1090=ORIENTED_EDGE('',*,*,#1526,.T.);
#1091=ORIENTED_EDGE('',*,*,#1795,.T.);
#1092=ORIENTED_EDGE('',*,*,#1764,.T.);
#1093=ORIENTED_EDGE('',*,*,#1794,.F.);
#1094=ORIENTED_EDGE('',*,*,#1551,.F.);
#1095=ORIENTED_EDGE('',*,*,#1774,.F.);
#1096=ORIENTED_EDGE('',*,*,#1748,.F.);
#1097=ORIENTED_EDGE('',*,*,#1773,.F.);
#1098=ORIENTED_EDGE('',*,*,#1525,.F.);
#1099=ORIENTED_EDGE('',*,*,#1772,.F.);
#1100=ORIENTED_EDGE('',*,*,#1765,.F.);
#1101=ORIENTED_EDGE('',*,*,#1795,.F.);
#1102=ORIENTED_EDGE('',*,*,#1545,.F.);
#1103=ORIENTED_EDGE('',*,*,#1783,.F.);
#1104=ORIENTED_EDGE('',*,*,#1754,.F.);
#1105=ORIENTED_EDGE('',*,*,#1782,.F.);
#1106=ORIENTED_EDGE('',*,*,#1533,.F.);
#1107=ORIENTED_EDGE('',*,*,#1786,.T.);
#1108=ORIENTED_EDGE('',*,*,#1757,.F.);
#1109=ORIENTED_EDGE('',*,*,#1784,.F.);
#1110=ORIENTED_EDGE('',*,*,#1548,.F.);
#1111=ORIENTED_EDGE('',*,*,#1780,.F.);
#1112=ORIENTED_EDGE('',*,*,#1751,.F.);
#1113=ORIENTED_EDGE('',*,*,#1779,.F.);
#1114=ORIENTED_EDGE('',*,*,#1530,.F.);
#1115=ORIENTED_EDGE('',*,*,#1791,.F.);
#1116=ORIENTED_EDGE('',*,*,#1760,.F.);
#1117=ORIENTED_EDGE('',*,*,#1787,.F.);
#1118=ORIENTED_EDGE('',*,*,#1528,.F.);
#1119=ORIENTED_EDGE('',*,*,#1793,.F.);
#1120=ORIENTED_EDGE('',*,*,#1762,.F.);
#1121=ORIENTED_EDGE('',*,*,#1792,.F.);
#1122=ORIENTED_EDGE('',*,*,#1554,.F.);
#1123=ORIENTED_EDGE('',*,*,#1770,.F.);
#1124=ORIENTED_EDGE('',*,*,#1745,.F.);
#1125=ORIENTED_EDGE('',*,*,#1693,.F.);
#1126=ORIENTED_EDGE('',*,*,#1727,.F.);
#1127=ORIENTED_EDGE('',*,*,#1733,.F.);
#1128=ORIENTED_EDGE('',*,*,#1769,.F.);
#1129=ORIENTED_EDGE('',*,*,#1735,.F.);
#1130=ORIENTED_EDGE('',*,*,#1729,.F.);
#1131=ORIENTED_EDGE('',*,*,#1737,.F.);
#1132=ORIENTED_EDGE('',*,*,#1768,.F.);
#1133=ORIENTED_EDGE('',*,*,#1741,.F.);
#1134=ORIENTED_EDGE('',*,*,#1731,.F.);
#1135=ORIENTED_EDGE('',*,*,#1743,.F.);
#1136=ORIENTED_EDGE('',*,*,#1767,.F.);
#1137=ORIENTED_EDGE('',*,*,#1738,.F.);
#1138=ORIENTED_EDGE('',*,*,#1725,.F.);
#1139=ORIENTED_EDGE('',*,*,#1740,.F.);
#1140=ORIENTED_EDGE('',*,*,#1766,.F.);
#1141=ORIENTED_EDGE('',*,*,#1734,.F.);
#1142=ORIENTED_EDGE('',*,*,#1718,.F.);
#1143=ORIENTED_EDGE('',*,*,#1796,.T.);
#1144=ORIENTED_EDGE('',*,*,#1708,.F.);
#1145=ORIENTED_EDGE('',*,*,#1797,.F.);
#1146=ORIENTED_EDGE('',*,*,#1710,.F.);
#1147=ORIENTED_EDGE('',*,*,#1798,.T.);
#1148=ORIENTED_EDGE('',*,*,#1704,.F.);
#1149=ORIENTED_EDGE('',*,*,#1799,.F.);
#1150=ORIENTED_EDGE('',*,*,#1800,.F.);
#1151=ORIENTED_EDGE('',*,*,#1711,.F.);
#1152=ORIENTED_EDGE('',*,*,#1801,.F.);
#1153=ORIENTED_EDGE('',*,*,#1723,.F.);
#1154=ORIENTED_EDGE('',*,*,#1797,.T.);
#1155=ORIENTED_EDGE('',*,*,#1800,.T.);
#1156=ORIENTED_EDGE('',*,*,#1802,.F.);
#1157=ORIENTED_EDGE('',*,*,#1801,.T.);
#1158=ORIENTED_EDGE('',*,*,#1799,.T.);
#1159=ORIENTED_EDGE('',*,*,#1803,.F.);
#1160=ORIENTED_EDGE('',*,*,#1802,.T.);
#1161=ORIENTED_EDGE('',*,*,#1722,.F.);
#1162=ORIENTED_EDGE('',*,*,#1804,.F.);
#1163=ORIENTED_EDGE('',*,*,#1719,.F.);
#1164=ORIENTED_EDGE('',*,*,#1714,.F.);
#1165=ORIENTED_EDGE('',*,*,#1805,.T.);
#1166=ORIENTED_EDGE('',*,*,#1716,.F.);
#1167=ORIENTED_EDGE('',*,*,#1806,.F.);
#1168=ORIENTED_EDGE('',*,*,#1706,.F.);
#1169=ORIENTED_EDGE('',*,*,#1807,.T.);
#1170=ORIENTED_EDGE('',*,*,#1712,.F.);
#1171=ORIENTED_EDGE('',*,*,#1808,.F.);
#1172=ORIENTED_EDGE('',*,*,#1803,.T.);
#1173=ORIENTED_EDGE('',*,*,#1707,.F.);
#1174=ORIENTED_EDGE('',*,*,#1809,.F.);
#1175=ORIENTED_EDGE('',*,*,#1720,.F.);
#1176=ORIENTED_EDGE('',*,*,#1806,.T.);
#1177=ORIENTED_EDGE('',*,*,#1804,.T.);
#1178=ORIENTED_EDGE('',*,*,#1810,.F.);
#1179=ORIENTED_EDGE('',*,*,#1809,.T.);
#1180=ORIENTED_EDGE('',*,*,#1808,.T.);
#1181=ORIENTED_EDGE('',*,*,#1811,.F.);
#1182=ORIENTED_EDGE('',*,*,#1810,.T.);
#1183=ORIENTED_EDGE('',*,*,#1721,.F.);
#1184=ORIENTED_EDGE('',*,*,#1811,.T.);
#1185=ORIENTED_EDGE('',*,*,#1715,.F.);
#1186=ORIENTED_EDGE('',*,*,#1812,.F.);
#1187=ORIENTED_EDGE('',*,*,#1813,.T.);
#1188=ORIENTED_EDGE('',*,*,#1591,.T.);
#1189=ORIENTED_EDGE('',*,*,#1569,.T.);
#1190=ORIENTED_EDGE('',*,*,#1814,.F.);
#1191=ORIENTED_EDGE('',*,*,#1815,.T.);
#1192=ORIENTED_EDGE('',*,*,#1812,.T.);
#1193=ORIENTED_EDGE('',*,*,#1568,.T.);
#1194=ORIENTED_EDGE('',*,*,#1650,.F.);
#1195=ORIENTED_EDGE('',*,*,#1816,.T.);
#1196=ORIENTED_EDGE('',*,*,#1814,.T.);
#1197=ORIENTED_EDGE('',*,*,#1567,.T.);
#1198=ORIENTED_EDGE('',*,*,#1817,.F.);
#1199=ORIENTED_EDGE('',*,*,#1818,.T.);
#1200=ORIENTED_EDGE('',*,*,#1653,.T.);
#1201=ORIENTED_EDGE('',*,*,#1573,.T.);
#1202=ORIENTED_EDGE('',*,*,#1819,.F.);
#1203=ORIENTED_EDGE('',*,*,#1820,.T.);
#1204=ORIENTED_EDGE('',*,*,#1817,.T.);
#1205=ORIENTED_EDGE('',*,*,#1572,.F.);
#1206=ORIENTED_EDGE('',*,*,#1563,.F.);
#1207=ORIENTED_EDGE('',*,*,#1599,.F.);
#1208=ORIENTED_EDGE('',*,*,#1621,.T.);
#1209=ORIENTED_EDGE('',*,*,#1661,.T.);
#1210=ORIENTED_EDGE('',*,*,#1561,.T.);
#1211=ORIENTED_EDGE('',*,*,#1663,.F.);
#1212=ORIENTED_EDGE('',*,*,#1628,.F.);
#1213=ORIENTED_EDGE('',*,*,#1600,.T.);
#1214=ORIENTED_EDGE('',*,*,#1590,.F.);
#1215=ORIENTED_EDGE('',*,*,#1821,.T.);
#1216=ORIENTED_EDGE('',*,*,#1819,.T.);
#1217=ORIENTED_EDGE('',*,*,#1571,.T.);
#1218=ORIENTED_EDGE('',*,*,#1822,.F.);
#1219=ORIENTED_EDGE('',*,*,#1816,.F.);
#1220=ORIENTED_EDGE('',*,*,#1675,.F.);
#1221=ORIENTED_EDGE('',*,*,#1617,.F.);
#1222=ORIENTED_EDGE('',*,*,#1822,.T.);
#1223=ORIENTED_EDGE('',*,*,#1616,.F.);
#1224=ORIENTED_EDGE('',*,*,#1823,.F.);
#1225=ORIENTED_EDGE('',*,*,#1815,.F.);
#1226=ORIENTED_EDGE('',*,*,#1677,.T.);
#1227=ORIENTED_EDGE('',*,*,#1818,.F.);
#1228=ORIENTED_EDGE('',*,*,#1824,.F.);
#1229=ORIENTED_EDGE('',*,*,#1632,.F.);
#1230=ORIENTED_EDGE('',*,*,#1823,.T.);
#1231=ORIENTED_EDGE('',*,*,#1615,.F.);
#1232=ORIENTED_EDGE('',*,*,#1625,.F.);
#1233=ORIENTED_EDGE('',*,*,#1813,.F.);
#1234=ORIENTED_EDGE('',*,*,#1824,.T.);
#1235=ORIENTED_EDGE('',*,*,#1820,.F.);
#1236=ORIENTED_EDGE('',*,*,#1825,.F.);
#1237=ORIENTED_EDGE('',*,*,#1633,.F.);
#1238=ORIENTED_EDGE('',*,*,#1825,.T.);
#1239=ORIENTED_EDGE('',*,*,#1821,.F.);
#1240=ORIENTED_EDGE('',*,*,#1639,.T.);
#1241=ORIENTED_EDGE('',*,*,#1634,.F.);
#1242=ORIENTED_EDGE('',*,*,#1826,.T.);
#1243=ORIENTED_EDGE('',*,*,#1827,.T.);
#1244=ORIENTED_EDGE('',*,*,#1828,.T.);
#1245=ORIENTED_EDGE('',*,*,#1829,.F.);
#1246=ORIENTED_EDGE('',*,*,#1703,.F.);
#1247=ORIENTED_EDGE('',*,*,#1830,.F.);
#1248=ORIENTED_EDGE('',*,*,#1831,.T.);
#1249=ORIENTED_EDGE('',*,*,#1691,.T.);
#1250=ORIENTED_EDGE('',*,*,#1829,.T.);
#1251=ORIENTED_EDGE('',*,*,#1702,.F.);
#1252=ORIENTED_EDGE('',*,*,#1832,.T.);
#1253=ORIENTED_EDGE('',*,*,#1833,.T.);
#1254=ORIENTED_EDGE('',*,*,#1827,.F.);
#1255=ORIENTED_EDGE('',*,*,#1517,.F.);
#1256=ORIENTED_EDGE('',*,*,#1834,.T.);
#1257=ORIENTED_EDGE('',*,*,#1830,.T.);
#1258=ORIENTED_EDGE('',*,*,#1828,.F.);
#1259=ORIENTED_EDGE('',*,*,#1833,.F.);
#1260=ORIENTED_EDGE('',*,*,#1835,.T.);
#1261=ORIENTED_EDGE('',*,*,#1697,.F.);
#1262=ORIENTED_EDGE('',*,*,#1836,.T.);
#1263=ORIENTED_EDGE('',*,*,#1837,.T.);
#1264=ORIENTED_EDGE('',*,*,#1838,.F.);
#1265=ORIENTED_EDGE('',*,*,#1839,.T.);
#1266=ORIENTED_EDGE('',*,*,#1838,.T.);
#1267=ORIENTED_EDGE('',*,*,#1840,.T.);
#1268=ORIENTED_EDGE('',*,*,#1841,.F.);
#1269=ORIENTED_EDGE('',*,*,#1698,.F.);
#1270=ORIENTED_EDGE('',*,*,#1842,.F.);
#1271=ORIENTED_EDGE('',*,*,#1843,.T.);
#1272=ORIENTED_EDGE('',*,*,#1699,.T.);
#1273=ORIENTED_EDGE('',*,*,#1841,.T.);
#1274=ORIENTED_EDGE('',*,*,#1521,.F.);
#1275=ORIENTED_EDGE('',*,*,#1844,.T.);
#1276=ORIENTED_EDGE('',*,*,#1842,.T.);
#1277=ORIENTED_EDGE('',*,*,#1840,.F.);
#1278=ORIENTED_EDGE('',*,*,#1837,.F.);
#1279=ORIENTED_EDGE('',*,*,#1845,.T.);
#1280=ORIENTED_EDGE('',*,*,#1846,.F.);
#1281=ORIENTED_EDGE('',*,*,#1847,.T.);
#1282=ORIENTED_EDGE('',*,*,#1681,.T.);
#1283=ORIENTED_EDGE('',*,*,#1848,.F.);
#1284=ORIENTED_EDGE('',*,*,#1679,.F.);
#1285=ORIENTED_EDGE('',*,*,#1849,.T.);
#1286=ORIENTED_EDGE('',*,*,#1850,.T.);
#1287=ORIENTED_EDGE('',*,*,#1851,.T.);
#1288=ORIENTED_EDGE('',*,*,#1852,.T.);
#1289=ORIENTED_EDGE('',*,*,#1680,.T.);
#1290=ORIENTED_EDGE('',*,*,#1851,.F.);
#1291=ORIENTED_EDGE('',*,*,#1853,.F.);
#1292=ORIENTED_EDGE('',*,*,#1848,.T.);
#1293=ORIENTED_EDGE('',*,*,#1541,.T.);
#1294=ORIENTED_EDGE('',*,*,#1854,.T.);
#1295=ORIENTED_EDGE('',*,*,#1846,.T.);
#1296=ORIENTED_EDGE('',*,*,#1853,.T.);
#1297=ORIENTED_EDGE('',*,*,#1850,.F.);
#1298=ORIENTED_EDGE('',*,*,#1855,.T.);
#1299=ORIENTED_EDGE('',*,*,#1684,.F.);
#1300=ORIENTED_EDGE('',*,*,#1856,.T.);
#1301=ORIENTED_EDGE('',*,*,#1857,.T.);
#1302=ORIENTED_EDGE('',*,*,#1858,.T.);
#1303=ORIENTED_EDGE('',*,*,#1859,.T.);
#1304=ORIENTED_EDGE('',*,*,#1685,.T.);
#1305=ORIENTED_EDGE('',*,*,#1858,.F.);
#1306=ORIENTED_EDGE('',*,*,#1860,.F.);
#1307=ORIENTED_EDGE('',*,*,#1861,.T.);
#1308=ORIENTED_EDGE('',*,*,#1862,.F.);
#1309=ORIENTED_EDGE('',*,*,#1863,.T.);
#1310=ORIENTED_EDGE('',*,*,#1686,.T.);
#1311=ORIENTED_EDGE('',*,*,#1861,.F.);
#1312=ORIENTED_EDGE('',*,*,#1537,.T.);
#1313=ORIENTED_EDGE('',*,*,#1864,.T.);
#1314=ORIENTED_EDGE('',*,*,#1862,.T.);
#1315=ORIENTED_EDGE('',*,*,#1860,.T.);
#1316=ORIENTED_EDGE('',*,*,#1857,.F.);
#1317=ORIENTED_EDGE('',*,*,#1865,.T.);
#1318=ORIENTED_EDGE('',*,*,#1866,.F.);
#1319=ORIENTED_EDGE('',*,*,#1866,.T.);
#1320=ORIENTED_EDGE('',*,*,#1859,.F.);
#1321=ORIENTED_EDGE('',*,*,#1867,.F.);
#1322=ORIENTED_EDGE('',*,*,#1867,.T.);
#1323=ORIENTED_EDGE('',*,*,#1852,.F.);
#1324=ORIENTED_EDGE('',*,*,#1868,.F.);
#1325=ORIENTED_EDGE('',*,*,#1868,.T.);
#1326=ORIENTED_EDGE('',*,*,#1839,.F.);
#1327=ORIENTED_EDGE('',*,*,#1869,.F.);
#1328=ORIENTED_EDGE('',*,*,#1869,.T.);
#1329=ORIENTED_EDGE('',*,*,#1826,.F.);
#1330=ORIENTED_EDGE('',*,*,#1834,.F.);
#1331=ORIENTED_EDGE('',*,*,#1516,.F.);
#1332=ORIENTED_EDGE('',*,*,#1692,.F.);
#1333=ORIENTED_EDGE('',*,*,#1831,.F.);
#1334=ORIENTED_EDGE('',*,*,#1678,.F.);
#1335=ORIENTED_EDGE('',*,*,#1542,.F.);
#1336=ORIENTED_EDGE('',*,*,#1855,.F.);
#1337=ORIENTED_EDGE('',*,*,#1849,.F.);
#1338=ORIENTED_EDGE('',*,*,#1835,.F.);
#1339=ORIENTED_EDGE('',*,*,#1832,.F.);
#1340=ORIENTED_EDGE('',*,*,#1701,.F.);
#1341=ORIENTED_EDGE('',*,*,#1518,.F.);
#1342=ORIENTED_EDGE('',*,*,#1682,.F.);
#1343=ORIENTED_EDGE('',*,*,#1847,.F.);
#1344=ORIENTED_EDGE('',*,*,#1854,.F.);
#1345=ORIENTED_EDGE('',*,*,#1540,.F.);
#1346=ORIENTED_EDGE('',*,*,#1844,.F.);
#1347=ORIENTED_EDGE('',*,*,#1520,.F.);
#1348=ORIENTED_EDGE('',*,*,#1700,.F.);
#1349=ORIENTED_EDGE('',*,*,#1843,.F.);
#1350=ORIENTED_EDGE('',*,*,#1683,.F.);
#1351=ORIENTED_EDGE('',*,*,#1538,.F.);
#1352=ORIENTED_EDGE('',*,*,#1865,.F.);
#1353=ORIENTED_EDGE('',*,*,#1856,.F.);
#1354=ORIENTED_EDGE('',*,*,#1845,.F.);
#1355=ORIENTED_EDGE('',*,*,#1836,.F.);
#1356=ORIENTED_EDGE('',*,*,#1696,.F.);
#1357=ORIENTED_EDGE('',*,*,#1522,.F.);
#1358=ORIENTED_EDGE('',*,*,#1687,.F.);
#1359=ORIENTED_EDGE('',*,*,#1863,.F.);
#1360=ORIENTED_EDGE('',*,*,#1864,.F.);
#1361=ORIENTED_EDGE('',*,*,#1536,.F.);
#1362=ORIENTED_EDGE('',*,*,#1870,.T.);
#1363=ORIENTED_EDGE('',*,*,#1870,.F.);
#1364=ORIENTED_EDGE('',*,*,#1778,.F.);
#1365=ORIENTED_EDGE('',*,*,#1871,.T.);
#1366=ORIENTED_EDGE('',*,*,#1871,.F.);
#1367=ORIENTED_EDGE('',*,*,#1777,.F.);
#1368=ORIENTED_EDGE('',*,*,#1872,.T.);
#1369=ORIENTED_EDGE('',*,*,#1872,.F.);
#1370=ORIENTED_EDGE('',*,*,#1776,.F.);
#1371=ORIENTED_EDGE('',*,*,#1873,.T.);
#1372=ORIENTED_EDGE('',*,*,#1790,.F.);
#1373=ORIENTED_EDGE('',*,*,#1873,.F.);
#1374=ORIENTED_EDGE('',*,*,#1874,.T.);
#1375=ORIENTED_EDGE('',*,*,#1789,.F.);
#1376=ORIENTED_EDGE('',*,*,#1874,.F.);
#1377=ORIENTED_EDGE('',*,*,#1875,.T.);
#1378=ORIENTED_EDGE('',*,*,#1788,.F.);
#1379=ORIENTED_EDGE('',*,*,#1875,.F.);
#1380=ORIENTED_EDGE('',*,*,#1876,.F.);
#1381=ORIENTED_EDGE('',*,*,#1713,.F.);
#1382=ORIENTED_EDGE('',*,*,#1877,.F.);
#1383=ORIENTED_EDGE('',*,*,#1509,.F.);
#1384=ORIENTED_EDGE('',*,*,#1877,.T.);
#1385=ORIENTED_EDGE('',*,*,#1807,.F.);
#1386=ORIENTED_EDGE('',*,*,#1878,.F.);
#1387=ORIENTED_EDGE('',*,*,#1510,.F.);
#1388=ORIENTED_EDGE('',*,*,#1876,.T.);
#1389=ORIENTED_EDGE('',*,*,#1508,.F.);
#1390=ORIENTED_EDGE('',*,*,#1879,.F.);
#1391=ORIENTED_EDGE('',*,*,#1805,.F.);
#1392=ORIENTED_EDGE('',*,*,#1878,.T.);
#1393=ORIENTED_EDGE('',*,*,#1705,.F.);
#1394=ORIENTED_EDGE('',*,*,#1880,.F.);
#1395=ORIENTED_EDGE('',*,*,#1511,.F.);
#1396=ORIENTED_EDGE('',*,*,#1879,.T.);
#1397=ORIENTED_EDGE('',*,*,#1507,.F.);
#1398=ORIENTED_EDGE('',*,*,#1881,.F.);
#1399=ORIENTED_EDGE('',*,*,#1717,.F.);
#1400=ORIENTED_EDGE('',*,*,#1880,.T.);
#1401=ORIENTED_EDGE('',*,*,#1798,.F.);
#1402=ORIENTED_EDGE('',*,*,#1882,.F.);
#1403=ORIENTED_EDGE('',*,*,#1504,.F.);
#1404=ORIENTED_EDGE('',*,*,#1881,.T.);
#1405=ORIENTED_EDGE('',*,*,#1506,.F.);
#1406=ORIENTED_EDGE('',*,*,#1883,.F.);
#1407=ORIENTED_EDGE('',*,*,#1796,.F.);
#1408=ORIENTED_EDGE('',*,*,#1882,.T.);
#1409=ORIENTED_EDGE('',*,*,#1709,.F.);
#1410=ORIENTED_EDGE('',*,*,#1883,.T.);
#1411=ORIENTED_EDGE('',*,*,#1505,.F.);
#1412=ORIENTED_EDGE('',*,*,#1884,.F.);
#1413=ORIENTED_EDGE('',*,*,#1884,.T.);
#1414=ORIENTED_EDGE('',*,*,#1512,.F.);
#1415=ORIENTED_EDGE('',*,*,#1885,.F.);
#1416=ORIENTED_EDGE('',*,*,#1885,.T.);
#1417=ORIENTED_EDGE('',*,*,#1513,.F.);
#1418=ORIENTED_EDGE('',*,*,#1886,.F.);
#1419=ORIENTED_EDGE('',*,*,#1886,.T.);
#1420=ORIENTED_EDGE('',*,*,#1514,.F.);
#1421=ORIENTED_EDGE('',*,*,#1582,.T.);
#1422=ORIENTED_EDGE('',*,*,#1623,.F.);
#1423=ORIENTED_EDGE('',*,*,#1612,.F.);
#1424=ORIENTED_EDGE('',*,*,#1608,.T.);
#1425=ORIENTED_EDGE('',*,*,#1887,.T.);
#1426=ORIENTED_EDGE('',*,*,#1584,.T.);
#1427=ORIENTED_EDGE('',*,*,#1888,.T.);
#1428=ORIENTED_EDGE('',*,*,#1606,.T.);
#1429=ORIENTED_EDGE('',*,*,#1637,.F.);
#1430=ORIENTED_EDGE('',*,*,#1641,.F.);
#1431=ORIENTED_EDGE('',*,*,#1583,.T.);
#1432=ORIENTED_EDGE('',*,*,#1887,.F.);
#1433=ORIENTED_EDGE('',*,*,#1607,.T.);
#1434=ORIENTED_EDGE('',*,*,#1888,.F.);
#1435=ORIENTED_EDGE('',*,*,#1676,.F.);
#1436=ORIENTED_EDGE('',*,*,#1630,.F.);
#1437=ORIENTED_EDGE('',*,*,#1662,.F.);
#1438=ORIENTED_EDGE('',*,*,#1559,.T.);
#1439=ORIENTED_EDGE('',*,*,#1652,.F.);
#1440=ORIENTED_EDGE('',*,*,#1575,.T.);
#1441=ORIENTED_EDGE('',*,*,#1659,.F.);
#1442=ORIENTED_EDGE('',*,*,#1669,.F.);
#1443=ORIENTED_EDGE('',*,*,#1673,.F.);
#1444=ORIENTED_EDGE('',*,*,#1647,.F.);
#1445=ORIENTED_EDGE('',*,*,#1671,.F.);
#1446=ORIENTED_EDGE('',*,*,#1666,.F.);
#1447=ORIENTED_EDGE('',*,*,#1656,.F.);
#1448=ORIENTED_EDGE('',*,*,#1555,.T.);
#1449=ORIENTED_EDGE('',*,*,#1644,.F.);
#1450=ORIENTED_EDGE('',*,*,#1565,.T.);
#1451=ORIENTED_EDGE('',*,*,#1660,.F.);
#1452=ORIENTED_EDGE('',*,*,#1619,.F.);
#1453=ORIENTED_EDGE('',*,*,#1674,.F.);
#1454=ORIENTED_EDGE('',*,*,#1648,.F.);
#1455=ORIENTED_EDGE('',*,*,#1557,.T.);
#1456=ORIENTED_EDGE('',*,*,#1655,.F.);
#1457=ORIENTED_EDGE('',*,*,#1665,.F.);
#1458=ORIENTED_EDGE('',*,*,#1670,.F.);
#1459=ORIENTED_EDGE('',*,*,#1642,.F.);
#1460=ORIENTED_EDGE('',*,*,#1672,.F.);
#1461=ORIENTED_EDGE('',*,*,#1667,.F.);
#1462=ORIENTED_EDGE('',*,*,#1657,.F.);
#1463=ORIENTED_EDGE('',*,*,#1577,.T.);
#1464=ORIENTED_EDGE('',*,*,#1646,.F.);
#1465=ORIENTED_EDGE('',*,*,#1889,.T.);
#1466=ORIENTED_EDGE('',*,*,#1502,.T.);
#1467=ORIENTED_EDGE('',*,*,#1889,.F.);
#1468=ORIENTED_EDGE('',*,*,#1587,.T.);
#1469=ORIENTED_EDGE('',*,*,#1890,.F.);
#1470=ORIENTED_EDGE('',*,*,#1603,.T.);
#1471=ORIENTED_EDGE('',*,*,#1891,.F.);
#1472=ORIENTED_EDGE('',*,*,#1588,.T.);
#1473=ORIENTED_EDGE('',*,*,#1891,.T.);
#1474=ORIENTED_EDGE('',*,*,#1602,.T.);
#1475=ORIENTED_EDGE('',*,*,#1627,.F.);
#1476=ORIENTED_EDGE('',*,*,#1638,.F.);
#1477=ORIENTED_EDGE('',*,*,#1586,.T.);
#1478=ORIENTED_EDGE('',*,*,#1640,.F.);
#1479=ORIENTED_EDGE('',*,*,#1635,.F.);
#1480=ORIENTED_EDGE('',*,*,#1604,.T.);
#1481=ORIENTED_EDGE('',*,*,#1890,.T.);
#1482=ORIENTED_EDGE('',*,*,#1892,.T.);
#1483=ORIENTED_EDGE('',*,*,#1503,.T.);
#1484=ORIENTED_EDGE('',*,*,#1892,.F.);
#1485=ORIENTED_EDGE('',*,*,#1594,.T.);
#1486=ORIENTED_EDGE('',*,*,#1893,.F.);
#1487=ORIENTED_EDGE('',*,*,#1596,.T.);
#1488=ORIENTED_EDGE('',*,*,#1894,.F.);
#1489=ORIENTED_EDGE('',*,*,#1580,.T.);
#1490=ORIENTED_EDGE('',*,*,#1894,.T.);
#1491=ORIENTED_EDGE('',*,*,#1595,.T.);
#1492=ORIENTED_EDGE('',*,*,#1611,.F.);
#1493=ORIENTED_EDGE('',*,*,#1622,.F.);
#1494=ORIENTED_EDGE('',*,*,#1593,.T.);
#1495=ORIENTED_EDGE('',*,*,#1624,.F.);
#1496=ORIENTED_EDGE('',*,*,#1613,.F.);
#1497=ORIENTED_EDGE('',*,*,#1597,.T.);
#1498=ORIENTED_EDGE('',*,*,#1893,.T.);
#1499=ORIENTED_EDGE('',*,*,#1895,.T.);
#1500=ORIENTED_EDGE('',*,*,#1579,.T.);
#1501=ORIENTED_EDGE('',*,*,#1895,.F.);
#1502=EDGE_CURVE('',#1896,#1896,#2170,.F.);
#1503=EDGE_CURVE('',#1897,#1897,#2171,.F.);
#1504=EDGE_CURVE('',#1898,#1899,#674,.T.);
#1505=EDGE_CURVE('',#1899,#1900,#174,.T.);
#1506=EDGE_CURVE('',#1900,#1901,#675,.T.);
#1507=EDGE_CURVE('',#1901,#1902,#175,.T.);
#1508=EDGE_CURVE('',#1902,#1903,#676,.T.);
#1509=EDGE_CURVE('',#1903,#1904,#176,.T.);
#1510=EDGE_CURVE('',#1904,#1905,#677,.T.);
#1511=EDGE_CURVE('',#1905,#1898,#177,.T.);
#1512=EDGE_CURVE('',#1906,#1906,#103,.T.);
#1513=EDGE_CURVE('',#1907,#1907,#104,.T.);
#1514=EDGE_CURVE('',#1908,#1908,#105,.T.);
#1515=EDGE_CURVE('',#1909,#1910,#178,.T.);
#1516=EDGE_CURVE('',#1910,#1911,#179,.T.);
#1517=EDGE_CURVE('',#1911,#1912,#180,.T.);
#1518=EDGE_CURVE('',#1912,#1913,#181,.T.);
#1519=EDGE_CURVE('',#1913,#1914,#182,.T.);
#1520=EDGE_CURVE('',#1914,#1915,#183,.T.);
#1521=EDGE_CURVE('',#1915,#1916,#184,.T.);
#1522=EDGE_CURVE('',#1916,#1917,#185,.T.);
#1523=EDGE_CURVE('',#1917,#1918,#186,.T.);
#1524=EDGE_CURVE('',#1919,#1918,#2172,.F.);
#1525=EDGE_CURVE('',#1919,#1920,#187,.F.);
#1526=EDGE_CURVE('',#1921,#1920,#188,.T.);
#1527=EDGE_CURVE('',#1921,#1922,#189,.T.);
#1528=EDGE_CURVE('',#1922,#1923,#190,.T.);
#1529=EDGE_CURVE('',#1924,#1923,#191,.T.);
#1530=EDGE_CURVE('',#1924,#1925,#192,.F.);
#1531=EDGE_CURVE('',#1926,#1925,#193,.T.);
#1532=EDGE_CURVE('',#1926,#1927,#194,.T.);
#1533=EDGE_CURVE('',#1927,#1928,#195,.F.);
#1534=EDGE_CURVE('',#1929,#1928,#2173,.F.);
#1535=EDGE_CURVE('',#1930,#1929,#196,.T.);
#1536=EDGE_CURVE('',#1930,#1931,#197,.T.);
#1537=EDGE_CURVE('',#1932,#1931,#198,.T.);
#1538=EDGE_CURVE('',#1932,#1933,#199,.T.);
#1539=EDGE_CURVE('',#1934,#1933,#200,.T.);
#1540=EDGE_CURVE('',#1934,#1935,#201,.T.);
#1541=EDGE_CURVE('',#1936,#1935,#202,.T.);
#1542=EDGE_CURVE('',#1936,#1937,#203,.T.);
#1543=EDGE_CURVE('',#1938,#1937,#204,.T.);
#1544=EDGE_CURVE('',#1939,#1938,#2174,.F.);
#1545=EDGE_CURVE('',#1939,#1940,#205,.F.);
#1546=EDGE_CURVE('',#1941,#1940,#206,.T.);
#1547=EDGE_CURVE('',#1941,#1942,#207,.T.);
#1548=EDGE_CURVE('',#1942,#1943,#208,.T.);
#1549=EDGE_CURVE('',#1944,#1943,#209,.T.);
#1550=EDGE_CURVE('',#1945,#1944,#2175,.F.);
#1551=EDGE_CURVE('',#1945,#1946,#210,.F.);
#1552=EDGE_CURVE('',#1946,#1947,#211,.T.);
#1553=EDGE_CURVE('',#1947,#1948,#212,.T.);
#1554=EDGE_CURVE('',#1948,#1909,#213,.F.);
#1555=EDGE_CURVE('',#1949,#1950,#106,.T.);
#1556=EDGE_CURVE('',#1949,#1951,#214,.T.);
#1557=EDGE_CURVE('',#1952,#1951,#107,.T.);
#1558=EDGE_CURVE('',#1952,#1950,#215,.T.);
#1559=EDGE_CURVE('',#1953,#1954,#108,.T.);
#1560=EDGE_CURVE('',#1953,#1955,#216,.T.);
#1561=EDGE_CURVE('',#1956,#1955,#217,.T.);
#1562=EDGE_CURVE('',#1957,#1956,#218,.T.);
#1563=EDGE_CURVE('',#1957,#1958,#219,.T.);
#1564=EDGE_CURVE('',#1958,#1959,#220,.T.);
#1565=EDGE_CURVE('',#1960,#1959,#109,.T.);
#1566=EDGE_CURVE('',#1960,#1961,#221,.T.);
#1567=EDGE_CURVE('',#1962,#1961,#678,.T.);
#1568=EDGE_CURVE('',#1963,#1962,#222,.T.);
#1569=EDGE_CURVE('',#1964,#1963,#679,.T.);
#1570=EDGE_CURVE('',#1965,#1964,#223,.T.);
#1571=EDGE_CURVE('',#1966,#1965,#680,.T.);
#1572=EDGE_CURVE('',#1966,#1967,#224,.T.);
#1573=EDGE_CURVE('',#1968,#1967,#681,.T.);
#1574=EDGE_CURVE('',#1968,#1954,#225,.T.);
#1575=EDGE_CURVE('',#1969,#1970,#110,.T.);
#1576=EDGE_CURVE('',#1969,#1971,#226,.T.);
#1577=EDGE_CURVE('',#1972,#1971,#111,.T.);
#1578=EDGE_CURVE('',#1972,#1970,#227,.T.);
#1579=EDGE_CURVE('',#1973,#1973,#2176,.F.);
#1580=EDGE_CURVE('',#1974,#1975,#2177,.T.);
#1581=EDGE_CURVE('',#1974,#1976,#228,.F.);
#1582=EDGE_CURVE('',#1977,#1976,#2178,.T.);
#1583=EDGE_CURVE('',#1978,#1977,#229,.T.);
#1584=EDGE_CURVE('',#1979,#1978,#2179,.T.);
#1585=EDGE_CURVE('',#1979,#1980,#230,.F.);
#1586=EDGE_CURVE('',#1981,#1980,#2180,.T.);
#1587=EDGE_CURVE('',#1982,#1981,#231,.T.);
#1588=EDGE_CURVE('',#1983,#1982,#2181,.T.);
#1589=EDGE_CURVE('',#1983,#1984,#232,.F.);
#1590=EDGE_CURVE('',#1984,#1965,#233,.T.);
#1591=EDGE_CURVE('',#1985,#1964,#234,.T.);
#1592=EDGE_CURVE('',#1985,#1986,#235,.F.);
#1593=EDGE_CURVE('',#1987,#1986,#2182,.T.);
#1594=EDGE_CURVE('',#1975,#1987,#236,.T.);
#1595=EDGE_CURVE('',#1988,#1989,#2183,.T.);
#1596=EDGE_CURVE('',#1990,#1988,#237,.T.);
#1597=EDGE_CURVE('',#1991,#1990,#2184,.T.);
#1598=EDGE_CURVE('',#1992,#1991,#238,.T.);
#1599=EDGE_CURVE('',#1992,#1957,#239,.T.);
#1600=EDGE_CURVE('',#1993,#1956,#240,.T.);
#1601=EDGE_CURVE('',#1994,#1993,#241,.T.);
#1602=EDGE_CURVE('',#1995,#1994,#2185,.T.);
#1603=EDGE_CURVE('',#1996,#1995,#242,.T.);
#1604=EDGE_CURVE('',#1997,#1996,#2186,.T.);
#1605=EDGE_CURVE('',#1998,#1997,#243,.T.);
#1606=EDGE_CURVE('',#1999,#1998,#2187,.T.);
#1607=EDGE_CURVE('',#2000,#1999,#244,.T.);
#1608=EDGE_CURVE('',#2001,#2000,#2188,.T.);
#1609=EDGE_CURVE('',#1989,#2001,#245,.T.);
#1610=EDGE_CURVE('',#2002,#2003,#246,.T.);
#1611=EDGE_CURVE('',#2003,#1989,#2189,.T.);
#1612=EDGE_CURVE('',#2001,#2002,#2190,.T.);
#1613=EDGE_CURVE('',#1991,#2004,#2191,.T.);
#1614=EDGE_CURVE('',#2004,#2005,#247,.T.);
#1615=EDGE_CURVE('',#2005,#2006,#682,.T.);
#1616=EDGE_CURVE('',#2006,#2007,#248,.T.);
#1617=EDGE_CURVE('',#2007,#2008,#683,.T.);
#1618=EDGE_CURVE('',#2008,#2009,#249,.F.);
#1619=EDGE_CURVE('',#2009,#2010,#112,.T.);
#1620=EDGE_CURVE('',#2011,#2010,#250,.T.);
#1621=EDGE_CURVE('',#1992,#2011,#251,.T.);
#1622=EDGE_CURVE('',#1974,#2003,#684,.T.);
#1623=EDGE_CURVE('',#2002,#1976,#685,.T.);
#1624=EDGE_CURVE('',#2004,#1986,#686,.T.);
#1625=EDGE_CURVE('',#1985,#2005,#113,.T.);
#1626=EDGE_CURVE('',#2012,#2013,#252,.T.);
#1627=EDGE_CURVE('',#2013,#1994,#2192,.T.);
#1628=EDGE_CURVE('',#1993,#2014,#253,.T.);
#1629=EDGE_CURVE('',#2015,#2014,#254,.T.);
#1630=EDGE_CURVE('',#2015,#2016,#114,.T.);
#1631=EDGE_CURVE('',#2016,#2017,#255,.F.);
#1632=EDGE_CURVE('',#2017,#2018,#687,.T.);
#1633=EDGE_CURVE('',#2018,#2019,#256,.F.);
#1634=EDGE_CURVE('',#2019,#2012,#688,.T.);
#1635=EDGE_CURVE('',#1997,#2020,#2193,.T.);
#1636=EDGE_CURVE('',#2020,#2021,#257,.T.);
#1637=EDGE_CURVE('',#2021,#1998,#2194,.T.);
#1638=EDGE_CURVE('',#1983,#2013,#689,.T.);
#1639=EDGE_CURVE('',#1984,#2012,#115,.T.);
#1640=EDGE_CURVE('',#2020,#1980,#690,.T.);
#1641=EDGE_CURVE('',#1979,#2021,#691,.T.);
#1642=EDGE_CURVE('',#1952,#2022,#258,.T.);
#1643=EDGE_CURVE('',#2022,#2023,#259,.T.);
#1644=EDGE_CURVE('',#2023,#1950,#260,.T.);
#1645=EDGE_CURVE('',#2024,#2025,#261,.T.);
#1646=EDGE_CURVE('',#2025,#1971,#262,.T.);
#1647=EDGE_CURVE('',#1969,#2024,#263,.T.);
#1648=EDGE_CURVE('',#1960,#2026,#264,.T.);
#1649=EDGE_CURVE('',#2026,#2027,#265,.T.);
#1650=EDGE_CURVE('',#2027,#1961,#266,.T.);
#1651=EDGE_CURVE('',#2028,#2029,#267,.T.);
#1652=EDGE_CURVE('',#2029,#1954,#268,.T.);
#1653=EDGE_CURVE('',#2028,#1968,#269,.T.);
#1654=EDGE_CURVE('',#2030,#2031,#270,.T.);
#1655=EDGE_CURVE('',#2031,#1951,#271,.F.);
#1656=EDGE_CURVE('',#1949,#2030,#272,.F.);
#1657=EDGE_CURVE('',#1972,#2032,#273,.F.);
#1658=EDGE_CURVE('',#2032,#2033,#274,.T.);
#1659=EDGE_CURVE('',#2033,#1970,#275,.F.);
#1660=EDGE_CURVE('',#2010,#1959,#276,.F.);
#1661=EDGE_CURVE('',#2011,#1958,#277,.T.);
#1662=EDGE_CURVE('',#1953,#2015,#278,.F.);
#1663=EDGE_CURVE('',#2014,#1955,#279,.T.);
#1664=EDGE_CURVE('',#2034,#2035,#280,.F.);
#1665=EDGE_CURVE('',#2035,#2031,#116,.T.);
#1666=EDGE_CURVE('',#2030,#2034,#117,.T.);
#1667=EDGE_CURVE('',#2032,#2036,#118,.T.);
#1668=EDGE_CURVE('',#2036,#2037,#281,.F.);
#1669=EDGE_CURVE('',#2037,#2033,#119,.T.);
#1670=EDGE_CURVE('',#2022,#2035,#692,.T.);
#1671=EDGE_CURVE('',#2034,#2023,#693,.T.);
#1672=EDGE_CURVE('',#2036,#2025,#694,.T.);
#1673=EDGE_CURVE('',#2024,#2037,#695,.T.);
#1674=EDGE_CURVE('',#2026,#2009,#696,.T.);
#1675=EDGE_CURVE('',#2008,#2027,#120,.T.);
#1676=EDGE_CURVE('',#2016,#2029,#697,.T.);
#1677=EDGE_CURVE('',#2017,#2028,#121,.T.);
#1678=EDGE_CURVE('',#1937,#2038,#282,.F.);
#1679=EDGE_CURVE('',#2038,#2039,#283,.T.);
#1680=EDGE_CURVE('',#2040,#2039,#284,.T.);
#1681=EDGE_CURVE('',#2041,#2040,#285,.T.);
#1682=EDGE_CURVE('',#2041,#1934,#286,.T.);
#1683=EDGE_CURVE('',#1933,#2042,#287,.F.);
#1684=EDGE_CURVE('',#2042,#2043,#288,.T.);
#1685=EDGE_CURVE('',#2044,#2043,#289,.T.);
#1686=EDGE_CURVE('',#2045,#2044,#290,.T.);
#1687=EDGE_CURVE('',#2045,#1930,#291,.T.);
#1688=EDGE_CURVE('',#1929,#2046,#292,.T.);
#1689=EDGE_CURVE('',#2046,#2047,#293,.T.);
#1690=EDGE_CURVE('',#1938,#2047,#294,.T.);
#1691=EDGE_CURVE('',#2048,#2049,#295,.T.);
#1692=EDGE_CURVE('',#2048,#1910,#296,.F.);
#1693=EDGE_CURVE('',#1909,#2050,#297,.T.);
#1694=EDGE_CURVE('',#2051,#2050,#298,.T.);
#1695=EDGE_CURVE('',#1918,#2051,#299,.T.);
#1696=EDGE_CURVE('',#1917,#2052,#300,.T.);
#1697=EDGE_CURVE('',#2052,#2053,#301,.T.);
#1698=EDGE_CURVE('',#2053,#2054,#302,.T.);
#1699=EDGE_CURVE('',#2055,#2054,#303,.T.);
#1700=EDGE_CURVE('',#2055,#1914,#304,.F.);
#1701=EDGE_CURVE('',#1913,#2056,#305,.T.);
#1702=EDGE_CURVE('',#2056,#2057,#306,.T.);
#1703=EDGE_CURVE('',#2057,#2049,#307,.T.);
#1704=EDGE_CURVE('',#2058,#2059,#308,.T.);
#1705=EDGE_CURVE('',#2059,#2060,#309,.T.);
#1706=EDGE_CURVE('',#2060,#2061,#310,.T.);
#1707=EDGE_CURVE('',#2061,#2058,#311,.T.);
#1708=EDGE_CURVE('',#2062,#2063,#312,.F.);
#1709=EDGE_CURVE('',#2063,#2064,#313,.T.);
#1710=EDGE_CURVE('',#2064,#2065,#314,.F.);
#1711=EDGE_CURVE('',#2065,#2062,#315,.T.);
#1712=EDGE_CURVE('',#2066,#2067,#316,.T.);
#1713=EDGE_CURVE('',#2067,#2068,#317,.F.);
#1714=EDGE_CURVE('',#2068,#2069,#318,.T.);
#1715=EDGE_CURVE('',#2069,#2066,#319,.T.);
#1716=EDGE_CURVE('',#2070,#2071,#320,.F.);
#1717=EDGE_CURVE('',#2071,#2072,#321,.F.);
#1718=EDGE_CURVE('',#2072,#2073,#322,.F.);
#1719=EDGE_CURVE('',#2073,#2070,#323,.F.);
#1720=EDGE_CURVE('',#2074,#2075,#324,.F.);
#1721=EDGE_CURVE('',#2075,#2076,#325,.T.);
#1722=EDGE_CURVE('',#2076,#2077,#326,.F.);
#1723=EDGE_CURVE('',#2077,#2074,#327,.F.);
#1724=EDGE_CURVE('',#2078,#2079,#328,.T.);
#1725=EDGE_CURVE('',#2078,#2080,#2195,.F.);
#1726=EDGE_CURVE('',#2080,#2081,#329,.T.);
#1727=EDGE_CURVE('',#2081,#2082,#2196,.F.);
#1728=EDGE_CURVE('',#2082,#2083,#330,.T.);
#1729=EDGE_CURVE('',#2083,#2084,#2197,.F.);
#1730=EDGE_CURVE('',#2085,#2084,#331,.T.);
#1731=EDGE_CURVE('',#2085,#2079,#2198,.F.);
#1732=EDGE_CURVE('',#2086,#2087,#332,.T.);
#1733=EDGE_CURVE('',#2087,#2081,#333,.F.);
#1734=EDGE_CURVE('',#2080,#2086,#334,.T.);
#1735=EDGE_CURVE('',#2082,#2088,#335,.T.);
#1736=EDGE_CURVE('',#2088,#2089,#336,.T.);
#1737=EDGE_CURVE('',#2089,#2083,#337,.F.);
#1738=EDGE_CURVE('',#2079,#2090,#338,.T.);
#1739=EDGE_CURVE('',#2091,#2090,#339,.T.);
#1740=EDGE_CURVE('',#2091,#2078,#340,.F.);
#1741=EDGE_CURVE('',#2084,#2092,#341,.T.);
#1742=EDGE_CURVE('',#2093,#2092,#342,.T.);
#1743=EDGE_CURVE('',#2093,#2085,#343,.F.);
#1744=EDGE_CURVE('',#2051,#2094,#122,.T.);
#1745=EDGE_CURVE('',#2050,#2095,#344,.F.);
#1746=EDGE_CURVE('',#2095,#2096,#345,.T.);
#1747=EDGE_CURVE('',#2096,#2097,#346,.T.);
#1748=EDGE_CURVE('',#2097,#2098,#347,.F.);
#1749=EDGE_CURVE('',#2099,#2098,#123,.T.);
#1750=EDGE_CURVE('',#2100,#2099,#348,.T.);
#1751=EDGE_CURVE('',#2100,#2101,#349,.T.);
#1752=EDGE_CURVE('',#2101,#2102,#350,.T.);
#1753=EDGE_CURVE('',#2103,#2102,#351,.T.);
#1754=EDGE_CURVE('',#2103,#2104,#352,.F.);
#1755=EDGE_CURVE('',#2047,#2104,#124,.T.);
#1756=EDGE_CURVE('',#2105,#2046,#125,.T.);
#1757=EDGE_CURVE('',#2105,#2106,#353,.F.);
#1758=EDGE_CURVE('',#2106,#2107,#354,.T.);
#1759=EDGE_CURVE('',#2108,#2107,#355,.T.);
#1760=EDGE_CURVE('',#2108,#2109,#356,.F.);
#1761=EDGE_CURVE('',#2110,#2109,#357,.T.);
#1762=EDGE_CURVE('',#2110,#2111,#358,.T.);
#1763=EDGE_CURVE('',#2111,#2112,#359,.T.);
#1764=EDGE_CURVE('',#2113,#2112,#360,.T.);
#1765=EDGE_CURVE('',#2113,#2094,#361,.F.);
#1766=EDGE_CURVE('',#2086,#2091,#2199,.T.);
#1767=EDGE_CURVE('',#2090,#2093,#2200,.T.);
#1768=EDGE_CURVE('',#2092,#2089,#2201,.T.);
#1769=EDGE_CURVE('',#2088,#2087,#2202,.T.);
#1770=EDGE_CURVE('',#2095,#1948,#362,.T.);
#1771=EDGE_CURVE('',#1947,#2096,#363,.T.);
#1772=EDGE_CURVE('',#2094,#1919,#364,.F.);
#1773=EDGE_CURVE('',#1946,#2097,#365,.F.);
#1774=EDGE_CURVE('',#2098,#1945,#366,.F.);
#1775=EDGE_CURVE('',#1944,#2099,#367,.T.);
#1776=EDGE_CURVE('',#2114,#2114,#126,.T.);
#1777=EDGE_CURVE('',#2115,#2115,#127,.T.);
#1778=EDGE_CURVE('',#2116,#2116,#128,.T.);
#1779=EDGE_CURVE('',#1943,#2100,#368,.T.);
#1780=EDGE_CURVE('',#2101,#1942,#369,.T.);
#1781=EDGE_CURVE('',#1941,#2102,#370,.T.);
#1782=EDGE_CURVE('',#1940,#2103,#371,.T.);
#1783=EDGE_CURVE('',#2104,#1939,#372,.F.);
#1784=EDGE_CURVE('',#1928,#2105,#373,.T.);
#1785=EDGE_CURVE('',#1926,#2107,#374,.T.);
#1786=EDGE_CURVE('',#1927,#2106,#375,.T.);
#1787=EDGE_CURVE('',#1925,#2108,#376,.T.);
#1788=EDGE_CURVE('',#2117,#2117,#129,.T.);
#1789=EDGE_CURVE('',#2118,#2118,#130,.T.);
#1790=EDGE_CURVE('',#2119,#2119,#131,.T.);
#1791=EDGE_CURVE('',#2109,#1924,#377,.T.);
#1792=EDGE_CURVE('',#1923,#2110,#378,.T.);
#1793=EDGE_CURVE('',#2111,#1922,#379,.T.);
#1794=EDGE_CURVE('',#1921,#2112,#380,.T.);
#1795=EDGE_CURVE('',#1920,#2113,#381,.F.);
#1796=EDGE_CURVE('',#2072,#2063,#698,.T.);
#1797=EDGE_CURVE('',#2073,#2062,#132,.T.);
#1798=EDGE_CURVE('',#2064,#2059,#699,.T.);
#1799=EDGE_CURVE('',#2065,#2058,#133,.T.);
#1800=EDGE_CURVE('',#2062,#2077,#134,.T.);
#1801=EDGE_CURVE('',#2074,#2065,#135,.T.);
#1802=EDGE_CURVE('',#2073,#2077,#136,.F.);
#1803=EDGE_CURVE('',#2074,#2058,#137,.F.);
#1804=EDGE_CURVE('',#2070,#2076,#138,.T.);
#1805=EDGE_CURVE('',#2068,#2071,#700,.T.);
#1806=EDGE_CURVE('',#2069,#2070,#139,.T.);
#1807=EDGE_CURVE('',#2060,#2067,#701,.T.);
#1808=EDGE_CURVE('',#2061,#2066,#140,.T.);
#1809=EDGE_CURVE('',#2075,#2061,#141,.T.);
#1810=EDGE_CURVE('',#2069,#2076,#142,.F.);
#1811=EDGE_CURVE('',#2075,#2066,#143,.F.);
#1812=EDGE_CURVE('',#2120,#1963,#382,.T.);
#1813=EDGE_CURVE('',#2120,#1985,#702,.T.);
#1814=EDGE_CURVE('',#2121,#1962,#383,.T.);
#1815=EDGE_CURVE('',#2121,#2120,#384,.F.);
#1816=EDGE_CURVE('',#2027,#2121,#703,.T.);
#1817=EDGE_CURVE('',#2122,#1967,#385,.T.);
#1818=EDGE_CURVE('',#2122,#2028,#704,.T.);
#1819=EDGE_CURVE('',#2123,#1966,#386,.T.);
#1820=EDGE_CURVE('',#2123,#2122,#387,.T.);
#1821=EDGE_CURVE('',#1984,#2123,#705,.T.);
#1822=EDGE_CURVE('',#2121,#2007,#144,.T.);
#1823=EDGE_CURVE('',#2120,#2006,#145,.T.);
#1824=EDGE_CURVE('',#2018,#2122,#146,.T.);
#1825=EDGE_CURVE('',#2019,#2123,#147,.T.);
#1826=EDGE_CURVE('',#2124,#2124,#148,.T.);
#1827=EDGE_CURVE('',#2057,#2125,#388,.T.);
#1828=EDGE_CURVE('',#2125,#2126,#389,.T.);
#1829=EDGE_CURVE('',#2049,#2126,#390,.T.);
#1830=EDGE_CURVE('',#2127,#2126,#391,.T.);
#1831=EDGE_CURVE('',#2127,#2048,#392,.T.);
#1832=EDGE_CURVE('',#2056,#2128,#393,.T.);
#1833=EDGE_CURVE('',#2128,#2125,#394,.T.);
#1834=EDGE_CURVE('',#1911,#2127,#395,.F.);
#1835=EDGE_CURVE('',#2128,#1912,#396,.T.);
#1836=EDGE_CURVE('',#2052,#2129,#397,.T.);
#1837=EDGE_CURVE('',#2129,#2130,#398,.T.);
#1838=EDGE_CURVE('',#2053,#2130,#399,.T.);
#1839=EDGE_CURVE('',#2131,#2131,#149,.T.);
#1840=EDGE_CURVE('',#2130,#2132,#400,.T.);
#1841=EDGE_CURVE('',#2054,#2132,#401,.T.);
#1842=EDGE_CURVE('',#2133,#2132,#402,.T.);
#1843=EDGE_CURVE('',#2133,#2055,#403,.T.);
#1844=EDGE_CURVE('',#1915,#2133,#404,.F.);
#1845=EDGE_CURVE('',#2129,#1916,#405,.T.);
#1846=EDGE_CURVE('',#2134,#2135,#406,.T.);
#1847=EDGE_CURVE('',#2134,#2041,#407,.T.);
#1848=EDGE_CURVE('',#2135,#2040,#408,.T.);
#1849=EDGE_CURVE('',#2038,#2136,#409,.T.);
#1850=EDGE_CURVE('',#2136,#2137,#410,.T.);
#1851=EDGE_CURVE('',#2137,#2039,#411,.T.);
#1852=EDGE_CURVE('',#2138,#2138,#150,.T.);
#1853=EDGE_CURVE('',#2135,#2137,#412,.T.);
#1854=EDGE_CURVE('',#1935,#2134,#413,.T.);
#1855=EDGE_CURVE('',#2136,#1936,#414,.F.);
#1856=EDGE_CURVE('',#2042,#2139,#415,.T.);
#1857=EDGE_CURVE('',#2139,#2140,#416,.T.);
#1858=EDGE_CURVE('',#2140,#2043,#417,.T.);
#1859=EDGE_CURVE('',#2141,#2141,#151,.T.);
#1860=EDGE_CURVE('',#2142,#2140,#418,.T.);
#1861=EDGE_CURVE('',#2142,#2044,#419,.T.);
#1862=EDGE_CURVE('',#2143,#2142,#420,.T.);
#1863=EDGE_CURVE('',#2143,#2045,#421,.T.);
#1864=EDGE_CURVE('',#1931,#2143,#422,.T.);
#1865=EDGE_CURVE('',#2139,#1932,#423,.F.);
#1866=EDGE_CURVE('',#2145,#2145,#152,.T.);
#1867=EDGE_CURVE('',#2147,#2147,#153,.T.);
#1868=EDGE_CURVE('',#2149,#2149,#154,.T.);
#1869=EDGE_CURVE('',#2151,#2151,#155,.T.);
#1870=EDGE_CURVE('',#2152,#2152,#156,.T.);
#1871=EDGE_CURVE('',#2153,#2153,#157,.T.);
#1872=EDGE_CURVE('',#2154,#2154,#158,.T.);
#1873=EDGE_CURVE('',#2155,#2155,#159,.T.);
#1874=EDGE_CURVE('',#2156,#2156,#160,.T.);
#1875=EDGE_CURVE('',#2157,#2157,#161,.T.);
#1876=EDGE_CURVE('',#2068,#1903,#706,.F.);
#1877=EDGE_CURVE('',#1904,#2067,#707,.F.);
#1878=EDGE_CURVE('',#1905,#2060,#708,.T.);
#1879=EDGE_CURVE('',#2071,#1902,#709,.T.);
#1880=EDGE_CURVE('',#1898,#2059,#710,.F.);
#1881=EDGE_CURVE('',#2072,#1901,#711,.F.);
#1882=EDGE_CURVE('',#1899,#2064,#712,.T.);
#1883=EDGE_CURVE('',#2063,#1900,#713,.T.);
#1884=EDGE_CURVE('',#2159,#2159,#162,.T.);
#1885=EDGE_CURVE('',#2161,#2161,#163,.T.);
#1886=EDGE_CURVE('',#2163,#2163,#164,.T.);
#1887=EDGE_CURVE('',#2000,#1977,#165,.T.);
#1888=EDGE_CURVE('',#1978,#1999,#166,.T.);
#1889=EDGE_CURVE('',#2164,#2164,#167,.T.);
#1890=EDGE_CURVE('',#1996,#1981,#168,.T.);
#1891=EDGE_CURVE('',#1982,#1995,#169,.T.);
#1892=EDGE_CURVE('',#2166,#2166,#170,.T.);
#1893=EDGE_CURVE('',#1990,#1987,#171,.T.);
#1894=EDGE_CURVE('',#1975,#1988,#172,.T.);
#1895=EDGE_CURVE('',#2168,#2168,#173,.T.);
#1896=VERTEX_POINT('',#3936);
#1897=VERTEX_POINT('',#3938);
#1898=VERTEX_POINT('',#3944);
#1899=VERTEX_POINT('',#3945);
#1900=VERTEX_POINT('',#3947);
#1901=VERTEX_POINT('',#3953);
#1902=VERTEX_POINT('',#3955);
#1903=VERTEX_POINT('',#3961);
#1904=VERTEX_POINT('',#3963);
#1905=VERTEX_POINT('',#3969);
#1906=VERTEX_POINT('',#3972);
#1907=VERTEX_POINT('',#3974);
#1908=VERTEX_POINT('',#3976);
#1909=VERTEX_POINT('',#3978);
#1910=VERTEX_POINT('',#3979);
#1911=VERTEX_POINT('',#3981);
#1912=VERTEX_POINT('',#3983);
#1913=VERTEX_POINT('',#3985);
#1914=VERTEX_POINT('',#3987);
#1915=VERTEX_POINT('',#3989);
#1916=VERTEX_POINT('',#3991);
#1917=VERTEX_POINT('',#3993);
#1918=VERTEX_POINT('',#3995);
#1919=VERTEX_POINT('',#3997);
#1920=VERTEX_POINT('',#3999);
#1921=VERTEX_POINT('',#4001);
#1922=VERTEX_POINT('',#4003);
#1923=VERTEX_POINT('',#4005);
#1924=VERTEX_POINT('',#4007);
#1925=VERTEX_POINT('',#4009);
#1926=VERTEX_POINT('',#4011);
#1927=VERTEX_POINT('',#4013);
#1928=VERTEX_POINT('',#4015);
#1929=VERTEX_POINT('',#4017);
#1930=VERTEX_POINT('',#4019);
#1931=VERTEX_POINT('',#4021);
#1932=VERTEX_POINT('',#4023);
#1933=VERTEX_POINT('',#4025);
#1934=VERTEX_POINT('',#4027);
#1935=VERTEX_POINT('',#4029);
#1936=VERTEX_POINT('',#4031);
#1937=VERTEX_POINT('',#4033);
#1938=VERTEX_POINT('',#4035);
#1939=VERTEX_POINT('',#4037);
#1940=VERTEX_POINT('',#4039);
#1941=VERTEX_POINT('',#4041);
#1942=VERTEX_POINT('',#4043);
#1943=VERTEX_POINT('',#4045);
#1944=VERTEX_POINT('',#4047);
#1945=VERTEX_POINT('',#4049);
#1946=VERTEX_POINT('',#4051);
#1947=VERTEX_POINT('',#4053);
#1948=VERTEX_POINT('',#4055);
#1949=VERTEX_POINT('',#4058);
#1950=VERTEX_POINT('',#4059);
#1951=VERTEX_POINT('',#4061);
#1952=VERTEX_POINT('',#4063);
#1953=VERTEX_POINT('',#4066);
#1954=VERTEX_POINT('',#4067);
#1955=VERTEX_POINT('',#4069);
#1956=VERTEX_POINT('',#4071);
#1957=VERTEX_POINT('',#4073);
#1958=VERTEX_POINT('',#4075);
#1959=VERTEX_POINT('',#4077);
#1960=VERTEX_POINT('',#4079);
#1961=VERTEX_POINT('',#4081);
#1962=VERTEX_POINT('',#4101);
#1963=VERTEX_POINT('',#4103);
#1964=VERTEX_POINT('',#4123);
#1965=VERTEX_POINT('',#4125);
#1966=VERTEX_POINT('',#4145);
#1967=VERTEX_POINT('',#4147);
#1968=VERTEX_POINT('',#4167);
#1969=VERTEX_POINT('',#4170);
#1970=VERTEX_POINT('',#4171);
#1971=VERTEX_POINT('',#4173);
#1972=VERTEX_POINT('',#4175);
#1973=VERTEX_POINT('',#4178);
#1974=VERTEX_POINT('',#4181);
#1975=VERTEX_POINT('',#4182);
#1976=VERTEX_POINT('',#4184);
#1977=VERTEX_POINT('',#4186);
#1978=VERTEX_POINT('',#4188);
#1979=VERTEX_POINT('',#4190);
#1980=VERTEX_POINT('',#4192);
#1981=VERTEX_POINT('',#4194);
#1982=VERTEX_POINT('',#4196);
#1983=VERTEX_POINT('',#4198);
#1984=VERTEX_POINT('',#4200);
#1985=VERTEX_POINT('',#4203);
#1986=VERTEX_POINT('',#4205);
#1987=VERTEX_POINT('',#4207);
#1988=VERTEX_POINT('',#4211);
#1989=VERTEX_POINT('',#4212);
#1990=VERTEX_POINT('',#4214);
#1991=VERTEX_POINT('',#4216);
#1992=VERTEX_POINT('',#4218);
#1993=VERTEX_POINT('',#4221);
#1994=VERTEX_POINT('',#4223);
#1995=VERTEX_POINT('',#4225);
#1996=VERTEX_POINT('',#4227);
#1997=VERTEX_POINT('',#4229);
#1998=VERTEX_POINT('',#4231);
#1999=VERTEX_POINT('',#4233);
#2000=VERTEX_POINT('',#4235);
#2001=VERTEX_POINT('',#4237);
#2002=VERTEX_POINT('',#4241);
#2003=VERTEX_POINT('',#4242);
#2004=VERTEX_POINT('',#4247);
#2005=VERTEX_POINT('',#4249);
#2006=VERTEX_POINT('',#4255);
#2007=VERTEX_POINT('',#4257);
#2008=VERTEX_POINT('',#4263);
#2009=VERTEX_POINT('',#4265);
#2010=VERTEX_POINT('',#4267);
#2011=VERTEX_POINT('',#4269);
#2012=VERTEX_POINT('',#4294);
#2013=VERTEX_POINT('',#4295);
#2014=VERTEX_POINT('',#4298);
#2015=VERTEX_POINT('',#4300);
#2016=VERTEX_POINT('',#4302);
#2017=VERTEX_POINT('',#4304);
#2018=VERTEX_POINT('',#4310);
#2019=VERTEX_POINT('',#4312);
#2020=VERTEX_POINT('',#4320);
#2021=VERTEX_POINT('',#4322);
#2022=VERTEX_POINT('',#4347);
#2023=VERTEX_POINT('',#4349);
#2024=VERTEX_POINT('',#4353);
#2025=VERTEX_POINT('',#4354);
#2026=VERTEX_POINT('',#4359);
#2027=VERTEX_POINT('',#4361);
#2028=VERTEX_POINT('',#4365);
#2029=VERTEX_POINT('',#4366);
#2030=VERTEX_POINT('',#4371);
#2031=VERTEX_POINT('',#4372);
#2032=VERTEX_POINT('',#4377);
#2033=VERTEX_POINT('',#4379);
#2034=VERTEX_POINT('',#4389);
#2035=VERTEX_POINT('',#4390);
#2036=VERTEX_POINT('',#4395);
#2037=VERTEX_POINT('',#4397);
#2038=VERTEX_POINT('',#4443);
#2039=VERTEX_POINT('',#4445);
#2040=VERTEX_POINT('',#4447);
#2041=VERTEX_POINT('',#4449);
#2042=VERTEX_POINT('',#4452);
#2043=VERTEX_POINT('',#4454);
#2044=VERTEX_POINT('',#4456);
#2045=VERTEX_POINT('',#4458);
#2046=VERTEX_POINT('',#4461);
#2047=VERTEX_POINT('',#4463);
#2048=VERTEX_POINT('',#4467);
#2049=VERTEX_POINT('',#4468);
#2050=VERTEX_POINT('',#4471);
#2051=VERTEX_POINT('',#4473);
#2052=VERTEX_POINT('',#4476);
#2053=VERTEX_POINT('',#4478);
#2054=VERTEX_POINT('',#4480);
#2055=VERTEX_POINT('',#4482);
#2056=VERTEX_POINT('',#4485);
#2057=VERTEX_POINT('',#4487);
#2058=VERTEX_POINT('',#4491);
#2059=VERTEX_POINT('',#4492);
#2060=VERTEX_POINT('',#4494);
#2061=VERTEX_POINT('',#4496);
#2062=VERTEX_POINT('',#4500);
#2063=VERTEX_POINT('',#4501);
#2064=VERTEX_POINT('',#4503);
#2065=VERTEX_POINT('',#4505);
#2066=VERTEX_POINT('',#4509);
#2067=VERTEX_POINT('',#4510);
#2068=VERTEX_POINT('',#4512);
#2069=VERTEX_POINT('',#4514);
#2070=VERTEX_POINT('',#4518);
#2071=VERTEX_POINT('',#4519);
#2072=VERTEX_POINT('',#4521);
#2073=VERTEX_POINT('',#4523);
#2074=VERTEX_POINT('',#4527);
#2075=VERTEX_POINT('',#4528);
#2076=VERTEX_POINT('',#4530);
#2077=VERTEX_POINT('',#4532);
#2078=VERTEX_POINT('',#4535);
#2079=VERTEX_POINT('',#4536);
#2080=VERTEX_POINT('',#4538);
#2081=VERTEX_POINT('',#4540);
#2082=VERTEX_POINT('',#4542);
#2083=VERTEX_POINT('',#4544);
#2084=VERTEX_POINT('',#4546);
#2085=VERTEX_POINT('',#4548);
#2086=VERTEX_POINT('',#4552);
#2087=VERTEX_POINT('',#4553);
#2088=VERTEX_POINT('',#4558);
#2089=VERTEX_POINT('',#4560);
#2090=VERTEX_POINT('',#4564);
#2091=VERTEX_POINT('',#4566);
#2092=VERTEX_POINT('',#4570);
#2093=VERTEX_POINT('',#4572);
#2094=VERTEX_POINT('',#4576);
#2095=VERTEX_POINT('',#4578);
#2096=VERTEX_POINT('',#4580);
#2097=VERTEX_POINT('',#4582);
#2098=VERTEX_POINT('',#4584);
#2099=VERTEX_POINT('',#4586);
#2100=VERTEX_POINT('',#4588);
#2101=VERTEX_POINT('',#4590);
#2102=VERTEX_POINT('',#4592);
#2103=VERTEX_POINT('',#4594);
#2104=VERTEX_POINT('',#4596);
#2105=VERTEX_POINT('',#4599);
#2106=VERTEX_POINT('',#4601);
#2107=VERTEX_POINT('',#4603);
#2108=VERTEX_POINT('',#4605);
#2109=VERTEX_POINT('',#4607);
#2110=VERTEX_POINT('',#4609);
#2111=VERTEX_POINT('',#4611);
#2112=VERTEX_POINT('',#4613);
#2113=VERTEX_POINT('',#4615);
#2114=VERTEX_POINT('',#4633);
#2115=VERTEX_POINT('',#4635);
#2116=VERTEX_POINT('',#4637);
#2117=VERTEX_POINT('',#4655);
#2118=VERTEX_POINT('',#4657);
#2119=VERTEX_POINT('',#4659);
#2120=VERTEX_POINT('',#4740);
#2121=VERTEX_POINT('',#4748);
#2122=VERTEX_POINT('',#4772);
#2123=VERTEX_POINT('',#4780);
#2124=VERTEX_POINT('',#4865);
#2125=VERTEX_POINT('',#4867);
#2126=VERTEX_POINT('',#4869);
#2127=VERTEX_POINT('',#4873);
#2128=VERTEX_POINT('',#4877);
#2129=VERTEX_POINT('',#4884);
#2130=VERTEX_POINT('',#4886);
#2131=VERTEX_POINT('',#4890);
#2132=VERTEX_POINT('',#4892);
#2133=VERTEX_POINT('',#4896);
#2134=VERTEX_POINT('',#4903);
#2135=VERTEX_POINT('',#4904);
#2136=VERTEX_POINT('',#4909);
#2137=VERTEX_POINT('',#4911);
#2138=VERTEX_POINT('',#4915);
#2139=VERTEX_POINT('',#4922);
#2140=VERTEX_POINT('',#4924);
#2141=VERTEX_POINT('',#4928);
#2142=VERTEX_POINT('',#4930);
#2143=VERTEX_POINT('',#4934);
#2144=VERTEX_POINT('',#4940);
#2145=VERTEX_POINT('',#4942);
#2146=VERTEX_POINT('',#4945);
#2147=VERTEX_POINT('',#4947);
#2148=VERTEX_POINT('',#4950);
#2149=VERTEX_POINT('',#4952);
#2150=VERTEX_POINT('',#4955);
#2151=VERTEX_POINT('',#4957);
#2152=VERTEX_POINT('',#4969);
#2153=VERTEX_POINT('',#4973);
#2154=VERTEX_POINT('',#4977);
#2155=VERTEX_POINT('',#4981);
#2156=VERTEX_POINT('',#4985);
#2157=VERTEX_POINT('',#4989);
#2158=VERTEX_POINT('',#5076);
#2159=VERTEX_POINT('',#5078);
#2160=VERTEX_POINT('',#5081);
#2161=VERTEX_POINT('',#5083);
#2162=VERTEX_POINT('',#5086);
#2163=VERTEX_POINT('',#5088);
#2164=VERTEX_POINT('',#5103);
#2165=VERTEX_POINT('',#5105);
#2166=VERTEX_POINT('',#5113);
#2167=VERTEX_POINT('',#5115);
#2168=VERTEX_POINT('',#5123);
#2169=VERTEX_POINT('',#5125);
#2170=ELLIPSE('',#2902,0.00125477479692918,0.00125);
#2171=ELLIPSE('',#2903,0.00125477479692918,0.00125);
#2172=ELLIPSE('',#2907,0.00200274469199585,0.002);
#2173=ELLIPSE('',#2908,0.00200274469199585,0.002);
#2174=ELLIPSE('',#2909,0.00200274469199585,0.002);
#2175=ELLIPSE('',#2910,0.00200274469199585,0.002);
#2176=ELLIPSE('',#2917,0.00125477479692918,0.00125);
#2177=ELLIPSE('',#2919,0.114737132456701,0.01);
#2178=ELLIPSE('',#2920,0.114737132456701,0.01);
#2179=ELLIPSE('',#2921,0.114737132456701,0.01);
#2180=ELLIPSE('',#2922,0.114737132456701,0.01);
#2181=ELLIPSE('',#2923,0.114737132456701,0.01);
#2182=ELLIPSE('',#2924,0.114737132456701,0.01);
#2183=ELLIPSE('',#2926,0.114737132456701,0.01);
#2184=ELLIPSE('',#2927,0.114737132456701,0.01);
#2185=ELLIPSE('',#2928,0.114737132456701,0.01);
#2186=ELLIPSE('',#2929,0.114737132456701,0.01);
#2187=ELLIPSE('',#2930,0.114737132456701,0.01);
#2188=ELLIPSE('',#2931,0.114737132456701,0.01);
#2189=ELLIPSE('',#2933,0.0100381983754335,0.01);
#2190=ELLIPSE('',#2934,0.0100381983754335,0.01);
#2191=ELLIPSE('',#2936,0.0100381983754335,0.01);
#2192=ELLIPSE('',#2942,0.0100381983754335,0.01);
#2193=ELLIPSE('',#2945,0.0100381983754335,0.01);
#2194=ELLIPSE('',#2946,0.0100381983754335,0.01);
#2195=ELLIPSE('',#2977,0.00300411703799376,0.003);
#2196=ELLIPSE('',#2978,0.00300411703799376,0.003);
#2197=ELLIPSE('',#2979,0.00300411703799376,0.003);
#2198=ELLIPSE('',#2980,0.00300411703799376,0.003);
#2199=ELLIPSE('',#2990,0.00300411703799376,0.003);
#2200=ELLIPSE('',#2991,0.00300411703799376,0.003);
#2201=ELLIPSE('',#2992,0.00300411703799376,0.003);
#2202=ELLIPSE('',#2993,0.00300411703799376,0.003);
#2203=EDGE_LOOP('',(#714));
#2204=EDGE_LOOP('',(#715));
#2205=EDGE_LOOP('',(#716,#717,#718,#719,#720,#721,#722,#723));
#2206=EDGE_LOOP('',(#724));
#2207=EDGE_LOOP('',(#725));
#2208=EDGE_LOOP('',(#726));
#2209=EDGE_LOOP('',(#727,#728,#729,#730,#731,#732,#733,#734,#735,#736,#737,
#738,#739,#740,#741,#742,#743,#744,#745,#746,#747,#748,#749,#750,#751,#752,
#753,#754,#755,#756,#757,#758,#759,#760,#761,#762,#763,#764,#765,#766));
#2210=EDGE_LOOP('',(#767,#768,#769,#770));
#2211=EDGE_LOOP('',(#771,#772,#773,#774,#775,#776,#777,#778,#779,#780,#781,
#782,#783,#784,#785,#786));
#2212=EDGE_LOOP('',(#787,#788,#789,#790));
#2213=EDGE_LOOP('',(#791));
#2214=EDGE_LOOP('',(#792,#793,#794,#795,#796,#797,#798,#799,#800,#801,#802,
#803,#804,#805,#806,#807));
#2215=EDGE_LOOP('',(#808,#809,#810,#811,#812,#813,#814,#815,#816,#817,#818,
#819,#820,#821,#822,#823));
#2216=EDGE_LOOP('',(#824,#825,#826,#827));
#2217=EDGE_LOOP('',(#828,#829,#830,#831,#832,#833,#834,#835,#836,#837));
#2218=EDGE_LOOP('',(#838,#839,#840,#841));
#2219=EDGE_LOOP('',(#842,#843,#844,#845));
#2220=EDGE_LOOP('',(#846,#847,#848,#849,#850,#851,#852,#853,#854,#855));
#2221=EDGE_LOOP('',(#856,#857,#858,#859));
#2222=EDGE_LOOP('',(#860,#861,#862,#863));
#2223=EDGE_LOOP('',(#864,#865,#866,#867));
#2224=EDGE_LOOP('',(#868,#869,#870,#871));
#2225=EDGE_LOOP('',(#872,#873,#874,#875));
#2226=EDGE_LOOP('',(#876,#877,#878,#879));
#2227=EDGE_LOOP('',(#880,#881,#882,#883));
#2228=EDGE_LOOP('',(#884,#885,#886,#887));
#2229=EDGE_LOOP('',(#888,#889,#890,#891));
#2230=EDGE_LOOP('',(#892,#893,#894,#895));
#2231=EDGE_LOOP('',(#896,#897,#898,#899));
#2232=EDGE_LOOP('',(#900,#901,#902,#903));
#2233=EDGE_LOOP('',(#904,#905,#906,#907));
#2234=EDGE_LOOP('',(#908,#909,#910,#911));
#2235=EDGE_LOOP('',(#912,#913,#914,#915));
#2236=EDGE_LOOP('',(#916,#917,#918,#919));
#2237=EDGE_LOOP('',(#920,#921,#922,#923));
#2238=EDGE_LOOP('',(#924,#925,#926,#927,#928,#929,#930,#931,#932,#933,#934,
#935,#936,#937,#938,#939));
#2239=EDGE_LOOP('',(#940,#941,#942,#943,#944,#945,#946,#947,#948,#949,#950,
#951,#952,#953,#954,#955));
#2240=EDGE_LOOP('',(#956,#957,#958,#959));
#2241=EDGE_LOOP('',(#960,#961,#962,#963));
#2242=EDGE_LOOP('',(#964,#965,#966,#967));
#2243=EDGE_LOOP('',(#968,#969,#970,#971));
#2244=EDGE_LOOP('',(#972,#973,#974,#975));
#2245=EDGE_LOOP('',(#976,#977,#978,#979,#980,#981,#982,#983));
#2246=EDGE_LOOP('',(#984,#985,#986,#987));
#2247=EDGE_LOOP('',(#988,#989,#990,#991));
#2248=EDGE_LOOP('',(#992,#993,#994,#995));
#2249=EDGE_LOOP('',(#996,#997,#998,#999));
#2250=EDGE_LOOP('',(#1000,#1001,#1002,#1003,#1004,#1005,#1006,#1007,#1008,
#1009,#1010,#1011,#1012,#1013,#1014,#1015,#1016,#1017,#1018,#1019,#1020,
#1021,#1022,#1023));
#2251=EDGE_LOOP('',(#1024,#1025,#1026,#1027,#1028,#1029,#1030,#1031));
#2252=EDGE_LOOP('',(#1032,#1033,#1034,#1035));
#2253=EDGE_LOOP('',(#1036,#1037,#1038,#1039));
#2254=EDGE_LOOP('',(#1040,#1041,#1042,#1043));
#2255=EDGE_LOOP('',(#1044,#1045,#1046,#1047));
#2256=EDGE_LOOP('',(#1048));
#2257=EDGE_LOOP('',(#1049));
#2258=EDGE_LOOP('',(#1050));
#2259=EDGE_LOOP('',(#1051,#1052,#1053,#1054));
#2260=EDGE_LOOP('',(#1055,#1056,#1057,#1058));
#2261=EDGE_LOOP('',(#1059,#1060,#1061,#1062));
#2262=EDGE_LOOP('',(#1063,#1064,#1065,#1066));
#2263=EDGE_LOOP('',(#1067,#1068,#1069,#1070));
#2264=EDGE_LOOP('',(#1071,#1072,#1073,#1074));
#2265=EDGE_LOOP('',(#1075,#1076,#1077,#1078));
#2266=EDGE_LOOP('',(#1079));
#2267=EDGE_LOOP('',(#1080));
#2268=EDGE_LOOP('',(#1081));
#2269=EDGE_LOOP('',(#1082,#1083,#1084,#1085));
#2270=EDGE_LOOP('',(#1086,#1087,#1088,#1089));
#2271=EDGE_LOOP('',(#1090,#1091,#1092,#1093));
#2272=EDGE_LOOP('',(#1094,#1095,#1096,#1097));
#2273=EDGE_LOOP('',(#1098,#1099,#1100,#1101));
#2274=EDGE_LOOP('',(#1102,#1103,#1104,#1105));
#2275=EDGE_LOOP('',(#1106,#1107,#1108,#1109));
#2276=EDGE_LOOP('',(#1110,#1111,#1112,#1113));
#2277=EDGE_LOOP('',(#1114,#1115,#1116,#1117));
#2278=EDGE_LOOP('',(#1118,#1119,#1120,#1121));
#2279=EDGE_LOOP('',(#1122,#1123,#1124,#1125));
#2280=EDGE_LOOP('',(#1126,#1127,#1128,#1129));
#2281=EDGE_LOOP('',(#1130,#1131,#1132,#1133));
#2282=EDGE_LOOP('',(#1134,#1135,#1136,#1137));
#2283=EDGE_LOOP('',(#1138,#1139,#1140,#1141));
#2284=EDGE_LOOP('',(#1142,#1143,#1144,#1145));
#2285=EDGE_LOOP('',(#1146,#1147,#1148,#1149));
#2286=EDGE_LOOP('',(#1150,#1151,#1152,#1153));
#2287=EDGE_LOOP('',(#1154,#1155,#1156));
#2288=EDGE_LOOP('',(#1157,#1158,#1159));
#2289=EDGE_LOOP('',(#1160,#1161,#1162,#1163));
#2290=EDGE_LOOP('',(#1164,#1165,#1166,#1167));
#2291=EDGE_LOOP('',(#1168,#1169,#1170,#1171));
#2292=EDGE_LOOP('',(#1172,#1173,#1174,#1175));
#2293=EDGE_LOOP('',(#1176,#1177,#1178));
#2294=EDGE_LOOP('',(#1179,#1180,#1181));
#2295=EDGE_LOOP('',(#1182,#1183,#1184,#1185));
#2296=EDGE_LOOP('',(#1186,#1187,#1188,#1189));
#2297=EDGE_LOOP('',(#1190,#1191,#1192,#1193));
#2298=EDGE_LOOP('',(#1194,#1195,#1196,#1197));
#2299=EDGE_LOOP('',(#1198,#1199,#1200,#1201));
#2300=EDGE_LOOP('',(#1202,#1203,#1204,#1205));
#2301=EDGE_LOOP('',(#1206,#1207,#1208,#1209));
#2302=EDGE_LOOP('',(#1210,#1211,#1212,#1213));
#2303=EDGE_LOOP('',(#1214,#1215,#1216,#1217));
#2304=EDGE_LOOP('',(#1218,#1219,#1220,#1221));
#2305=EDGE_LOOP('',(#1222,#1223,#1224,#1225));
#2306=EDGE_LOOP('',(#1226,#1227,#1228,#1229));
#2307=EDGE_LOOP('',(#1230,#1231,#1232,#1233));
#2308=EDGE_LOOP('',(#1234,#1235,#1236,#1237));
#2309=EDGE_LOOP('',(#1238,#1239,#1240,#1241));
#2310=EDGE_LOOP('',(#1242));
#2311=EDGE_LOOP('',(#1243,#1244,#1245,#1246));
#2312=EDGE_LOOP('',(#1247,#1248,#1249,#1250));
#2313=EDGE_LOOP('',(#1251,#1252,#1253,#1254));
#2314=EDGE_LOOP('',(#1255,#1256,#1257,#1258,#1259,#1260));
#2315=EDGE_LOOP('',(#1261,#1262,#1263,#1264));
#2316=EDGE_LOOP('',(#1265));
#2317=EDGE_LOOP('',(#1266,#1267,#1268,#1269));
#2318=EDGE_LOOP('',(#1270,#1271,#1272,#1273));
#2319=EDGE_LOOP('',(#1274,#1275,#1276,#1277,#1278,#1279));
#2320=EDGE_LOOP('',(#1280,#1281,#1282,#1283));
#2321=EDGE_LOOP('',(#1284,#1285,#1286,#1287));
#2322=EDGE_LOOP('',(#1288));
#2323=EDGE_LOOP('',(#1289,#1290,#1291,#1292));
#2324=EDGE_LOOP('',(#1293,#1294,#1295,#1296,#1297,#1298));
#2325=EDGE_LOOP('',(#1299,#1300,#1301,#1302));
#2326=EDGE_LOOP('',(#1303));
#2327=EDGE_LOOP('',(#1304,#1305,#1306,#1307));
#2328=EDGE_LOOP('',(#1308,#1309,#1310,#1311));
#2329=EDGE_LOOP('',(#1312,#1313,#1314,#1315,#1316,#1317));
#2330=EDGE_LOOP('',(#1318));
#2331=EDGE_LOOP('',(#1319));
#2332=EDGE_LOOP('',(#1320));
#2333=EDGE_LOOP('',(#1321));
#2334=EDGE_LOOP('',(#1322));
#2335=EDGE_LOOP('',(#1323));
#2336=EDGE_LOOP('',(#1324));
#2337=EDGE_LOOP('',(#1325));
#2338=EDGE_LOOP('',(#1326));
#2339=EDGE_LOOP('',(#1327));
#2340=EDGE_LOOP('',(#1328));
#2341=EDGE_LOOP('',(#1329));
#2342=EDGE_LOOP('',(#1330,#1331,#1332,#1333));
#2343=EDGE_LOOP('',(#1334,#1335,#1336,#1337));
#2344=EDGE_LOOP('',(#1338,#1339,#1340,#1341));
#2345=EDGE_LOOP('',(#1342,#1343,#1344,#1345));
#2346=EDGE_LOOP('',(#1346,#1347,#1348,#1349));
#2347=EDGE_LOOP('',(#1350,#1351,#1352,#1353));
#2348=EDGE_LOOP('',(#1354,#1355,#1356,#1357));
#2349=EDGE_LOOP('',(#1358,#1359,#1360,#1361));
#2350=EDGE_LOOP('',(#1362));
#2351=EDGE_LOOP('',(#1363));
#2352=EDGE_LOOP('',(#1364));
#2353=EDGE_LOOP('',(#1365));
#2354=EDGE_LOOP('',(#1366));
#2355=EDGE_LOOP('',(#1367));
#2356=EDGE_LOOP('',(#1368));
#2357=EDGE_LOOP('',(#1369));
#2358=EDGE_LOOP('',(#1370));
#2359=EDGE_LOOP('',(#1371));
#2360=EDGE_LOOP('',(#1372));
#2361=EDGE_LOOP('',(#1373));
#2362=EDGE_LOOP('',(#1374));
#2363=EDGE_LOOP('',(#1375));
#2364=EDGE_LOOP('',(#1376));
#2365=EDGE_LOOP('',(#1377));
#2366=EDGE_LOOP('',(#1378));
#2367=EDGE_LOOP('',(#1379));
#2368=EDGE_LOOP('',(#1380,#1381,#1382,#1383));
#2369=EDGE_LOOP('',(#1384,#1385,#1386,#1387));
#2370=EDGE_LOOP('',(#1388,#1389,#1390,#1391));
#2371=EDGE_LOOP('',(#1392,#1393,#1394,#1395));
#2372=EDGE_LOOP('',(#1396,#1397,#1398,#1399));
#2373=EDGE_LOOP('',(#1400,#1401,#1402,#1403));
#2374=EDGE_LOOP('',(#1404,#1405,#1406,#1407));
#2375=EDGE_LOOP('',(#1408,#1409,#1410,#1411));
#2376=EDGE_LOOP('',(#1412));
#2377=EDGE_LOOP('',(#1413));
#2378=EDGE_LOOP('',(#1414));
#2379=EDGE_LOOP('',(#1415));
#2380=EDGE_LOOP('',(#1416));
#2381=EDGE_LOOP('',(#1417));
#2382=EDGE_LOOP('',(#1418));
#2383=EDGE_LOOP('',(#1419));
#2384=EDGE_LOOP('',(#1420));
#2385=EDGE_LOOP('',(#1421,#1422,#1423,#1424,#1425));
#2386=EDGE_LOOP('',(#1426,#1427,#1428,#1429,#1430));
#2387=EDGE_LOOP('',(#1431,#1432,#1433,#1434));
#2388=EDGE_LOOP('',(#1435,#1436,#1437,#1438,#1439));
#2389=EDGE_LOOP('',(#1440,#1441,#1442,#1443,#1444));
#2390=EDGE_LOOP('',(#1445,#1446,#1447,#1448,#1449));
#2391=EDGE_LOOP('',(#1450,#1451,#1452,#1453,#1454));
#2392=EDGE_LOOP('',(#1455,#1456,#1457,#1458,#1459));
#2393=EDGE_LOOP('',(#1460,#1461,#1462,#1463,#1464));
#2394=EDGE_LOOP('',(#1465));
#2395=EDGE_LOOP('',(#1466));
#2396=EDGE_LOOP('',(#1467));
#2397=EDGE_LOOP('',(#1468,#1469,#1470,#1471));
#2398=EDGE_LOOP('',(#1472,#1473,#1474,#1475,#1476));
#2399=EDGE_LOOP('',(#1477,#1478,#1479,#1480,#1481));
#2400=EDGE_LOOP('',(#1482));
#2401=EDGE_LOOP('',(#1483));
#2402=EDGE_LOOP('',(#1484));
#2403=EDGE_LOOP('',(#1485,#1486,#1487,#1488));
#2404=EDGE_LOOP('',(#1489,#1490,#1491,#1492,#1493));
#2405=EDGE_LOOP('',(#1494,#1495,#1496,#1497,#1498));
#2406=EDGE_LOOP('',(#1499));
#2407=EDGE_LOOP('',(#1500));
#2408=EDGE_LOOP('',(#1501));
#2409=FACE_BOUND('',#2203,.T.);
#2410=FACE_BOUND('',#2204,.T.);
#2411=FACE_BOUND('',#2205,.T.);
#2412=FACE_BOUND('',#2206,.T.);
#2413=FACE_BOUND('',#2207,.T.);
#2414=FACE_BOUND('',#2208,.T.);
#2415=FACE_BOUND('',#2209,.T.);
#2416=FACE_BOUND('',#2210,.T.);
#2417=FACE_BOUND('',#2211,.T.);
#2418=FACE_BOUND('',#2212,.T.);
#2419=FACE_BOUND('',#2213,.T.);
#2420=FACE_BOUND('',#2214,.T.);
#2421=FACE_BOUND('',#2215,.T.);
#2422=FACE_BOUND('',#2216,.T.);
#2423=FACE_BOUND('',#2217,.T.);
#2424=FACE_BOUND('',#2218,.T.);
#2425=FACE_BOUND('',#2219,.T.);
#2426=FACE_BOUND('',#2220,.T.);
#2427=FACE_BOUND('',#2221,.T.);
#2428=FACE_BOUND('',#2222,.T.);
#2429=FACE_BOUND('',#2223,.T.);
#2430=FACE_BOUND('',#2224,.T.);
#2431=FACE_BOUND('',#2225,.T.);
#2432=FACE_BOUND('',#2226,.T.);
#2433=FACE_BOUND('',#2227,.T.);
#2434=FACE_BOUND('',#2228,.T.);
#2435=FACE_BOUND('',#2229,.T.);
#2436=FACE_BOUND('',#2230,.T.);
#2437=FACE_BOUND('',#2231,.T.);
#2438=FACE_BOUND('',#2232,.T.);
#2439=FACE_BOUND('',#2233,.T.);
#2440=FACE_BOUND('',#2234,.T.);
#2441=FACE_BOUND('',#2235,.T.);
#2442=FACE_BOUND('',#2236,.T.);
#2443=FACE_BOUND('',#2237,.T.);
#2444=FACE_BOUND('',#2238,.T.);
#2445=FACE_BOUND('',#2239,.T.);
#2446=FACE_BOUND('',#2240,.T.);
#2447=FACE_BOUND('',#2241,.T.);
#2448=FACE_BOUND('',#2242,.T.);
#2449=FACE_BOUND('',#2243,.T.);
#2450=FACE_BOUND('',#2244,.T.);
#2451=FACE_BOUND('',#2245,.T.);
#2452=FACE_BOUND('',#2246,.T.);
#2453=FACE_BOUND('',#2247,.T.);
#2454=FACE_BOUND('',#2248,.T.);
#2455=FACE_BOUND('',#2249,.T.);
#2456=FACE_BOUND('',#2250,.T.);
#2457=FACE_BOUND('',#2251,.T.);
#2458=FACE_BOUND('',#2252,.T.);
#2459=FACE_BOUND('',#2253,.T.);
#2460=FACE_BOUND('',#2254,.T.);
#2461=FACE_BOUND('',#2255,.T.);
#2462=FACE_BOUND('',#2256,.T.);
#2463=FACE_BOUND('',#2257,.T.);
#2464=FACE_BOUND('',#2258,.T.);
#2465=FACE_BOUND('',#2259,.T.);
#2466=FACE_BOUND('',#2260,.T.);
#2467=FACE_BOUND('',#2261,.T.);
#2468=FACE_BOUND('',#2262,.T.);
#2469=FACE_BOUND('',#2263,.T.);
#2470=FACE_BOUND('',#2264,.T.);
#2471=FACE_BOUND('',#2265,.T.);
#2472=FACE_BOUND('',#2266,.T.);
#2473=FACE_BOUND('',#2267,.T.);
#2474=FACE_BOUND('',#2268,.T.);
#2475=FACE_BOUND('',#2269,.T.);
#2476=FACE_BOUND('',#2270,.T.);
#2477=FACE_BOUND('',#2271,.T.);
#2478=FACE_BOUND('',#2272,.T.);
#2479=FACE_BOUND('',#2273,.T.);
#2480=FACE_BOUND('',#2274,.T.);
#2481=FACE_BOUND('',#2275,.T.);
#2482=FACE_BOUND('',#2276,.T.);
#2483=FACE_BOUND('',#2277,.T.);
#2484=FACE_BOUND('',#2278,.T.);
#2485=FACE_BOUND('',#2279,.T.);
#2486=FACE_BOUND('',#2280,.T.);
#2487=FACE_BOUND('',#2281,.T.);
#2488=FACE_BOUND('',#2282,.T.);
#2489=FACE_BOUND('',#2283,.T.);
#2490=FACE_BOUND('',#2284,.T.);
#2491=FACE_BOUND('',#2285,.T.);
#2492=FACE_BOUND('',#2286,.T.);
#2493=FACE_BOUND('',#2287,.T.);
#2494=FACE_BOUND('',#2288,.T.);
#2495=FACE_BOUND('',#2289,.T.);
#2496=FACE_BOUND('',#2290,.T.);
#2497=FACE_BOUND('',#2291,.T.);
#2498=FACE_BOUND('',#2292,.T.);
#2499=FACE_BOUND('',#2293,.T.);
#2500=FACE_BOUND('',#2294,.T.);
#2501=FACE_BOUND('',#2295,.T.);
#2502=FACE_BOUND('',#2296,.T.);
#2503=FACE_BOUND('',#2297,.T.);
#2504=FACE_BOUND('',#2298,.T.);
#2505=FACE_BOUND('',#2299,.T.);
#2506=FACE_BOUND('',#2300,.T.);
#2507=FACE_BOUND('',#2301,.T.);
#2508=FACE_BOUND('',#2302,.T.);
#2509=FACE_BOUND('',#2303,.T.);
#2510=FACE_BOUND('',#2304,.T.);
#2511=FACE_BOUND('',#2305,.T.);
#2512=FACE_BOUND('',#2306,.T.);
#2513=FACE_BOUND('',#2307,.T.);
#2514=FACE_BOUND('',#2308,.T.);
#2515=FACE_BOUND('',#2309,.T.);
#2516=FACE_BOUND('',#2310,.T.);
#2517=FACE_BOUND('',#2311,.T.);
#2518=FACE_BOUND('',#2312,.T.);
#2519=FACE_BOUND('',#2313,.T.);
#2520=FACE_BOUND('',#2314,.T.);
#2521=FACE_BOUND('',#2315,.T.);
#2522=FACE_BOUND('',#2316,.T.);
#2523=FACE_BOUND('',#2317,.T.);
#2524=FACE_BOUND('',#2318,.T.);
#2525=FACE_BOUND('',#2319,.T.);
#2526=FACE_BOUND('',#2320,.T.);
#2527=FACE_BOUND('',#2321,.T.);
#2528=FACE_BOUND('',#2322,.T.);
#2529=FACE_BOUND('',#2323,.T.);
#2530=FACE_BOUND('',#2324,.T.);
#2531=FACE_BOUND('',#2325,.T.);
#2532=FACE_BOUND('',#2326,.T.);
#2533=FACE_BOUND('',#2327,.T.);
#2534=FACE_BOUND('',#2328,.T.);
#2535=FACE_BOUND('',#2329,.T.);
#2536=FACE_BOUND('',#12,.T.);
#2537=FACE_BOUND('',#2330,.T.);
#2538=FACE_BOUND('',#2331,.T.);
#2539=FACE_BOUND('',#2332,.T.);
#2540=FACE_BOUND('',#13,.T.);
#2541=FACE_BOUND('',#2333,.T.);
#2542=FACE_BOUND('',#2334,.T.);
#2543=FACE_BOUND('',#2335,.T.);
#2544=FACE_BOUND('',#14,.T.);
#2545=FACE_BOUND('',#2336,.T.);
#2546=FACE_BOUND('',#2337,.T.);
#2547=FACE_BOUND('',#2338,.T.);
#2548=FACE_BOUND('',#15,.T.);
#2549=FACE_BOUND('',#2339,.T.);
#2550=FACE_BOUND('',#2340,.T.);
#2551=FACE_BOUND('',#2341,.T.);
#2552=FACE_BOUND('',#2342,.T.);
#2553=FACE_BOUND('',#2343,.T.);
#2554=FACE_BOUND('',#2344,.T.);
#2555=FACE_BOUND('',#2345,.T.);
#2556=FACE_BOUND('',#2346,.T.);
#2557=FACE_BOUND('',#2347,.T.);
#2558=FACE_BOUND('',#2348,.T.);
#2559=FACE_BOUND('',#2349,.T.);
#2560=FACE_BOUND('',#2350,.T.);
#2561=FACE_BOUND('',#2351,.T.);
#2562=FACE_BOUND('',#2352,.T.);
#2563=FACE_BOUND('',#2353,.T.);
#2564=FACE_BOUND('',#2354,.T.);
#2565=FACE_BOUND('',#2355,.T.);
#2566=FACE_BOUND('',#2356,.T.);
#2567=FACE_BOUND('',#2357,.T.);
#2568=FACE_BOUND('',#2358,.T.);
#2569=FACE_BOUND('',#2359,.T.);
#2570=FACE_BOUND('',#2360,.T.);
#2571=FACE_BOUND('',#2361,.T.);
#2572=FACE_BOUND('',#2362,.T.);
#2573=FACE_BOUND('',#2363,.T.);
#2574=FACE_BOUND('',#2364,.T.);
#2575=FACE_BOUND('',#2365,.T.);
#2576=FACE_BOUND('',#2366,.T.);
#2577=FACE_BOUND('',#2367,.T.);
#2578=FACE_BOUND('',#2368,.T.);
#2579=FACE_BOUND('',#2369,.T.);
#2580=FACE_BOUND('',#2370,.T.);
#2581=FACE_BOUND('',#2371,.T.);
#2582=FACE_BOUND('',#2372,.T.);
#2583=FACE_BOUND('',#2373,.T.);
#2584=FACE_BOUND('',#2374,.T.);
#2585=FACE_BOUND('',#2375,.T.);
#2586=FACE_BOUND('',#16,.T.);
#2587=FACE_BOUND('',#2376,.T.);
#2588=FACE_BOUND('',#2377,.T.);
#2589=FACE_BOUND('',#2378,.T.);
#2590=FACE_BOUND('',#17,.T.);
#2591=FACE_BOUND('',#2379,.T.);
#2592=FACE_BOUND('',#2380,.T.);
#2593=FACE_BOUND('',#2381,.T.);
#2594=FACE_BOUND('',#18,.T.);
#2595=FACE_BOUND('',#2382,.T.);
#2596=FACE_BOUND('',#2383,.T.);
#2597=FACE_BOUND('',#2384,.T.);
#2598=FACE_BOUND('',#2385,.T.);
#2599=FACE_BOUND('',#2386,.T.);
#2600=FACE_BOUND('',#2387,.T.);
#2601=FACE_BOUND('',#2388,.T.);
#2602=FACE_BOUND('',#2389,.T.);
#2603=FACE_BOUND('',#2390,.T.);
#2604=FACE_BOUND('',#2391,.T.);
#2605=FACE_BOUND('',#2392,.T.);
#2606=FACE_BOUND('',#2393,.T.);
#2607=FACE_BOUND('',#2394,.T.);
#2608=FACE_BOUND('',#2395,.T.);
#2609=FACE_BOUND('',#19,.T.);
#2610=FACE_BOUND('',#2396,.T.);
#2611=FACE_BOUND('',#2397,.T.);
#2612=FACE_BOUND('',#2398,.T.);
#2613=FACE_BOUND('',#2399,.T.);
#2614=FACE_BOUND('',#2400,.T.);
#2615=FACE_BOUND('',#2401,.T.);
#2616=FACE_BOUND('',#20,.T.);
#2617=FACE_BOUND('',#2402,.T.);
#2618=FACE_BOUND('',#2403,.T.);
#2619=FACE_BOUND('',#2404,.T.);
#2620=FACE_BOUND('',#2405,.T.);
#2621=FACE_BOUND('',#2406,.T.);
#2622=FACE_BOUND('',#2407,.T.);
#2623=FACE_BOUND('',#21,.T.);
#2624=FACE_BOUND('',#2408,.T.);
#2625=PLANE('',#2901);
#2626=PLANE('',#2918);
#2627=PLANE('',#2925);
#2628=PLANE('',#2932);
#2629=PLANE('',#2935);
#2630=PLANE('',#2941);
#2631=PLANE('',#2944);
#2632=PLANE('',#2950);
#2633=PLANE('',#2951);
#2634=PLANE('',#2952);
#2635=PLANE('',#2953);
#2636=PLANE('',#2954);
#2637=PLANE('',#2955);
#2638=PLANE('',#2956);
#2639=PLANE('',#2957);
#2640=PLANE('',#2958);
#2641=PLANE('',#2961);
#2642=PLANE('',#2970);
#2643=PLANE('',#2971);
#2644=PLANE('',#2972);
#2645=PLANE('',#2973);
#2646=PLANE('',#2974);
#2647=PLANE('',#2975);
#2648=PLANE('',#2976);
#2649=PLANE('',#2981);
#2650=PLANE('',#2982);
#2651=PLANE('',#2983);
#2652=PLANE('',#2984);
#2653=PLANE('',#2985);
#2654=PLANE('',#2994);
#2655=PLANE('',#2996);
#2656=PLANE('',#2998);
#2657=PLANE('',#3002);
#2658=PLANE('',#3003);
#2659=PLANE('',#3006);
#2660=PLANE('',#3007);
#2661=PLANE('',#3008);
#2662=PLANE('',#3012);
#2663=PLANE('',#3013);
#2664=PLANE('',#3014);
#2665=PLANE('',#3015);
#2666=PLANE('',#3016);
#2667=PLANE('',#3017);
#2668=PLANE('',#3018);
#2669=PLANE('',#3019);
#2670=PLANE('',#3020);
#2671=PLANE('',#3021);
#2672=PLANE('',#3050);
#2673=PLANE('',#3051);
#2674=PLANE('',#3052);
#2675=PLANE('',#3053);
#2676=PLANE('',#3060);
#2677=PLANE('',#3062);
#2678=PLANE('',#3063);
#2679=PLANE('',#3064);
#2680=PLANE('',#3065);
#2681=PLANE('',#3066);
#2682=PLANE('',#3068);
#2683=PLANE('',#3069);
#2684=PLANE('',#3070);
#2685=PLANE('',#3071);
#2686=PLANE('',#3072);
#2687=PLANE('',#3074);
#2688=PLANE('',#3075);
#2689=PLANE('',#3076);
#2690=PLANE('',#3078);
#2691=PLANE('',#3079);
#2692=PLANE('',#3092);
#2693=PLANE('',#3093);
#2694=PLANE('',#3094);
#2695=PLANE('',#3095);
#2696=PLANE('',#3096);
#2697=PLANE('',#3097);
#2698=PLANE('',#3098);
#2699=PLANE('',#3099);
#2700=PLANE('',#3100);
#2701=PLANE('',#3103);
#2702=PLANE('',#3106);
#2703=PLANE('',#3111);
#2704=PLANE('',#3114);
#2705=PLANE('',#3117);
#2706=PLANE('',#3118);
#2707=PLANE('',#3119);
#2708=PLANE('',#3120);
#2709=PLANE('',#3121);
#2710=PLANE('',#3135);
#2711=PLANE('',#3145);
#2712=PLANE('',#3153);
#2713=ADVANCED_FACE('',(#2409,#2410,#2411,#2412,#2413,#2414,#2415,#2416,
#2417,#2418,#2419),#2625,.F.);
#2714=ADVANCED_FACE('',(#2420),#2626,.F.);
#2715=ADVANCED_FACE('',(#2421),#2627,.F.);
#2716=ADVANCED_FACE('',(#2422),#2628,.T.);
#2717=ADVANCED_FACE('',(#2423),#2629,.T.);
#2718=ADVANCED_FACE('',(#2424),#49,.T.);
#2719=ADVANCED_FACE('',(#2425),#50,.T.);
#2720=ADVANCED_FACE('',(#2426),#2630,.T.);
#2721=ADVANCED_FACE('',(#2427),#2631,.T.);
#2722=ADVANCED_FACE('',(#2428),#51,.T.);
#2723=ADVANCED_FACE('',(#2429),#52,.T.);
#2724=ADVANCED_FACE('',(#2430),#2632,.T.);
#2725=ADVANCED_FACE('',(#2431),#2633,.T.);
#2726=ADVANCED_FACE('',(#2432),#2634,.T.);
#2727=ADVANCED_FACE('',(#2433),#2635,.T.);
#2728=ADVANCED_FACE('',(#2434),#2636,.T.);
#2729=ADVANCED_FACE('',(#2435),#2637,.T.);
#2730=ADVANCED_FACE('',(#2436),#2638,.T.);
#2731=ADVANCED_FACE('',(#2437),#2639,.T.);
#2732=ADVANCED_FACE('',(#2438),#2640,.T.);
#2733=ADVANCED_FACE('',(#2439),#2641,.T.);
#2734=ADVANCED_FACE('',(#2440),#53,.T.);
#2735=ADVANCED_FACE('',(#2441),#54,.T.);
#2736=ADVANCED_FACE('',(#2442),#55,.T.);
#2737=ADVANCED_FACE('',(#2443),#56,.T.);
#2738=ADVANCED_FACE('',(#2444),#2642,.F.);
#2739=ADVANCED_FACE('',(#2445),#2643,.T.);
#2740=ADVANCED_FACE('',(#2446),#2644,.T.);
#2741=ADVANCED_FACE('',(#2447),#2645,.T.);
#2742=ADVANCED_FACE('',(#2448),#2646,.T.);
#2743=ADVANCED_FACE('',(#2449),#2647,.T.);
#2744=ADVANCED_FACE('Face appearance 1',(#2450,#2451),#2648,.T.);
#2745=ADVANCED_FACE('',(#2452),#2649,.F.);
#2746=ADVANCED_FACE('',(#2453),#2650,.F.);
#2747=ADVANCED_FACE('',(#2454),#2651,.T.);
#2748=ADVANCED_FACE('',(#2455),#2652,.T.);
#2749=ADVANCED_FACE('',(#2456,#2457),#2653,.F.);
#2750=ADVANCED_FACE('',(#2458),#2654,.T.);
#2751=ADVANCED_FACE('',(#2459),#57,.F.);
#2752=ADVANCED_FACE('',(#2460),#2655,.T.);
#2753=ADVANCED_FACE('',(#2461),#58,.F.);
#2754=ADVANCED_FACE('',(#2462,#2463,#2464,#2465),#2656,.F.);
#2755=ADVANCED_FACE('',(#2466),#2657,.T.);
#2756=ADVANCED_FACE('',(#2467),#2658,.F.);
#2757=ADVANCED_FACE('',(#2468),#59,.F.);
#2758=ADVANCED_FACE('',(#2469),#60,.F.);
#2759=ADVANCED_FACE('',(#2470),#2659,.T.);
#2760=ADVANCED_FACE('',(#2471),#2660,.F.);
#2761=ADVANCED_FACE('',(#2472,#2473,#2474,#2475),#2661,.F.);
#2762=ADVANCED_FACE('',(#2476),#2662,.T.);
#2763=ADVANCED_FACE('',(#2477),#2663,.F.);
#2764=ADVANCED_FACE('',(#2478),#2664,.F.);
#2765=ADVANCED_FACE('',(#2479),#2665,.F.);
#2766=ADVANCED_FACE('',(#2480),#2666,.F.);
#2767=ADVANCED_FACE('',(#2481),#2667,.F.);
#2768=ADVANCED_FACE('',(#2482),#2668,.T.);
#2769=ADVANCED_FACE('',(#2483),#2669,.F.);
#2770=ADVANCED_FACE('',(#2484),#2670,.T.);
#2771=ADVANCED_FACE('',(#2485),#2671,.F.);
#2772=ADVANCED_FACE('',(#2486),#61,.F.);
#2773=ADVANCED_FACE('',(#2487),#62,.F.);
#2774=ADVANCED_FACE('',(#2488),#63,.F.);
#2775=ADVANCED_FACE('',(#2489),#64,.F.);
#2776=ADVANCED_FACE('',(#2490),#65,.T.);
#2777=ADVANCED_FACE('',(#2491),#66,.T.);
#2778=ADVANCED_FACE('',(#2492),#67,.T.);
#2779=ADVANCED_FACE('',(#2493),#44,.T.);
#2780=ADVANCED_FACE('',(#2494),#45,.T.);
#2781=ADVANCED_FACE('',(#2495),#68,.T.);
#2782=ADVANCED_FACE('',(#2496),#69,.T.);
#2783=ADVANCED_FACE('',(#2497),#70,.T.);
#2784=ADVANCED_FACE('',(#2498),#71,.T.);
#2785=ADVANCED_FACE('',(#2499),#46,.T.);
#2786=ADVANCED_FACE('',(#2500),#47,.T.);
#2787=ADVANCED_FACE('',(#2501),#72,.T.);
#2788=ADVANCED_FACE('',(#2502),#36,.F.);
#2789=ADVANCED_FACE('',(#2503),#2672,.F.);
#2790=ADVANCED_FACE('',(#2504),#37,.F.);
#2791=ADVANCED_FACE('',(#2505),#38,.F.);
#2792=ADVANCED_FACE('',(#2506),#2673,.T.);
#2793=ADVANCED_FACE('',(#2507),#2674,.T.);
#2794=ADVANCED_FACE('',(#2508),#2675,.F.);
#2795=ADVANCED_FACE('',(#2509),#39,.F.);
#2796=ADVANCED_FACE('',(#2510),#32,.T.);
#2797=ADVANCED_FACE('',(#2511),#73,.T.);
#2798=ADVANCED_FACE('',(#2512),#33,.T.);
#2799=ADVANCED_FACE('',(#2513),#34,.T.);
#2800=ADVANCED_FACE('',(#2514),#74,.T.);
#2801=ADVANCED_FACE('',(#2515),#35,.T.);
#2802=ADVANCED_FACE('',(#2516,#2517),#2676,.T.);
#2803=ADVANCED_FACE('',(#2518),#2677,.F.);
#2804=ADVANCED_FACE('',(#2519),#2678,.T.);
#2805=ADVANCED_FACE('',(#2520),#2679,.T.);
#2806=ADVANCED_FACE('',(#2521),#2680,.T.);
#2807=ADVANCED_FACE('',(#2522,#2523),#2681,.T.);
#2808=ADVANCED_FACE('',(#2524),#2682,.F.);
#2809=ADVANCED_FACE('',(#2525),#2683,.T.);
#2810=ADVANCED_FACE('',(#2526),#2684,.T.);
#2811=ADVANCED_FACE('',(#2527),#2685,.F.);
#2812=ADVANCED_FACE('',(#2528,#2529),#2686,.T.);
#2813=ADVANCED_FACE('',(#2530),#2687,.F.);
#2814=ADVANCED_FACE('',(#2531),#2688,.F.);
#2815=ADVANCED_FACE('',(#2532,#2533),#2689,.T.);
#2816=ADVANCED_FACE('',(#2534),#2690,.T.);
#2817=ADVANCED_FACE('',(#2535),#2691,.F.);
#2818=ADVANCED_FACE('',(#2536,#2537),#22,.F.);
#2819=ADVANCED_FACE('',(#2538,#2539),#75,.F.);
#2820=ADVANCED_FACE('',(#2540,#2541),#23,.F.);
#2821=ADVANCED_FACE('',(#2542,#2543),#76,.F.);
#2822=ADVANCED_FACE('',(#2544,#2545),#24,.F.);
#2823=ADVANCED_FACE('',(#2546,#2547),#77,.F.);
#2824=ADVANCED_FACE('',(#2548,#2549),#25,.F.);
#2825=ADVANCED_FACE('',(#2550,#2551),#78,.F.);
#2826=ADVANCED_FACE('',(#2552),#2692,.F.);
#2827=ADVANCED_FACE('',(#2553),#2693,.F.);
#2828=ADVANCED_FACE('',(#2554),#2694,.T.);
#2829=ADVANCED_FACE('',(#2555),#2695,.T.);
#2830=ADVANCED_FACE('',(#2556),#2696,.F.);
#2831=ADVANCED_FACE('',(#2557),#2697,.F.);
#2832=ADVANCED_FACE('',(#2558),#2698,.T.);
#2833=ADVANCED_FACE('',(#2559),#2699,.T.);
#2834=ADVANCED_FACE('',(#2560),#2700,.T.);
#2835=ADVANCED_FACE('',(#2561,#2562),#79,.F.);
#2836=ADVANCED_FACE('',(#2563),#2701,.T.);
#2837=ADVANCED_FACE('',(#2564,#2565),#80,.F.);
#2838=ADVANCED_FACE('',(#2566),#2702,.T.);
#2839=ADVANCED_FACE('',(#2567,#2568),#81,.F.);
#2840=ADVANCED_FACE('',(#2569,#2570),#82,.F.);
#2841=ADVANCED_FACE('',(#2571),#2703,.F.);
#2842=ADVANCED_FACE('',(#2572,#2573),#83,.F.);
#2843=ADVANCED_FACE('',(#2574),#2704,.F.);
#2844=ADVANCED_FACE('',(#2575,#2576),#84,.F.);
#2845=ADVANCED_FACE('',(#2577),#2705,.F.);
#2846=ADVANCED_FACE('',(#2578),#2706,.T.);
#2847=ADVANCED_FACE('',(#2579),#40,.T.);
#2848=ADVANCED_FACE('',(#2580),#41,.T.);
#2849=ADVANCED_FACE('',(#2581),#2707,.T.);
#2850=ADVANCED_FACE('',(#2582),#2708,.T.);
#2851=ADVANCED_FACE('',(#2583),#42,.T.);
#2852=ADVANCED_FACE('',(#2584),#43,.T.);
#2853=ADVANCED_FACE('',(#2585),#2709,.T.);
#2854=ADVANCED_FACE('',(#2586,#2587),#26,.F.);
#2855=ADVANCED_FACE('',(#2588,#2589),#85,.F.);
#2856=ADVANCED_FACE('',(#2590,#2591),#27,.F.);
#2857=ADVANCED_FACE('',(#2592,#2593),#86,.F.);
#2858=ADVANCED_FACE('',(#2594,#2595),#28,.F.);
#2859=ADVANCED_FACE('',(#2596,#2597),#87,.F.);
#2860=ADVANCED_FACE('',(#2598),#88,.T.);
#2861=ADVANCED_FACE('',(#2599),#89,.T.);
#2862=ADVANCED_FACE('',(#2600),#2710,.T.);
#2863=ADVANCED_FACE('',(#2601),#90,.T.);
#2864=ADVANCED_FACE('',(#2602),#91,.T.);
#2865=ADVANCED_FACE('',(#2603),#92,.T.);
#2866=ADVANCED_FACE('',(#2604),#93,.T.);
#2867=ADVANCED_FACE('',(#2605),#94,.T.);
#2868=ADVANCED_FACE('',(#2606),#95,.T.);
#2869=ADVANCED_FACE('',(#2607,#2608),#96,.F.);
#2870=ADVANCED_FACE('',(#2609,#2610),#29,.F.);
#2871=ADVANCED_FACE('',(#2611),#2711,.T.);
#2872=ADVANCED_FACE('',(#2612),#97,.T.);
#2873=ADVANCED_FACE('',(#2613),#98,.T.);
#2874=ADVANCED_FACE('',(#2614,#2615),#99,.F.);
#2875=ADVANCED_FACE('',(#2616,#2617),#30,.F.);
#2876=ADVANCED_FACE('',(#2618),#2712,.T.);
#2877=ADVANCED_FACE('',(#2619),#100,.T.);
#2878=ADVANCED_FACE('',(#2620),#101,.T.);
#2879=ADVANCED_FACE('',(#2621,#2622),#102,.F.);
#2880=ADVANCED_FACE('',(#2623,#2624),#31,.F.);
#2881=CLOSED_SHELL('',(#2713,#2714,#2715,#2716,#2717,#2718,#2719,#2720,
#2721,#2722,#2723,#2724,#2725,#2726,#2727,#2728,#2729,#2730,#2731,#2732,
#2733,#2734,#2735,#2736,#2737,#2738,#2739,#2740,#2741,#2742,#2743,#2744,
#2745,#2746,#2747,#2748,#2749,#2750,#2751,#2752,#2753,#2754,#2755,#2756,
#2757,#2758,#2759,#2760,#2761,#2762,#2763,#2764,#2765,#2766,#2767,#2768,
#2769,#2770,#2771,#2772,#2773,#2774,#2775,#2776,#2777,#2778,#2779,#2780,
#2781,#2782,#2783,#2784,#2785,#2786,#2787,#2788,#2789,#2790,#2791,#2792,
#2793,#2794,#2795,#2796,#2797,#2798,#2799,#2800,#2801,#2802,#2803,#2804,
#2805,#2806,#2807,#2808,#2809,#2810,#2811,#2812,#2813,#2814,#2815,#2816,
#2817,#2818,#2819,#2820,#2821,#2822,#2823,#2824,#2825,#2826,#2827,#2828,
#2829,#2830,#2831,#2832,#2833,#2834,#2835,#2836,#2837,#2838,#2839,#2840,
#2841,#2842,#2843,#2844,#2845,#2846,#2847,#2848,#2849,#2850,#2851,#2852,
#2853,#2854,#2855,#2856,#2857,#2858,#2859,#2860,#2861,#2862,#2863,#2864,
#2865,#2866,#2867,#2868,#2869,#2870,#2871,#2872,#2873,#2874,#2875,#2876,
#2877,#2878,#2879,#2880));
#2882=STYLED_ITEM('',(#2883),#2897);
#2883=PRESENTATION_STYLE_ASSIGNMENT((#2885));
#2884=PRESENTATION_STYLE_ASSIGNMENT((#2886));
#2885=SURFACE_STYLE_USAGE(.BOTH.,#2887);
#2886=SURFACE_STYLE_USAGE(.BOTH.,#2888);
#2887=SURFACE_SIDE_STYLE('',(#2889));
#2888=SURFACE_SIDE_STYLE('',(#2890));
#2889=SURFACE_STYLE_FILL_AREA(#2891);
#2890=SURFACE_STYLE_FILL_AREA(#2892);
#2891=FILL_AREA_STYLE('',(#2893));
#2892=FILL_AREA_STYLE('',(#2894));
#2893=FILL_AREA_STYLE_COLOUR('',#2895);
#2894=FILL_AREA_STYLE_COLOUR('',#2896);
#2895=COLOUR_RGB('',0.901960784313726,0.87843137254902,0.811764705882353);
#2896=COLOUR_RGB('',0.8,0.776470588235294,0.713725490196078);
#2897=MANIFOLD_SOLID_BREP('Front Bezel',#2881);
#2898=SHAPE_DEFINITION_REPRESENTATION(#5132,#2899);
#2899=SHAPE_REPRESENTATION('Front Bezel',(#2900),#5127);
#2900=AXIS2_PLACEMENT_3D('',#3933,#3161,#3162);
#2901=AXIS2_PLACEMENT_3D('',#3934,#3163,#3164);
#2902=AXIS2_PLACEMENT_3D('',#3935,#3165,#3166);
#2903=AXIS2_PLACEMENT_3D('',#3937,#3167,#3168);
#2904=AXIS2_PLACEMENT_3D('',#3971,#3173,#3174);
#2905=AXIS2_PLACEMENT_3D('',#3973,#3175,#3176);
#2906=AXIS2_PLACEMENT_3D('',#3975,#3177,#3178);
#2907=AXIS2_PLACEMENT_3D('',#3996,#3188,#3189);
#2908=AXIS2_PLACEMENT_3D('',#4016,#3199,#3200);
#2909=AXIS2_PLACEMENT_3D('',#4036,#3210,#3211);
#2910=AXIS2_PLACEMENT_3D('',#4048,#3217,#3218);
#2911=AXIS2_PLACEMENT_3D('',#4057,#3223,#3224);
#2912=AXIS2_PLACEMENT_3D('',#4062,#3226,#3227);
#2913=AXIS2_PLACEMENT_3D('',#4065,#3229,#3230);
#2914=AXIS2_PLACEMENT_3D('',#4078,#3236,#3237);
#2915=AXIS2_PLACEMENT_3D('',#4169,#3243,#3244);
#2916=AXIS2_PLACEMENT_3D('',#4174,#3246,#3247);
#2917=AXIS2_PLACEMENT_3D('',#4177,#3249,#3250);
#2918=AXIS2_PLACEMENT_3D('',#4179,#3251,#3252);
#2919=AXIS2_PLACEMENT_3D('',#4180,#3253,#3254);
#2920=AXIS2_PLACEMENT_3D('',#4185,#3256,#3257);
#2921=AXIS2_PLACEMENT_3D('',#4189,#3259,#3260);
#2922=AXIS2_PLACEMENT_3D('',#4193,#3262,#3263);
#2923=AXIS2_PLACEMENT_3D('',#4197,#3265,#3266);
#2924=AXIS2_PLACEMENT_3D('',#4206,#3271,#3272);
#2925=AXIS2_PLACEMENT_3D('',#4209,#3274,#3275);
#2926=AXIS2_PLACEMENT_3D('',#4210,#3276,#3277);
#2927=AXIS2_PLACEMENT_3D('',#4215,#3279,#3280);
#2928=AXIS2_PLACEMENT_3D('',#4224,#3285,#3286);
#2929=AXIS2_PLACEMENT_3D('',#4228,#3288,#3289);
#2930=AXIS2_PLACEMENT_3D('',#4232,#3291,#3292);
#2931=AXIS2_PLACEMENT_3D('',#4236,#3294,#3295);
#2932=AXIS2_PLACEMENT_3D('',#4239,#3297,#3298);
#2933=AXIS2_PLACEMENT_3D('',#4243,#3300,#3301);
#2934=AXIS2_PLACEMENT_3D('',#4244,#3302,#3303);
#2935=AXIS2_PLACEMENT_3D('',#4245,#3304,#3305);
#2936=AXIS2_PLACEMENT_3D('',#4246,#3306,#3307);
#2937=AXIS2_PLACEMENT_3D('',#4266,#3311,#3312);
#2938=AXIS2_PLACEMENT_3D('',#4271,#3315,#3316);
#2939=AXIS2_PLACEMENT_3D('',#4284,#3317,#3318);
#2940=AXIS2_PLACEMENT_3D('',#4291,#3319,#3320);
#2941=AXIS2_PLACEMENT_3D('',#4292,#3321,#3322);
#2942=AXIS2_PLACEMENT_3D('',#4296,#3324,#3325);
#2943=AXIS2_PLACEMENT_3D('',#4301,#3328,#3329);
#2944=AXIS2_PLACEMENT_3D('',#4318,#3332,#3333);
#2945=AXIS2_PLACEMENT_3D('',#4319,#3334,#3335);
#2946=AXIS2_PLACEMENT_3D('',#4323,#3337,#3338);
#2947=AXIS2_PLACEMENT_3D('',#4324,#3339,#3340);
#2948=AXIS2_PLACEMENT_3D('',#4331,#3341,#3342);
#2949=AXIS2_PLACEMENT_3D('',#4332,#3343,#3344);
#2950=AXIS2_PLACEMENT_3D('',#4345,#3345,#3346);
#2951=AXIS2_PLACEMENT_3D('',#4351,#3350,#3351);
#2952=AXIS2_PLACEMENT_3D('',#4357,#3355,#3356);
#2953=AXIS2_PLACEMENT_3D('',#4363,#3360,#3361);
#2954=AXIS2_PLACEMENT_3D('',#4369,#3365,#3366);
#2955=AXIS2_PLACEMENT_3D('',#4375,#3370,#3371);
#2956=AXIS2_PLACEMENT_3D('',#4381,#3375,#3376);
#2957=AXIS2_PLACEMENT_3D('',#4384,#3379,#3380);
#2958=AXIS2_PLACEMENT_3D('',#4387,#3383,#3384);
#2959=AXIS2_PLACEMENT_3D('',#4391,#3386,#3387);
#2960=AXIS2_PLACEMENT_3D('',#4392,#3388,#3389);
#2961=AXIS2_PLACEMENT_3D('',#4393,#3390,#3391);
#2962=AXIS2_PLACEMENT_3D('',#4394,#3392,#3393);
#2963=AXIS2_PLACEMENT_3D('',#4398,#3395,#3396);
#2964=AXIS2_PLACEMENT_3D('',#4399,#3397,#3398);
#2965=AXIS2_PLACEMENT_3D('',#4412,#3399,#3400);
#2966=AXIS2_PLACEMENT_3D('',#4425,#3401,#3402);
#2967=AXIS2_PLACEMENT_3D('',#4432,#3403,#3404);
#2968=AXIS2_PLACEMENT_3D('',#4433,#3405,#3406);
#2969=AXIS2_PLACEMENT_3D('',#4440,#3407,#3408);
#2970=AXIS2_PLACEMENT_3D('',#4441,#3409,#3410);
#2971=AXIS2_PLACEMENT_3D('',#4465,#3424,#3425);
#2972=AXIS2_PLACEMENT_3D('',#4489,#3439,#3440);
#2973=AXIS2_PLACEMENT_3D('',#4498,#3445,#3446);
#2974=AXIS2_PLACEMENT_3D('',#4507,#3451,#3452);
#2975=AXIS2_PLACEMENT_3D('',#4516,#3457,#3458);
#2976=AXIS2_PLACEMENT_3D('',#4525,#3463,#3464);
#2977=AXIS2_PLACEMENT_3D('',#4537,#3470,#3471);
#2978=AXIS2_PLACEMENT_3D('',#4541,#3473,#3474);
#2979=AXIS2_PLACEMENT_3D('',#4545,#3476,#3477);
#2980=AXIS2_PLACEMENT_3D('',#4549,#3479,#3480);
#2981=AXIS2_PLACEMENT_3D('',#4550,#3481,#3482);
#2982=AXIS2_PLACEMENT_3D('',#4556,#3486,#3487);
#2983=AXIS2_PLACEMENT_3D('',#4562,#3491,#3492);
#2984=AXIS2_PLACEMENT_3D('',#4568,#3496,#3497);
#2985=AXIS2_PLACEMENT_3D('',#4574,#3501,#3502);
#2986=AXIS2_PLACEMENT_3D('',#4575,#3503,#3504);
#2987=AXIS2_PLACEMENT_3D('',#4585,#3509,#3510);
#2988=AXIS2_PLACEMENT_3D('',#4597,#3516,#3517);
#2989=AXIS2_PLACEMENT_3D('',#4598,#3518,#3519);
#2990=AXIS2_PLACEMENT_3D('',#4617,#3529,#3530);
#2991=AXIS2_PLACEMENT_3D('',#4618,#3531,#3532);
#2992=AXIS2_PLACEMENT_3D('',#4619,#3533,#3534);
#2993=AXIS2_PLACEMENT_3D('',#4620,#3535,#3536);
#2994=AXIS2_PLACEMENT_3D('',#4621,#3537,#3538);
#2995=AXIS2_PLACEMENT_3D('',#4624,#3541,#3542);
#2996=AXIS2_PLACEMENT_3D('',#4626,#3544,#3545);
#2997=AXIS2_PLACEMENT_3D('',#4628,#3547,#3548);
#2998=AXIS2_PLACEMENT_3D('',#4631,#3551,#3552);
#2999=AXIS2_PLACEMENT_3D('',#4632,#3553,#3554);
#3000=AXIS2_PLACEMENT_3D('',#4634,#3555,#3556);
#3001=AXIS2_PLACEMENT_3D('',#4636,#3557,#3558);
#3002=AXIS2_PLACEMENT_3D('',#4639,#3560,#3561);
#3003=AXIS2_PLACEMENT_3D('',#4642,#3564,#3565);
#3004=AXIS2_PLACEMENT_3D('',#4644,#3567,#3568);
#3005=AXIS2_PLACEMENT_3D('',#4646,#3570,#3571);
#3006=AXIS2_PLACEMENT_3D('',#4648,#3573,#3574);
#3007=AXIS2_PLACEMENT_3D('',#4651,#3577,#3578);
#3008=AXIS2_PLACEMENT_3D('',#4653,#3580,#3581);
#3009=AXIS2_PLACEMENT_3D('',#4654,#3582,#3583);
#3010=AXIS2_PLACEMENT_3D('',#4656,#3584,#3585);
#3011=AXIS2_PLACEMENT_3D('',#4658,#3586,#3587);
#3012=AXIS2_PLACEMENT_3D('',#4662,#3590,#3591);
#3013=AXIS2_PLACEMENT_3D('',#4665,#3594,#3595);
#3014=AXIS2_PLACEMENT_3D('',#4667,#3597,#3598);
#3015=AXIS2_PLACEMENT_3D('',#4668,#3599,#3600);
#3016=AXIS2_PLACEMENT_3D('',#4669,#3601,#3602);
#3017=AXIS2_PLACEMENT_3D('',#4670,#3603,#3604);
#3018=AXIS2_PLACEMENT_3D('',#4671,#3605,#3606);
#3019=AXIS2_PLACEMENT_3D('',#4672,#3607,#3608);
#3020=AXIS2_PLACEMENT_3D('',#4673,#3609,#3610);
#3021=AXIS2_PLACEMENT_3D('',#4674,#3611,#3612);
#3022=AXIS2_PLACEMENT_3D('',#4675,#3613,#3614);
#3023=AXIS2_PLACEMENT_3D('',#4676,#3615,#3616);
#3024=AXIS2_PLACEMENT_3D('',#4677,#3617,#3618);
#3025=AXIS2_PLACEMENT_3D('',#4678,#3619,#3620);
#3026=AXIS2_PLACEMENT_3D('',#4679,#3621,#3622);
#3027=AXIS2_PLACEMENT_3D('',#4687,#3623,#3624);
#3028=AXIS2_PLACEMENT_3D('',#4688,#3625,#3626);
#3029=AXIS2_PLACEMENT_3D('',#4696,#3627,#3628);
#3030=AXIS2_PLACEMENT_3D('',#4697,#3629,#3630);
#3031=AXIS2_PLACEMENT_3D('',#4698,#3631,#3632);
#3032=AXIS2_PLACEMENT_3D('',#4699,#3633,#3634);
#3033=AXIS2_PLACEMENT_3D('',#4700,#3635,#3636);
#3034=AXIS2_PLACEMENT_3D('',#4701,#3637,#3638);
#3035=AXIS2_PLACEMENT_3D('',#4702,#3639,#3640);
#3036=AXIS2_PLACEMENT_3D('',#4703,#3641,#3642);
#3037=AXIS2_PLACEMENT_3D('',#4704,#3643,#3644);
#3038=AXIS2_PLACEMENT_3D('',#4705,#3645,#3646);
#3039=AXIS2_PLACEMENT_3D('',#4706,#3647,#3648);
#3040=AXIS2_PLACEMENT_3D('',#4714,#3649,#3650);
#3041=AXIS2_PLACEMENT_3D('',#4715,#3651,#3652);
#3042=AXIS2_PLACEMENT_3D('',#4723,#3653,#3654);
#3043=AXIS2_PLACEMENT_3D('',#4724,#3655,#3656);
#3044=AXIS2_PLACEMENT_3D('',#4725,#3657,#3658);
#3045=AXIS2_PLACEMENT_3D('',#4726,#3659,#3660);
#3046=AXIS2_PLACEMENT_3D('',#4727,#3661,#3662);
#3047=AXIS2_PLACEMENT_3D('',#4728,#3663,#3664);
#3048=AXIS2_PLACEMENT_3D('',#4729,#3665,#3666);
#3049=AXIS2_PLACEMENT_3D('',#4730,#3667,#3668);
#3050=AXIS2_PLACEMENT_3D('',#4746,#3670,#3671);
#3051=AXIS2_PLACEMENT_3D('',#4778,#3675,#3676);
#3052=AXIS2_PLACEMENT_3D('',#4782,#3679,#3680);
#3053=AXIS2_PLACEMENT_3D('',#4783,#3681,#3682);
#3054=AXIS2_PLACEMENT_3D('',#4812,#3683,#3684);
#3055=AXIS2_PLACEMENT_3D('',#4813,#3685,#3686);
#3056=AXIS2_PLACEMENT_3D('',#4814,#3687,#3688);
#3057=AXIS2_PLACEMENT_3D('',#4830,#3689,#3690);
#3058=AXIS2_PLACEMENT_3D('',#4846,#3691,#3692);
#3059=AXIS2_PLACEMENT_3D('',#4847,#3693,#3694);
#3060=AXIS2_PLACEMENT_3D('',#4863,#3695,#3696);
#3061=AXIS2_PLACEMENT_3D('',#4864,#3697,#3698);
#3062=AXIS2_PLACEMENT_3D('',#4871,#3702,#3703);
#3063=AXIS2_PLACEMENT_3D('',#4875,#3706,#3707);
#3064=AXIS2_PLACEMENT_3D('',#4879,#3710,#3711);
#3065=AXIS2_PLACEMENT_3D('',#4882,#3714,#3715);
#3066=AXIS2_PLACEMENT_3D('',#4888,#3719,#3720);
#3067=AXIS2_PLACEMENT_3D('',#4889,#3721,#3722);
#3068=AXIS2_PLACEMENT_3D('',#4894,#3725,#3726);
#3069=AXIS2_PLACEMENT_3D('',#4898,#3729,#3730);
#3070=AXIS2_PLACEMENT_3D('',#4901,#3733,#3734);
#3071=AXIS2_PLACEMENT_3D('',#4907,#3738,#3739);
#3072=AXIS2_PLACEMENT_3D('',#4913,#3743,#3744);
#3073=AXIS2_PLACEMENT_3D('',#4914,#3745,#3746);
#3074=AXIS2_PLACEMENT_3D('',#4917,#3748,#3749);
#3075=AXIS2_PLACEMENT_3D('',#4920,#3752,#3753);
#3076=AXIS2_PLACEMENT_3D('',#4926,#3757,#3758);
#3077=AXIS2_PLACEMENT_3D('',#4927,#3759,#3760);
#3078=AXIS2_PLACEMENT_3D('',#4932,#3763,#3764);
#3079=AXIS2_PLACEMENT_3D('',#4936,#3767,#3768);
#3080=AXIS2_PLACEMENT_3D('',#4939,#3771,#3772);
#3081=AXIS2_PLACEMENT_3D('',#4941,#3773,#3774);
#3082=AXIS2_PLACEMENT_3D('',#4943,#3775,#3776);
#3083=AXIS2_PLACEMENT_3D('',#4944,#3777,#3778);
#3084=AXIS2_PLACEMENT_3D('',#4946,#3779,#3780);
#3085=AXIS2_PLACEMENT_3D('',#4948,#3781,#3782);
#3086=AXIS2_PLACEMENT_3D('',#4949,#3783,#3784);
#3087=AXIS2_PLACEMENT_3D('',#4951,#3785,#3786);
#3088=AXIS2_PLACEMENT_3D('',#4953,#3787,#3788);
#3089=AXIS2_PLACEMENT_3D('',#4954,#3789,#3790);
#3090=AXIS2_PLACEMENT_3D('',#4956,#3791,#3792);
#3091=AXIS2_PLACEMENT_3D('',#4958,#3793,#3794);
#3092=AXIS2_PLACEMENT_3D('',#4959,#3795,#3796);
#3093=AXIS2_PLACEMENT_3D('',#4960,#3797,#3798);
#3094=AXIS2_PLACEMENT_3D('',#4961,#3799,#3800);
#3095=AXIS2_PLACEMENT_3D('',#4962,#3801,#3802);
#3096=AXIS2_PLACEMENT_3D('',#4963,#3803,#3804);
#3097=AXIS2_PLACEMENT_3D('',#4964,#3805,#3806);
#3098=AXIS2_PLACEMENT_3D('',#4965,#3807,#3808);
#3099=AXIS2_PLACEMENT_3D('',#4966,#3809,#3810);
#3100=AXIS2_PLACEMENT_3D('',#4967,#3811,#3812);
#3101=AXIS2_PLACEMENT_3D('',#4968,#3813,#3814);
#3102=AXIS2_PLACEMENT_3D('',#4970,#3815,#3816);
#3103=AXIS2_PLACEMENT_3D('',#4971,#3817,#3818);
#3104=AXIS2_PLACEMENT_3D('',#4972,#3819,#3820);
#3105=AXIS2_PLACEMENT_3D('',#4974,#3821,#3822);
#3106=AXIS2_PLACEMENT_3D('',#4975,#3823,#3824);
#3107=AXIS2_PLACEMENT_3D('',#4976,#3825,#3826);
#3108=AXIS2_PLACEMENT_3D('',#4978,#3827,#3828);
#3109=AXIS2_PLACEMENT_3D('',#4979,#3829,#3830);
#3110=AXIS2_PLACEMENT_3D('',#4980,#3831,#3832);
#3111=AXIS2_PLACEMENT_3D('',#4982,#3833,#3834);
#3112=AXIS2_PLACEMENT_3D('',#4983,#3835,#3836);
#3113=AXIS2_PLACEMENT_3D('',#4984,#3837,#3838);
#3114=AXIS2_PLACEMENT_3D('',#4986,#3839,#3840);
#3115=AXIS2_PLACEMENT_3D('',#4987,#3841,#3842);
#3116=AXIS2_PLACEMENT_3D('',#4988,#3843,#3844);
#3117=AXIS2_PLACEMENT_3D('',#4990,#3845,#3846);
#3118=AXIS2_PLACEMENT_3D('',#4991,#3847,#3848);
#3119=AXIS2_PLACEMENT_3D('',#5032,#3849,#3850);
#3120=AXIS2_PLACEMENT_3D('',#5037,#3851,#3852);
#3121=AXIS2_PLACEMENT_3D('',#5074,#3853,#3854);
#3122=AXIS2_PLACEMENT_3D('',#5075,#3855,#3856);
#3123=AXIS2_PLACEMENT_3D('',#5077,#3857,#3858);
#3124=AXIS2_PLACEMENT_3D('',#5079,#3859,#3860);
#3125=AXIS2_PLACEMENT_3D('',#5080,#3861,#3862);
#3126=AXIS2_PLACEMENT_3D('',#5082,#3863,#3864);
#3127=AXIS2_PLACEMENT_3D('',#5084,#3865,#3866);
#3128=AXIS2_PLACEMENT_3D('',#5085,#3867,#3868);
#3129=AXIS2_PLACEMENT_3D('',#5087,#3869,#3870);
#3130=AXIS2_PLACEMENT_3D('',#5089,#3871,#3872);
#3131=AXIS2_PLACEMENT_3D('',#5090,#3873,#3874);
#3132=AXIS2_PLACEMENT_3D('',#5091,#3875,#3876);
#3133=AXIS2_PLACEMENT_3D('',#5092,#3877,#3878);
#3134=AXIS2_PLACEMENT_3D('',#5093,#3879,#3880);
#3135=AXIS2_PLACEMENT_3D('',#5094,#3881,#3882);
#3136=AXIS2_PLACEMENT_3D('',#5095,#3883,#3884);
#3137=AXIS2_PLACEMENT_3D('',#5096,#3885,#3886);
#3138=AXIS2_PLACEMENT_3D('',#5097,#3887,#3888);
#3139=AXIS2_PLACEMENT_3D('',#5098,#3889,#3890);
#3140=AXIS2_PLACEMENT_3D('',#5099,#3891,#3892);
#3141=AXIS2_PLACEMENT_3D('',#5100,#3893,#3894);
#3142=AXIS2_PLACEMENT_3D('',#5101,#3895,#3896);
#3143=AXIS2_PLACEMENT_3D('',#5102,#3897,#3898);
#3144=AXIS2_PLACEMENT_3D('',#5104,#3899,#3900);
#3145=AXIS2_PLACEMENT_3D('',#5106,#3901,#3902);
#3146=AXIS2_PLACEMENT_3D('',#5107,#3903,#3904);
#3147=AXIS2_PLACEMENT_3D('',#5108,#3905,#3906);
#3148=AXIS2_PLACEMENT_3D('',#5109,#3907,#3908);
#3149=AXIS2_PLACEMENT_3D('',#5110,#3909,#3910);
#3150=AXIS2_PLACEMENT_3D('',#5111,#3911,#3912);
#3151=AXIS2_PLACEMENT_3D('',#5112,#3913,#3914);
#3152=AXIS2_PLACEMENT_3D('',#5114,#3915,#3916);
#3153=AXIS2_PLACEMENT_3D('',#5116,#3917,#3918);
#3154=AXIS2_PLACEMENT_3D('',#5117,#3919,#3920);
#3155=AXIS2_PLACEMENT_3D('',#5118,#3921,#3922);
#3156=AXIS2_PLACEMENT_3D('',#5119,#3923,#3924);
#3157=AXIS2_PLACEMENT_3D('',#5120,#3925,#3926);
#3158=AXIS2_PLACEMENT_3D('',#5121,#3927,#3928);
#3159=AXIS2_PLACEMENT_3D('',#5122,#3929,#3930);
#3160=AXIS2_PLACEMENT_3D('',#5124,#3931,#3932);
#3161=DIRECTION('',(0.,0.,1.));
#3162=DIRECTION('',(1.,0.,0.));
#3163=DIRECTION('',(0.,-1.,0.));
#3164=DIRECTION('',(1.,0.,0.));
#3165=DIRECTION('',(0.,-1.,0.));
#3166=DIRECTION('',(0.,0.,1.));
#3167=DIRECTION('',(0.,-1.,0.));
#3168=DIRECTION('',(0.,0.,1.));
#3169=DIRECTION('',(-2.03089577675333E-16,0.,-1.));
#3170=DIRECTION('',(-1.,0.,0.));
#3171=DIRECTION('',(2.03089577675333E-16,0.,1.));
#3172=DIRECTION('',(1.,0.,0.));
#3173=DIRECTION('',(0.,-1.,0.));
#3174=DIRECTION('',(0.,0.,-1.));
#3175=DIRECTION('',(0.,-1.,0.));
#3176=DIRECTION('',(0.,0.,-1.));
#3177=DIRECTION('',(0.,-1.,0.));
#3178=DIRECTION('',(0.,0.,-1.));
#3179=DIRECTION('',(1.,0.,-1.39125692308917E-16));
#3180=DIRECTION('',(-1.47259976270561E-16,0.,-1.));
#3181=DIRECTION('',(1.,0.,-3.46944695195362E-16));
#3182=DIRECTION('',(7.390812462431E-17,0.,1.));
#3183=DIRECTION('',(1.,0.,-1.39125692308917E-16));
#3184=DIRECTION('',(-7.390812462431E-17,0.,-1.));
#3185=DIRECTION('',(1.,0.,-3.46944695195362E-16));
#3186=DIRECTION('',(5.56272978059327E-19,0.,1.));
#3187=DIRECTION('',(1.,0.,-1.39125692308917E-16));
#3188=DIRECTION('',(0.,-1.,0.));
#3189=DIRECTION('',(2.03089577675333E-16,0.,1.));
#3190=DIRECTION('',(-0.865728231313338,0.,-0.500514364935792));
#3191=DIRECTION('',(-5.56272978059329E-19,0.,-1.));
#3192=DIRECTION('',(-1.,0.,9.9949583816067E-35));
#3193=DIRECTION('',(-0.706621750184627,0.,0.707591479715531));
#3194=DIRECTION('',(1.85409249177824E-16,0.,-1.));
#3195=DIRECTION('',(-0.706621750184629,0.,-0.707591479715529));
#3196=DIRECTION('',(-1.,0.,9.9949583816067E-35));
#3197=DIRECTION('',(5.56272978059329E-19,0.,1.));
#3198=DIRECTION('',(0.865728231313338,0.,-0.500514364935793));
#3199=DIRECTION('',(0.,-1.,0.));
#3200=DIRECTION('',(2.03089577675333E-16,0.,1.));
#3201=DIRECTION('',(1.,0.,-1.33120266741625E-16));
#3202=DIRECTION('',(5.56272978059327E-19,0.,1.));
#3203=DIRECTION('',(1.,0.,-3.46944695195362E-16));
#3204=DIRECTION('',(-7.390812462431E-17,0.,-1.));
#3205=DIRECTION('',(1.,0.,-1.33120266741625E-16));
#3206=DIRECTION('',(7.390812462431E-17,0.,1.));
#3207=DIRECTION('',(1.,0.,-3.46944695195362E-16));
#3208=DIRECTION('',(-1.47259976270561E-16,0.,-1.));
#3209=DIRECTION('',(1.,0.,-1.33120266741625E-16));
#3210=DIRECTION('',(0.,-1.,0.));
#3211=DIRECTION('',(2.03089577675333E-16,0.,1.));
#3212=DIRECTION('',(0.865728231313339,0.,0.500514364935791));
#3213=DIRECTION('',(5.56272978059326E-19,0.,1.));
#3214=DIRECTION('',(1.,0.,-9.9949583816067E-35));
#3215=DIRECTION('',(0.706621750184627,0.,-0.707591479715531));
#3216=DIRECTION('',(5.56272978059327E-19,0.,1.));
#3217=DIRECTION('',(0.,-1.,0.));
#3218=DIRECTION('',(2.03089577675333E-16,0.,1.));
#3219=DIRECTION('',(-0.499485811384508,0.,0.866322067262262));
#3220=DIRECTION('',(1.,0.,-9.9949583816067E-35));
#3221=DIRECTION('',(5.56272978059327E-19,0.,1.));
#3222=DIRECTION('',(-0.706621750184624,0.,-0.707591479715534));
#3223=DIRECTION('',(0.,1.,0.));
#3224=DIRECTION('',(0.,0.,1.));
#3225=DIRECTION('',(-1.,0.,1.17608371252665E-16));
#3226=DIRECTION('',(0.,1.,0.));
#3227=DIRECTION('',(0.,0.,1.));
#3228=DIRECTION('',(1.,0.,0.));
#3229=DIRECTION('',(0.,1.,0.));
#3230=DIRECTION('',(0.,0.,1.));
#3231=DIRECTION('',(-1.,0.,1.17608371252665E-16));
#3232=DIRECTION('',(0.,0.,-1.));
#3233=DIRECTION('',(-1.,0.,1.17608371252665E-16));
#3234=DIRECTION('',(-1.43811272619839E-16,0.,-1.));
#3235=DIRECTION('',(-1.,0.,1.17608371252665E-16));
#3236=DIRECTION('',(0.,1.,0.));
#3237=DIRECTION('',(0.,0.,1.));
#3238=DIRECTION('',(1.,0.,0.));
#3239=DIRECTION('',(-1.4208800155465E-16,0.,-1.));
#3240=DIRECTION('',(1.,0.,0.));
#3241=DIRECTION('',(-1.4208800155465E-16,0.,-1.));
#3242=DIRECTION('',(1.,0.,0.));
#3243=DIRECTION('',(0.,1.,0.));
#3244=DIRECTION('',(0.,0.,1.));
#3245=DIRECTION('',(1.,0.,0.));
#3246=DIRECTION('',(0.,1.,0.));
#3247=DIRECTION('',(0.,0.,1.));
#3248=DIRECTION('',(-1.,0.,1.17608371252665E-16));
#3249=DIRECTION('',(0.,-1.,0.));
#3250=DIRECTION('',(0.,0.,1.));
#3251=DIRECTION('',(0.,0.,-1.));
#3252=DIRECTION('',(-1.,0.,0.));
#3253=DIRECTION('',(0.,0.,-1.));
#3254=DIRECTION('',(4.94921391077034E-32,-1.,0.));
#3255=DIRECTION('',(1.,0.,0.));
#3256=DIRECTION('',(0.,0.,-1.));
#3257=DIRECTION('',(-4.94921391077034E-32,1.,0.));
#3258=DIRECTION('',(1.,0.,0.));
#3259=DIRECTION('',(0.,0.,-1.));
#3260=DIRECTION('',(4.94921391077034E-32,-1.,0.));
#3261=DIRECTION('',(1.,0.,0.));
#3262=DIRECTION('',(0.,0.,-1.));
#3263=DIRECTION('',(-4.94921391077034E-32,1.,0.));
#3264=DIRECTION('',(1.,0.,0.));
#3265=DIRECTION('',(0.,0.,-1.));
#3266=DIRECTION('',(4.94921391077034E-32,-1.,0.));
#3267=DIRECTION('',(1.,0.,0.));
#3268=DIRECTION('',(0.,-1.,0.));
#3269=DIRECTION('',(0.,-1.,0.));
#3270=DIRECTION('',(1.,0.,0.));
#3271=DIRECTION('',(0.,0.,-1.));
#3272=DIRECTION('',(-4.94921391077034E-32,1.,0.));
#3273=DIRECTION('',(1.,0.,0.));
#3274=DIRECTION('',(1.17608371252665E-16,0.,1.));
#3275=DIRECTION('',(1.,0.,-1.17608371252665E-16));
#3276=DIRECTION('',(1.17608371252665E-16,0.,1.));
#3277=DIRECTION('',(-1.02893992203561E-17,-1.,1.21011948347452E-33));
#3278=DIRECTION('',(-1.,1.02893992203561E-17,1.17608371252665E-16));
#3279=DIRECTION('',(1.17608371252665E-16,0.,1.));
#3280=DIRECTION('',(1.02893992203561E-17,1.,-1.21011948347452E-33));
#3281=DIRECTION('',(-1.,0.,1.17608371252665E-16));
#3282=DIRECTION('',(0.,-1.,0.));
#3283=DIRECTION('',(0.,-1.,0.));
#3284=DIRECTION('',(-1.,0.,1.17608371252665E-16));
#3285=DIRECTION('',(1.17608371252665E-16,0.,1.));
#3286=DIRECTION('',(-1.02893992203561E-17,-1.,1.21011948347452E-33));
#3287=DIRECTION('',(-1.,1.02893992203561E-17,1.17608371252665E-16));
#3288=DIRECTION('',(1.17608371252665E-16,0.,1.));
#3289=DIRECTION('',(1.02893992203561E-17,1.,-1.21011948347452E-33));
#3290=DIRECTION('',(-1.,0.,1.17608371252665E-16));
#3291=DIRECTION('',(1.17608371252665E-16,0.,1.));
#3292=DIRECTION('',(-1.02893992203561E-17,-1.,1.21011948347452E-33));
#3293=DIRECTION('',(-1.,1.02893992203561E-17,1.17608371252665E-16));
#3294=DIRECTION('',(1.17608371252665E-16,0.,1.));
#3295=DIRECTION('',(1.02893992203561E-17,1.,-1.21011948347452E-33));
#3296=DIRECTION('',(-1.,0.,1.17608371252665E-16));
#3297=DIRECTION('',(0.,1.,0.));
#3298=DIRECTION('',(-1.,0.,0.));
#3299=DIRECTION('',(1.,0.,0.));
#3300=DIRECTION('',(0.,1.,0.));
#3301=DIRECTION('',(5.65697738576601E-31,0.,1.));
#3302=DIRECTION('',(0.,1.,0.));
#3303=DIRECTION('',(-5.65697738576601E-31,0.,-1.));
#3304=DIRECTION('',(0.,1.,0.));
#3305=DIRECTION('',(-1.,0.,0.));
#3306=DIRECTION('',(0.,1.,0.));
#3307=DIRECTION('',(-5.65697738576601E-31,0.,-1.));
#3308=DIRECTION('',(1.,0.,0.));
#3309=DIRECTION('',(-1.4208800155465E-16,0.,-1.));
#3310=DIRECTION('',(1.,0.,0.));
#3311=DIRECTION('',(0.,1.,0.));
#3312=DIRECTION('',(0.,0.,1.));
#3313=DIRECTION('',(-1.,0.,1.17608371252665E-16));
#3314=DIRECTION('',(-1.43811272619839E-16,0.,-1.));
#3315=DIRECTION('',(-1.,0.,0.));
#3316=DIRECTION('',(0.,0.,1.));
#3317=DIRECTION('',(-1.,0.,0.));
#3318=DIRECTION('',(0.,0.,1.));
#3319=DIRECTION('',(-0.999999999879574,0.,1.55193786294251E-5));
#3320=DIRECTION('',(1.55193786294251E-5,0.,0.999999999879574));
#3321=DIRECTION('',(0.,1.,0.));
#3322=DIRECTION('',(-1.,0.,0.));
#3323=DIRECTION('',(1.,0.,0.));
#3324=DIRECTION('',(0.,1.,0.));
#3325=DIRECTION('',(5.65697738576601E-31,0.,1.));
#3326=DIRECTION('',(0.,0.,-1.));
#3327=DIRECTION('',(-1.,0.,1.17608371252665E-16));
#3328=DIRECTION('',(0.,1.,0.));
#3329=DIRECTION('',(0.,0.,1.));
#3330=DIRECTION('',(1.,0.,0.));
#3331=DIRECTION('',(-1.4208800155465E-16,0.,-1.));
#3332=DIRECTION('',(0.,1.,0.));
#3333=DIRECTION('',(-1.,0.,0.));
#3334=DIRECTION('',(0.,1.,0.));
#3335=DIRECTION('',(-5.65697738576601E-31,0.,-1.));
#3336=DIRECTION('',(1.,0.,0.));
#3337=DIRECTION('',(0.,1.,0.));
#3338=DIRECTION('',(5.65697738576601E-31,0.,1.));
#3339=DIRECTION('',(-1.,0.,0.));
#3340=DIRECTION('',(0.,0.,1.));
#3341=DIRECTION('',(-0.99999999987958,1.5519020233686E-5,0.));
#3342=DIRECTION('',(-1.5519020233686E-5,-0.99999999987958,0.));
#3343=DIRECTION('',(-1.,0.,0.));
#3344=DIRECTION('',(0.,0.,1.));
#3345=DIRECTION('',(0.,0.,-1.));
#3346=DIRECTION('',(-1.,0.,0.));
#3347=DIRECTION('',(0.,1.,0.));
#3348=DIRECTION('',(1.,0.,0.));
#3349=DIRECTION('',(0.,-1.,0.));
#3350=DIRECTION('',(0.,0.,-1.));
#3351=DIRECTION('',(-1.,0.,0.));
#3352=DIRECTION('',(1.,0.,0.));
#3353=DIRECTION('',(0.,-1.,0.));
#3354=DIRECTION('',(0.,1.,0.));
#3355=DIRECTION('',(0.,0.,-1.));
#3356=DIRECTION('',(-1.,0.,0.));
#3357=DIRECTION('',(0.,1.,0.));
#3358=DIRECTION('',(1.,0.,0.));
#3359=DIRECTION('',(0.,-1.,0.));
#3360=DIRECTION('',(0.,0.,-1.));
#3361=DIRECTION('',(-1.,0.,0.));
#3362=DIRECTION('',(1.,0.,0.));
#3363=DIRECTION('',(0.,-1.,0.));
#3364=DIRECTION('',(0.,-1.,0.));
#3365=DIRECTION('',(1.17608371252665E-16,0.,1.));
#3366=DIRECTION('',(1.,0.,-1.17608371252665E-16));
#3367=DIRECTION('',(-1.,0.,1.17608371252665E-16));
#3368=DIRECTION('',(0.,1.,0.));
#3369=DIRECTION('',(0.,-1.,0.));
#3370=DIRECTION('',(1.17608371252665E-16,0.,1.));
#3371=DIRECTION('',(1.,0.,-1.17608371252665E-16));
#3372=DIRECTION('',(0.,-1.,0.));
#3373=DIRECTION('',(-1.,0.,1.17608371252665E-16));
#3374=DIRECTION('',(0.,1.,0.));
#3375=DIRECTION('',(1.17608371252665E-16,0.,1.));
#3376=DIRECTION('',(1.,0.,-1.17608371252665E-16));
#3377=DIRECTION('',(0.,1.,0.));
#3378=DIRECTION('',(0.,-1.,0.));
#3379=DIRECTION('',(1.17608371252665E-16,0.,1.));
#3380=DIRECTION('',(1.,0.,-1.17608371252665E-16));
#3381=DIRECTION('',(0.,-1.,0.));
#3382=DIRECTION('',(0.,-1.,0.));
#3383=DIRECTION('',(0.,1.,0.));
#3384=DIRECTION('',(-1.,0.,0.));
#3385=DIRECTION('',(1.,0.,0.));
#3386=DIRECTION('',(0.,1.,0.));
#3387=DIRECTION('',(0.,0.,1.));
#3388=DIRECTION('',(0.,1.,0.));
#3389=DIRECTION('',(0.,0.,1.));
#3390=DIRECTION('',(0.,1.,0.));
#3391=DIRECTION('',(-1.,0.,0.));
#3392=DIRECTION('',(0.,1.,0.));
#3393=DIRECTION('',(0.,0.,1.));
#3394=DIRECTION('',(1.,0.,0.));
#3395=DIRECTION('',(0.,1.,0.));
#3396=DIRECTION('',(0.,0.,1.));
#3397=DIRECTION('',(1.,0.,0.));
#3398=DIRECTION('',(0.,0.,-1.));
#3399=DIRECTION('',(1.,0.,0.));
#3400=DIRECTION('',(0.,0.,-1.));
#3401=DIRECTION('',(1.,0.,0.));
#3402=DIRECTION('',(0.,0.,-1.));
#3403=DIRECTION('',(-1.,0.,1.68476343964522E-10));
#3404=DIRECTION('',(1.68476343964522E-10,0.,1.));
#3405=DIRECTION('',(1.,0.,0.));
#3406=DIRECTION('',(0.,0.,-1.));
#3407=DIRECTION('',(-0.999999999879574,0.,1.55193782806109E-5));
#3408=DIRECTION('',(1.55193782806109E-5,0.,0.999999999879574));
#3409=DIRECTION('',(1.32937830042594E-16,0.0523359562429438,0.998629534754574));
#3410=DIRECTION('',(0.,-0.998629534754574,0.0523359562429438));
#3411=DIRECTION('',(-0.370951777809397,0.927379444523491,-0.0486018972402164));
#3412=DIRECTION('',(1.06288872506142E-17,-0.998629534754574,0.0523359562429438));
#3413=DIRECTION('',(-1.,-3.65689227389855E-18,1.33311916344778E-16));
#3414=DIRECTION('',(1.06288872506142E-17,-0.998629534754574,0.0523359562429438));
#3415=DIRECTION('',(0.370951777809396,0.927379444523491,-0.0486018972402165));
#3416=DIRECTION('',(-0.370951777809396,0.927379444523491,-0.0486018972402164));
#3417=DIRECTION('',(1.06288872506142E-17,-0.998629534754574,0.0523359562429438));
#3418=DIRECTION('',(-1.,-3.65689227389855E-18,1.33311916344778E-16));
#3419=DIRECTION('',(1.06288872506142E-17,-0.998629534754574,0.0523359562429438));
#3420=DIRECTION('',(0.370951777809397,0.927379444523491,-0.0486018972402165));
#3421=DIRECTION('',(1.06288872506142E-17,-0.998629534754574,0.0523359562429438));
#3422=DIRECTION('',(-1.,-3.65689227389855E-18,1.33311916344778E-16));
#3423=DIRECTION('',(1.06288872506142E-17,-0.998629534754574,0.0523359562429438));
#3424=DIRECTION('',(1.38935025382862E-16,0.0523359562429438,0.998629534754574));
#3425=DIRECTION('',(0.,-0.998629534754574,0.0523359562429438));
#3426=DIRECTION('',(1.06288872506142E-17,-0.998629534754574,0.0523359562429438));
#3427=DIRECTION('',(0.370951777809397,-0.927379444523491,0.0486018972402164));
#3428=DIRECTION('',(1.06288872506142E-17,-0.998629534754574,0.0523359562429438));
#3429=DIRECTION('',(-1.,-3.34302332098993E-18,1.39300892737261E-16));
#3430=DIRECTION('',(1.06288872506142E-17,-0.998629534754574,0.0523359562429438));
#3431=DIRECTION('',(-0.370951777809397,-0.927379444523491,0.0486018972402165));
#3432=DIRECTION('',(1.06288872506142E-17,-0.998629534754574,0.0523359562429438));
#3433=DIRECTION('',(-1.,-3.34302332098993E-18,1.39300892737261E-16));
#3434=DIRECTION('',(1.06288872506142E-17,-0.998629534754574,0.0523359562429438));
#3435=DIRECTION('',(0.370951777809396,-0.927379444523491,0.0486018972402164));
#3436=DIRECTION('',(-0.370951777809396,-0.927379444523491,0.0486018972402165));
#3437=DIRECTION('',(1.06288872506142E-17,-0.998629534754574,0.0523359562429438));
#3438=DIRECTION('',(-1.,-3.34302332098993E-18,1.39300892737261E-16));
#3439=DIRECTION('',(0.,-0.258819045102521,0.965925826289068));
#3440=DIRECTION('',(0.,-0.965925826289068,-0.258819045102521));
#3441=DIRECTION('',(0.250562807085731,0.935113126531029,0.250562807085731));
#3442=DIRECTION('',(-1.,0.,0.));
#3443=DIRECTION('',(0.250562807085731,-0.935113126531029,-0.250562807085731));
#3444=DIRECTION('',(1.,1.07950647770933E-17,2.8925288892638E-18));
#3445=DIRECTION('',(0.965925826289068,-0.258819045102521,-1.96169468126744E-16));
#3446=DIRECTION('',(-0.258819045102521,-0.965925826289068,5.2563450564204E-17));
#3447=DIRECTION('',(-0.250562807085731,-0.935113126531029,0.250562807085731));
#3448=DIRECTION('',(2.03089577675333E-16,-2.17406246961233E-34,1.));
#3449=DIRECTION('',(0.250562807085731,0.935113126531029,0.250562807085731));
#3450=DIRECTION('',(-0.0140219985293651,-0.0523308109352459,-0.998531356435091));
#3451=DIRECTION('',(-0.965925826289068,-0.258819045102521,1.96169468126744E-16));
#3452=DIRECTION('',(0.258819045102521,-0.965925826289068,-5.2563450564204E-17));
#3453=DIRECTION('',(-0.250562807085731,0.935113126531029,0.250562807085731));
#3454=DIRECTION('',(2.03089577675333E-16,2.17406246961233E-34,1.));
#3455=DIRECTION('',(0.250562807085731,-0.935113126531029,0.250562807085731));
#3456=DIRECTION('',(-0.0140219985293647,0.0523308109352459,0.998531356435091));
#3457=DIRECTION('',(0.,-0.258819045102521,-0.965925826289068));
#3458=DIRECTION('',(0.,-0.965925826289068,0.258819045102521));
#3459=DIRECTION('',(0.250562807085731,-0.935113126531029,0.250562807085731));
#3460=DIRECTION('',(-1.,0.,0.));
#3461=DIRECTION('',(0.250562807085731,0.935113126531029,-0.250562807085731));
#3462=DIRECTION('',(1.,1.04960812584734E-17,-2.8124164968994E-18));
#3463=DIRECTION('',(1.06288872506142E-17,-0.998629534754574,0.0523359562429438));
#3464=DIRECTION('',(0.,-0.0523359562429438,-0.998629534754574));
#3465=DIRECTION('',(1.,1.07950647770933E-17,2.8925288892638E-18));
#3466=DIRECTION('',(0.0140219985293647,-0.0523308109352459,-0.998531356435091));
#3467=DIRECTION('',(-1.,-1.04960812584734E-17,2.8124164968994E-18));
#3468=DIRECTION('',(-0.0140219985293651,-0.0523308109352459,-0.998531356435091));
#3469=DIRECTION('',(-1.,-3.25967639734446E-18,1.40891246779842E-16));
#3470=DIRECTION('',(1.06288872506142E-17,-0.998629534754574,0.0523359562429438));
#3471=DIRECTION('',(2.02811250467421E-16,0.0523359562429438,0.998629534754574));
#3472=DIRECTION('',(3.69567167518412E-16,-0.0523359562429438,-0.998629534754574));
#3473=DIRECTION('',(1.06288872506142E-17,-0.998629534754574,0.0523359562429438));
#3474=DIRECTION('',(-2.02811250467421E-16,-0.0523359562429438,-0.998629534754574));
#3475=DIRECTION('',(-1.,-3.25967639734446E-18,1.40891246779842E-16));
#3476=DIRECTION('',(1.06288872506142E-17,-0.998629534754574,0.0523359562429438));
#3477=DIRECTION('',(2.02811250467421E-16,0.0523359562429438,0.998629534754574));
#3478=DIRECTION('',(3.69567167518412E-16,-0.0523359562429438,-0.998629534754574));
#3479=DIRECTION('',(1.06288872506142E-17,-0.998629534754574,0.0523359562429438));
#3480=DIRECTION('',(-2.02811250467421E-16,-0.0523359562429438,-0.998629534754574));
#3481=DIRECTION('',(1.,0.,3.70074341541719E-16));
#3482=DIRECTION('',(3.70074341541719E-16,0.,-1.));
#3483=DIRECTION('',(3.69567167518412E-16,-0.0523359562429438,-0.998629534754574));
#3484=DIRECTION('',(0.,1.,0.));
#3485=DIRECTION('',(0.,1.,0.));
#3486=DIRECTION('',(-1.40891246779842E-16,0.,-1.));
#3487=DIRECTION('',(-1.,0.,1.40891246779842E-16));
#3488=DIRECTION('',(0.,1.,0.));
#3489=DIRECTION('',(-1.,-3.25967639734446E-18,1.40891246779842E-16));
#3490=DIRECTION('',(0.,1.,0.));
#3491=DIRECTION('',(-1.40891246779842E-16,0.,-1.));
#3492=DIRECTION('',(-1.,0.,1.40891246779842E-16));
#3493=DIRECTION('',(0.,1.,0.));
#3494=DIRECTION('',(-1.,-3.25967639734446E-18,1.40891246779842E-16));
#3495=DIRECTION('',(0.,1.,0.));
#3496=DIRECTION('',(1.,0.,3.70074341541719E-16));
#3497=DIRECTION('',(3.70074341541719E-16,0.,-1.));
#3498=DIRECTION('',(0.,1.,0.));
#3499=DIRECTION('',(3.69567167518412E-16,-0.0523359562429438,-0.998629534754574));
#3500=DIRECTION('',(0.,1.,0.));
#3501=DIRECTION('',(1.06288872506142E-17,-0.998629534754574,0.0523359562429438));
#3502=DIRECTION('',(1.,1.06143207300397E-17,-5.56272978059327E-19));
#3503=DIRECTION('',(1.06288872506142E-17,-0.998629534754574,0.0523359562429438));
#3504=DIRECTION('',(0.,-0.0523359562429438,-0.998629534754574));
#3505=DIRECTION('',(0.707106781186548,0.037007109559268,0.706137715918126));
#3506=DIRECTION('',(7.3752720948604E-35,-0.0523359562429438,-0.998629534754574));
#3507=DIRECTION('',(-1.,-1.06143207300397E-17,5.56272978059327E-19));
#3508=DIRECTION('',(0.5,-0.0453242676377401,-0.864838546066896));
#3509=DIRECTION('',(1.06288872506142E-17,-0.998629534754574,0.0523359562429438));
#3510=DIRECTION('',(0.,-0.0523359562429438,-0.998629534754574));
#3511=DIRECTION('',(-7.3752720948604E-35,-0.0523359562429438,-0.998629534754574));
#3512=DIRECTION('',(-0.70710678118655,0.0370071095592679,0.706137715918124));
#3513=DIRECTION('',(-1.,-1.06143207300397E-17,5.56272978059327E-19));
#3514=DIRECTION('',(1.10629081422906E-33,-0.0523359562429438,-0.998629534754574));
#3515=DIRECTION('',(-0.866025403784441,-0.0261679781214718,-0.499314767377284));
#3516=DIRECTION('',(1.06288872506142E-17,-0.998629534754574,0.0523359562429438));
#3517=DIRECTION('',(0.,-0.0523359562429438,-0.998629534754574));
#3518=DIRECTION('',(1.06288872506142E-17,-0.998629534754574,0.0523359562429438));
#3519=DIRECTION('',(0.,-0.0523359562429438,-0.998629534754574));
#3520=DIRECTION('',(-0.86602540378444,0.0261679781214718,0.499314767377285));
#3521=DIRECTION('',(-2.36008707035533E-33,-0.0523359562429438,-0.998629534754574));
#3522=DIRECTION('',(1.,1.06143207300397E-17,-5.56272978059327E-19));
#3523=DIRECTION('',(0.707106781186553,0.0370071095592678,0.706137715918121));
#3524=DIRECTION('',(-1.86220731195965E-16,0.0523359562429438,0.998629534754574));
#3525=DIRECTION('',(0.70710678118655,-0.0370071095592679,-0.706137715918124));
#3526=DIRECTION('',(1.,1.06143207300397E-17,-5.56272978059327E-19));
#3527=DIRECTION('',(2.36008707035533E-33,0.0523359562429438,0.998629534754574));
#3528=DIRECTION('',(0.86602540378444,0.0261679781214718,0.499314767377285));
#3529=DIRECTION('',(1.06288872506142E-17,-0.998629534754574,0.0523359562429438));
#3530=DIRECTION('',(2.02811250467421E-16,0.0523359562429438,0.998629534754574));
#3531=DIRECTION('',(1.06288872506142E-17,-0.998629534754574,0.0523359562429438));
#3532=DIRECTION('',(-2.02811250467421E-16,-0.0523359562429438,-0.998629534754574));
#3533=DIRECTION('',(1.06288872506142E-17,-0.998629534754574,0.0523359562429438));
#3534=DIRECTION('',(2.02811250467421E-16,0.0523359562429438,0.998629534754574));
#3535=DIRECTION('',(1.06288872506142E-17,-0.998629534754574,0.0523359562429438));
#3536=DIRECTION('',(-2.02811250467421E-16,-0.0523359562429438,-0.998629534754574));
#3537=DIRECTION('',(-1.,-1.06143207300397E-17,5.56272978059327E-19));
#3538=DIRECTION('',(1.06143207300397E-17,-1.,0.));
#3539=DIRECTION('',(-1.06288872506142E-17,0.998629534754574,-0.0523359562429438));
#3540=DIRECTION('',(1.06288872506142E-17,-0.998629534754574,0.0523359562429438));
#3541=DIRECTION('',(1.06288872506142E-17,-0.998629534754574,0.0523359562429438));
#3542=DIRECTION('',(0.,-0.0523359562429438,-0.998629534754574));
#3543=DIRECTION('',(1.06288872506142E-17,-0.998629534754574,0.0523359562429438));
#3544=DIRECTION('',(9.98126063851523E-35,0.0523359562429438,0.998629534754574));
#3545=DIRECTION('',(0.,-0.998629534754574,0.0523359562429438));
#3546=DIRECTION('',(-5.07962288599005E-18,0.998629534754574,-0.0523359562429438));
#3547=DIRECTION('',(1.06288872506142E-17,-0.998629534754574,0.0523359562429438));
#3548=DIRECTION('',(0.,-0.0523359562429438,-0.998629534754574));
#3549=DIRECTION('',(1.06288872506142E-17,-0.998629534754574,0.0523359562429438));
#3550=DIRECTION('',(1.06288872506142E-17,-0.998629534754574,0.0523359562429438));
#3551=DIRECTION('',(-1.,-1.06143207300397E-17,5.56272978059327E-19));
#3552=DIRECTION('',(1.06143207300397E-17,-1.,0.));
#3553=DIRECTION('',(-1.,-1.06143207300397E-17,5.56272978059327E-19));
#3554=DIRECTION('',(1.06143207300397E-17,-1.,0.));
#3555=DIRECTION('',(-1.,-1.06143207300397E-17,5.56272978059327E-19));
#3556=DIRECTION('',(1.06143207300397E-17,-1.,0.));
#3557=DIRECTION('',(-1.,-1.06143207300397E-17,5.56272978059327E-19));
#3558=DIRECTION('',(1.06143207300397E-17,-1.,0.));
#3559=DIRECTION('',(1.06288872506142E-17,-0.998629534754574,0.0523359562429438));
#3560=DIRECTION('',(9.98126063851523E-35,0.0523359562429438,0.998629534754574));
#3561=DIRECTION('',(0.,-0.998629534754574,0.0523359562429438));
#3562=DIRECTION('',(-1.06288872506142E-17,0.998629534754574,-0.0523359562429438));
#3563=DIRECTION('',(1.06288872506142E-17,-0.998629534754574,0.0523359562429438));
#3564=DIRECTION('',(-1.,-1.06143207300397E-17,5.56272978059326E-19));
#3565=DIRECTION('',(1.06143207300397E-17,-1.,0.));
#3566=DIRECTION('',(1.06288872506142E-17,-0.998629534754574,0.0523359562429438));
#3567=DIRECTION('',(1.06288872506142E-17,-0.998629534754574,0.0523359562429438));
#3568=DIRECTION('',(0.,-0.0523359562429438,-0.998629534754574));
#3569=DIRECTION('',(1.06288872506142E-17,-0.998629534754574,0.0523359562429438));
#3570=DIRECTION('',(1.06288872506142E-17,-0.998629534754574,0.0523359562429438));
#3571=DIRECTION('',(0.,-0.0523359562429438,-0.998629534754574));
#3572=DIRECTION('',(1.06288872506142E-17,-0.998629534754574,0.0523359562429438));
#3573=DIRECTION('',(-1.,-1.06143207300397E-17,5.56272978059329E-19));
#3574=DIRECTION('',(1.06143207300397E-17,-1.,0.));
#3575=DIRECTION('',(1.06288872506142E-17,-0.998629534754574,0.0523359562429438));
#3576=DIRECTION('',(1.06288872506142E-17,-0.998629534754574,0.0523359562429438));
#3577=DIRECTION('',(-9.98126063851523E-35,-0.0523359562429438,-0.998629534754574));
#3578=DIRECTION('',(0.,0.998629534754574,-0.0523359562429438));
#3579=DIRECTION('',(1.06288872506142E-17,-0.998629534754574,0.0523359562429438));
#3580=DIRECTION('',(1.,2.03603607694408E-17,1.85409249177824E-16));
#3581=DIRECTION('',(1.85409249177824E-16,0.,-1.));
#3582=DIRECTION('',(1.,2.03603607694408E-17,1.85409249177824E-16));
#3583=DIRECTION('',(1.85409249177824E-16,0.,-1.));
#3584=DIRECTION('',(1.,2.03603607694408E-17,1.85409249177824E-16));
#3585=DIRECTION('',(1.85409249177824E-16,0.,-1.));
#3586=DIRECTION('',(1.,2.03603607694408E-17,1.85409249177824E-16));
#3587=DIRECTION('',(1.85409249177824E-16,0.,-1.));
#3588=DIRECTION('',(-1.06288872506142E-17,0.998629534754574,-0.0523359562429438));
#3589=DIRECTION('',(1.06288872506142E-17,-0.998629534754574,0.0523359562429438));
#3590=DIRECTION('',(-9.98126063851523E-35,-0.0523359562429438,-0.998629534754574));
#3591=DIRECTION('',(0.,0.998629534754574,-0.0523359562429438));
#3592=DIRECTION('',(-1.06288872506142E-17,0.998629534754574,-0.0523359562429438));
#3593=DIRECTION('',(1.06288872506142E-17,-0.998629534754574,0.0523359562429438));
#3594=DIRECTION('',(1.,1.06143207300397E-17,-5.56272978059329E-19));
#3595=DIRECTION('',(-1.06143207300397E-17,1.,0.));
#3596=DIRECTION('',(-1.06288872506142E-17,0.998629534754574,-0.0523359562429438));
#3597=DIRECTION('',(-0.866025403784439,-0.0261679781214719,-0.499314767377287));
#3598=DIRECTION('',(1.06288872506142E-17,-0.998629534754574,0.0523359562429438));
#3599=DIRECTION('',(0.5,-0.0453242676377402,-0.864838546066897));
#3600=DIRECTION('',(1.06288872506142E-17,-0.998629534754574,0.0523359562429438));
#3601=DIRECTION('',(-0.5,0.0453242676377402,0.864838546066898));
#3602=DIRECTION('',(1.06288872506142E-17,-0.998629534754574,0.0523359562429438));
#3603=DIRECTION('',(0.5,0.0453242676377402,0.864838546066897));
#3604=DIRECTION('',(1.06288872506142E-17,-0.998629534754574,0.0523359562429438));
#3605=DIRECTION('',(0.707106781186545,0.0370071095592681,0.706137715918129));
#3606=DIRECTION('',(-1.06288872506142E-17,0.998629534754574,-0.0523359562429438));
#3607=DIRECTION('',(0.707106781186543,-0.0370071095592682,-0.706137715918131));
#3608=DIRECTION('',(1.06288872506142E-17,-0.998629534754574,0.0523359562429438));
#3609=DIRECTION('',(-0.707106781186545,-0.0370071095592681,-0.706137715918129));
#3610=DIRECTION('',(-1.06288872506142E-17,0.998629534754574,-0.0523359562429438));
#3611=DIRECTION('',(0.707106781186548,-0.037007109559268,-0.706137715918126));
#3612=DIRECTION('',(1.06288872506142E-17,-0.998629534754574,0.0523359562429438));
#3613=DIRECTION('',(0.,-1.,0.));
#3614=DIRECTION('',(0.,0.,-1.));
#3615=DIRECTION('',(0.,1.,0.));
#3616=DIRECTION('',(0.,0.,1.));
#3617=DIRECTION('',(0.,-1.,0.));
#3618=DIRECTION('',(0.,0.,-1.));
#3619=DIRECTION('',(0.,1.,0.));
#3620=DIRECTION('',(0.,0.,1.));
#3621=DIRECTION('',(0.250562807085731,0.935113126531029,-0.250562807085731));
#3622=DIRECTION('',(0.,0.258819045102521,0.965925826289068));
#3623=DIRECTION('',(-0.250562807085731,-0.93511312653103,0.250562807085731));
#3624=DIRECTION('',(0.,-0.258819045102521,-0.965925826289068));
#3625=DIRECTION('',(0.250562807085731,0.935113126531029,0.250562807085731));
#3626=DIRECTION('',(-0.965925826289068,0.258819045102521,0.));
#3627=DIRECTION('',(-0.250562807085731,-0.935113126531029,-0.250562807085734));
#3628=DIRECTION('',(0.,0.258819045102524,-0.965925826289068));
#3629=DIRECTION('',(-0.0140219985293651,-0.0523308109352459,-0.998531356435091));
#3630=DIRECTION('',(0.,0.998629534754574,-0.0523359562429438));
#3631=DIRECTION('',(-0.0140219985293656,-0.0523308109352487,-0.99853135643509));
#3632=DIRECTION('',(0.,0.998629534754574,-0.0523359562429466));
#3633=DIRECTION('',(0.0140219985293649,0.0523308109352459,0.998531356435091));
#3634=DIRECTION('',(0.,-0.998629534754574,0.0523359562429437));
#3635=DIRECTION('',(0.,-0.998629534754574,0.0523359562429437));
#3636=DIRECTION('',(0.,-0.0523359562429438,-0.998629534754574));
#3637=DIRECTION('',(1.,0.,0.));
#3638=DIRECTION('',(0.,0.,-1.));
#3639=DIRECTION('',(-2.77555756156289E-15,-0.998629534754574,0.0523359562429437));
#3640=DIRECTION('',(0.,-0.0523359562429438,-0.998629534754574));
#3641=DIRECTION('',(1.,0.,0.));
#3642=DIRECTION('',(0.,0.,-1.));
#3643=DIRECTION('',(1.,1.04960812584734E-17,-2.81241649689939E-18));
#3644=DIRECTION('',(-1.04960812584734E-17,1.,0.));
#3645=DIRECTION('',(-1.,2.74087748010039E-15,-7.34415907345548E-16));
#3646=DIRECTION('',(-2.74087748010039E-15,-1.,0.));
#3647=DIRECTION('',(-0.250562807085731,0.935113126531029,-0.250562807085731));
#3648=DIRECTION('',(-0.965925826289068,-0.258819045102521,0.));
#3649=DIRECTION('',(0.250562807085731,-0.93511312653103,0.250562807085731));
#3650=DIRECTION('',(0.965925826289068,0.258819045102521,0.));
#3651=DIRECTION('',(-0.250562807085731,0.935113126531029,0.250562807085731));
#3652=DIRECTION('',(0.,-0.258819045102521,0.965925826289068));
#3653=DIRECTION('',(0.250562807085732,-0.935113126531029,-0.250562807085731));
#3654=DIRECTION('',(0.965925826289068,0.258819045102522,0.));
#3655=DIRECTION('',(1.,1.07950647770933E-17,2.8925288892638E-18));
#3656=DIRECTION('',(-1.07950647770933E-17,1.,0.));
#3657=DIRECTION('',(-1.,0.,0.));
#3658=DIRECTION('',(0.,0.,1.));
#3659=DIRECTION('',(0.,-0.998629534754574,0.0523359562429438));
#3660=DIRECTION('',(0.,-0.0523359562429438,-0.998629534754574));
#3661=DIRECTION('',(0.014021998529365,-0.0523308109352459,-0.998531356435091));
#3662=DIRECTION('',(0.,0.998629534754574,-0.0523359562429437));
#3663=DIRECTION('',(0.,-0.998629534754574,0.0523359562429437));
#3664=DIRECTION('',(0.,-0.0523359562429438,-0.998629534754574));
#3665=DIRECTION('',(-0.0140219985293649,0.052330810935246,0.998531356435091));
#3666=DIRECTION('',(0.,-0.998629534754574,0.0523359562429438));
#3667=DIRECTION('',(-0.0140219985293647,0.0523308109352459,0.998531356435091));
#3668=DIRECTION('',(0.,-0.998629534754574,0.0523359562429438));
#3669=DIRECTION('',(0.,-1.,0.));
#3670=DIRECTION('',(-1.,0.,1.4208800155465E-16));
#3671=DIRECTION('',(1.4208800155465E-16,0.,1.));
#3672=DIRECTION('',(0.,-1.,0.));
#3673=DIRECTION('',(-1.4208800155465E-16,0.,-1.));
#3674=DIRECTION('',(0.,-1.,0.));
#3675=DIRECTION('',(-1.,0.,1.4208800155465E-16));
#3676=DIRECTION('',(1.4208800155465E-16,0.,1.));
#3677=DIRECTION('',(0.,-1.,0.));
#3678=DIRECTION('',(-1.4208800155465E-16,0.,-1.));
#3679=DIRECTION('',(-1.,0.,1.43811272619839E-16));
#3680=DIRECTION('',(1.43811272619839E-16,0.,1.));
#3681=DIRECTION('',(-1.,0.,0.));
#3682=DIRECTION('',(0.,0.,1.));
#3683=DIRECTION('',(1.55192533823902E-5,0.,0.999999999879576));
#3684=DIRECTION('',(0.999999999879577,0.,-1.55192533823902E-5));
#3685=DIRECTION('',(1.4208800155465E-16,0.,1.));
#3686=DIRECTION('',(1.,0.,-1.4208800155465E-16));
#3687=DIRECTION('',(0.,0.,1.));
#3688=DIRECTION('',(1.,0.,0.));
#3689=DIRECTION('',(1.68615121842582E-10,0.,1.));
#3690=DIRECTION('',(1.,0.,-1.68615121842582E-10));
#3691=DIRECTION('',(-1.4208800155465E-16,0.,-1.));
#3692=DIRECTION('',(-1.,0.,1.4208800155465E-16));
#3693=DIRECTION('',(1.55192533805207E-5,0.,0.999999999879576));
#3694=DIRECTION('',(0.999999999879577,0.,-1.55192533805207E-5));
#3695=DIRECTION('',(-1.06288872506142E-17,0.998629534754574,-0.0523359562429438));
#3696=DIRECTION('',(-1.,-1.06143207300397E-17,5.56272978059327E-19));
#3697=DIRECTION('',(1.06288872506142E-17,-0.998629534754574,0.0523359562429438));
#3698=DIRECTION('',(0.,-0.0523359562429438,-0.998629534754574));
#3699=DIRECTION('',(-7.34525157662975E-17,-0.0523359562429438,-0.998629534754574));
#3700=DIRECTION('',(-1.,7.51847718377812E-18,3.46550668502569E-16));
#3701=DIRECTION('',(-1.46905031532595E-16,-0.0523359562429438,-0.998629534754574));
#3702=DIRECTION('',(-1.,-2.9259054278815E-18,1.47259976270561E-16));
#3703=DIRECTION('',(1.47259976270561E-16,0.,1.));
#3704=DIRECTION('',(1.06288872506142E-17,-0.998629534754574,0.0523359562429438));
#3705=DIRECTION('',(1.47259976270561E-16,0.,1.));
#3706=DIRECTION('',(-1.,-6.77011307896058E-18,7.390812462431E-17));
#3707=DIRECTION('',(7.390812462431E-17,0.,1.));
#3708=DIRECTION('',(-7.390812462431E-17,0.,-1.));
#3709=DIRECTION('',(1.06288872506142E-17,-0.998629534754574,0.0523359562429438));
#3710=DIRECTION('',(3.46469219548512E-16,0.0523359562429438,0.998629534754574));
#3711=DIRECTION('',(0.,-0.998629534754574,0.0523359562429438));
#3712=DIRECTION('',(-0.370951777809397,0.927379444523491,-0.0486018972402163));
#3713=DIRECTION('',(0.370951777809396,0.927379444523491,-0.0486018972402166));
#3714=DIRECTION('',(-1.,-1.06143207300397E-17,5.56272978059327E-19));
#3715=DIRECTION('',(1.06143207300397E-17,-1.,0.));
#3716=DIRECTION('',(-5.56272978059327E-19,0.,-1.));
#3717=DIRECTION('',(1.06288872506142E-17,-0.998629534754574,0.0523359562429438));
#3718=DIRECTION('',(0.,-0.0523359562429438,-0.998629534754574));
#3719=DIRECTION('',(-1.06288872506142E-17,0.998629534754574,-0.0523359562429438));
#3720=DIRECTION('',(-1.,-1.06143207300397E-17,5.56272978059327E-19));
#3721=DIRECTION('',(1.06288872506142E-17,-0.998629534754574,0.0523359562429438));
#3722=DIRECTION('',(0.,-0.0523359562429438,-0.998629534754574));
#3723=DIRECTION('',(-1.,7.51847718377811E-18,3.46550668502569E-16));
#3724=DIRECTION('',(-7.34525157662975E-17,-0.0523359562429438,-0.998629534754574));
#3725=DIRECTION('',(-1.,-6.77011307896058E-18,7.390812462431E-17));
#3726=DIRECTION('',(7.390812462431E-17,0.,1.));
#3727=DIRECTION('',(1.06288872506142E-17,-0.998629534754574,0.0523359562429438));
#3728=DIRECTION('',(7.390812462431E-17,0.,1.));
#3729=DIRECTION('',(3.46469219548512E-16,0.0523359562429438,0.998629534754574));
#3730=DIRECTION('',(0.,-0.998629534754574,0.0523359562429438));
#3731=DIRECTION('',(-0.370951777809396,0.927379444523491,-0.0486018972402163));
#3732=DIRECTION('',(0.370951777809397,0.927379444523491,-0.0486018972402166));
#3733=DIRECTION('',(-1.,-6.77011307896058E-18,7.390812462431E-17));
#3734=DIRECTION('',(7.390812462431E-17,0.,1.));
#3735=DIRECTION('',(1.06288872506142E-17,-0.998629534754574,0.0523359562429438));
#3736=DIRECTION('',(-7.390812462431E-17,0.,-1.));
#3737=DIRECTION('',(-7.34525157662975E-17,-0.0523359562429438,-0.998629534754574));
#3738=DIRECTION('',(-1.,-2.9259054278815E-18,1.47259976270561E-16));
#3739=DIRECTION('',(1.47259976270561E-16,0.,1.));
#3740=DIRECTION('',(1.47259976270561E-16,0.,1.));
#3741=DIRECTION('',(1.06288872506142E-17,-0.998629534754574,0.0523359562429438));
#3742=DIRECTION('',(-1.46905031532595E-16,-0.0523359562429438,-0.998629534754574));
#3743=DIRECTION('',(-1.06288872506142E-17,0.998629534754574,-0.0523359562429438));
#3744=DIRECTION('',(-1.,-1.06143207300397E-17,5.56272978059327E-19));
#3745=DIRECTION('',(1.06288872506142E-17,-0.998629534754574,0.0523359562429438));
#3746=DIRECTION('',(0.,-0.0523359562429438,-0.998629534754574));
#3747=DIRECTION('',(-1.,7.51847718377812E-18,3.46550668502569E-16));
#3748=DIRECTION('',(3.46469219548512E-16,0.0523359562429438,0.998629534754574));
#3749=DIRECTION('',(0.,-0.998629534754574,0.0523359562429438));
#3750=DIRECTION('',(-0.370951777809396,-0.927379444523491,0.0486018972402166));
#3751=DIRECTION('',(0.370951777809397,-0.927379444523491,0.0486018972402163));
#3752=DIRECTION('',(-1.,-6.77011307896058E-18,7.390812462431E-17));
#3753=DIRECTION('',(7.390812462431E-17,0.,1.));
#3754=DIRECTION('',(7.390812462431E-17,0.,1.));
#3755=DIRECTION('',(1.06288872506142E-17,-0.998629534754574,0.0523359562429438));
#3756=DIRECTION('',(-7.34525157662975E-17,-0.0523359562429438,-0.998629534754574));
#3757=DIRECTION('',(-1.06288872506142E-17,0.998629534754574,-0.0523359562429438));
#3758=DIRECTION('',(-1.,-1.06143207300397E-17,5.56272978059327E-19));
#3759=DIRECTION('',(1.06288872506142E-17,-0.998629534754574,0.0523359562429438));
#3760=DIRECTION('',(0.,-0.0523359562429438,-0.998629534754574));
#3761=DIRECTION('',(-1.,7.51847718377812E-18,3.46550668502569E-16));
#3762=DIRECTION('',(0.,-0.0523359562429438,-0.998629534754574));
#3763=DIRECTION('',(-1.,-1.06143207300397E-17,5.56272978059327E-19));
#3764=DIRECTION('',(1.06143207300397E-17,-1.,0.));
#3765=DIRECTION('',(1.06288872506142E-17,-0.998629534754574,0.0523359562429438));
#3766=DIRECTION('',(-5.56272978059327E-19,0.,-1.));
#3767=DIRECTION('',(3.46469219548512E-16,0.0523359562429438,0.998629534754574));
#3768=DIRECTION('',(0.,-0.998629534754574,0.0523359562429438));
#3769=DIRECTION('',(-0.370951777809397,-0.927379444523491,0.0486018972402166));
#3770=DIRECTION('',(0.370951777809396,-0.927379444523491,0.0486018972402163));
#3771=DIRECTION('',(-1.06288872506142E-17,0.998629534754574,-0.0523359562429438));
#3772=DIRECTION('',(0.,0.0523359562429438,0.998629534754574));
#3773=DIRECTION('',(1.06288872506142E-17,-0.998629534754574,0.0523359562429438));
#3774=DIRECTION('',(0.,-0.0523359562429438,-0.998629534754574));
#3775=DIRECTION('',(1.06288872506142E-17,-0.998629534754574,0.0523359562429438));
#3776=DIRECTION('',(0.,-0.0523359562429438,-0.998629534754574));
#3777=DIRECTION('',(-1.06288872506142E-17,0.998629534754574,-0.0523359562429438));
#3778=DIRECTION('',(0.,0.0523359562429438,0.998629534754574));
#3779=DIRECTION('',(1.06288872506142E-17,-0.998629534754574,0.0523359562429438));
#3780=DIRECTION('',(0.,-0.0523359562429438,-0.998629534754574));
#3781=DIRECTION('',(1.06288872506142E-17,-0.998629534754574,0.0523359562429438));
#3782=DIRECTION('',(0.,-0.0523359562429438,-0.998629534754574));
#3783=DIRECTION('',(-1.06288872506142E-17,0.998629534754574,-0.0523359562429438));
#3784=DIRECTION('',(0.,0.0523359562429438,0.998629534754574));
#3785=DIRECTION('',(1.06288872506142E-17,-0.998629534754574,0.0523359562429438));
#3786=DIRECTION('',(0.,-0.0523359562429438,-0.998629534754574));
#3787=DIRECTION('',(1.06288872506142E-17,-0.998629534754574,0.0523359562429438));
#3788=DIRECTION('',(0.,-0.0523359562429438,-0.998629534754574));
#3789=DIRECTION('',(-1.06288872506142E-17,0.998629534754574,-0.0523359562429438));
#3790=DIRECTION('',(0.,0.0523359562429438,0.998629534754574));
#3791=DIRECTION('',(1.06288872506142E-17,-0.998629534754574,0.0523359562429438));
#3792=DIRECTION('',(0.,-0.0523359562429438,-0.998629534754574));
#3793=DIRECTION('',(1.06288872506142E-17,-0.998629534754574,0.0523359562429438));
#3794=DIRECTION('',(0.,-0.0523359562429438,-0.998629534754574));
#3795=DIRECTION('',(-0.928476690885259,-0.371390676354104,1.36727455467532E-16));
#3796=DIRECTION('',(1.47259976270561E-16,0.,1.));
#3797=DIRECTION('',(-0.928476690885259,-0.371390676354104,1.36727455467532E-16));
#3798=DIRECTION('',(1.47259976270561E-16,0.,1.));
#3799=DIRECTION('',(-0.928476690885259,0.371390676354103,6.86219709807147E-17));
#3800=DIRECTION('',(-7.390812462431E-17,0.,-1.));
#3801=DIRECTION('',(-0.928476690885259,0.371390676354103,6.86219709807147E-17));
#3802=DIRECTION('',(-7.390812462431E-17,0.,-1.));
#3803=DIRECTION('',(-0.928476690885259,-0.371390676354104,6.86219709807147E-17));
#3804=DIRECTION('',(7.390812462431E-17,0.,1.));
#3805=DIRECTION('',(-0.928476690885259,-0.371390676354103,6.86219709807147E-17));
#3806=DIRECTION('',(7.390812462431E-17,0.,1.));
#3807=DIRECTION('',(-0.928476690885259,0.371390676354104,5.16486493897412E-19));
#3808=DIRECTION('',(-5.56272978059327E-19,0.,-1.));
#3809=DIRECTION('',(-0.928476690885259,0.371390676354104,5.16486493897412E-19));
#3810=DIRECTION('',(-5.56272978059327E-19,0.,-1.));
#3811=DIRECTION('',(1.,0.,0.));
#3812=DIRECTION('',(0.,1.,0.));
#3813=DIRECTION('',(1.,0.,0.));
#3814=DIRECTION('',(0.,0.,-1.));
#3815=DIRECTION('',(1.,0.,0.));
#3816=DIRECTION('',(0.,0.,-1.));
#3817=DIRECTION('',(1.,0.,0.));
#3818=DIRECTION('',(0.,1.,0.));
#3819=DIRECTION('',(1.,0.,0.));
#3820=DIRECTION('',(0.,0.,-1.));
#3821=DIRECTION('',(1.,0.,0.));
#3822=DIRECTION('',(0.,0.,-1.));
#3823=DIRECTION('',(1.,0.,0.));
#3824=DIRECTION('',(0.,1.,0.));
#3825=DIRECTION('',(1.,0.,0.));
#3826=DIRECTION('',(0.,0.,-1.));
#3827=DIRECTION('',(1.,0.,0.));
#3828=DIRECTION('',(0.,0.,-1.));
#3829=DIRECTION('',(1.,0.,0.));
#3830=DIRECTION('',(0.,0.,-1.));
#3831=DIRECTION('',(1.,0.,0.));
#3832=DIRECTION('',(0.,0.,-1.));
#3833=DIRECTION('',(1.,0.,0.));
#3834=DIRECTION('',(0.,1.,0.));
#3835=DIRECTION('',(1.,0.,0.));
#3836=DIRECTION('',(0.,0.,-1.));
#3837=DIRECTION('',(1.,0.,0.));
#3838=DIRECTION('',(0.,0.,-1.));
#3839=DIRECTION('',(1.,0.,0.));
#3840=DIRECTION('',(0.,1.,0.));
#3841=DIRECTION('',(1.,0.,0.));
#3842=DIRECTION('',(0.,0.,-1.));
#3843=DIRECTION('',(1.,0.,0.));
#3844=DIRECTION('',(0.,0.,-1.));
#3845=DIRECTION('',(1.,0.,0.));
#3846=DIRECTION('',(0.,1.,0.));
#3847=DIRECTION('',(-0.866025403784442,0.499999999999994,1.75880733510692E-16));
#3848=DIRECTION('',(2.03089577675333E-16,0.,1.));
#3849=DIRECTION('',(0.,0.5,0.866025403784437));
#3850=DIRECTION('',(-1.,0.,0.));
#3851=DIRECTION('',(0.,0.5,-0.866025403784437));
#3852=DIRECTION('',(-1.,0.,0.));
#3853=DIRECTION('',(0.866025403784442,0.499999999999994,-1.75880733510692E-16));
#3854=DIRECTION('',(2.03089577675333E-16,0.,1.));
#3855=DIRECTION('',(0.,1.,0.));
#3856=DIRECTION('',(0.,0.,1.));
#3857=DIRECTION('',(0.,-1.,0.));
#3858=DIRECTION('',(0.,0.,-1.));
#3859=DIRECTION('',(0.,-1.,0.));
#3860=DIRECTION('',(0.,0.,-1.));
#3861=DIRECTION('',(0.,1.,0.));
#3862=DIRECTION('',(0.,0.,1.));
#3863=DIRECTION('',(0.,-1.,0.));
#3864=DIRECTION('',(0.,0.,-1.));
#3865=DIRECTION('',(0.,-1.,0.));
#3866=DIRECTION('',(0.,0.,-1.));
#3867=DIRECTION('',(0.,1.,0.));
#3868=DIRECTION('',(0.,0.,1.));
#3869=DIRECTION('',(0.,-1.,0.));
#3870=DIRECTION('',(0.,0.,-1.));
#3871=DIRECTION('',(0.,-1.,0.));
#3872=DIRECTION('',(0.,0.,-1.));
#3873=DIRECTION('',(-4.93038065763133E-32,0.996194698091746,-0.0871557427476565));
#3874=DIRECTION('',(0.,0.0871557427476565,0.996194698091746));
#3875=DIRECTION('',(0.,0.996194698091746,-0.0871557427476562));
#3876=DIRECTION('',(0.,0.0871557427476562,0.996194698091746));
#3877=DIRECTION('',(4.93038065763133E-32,-0.996194698091746,0.0871557427476565));
#3878=DIRECTION('',(0.,-0.0871557427476565,-0.996194698091746));
#3879=DIRECTION('',(0.,0.996194698091746,-0.0871557427476562));
#3880=DIRECTION('',(0.,0.0871557427476562,0.996194698091746));
#3881=DIRECTION('',(0.,0.996194698091746,-0.0871557427476562));
#3882=DIRECTION('',(-1.,0.,0.));
#3883=DIRECTION('',(0.,-1.,0.));
#3884=DIRECTION('',(0.,0.,-1.));
#3885=DIRECTION('',(0.,1.,0.));
#3886=DIRECTION('',(0.,0.,1.));
#3887=DIRECTION('',(0.,-1.,0.));
#3888=DIRECTION('',(0.,0.,-1.));
#3889=DIRECTION('',(0.,1.,0.));
#3890=DIRECTION('',(0.,0.,1.));
#3891=DIRECTION('',(0.,1.,0.));
#3892=DIRECTION('',(0.,0.,1.));
#3893=DIRECTION('',(0.,-1.,0.));
#3894=DIRECTION('',(0.,0.,-1.));
#3895=DIRECTION('',(0.,-0.996194698091746,0.0871557427476562));
#3896=DIRECTION('',(0.,-0.0871557427476562,-0.996194698091746));
#3897=DIRECTION('',(0.,-0.996194698091746,0.0871557427476562));
#3898=DIRECTION('',(0.,-0.0871557427476562,-0.996194698091746));
#3899=DIRECTION('',(0.,0.996194698091746,-0.0871557427476562));
#3900=DIRECTION('',(0.,0.0871557427476562,0.996194698091746));
#3901=DIRECTION('',(0.,0.996194698091746,-0.0871557427476562));
#3902=DIRECTION('',(-1.,0.,0.));
#3903=DIRECTION('',(0.,0.996194698091746,-0.0871557427476562));
#3904=DIRECTION('',(0.,0.0871557427476562,0.996194698091746));
#3905=DIRECTION('',(0.,0.996194698091746,-0.0871557427476562));
#3906=DIRECTION('',(0.,0.0871557427476562,0.996194698091746));
#3907=DIRECTION('',(4.93038065763133E-32,-0.996194698091746,0.0871557427476565));
#3908=DIRECTION('',(0.,-0.0871557427476565,-0.996194698091746));
#3909=DIRECTION('',(-4.93038065763133E-32,0.996194698091746,-0.0871557427476565));
#3910=DIRECTION('',(0.,0.0871557427476565,0.996194698091746));
#3911=DIRECTION('',(0.,-0.996194698091746,0.0871557427476562));
#3912=DIRECTION('',(0.,-0.0871557427476562,-0.996194698091746));
#3913=DIRECTION('',(0.,-0.996194698091746,0.0871557427476562));
#3914=DIRECTION('',(0.,-0.0871557427476562,-0.996194698091746));
#3915=DIRECTION('',(0.,0.996194698091746,-0.0871557427476562));
#3916=DIRECTION('',(0.,0.0871557427476562,0.996194698091746));
#3917=DIRECTION('',(0.,0.996194698091746,-0.0871557427476562));
#3918=DIRECTION('',(-1.,0.,0.));
#3919=DIRECTION('',(0.,0.996194698091746,-0.0871557427476562));
#3920=DIRECTION('',(0.,0.0871557427476562,0.996194698091746));
#3921=DIRECTION('',(0.,0.996194698091746,-0.0871557427476562));
#3922=DIRECTION('',(0.,0.0871557427476562,0.996194698091746));
#3923=DIRECTION('',(4.93038065763133E-32,-0.996194698091746,0.0871557427476565));
#3924=DIRECTION('',(0.,-0.0871557427476565,-0.996194698091746));
#3925=DIRECTION('',(-4.93038065763133E-32,0.996194698091746,-0.0871557427476565));
#3926=DIRECTION('',(0.,0.0871557427476565,0.996194698091746));
#3927=DIRECTION('',(0.,-0.996194698091746,0.0871557427476562));
#3928=DIRECTION('',(0.,-0.0871557427476562,-0.996194698091746));
#3929=DIRECTION('',(0.,-0.996194698091746,0.0871557427476562));
#3930=DIRECTION('',(0.,-0.0871557427476562,-0.996194698091746));
#3931=DIRECTION('',(0.,0.996194698091746,-0.0871557427476562));
#3932=DIRECTION('',(0.,0.0871557427476562,0.996194698091746));
#3933=CARTESIAN_POINT('',(0.,0.,0.));
#3934=CARTESIAN_POINT('',(0.,0.,0.));
#3935=CARTESIAN_POINT('',(-1.0842021724855E-19,0.,0.0929637115433382));
#3936=CARTESIAN_POINT('',(-1.0842021724855E-19,0.,0.0942184863402674));
#3937=CARTESIAN_POINT('',(-0.076,0.,0.0929637115433382));
#3938=CARTESIAN_POINT('',(-0.076,0.,0.0942184863402674));
#3939=CARTESIAN_POINT('',(0.118911551823452,0.,0.101683503419072));
#3940=CARTESIAN_POINT('',(0.120055132736645,0.,0.10168760033535));
#3941=CARTESIAN_POINT('',(0.122276882450904,0.,0.100776395972585));
#3942=CARTESIAN_POINT('',(0.123187603833531,0.,0.0985561091914654));
#3943=CARTESIAN_POINT('',(0.123183503419072,0.,0.0974115518234522));
#3944=CARTESIAN_POINT('',(0.118911551823452,0.,0.101683503419072));
#3945=CARTESIAN_POINT('',(0.123183503419072,0.,0.0974115518234522));
#3946=CARTESIAN_POINT('',(0.123183503419072,0.,-0.0976703708685547));
#3947=CARTESIAN_POINT('',(0.123183503419072,0.,-0.0974115518234522));
#3948=CARTESIAN_POINT('',(0.123183503419072,0.,-0.0974115518234522));
#3949=CARTESIAN_POINT('',(0.12318760033535,0.,-0.0985551327366177));
#3950=CARTESIAN_POINT('',(0.122276395972626,0.,-0.100776882450918));
#3951=CARTESIAN_POINT('',(0.120056109191383,0.,-0.101687603833531));
#3952=CARTESIAN_POINT('',(0.118911551823452,0.,-0.101683503419072));
#3953=CARTESIAN_POINT('',(0.118911551823452,0.,-0.101683503419072));
#3954=CARTESIAN_POINT('',(0.,0.,-0.101683503419072));
#3955=CARTESIAN_POINT('',(-0.118911551823452,0.,-0.101683503419072));
#3956=CARTESIAN_POINT('',(-0.118911551823452,0.,-0.101683503419072));
#3957=CARTESIAN_POINT('',(-0.120055132736645,0.,-0.10168760033535));
#3958=CARTESIAN_POINT('',(-0.122276882450904,0.,-0.100776395972585));
#3959=CARTESIAN_POINT('',(-0.123187603833531,0.,-0.0985561091914654));
#3960=CARTESIAN_POINT('',(-0.123183503419072,0.,-0.0974115518234522));
#3961=CARTESIAN_POINT('',(-0.123183503419072,0.,-0.0974115518234522));
#3962=CARTESIAN_POINT('',(-0.123183503419072,0.,2.50172856859474E-17));
#3963=CARTESIAN_POINT('',(-0.123183503419072,0.,0.0974115518234522));
#3964=CARTESIAN_POINT('',(-0.123183503419072,0.,0.0974115518234522));
#3965=CARTESIAN_POINT('',(-0.12318760033535,0.,0.0985551327366177));
#3966=CARTESIAN_POINT('',(-0.122276395972626,0.,0.100776882450918));
#3967=CARTESIAN_POINT('',(-0.120056109191383,0.,0.101687603833531));
#3968=CARTESIAN_POINT('',(-0.118911551823452,0.,0.101683503419072));
#3969=CARTESIAN_POINT('',(-0.118911551823452,0.,0.101683503419072));
#3970=CARTESIAN_POINT('',(0.119170370868555,0.,0.101683503419072));
#3971=CARTESIAN_POINT('',(-2.59467106501494E-19,0.,-0.093));
#3972=CARTESIAN_POINT('',(-2.59467106501494E-19,0.,-0.09425));
#3973=CARTESIAN_POINT('',(0.076,0.,-0.093));
#3974=CARTESIAN_POINT('',(0.076,0.,-0.09425));
#3975=CARTESIAN_POINT('',(-0.076,0.,-0.093));
#3976=CARTESIAN_POINT('',(-0.076,0.,-0.09425));
#3977=CARTESIAN_POINT('',(0.0035,0.,-0.0833657375929376));
#3978=CARTESIAN_POINT('',(-0.09425,0.,-0.0833657375929376));
#3979=CARTESIAN_POINT('',(-0.069,0.,-0.0833657375929376));
#3980=CARTESIAN_POINT('',(-0.069,0.,1.01609383626687E-17));
#3981=CARTESIAN_POINT('',(-0.069,0.,-0.095393812095436));
#3982=CARTESIAN_POINT('',(-0.045,0.,-0.095393812095436));
#3983=CARTESIAN_POINT('',(-0.021,0.,-0.095393812095436));
#3984=CARTESIAN_POINT('',(-0.021,0.,-0.0833657375929376));
#3985=CARTESIAN_POINT('',(-0.021,0.,-0.0833657375929376));
#3986=CARTESIAN_POINT('',(0.0035,0.,-0.0833657375929376));
#3987=CARTESIAN_POINT('',(0.021,0.,-0.0833657375929376));
#3988=CARTESIAN_POINT('',(0.021,0.,-1.55207061711051E-18));
#3989=CARTESIAN_POINT('',(0.021,0.,-0.095393812095436));
#3990=CARTESIAN_POINT('',(0.045,0.,-0.095393812095436));
#3991=CARTESIAN_POINT('',(0.069,0.,-0.0953938120954361));
#3992=CARTESIAN_POINT('',(0.069,0.,-0.0833657375929376));
#3993=CARTESIAN_POINT('',(0.069,0.,-0.0833657375929376));
#3994=CARTESIAN_POINT('',(0.0035,0.,-0.0833657375929376));
#3995=CARTESIAN_POINT('',(0.10325,0.,-0.0833657375929376));
#3996=CARTESIAN_POINT('',(0.10525,0.,-0.0833657375929376));
#3997=CARTESIAN_POINT('',(0.10625,0.,-0.0851001653735004));
#3998=CARTESIAN_POINT('',(0.109245497822408,0.,-0.0833683404935671));
#3999=CARTESIAN_POINT('',(0.109,0.,-0.0835102732413179));
#4000=CARTESIAN_POINT('',(0.109,0.,-0.0778836653658625));
#4001=CARTESIAN_POINT('',(0.109,-2.16840434497101E-19,-0.0723506417869605));
#4002=CARTESIAN_POINT('',(0.107125,0.,-0.0723506417869605));
#4003=CARTESIAN_POINT('',(0.10725,0.,-0.0723506417869605));
#4004=CARTESIAN_POINT('',(0.105273023358469,0.,-0.0703709520494472));
#4005=CARTESIAN_POINT('',(0.10525,0.,-0.0703478970949647));
#4006=CARTESIAN_POINT('',(0.10525,0.,0.00202998902816665));
#4007=CARTESIAN_POINT('',(0.10525,0.,0.0748978042464033));
#4008=CARTESIAN_POINT('',(0.10702531623261,0.,0.0766755568271407));
#4009=CARTESIAN_POINT('',(0.10725,0.,0.0769005489383992));
#4010=CARTESIAN_POINT('',(0.10725,0.,0.0769005489383992));
#4011=CARTESIAN_POINT('',(0.10925,0.,0.0769005489383992));
#4012=CARTESIAN_POINT('',(0.10925,0.,0.0819436434221958));
#4013=CARTESIAN_POINT('',(0.10925,0.,0.0879156447443763));
#4014=CARTESIAN_POINT('',(0.10645984723047,0.,0.0895287509028719));
#4015=CARTESIAN_POINT('',(0.10625,0.,0.0896500725249391));
#4016=CARTESIAN_POINT('',(0.10525,0.,0.0879156447443763));
#4017=CARTESIAN_POINT('',(0.10325,0.,0.0879156447443763));
#4018=CARTESIAN_POINT('',(-0.00100000000000001,0.,0.0879156447443763));
#4019=CARTESIAN_POINT('',(0.069,0.,0.0879156447443763));
#4020=CARTESIAN_POINT('',(0.069,0.,0.0938009729897719));
#4021=CARTESIAN_POINT('',(0.069,0.,0.0938009729897719));
#4022=CARTESIAN_POINT('',(0.045,0.,0.0938009729897719));
#4023=CARTESIAN_POINT('',(0.021,0.,0.0938009729897719));
#4024=CARTESIAN_POINT('',(0.021,0.,-1.55207061711051E-18));
#4025=CARTESIAN_POINT('',(0.021,0.,0.0879156447443763));
#4026=CARTESIAN_POINT('',(-0.00100000000000001,0.,0.0879156447443763));
#4027=CARTESIAN_POINT('',(-0.021,0.,0.0879156447443763));
#4028=CARTESIAN_POINT('',(-0.021,0.,0.0938009729897719));
#4029=CARTESIAN_POINT('',(-0.021,0.,0.0938009729897719));
#4030=CARTESIAN_POINT('',(-0.045,0.,0.093800972989772));
#4031=CARTESIAN_POINT('',(-0.069,0.,0.093800972989772));
#4032=CARTESIAN_POINT('',(-0.069,0.,1.01609383626687E-17));
#4033=CARTESIAN_POINT('',(-0.069,0.,0.0879156447443763));
#4034=CARTESIAN_POINT('',(-0.00100000000000001,0.,0.0879156447443763));
#4035=CARTESIAN_POINT('',(-0.10525,0.,0.0879156447443763));
#4036=CARTESIAN_POINT('',(-0.10725,0.,0.0879156447443763));
#4037=CARTESIAN_POINT('',(-0.10825,0.,0.0896500725249391));
#4038=CARTESIAN_POINT('',(-0.111457788712442,0.,0.0877955132392608));
#4039=CARTESIAN_POINT('',(-0.11125,-8.67361737988404E-19,0.0879156447443763));
#4040=CARTESIAN_POINT('',(-0.11125,0.,0.0819436434221958));
#4041=CARTESIAN_POINT('',(-0.11125,0.,0.0769005489383992));
#4042=CARTESIAN_POINT('',(-0.10925,0.,0.0769005489383992));
#4043=CARTESIAN_POINT('',(-0.10925,0.,0.0769005489383992));
#4044=CARTESIAN_POINT('',(-0.107028059041275,0.,0.0746755587078915));
#4045=CARTESIAN_POINT('',(-0.10725,0.,0.0748978042464034));
#4046=CARTESIAN_POINT('',(-0.10725,0.,-0.00246384387822891));
#4047=CARTESIAN_POINT('',(-0.10725,0.,-0.0813629929009418));
#4048=CARTESIAN_POINT('',(-0.10725,0.,-0.0833657375929376));
#4049=CARTESIAN_POINT('',(-0.108982050807569,0.,-0.0843671099389356));
#4050=CARTESIAN_POINT('',(-0.107250251421123,0.,-0.0873707909051497));
#4051=CARTESIAN_POINT('',(-0.107394337567297,0.,-0.0871208838904298));
#4052=CARTESIAN_POINT('',(-0.10175,0.,-0.0871208838904298));
#4053=CARTESIAN_POINT('',(-0.09625,3.17637355220363E-21,-0.0871208838904298));
#4054=CARTESIAN_POINT('',(-0.09625,0.,-0.0852485581846775));
#4055=CARTESIAN_POINT('',(-0.09625,0.,-0.0853684822849335));
#4056=CARTESIAN_POINT('',(-0.0942551951021522,0.,-0.0833709398245674));
#4057=CARTESIAN_POINT('',(0.06,0.,-0.088));
#4058=CARTESIAN_POINT('',(0.0684705371730487,0.,-0.0965));
#4059=CARTESIAN_POINT('',(0.0634278273002006,0.,-0.0995));
#4060=CARTESIAN_POINT('',(0.,0.,-0.0965));
#4061=CARTESIAN_POINT('',(0.00752946282695129,0.,-0.0965));
#4062=CARTESIAN_POINT('',(0.016,0.,-0.088));
#4063=CARTESIAN_POINT('',(0.0125721726997994,0.,-0.0995));
#4064=CARTESIAN_POINT('',(-1.38777878078145E-17,0.,-0.0995));
#4065=CARTESIAN_POINT('',(-0.092,0.,-0.088));
#4066=CARTESIAN_POINT('',(-0.0835294628269512,0.,-0.0965));
#4067=CARTESIAN_POINT('',(-0.0885721726997994,0.,-0.0995));
#4068=CARTESIAN_POINT('',(0.,0.,-0.0965));
#4069=CARTESIAN_POINT('',(-0.118,0.,-0.0965));
#4070=CARTESIAN_POINT('',(-0.118,0.,1.38777878078145E-17));
#4071=CARTESIAN_POINT('',(-0.118,0.,0.0965));
#4072=CARTESIAN_POINT('',(1.38777878078145E-17,0.,0.0965));
#4073=CARTESIAN_POINT('',(0.118,0.,0.0965));
#4074=CARTESIAN_POINT('',(0.118,0.,-1.38777878078145E-17));
#4075=CARTESIAN_POINT('',(0.118,0.,-0.0965));
#4076=CARTESIAN_POINT('',(0.,0.,-0.0965));
#4077=CARTESIAN_POINT('',(0.0835294628269513,0.,-0.0965));
#4078=CARTESIAN_POINT('',(0.092,0.,-0.088));
#4079=CARTESIAN_POINT('',(0.0885721726997994,0.,-0.0995));
#4080=CARTESIAN_POINT('',(-1.38777878078145E-17,0.,-0.0995));
#4081=CARTESIAN_POINT('',(0.119170370868555,0.,-0.0995));
#4082=CARTESIAN_POINT('',(0.120999991661387,0.,-0.0976703708683747));
#4083=CARTESIAN_POINT('',(0.120999990942349,0.,-0.097716702900844));
#4084=CARTESIAN_POINT('',(0.120996226305872,0.,-0.0978322083784448));
#4085=CARTESIAN_POINT('',(0.120975523983546,0.,-0.0980113287315141));
#4086=CARTESIAN_POINT('',(0.120933075826132,0.,-0.0982047948259953));
#4087=CARTESIAN_POINT('',(0.120853526508438,0.,-0.0984461643345545));
#4088=CARTESIAN_POINT('',(0.120742528676577,0.,-0.0986625448745719));
#4089=CARTESIAN_POINT('',(0.120603624083345,0.,-0.0988539140375147));
#4090=CARTESIAN_POINT('',(0.120524779330767,0.,-0.0989415426488233));
#4091=CARTESIAN_POINT('',(0.120483160989795,0.,-0.0989831609897951));
#4092=CARTESIAN_POINT('',(0.120441542648823,0.,-0.0990247793307668));
#4093=CARTESIAN_POINT('',(0.120353914037515,0.,-0.0991036240833451));
#4094=CARTESIAN_POINT('',(0.120162544874572,0.,-0.0992425286765769));
#4095=CARTESIAN_POINT('',(0.119946164334554,0.,-0.0993535265084384));
#4096=CARTESIAN_POINT('',(0.119704794825995,0.,-0.0994330758261321));
#4097=CARTESIAN_POINT('',(0.119511328731514,0.,-0.0994755239835464));
#4098=CARTESIAN_POINT('',(0.119332208378446,0.,-0.0994962263058721));
#4099=CARTESIAN_POINT('',(0.119216702900846,0.,-0.0994999909423489));
#4100=CARTESIAN_POINT('',(0.119170370868378,0.,-0.0994999916613875));
#4101=CARTESIAN_POINT('',(0.120999991661387,0.,-0.0976703708683747));
#4102=CARTESIAN_POINT('',(0.121,0.,-1.38777878078145E-17));
#4103=CARTESIAN_POINT('',(0.121,0.,0.0976703708685546));
#4104=CARTESIAN_POINT('',(0.119170370868645,0.,0.0994999916613875));
#4105=CARTESIAN_POINT('',(0.119216702901022,0.,0.0994999909423432));
#4106=CARTESIAN_POINT('',(0.119332208378531,0.,0.0994962263058623));
#4107=CARTESIAN_POINT('',(0.119511328731514,0.,0.0994755239835464));
#4108=CARTESIAN_POINT('',(0.119704794825995,0.,0.0994330758261321));
#4109=CARTESIAN_POINT('',(0.119946164334554,0.,0.0993535265084385));
#4110=CARTESIAN_POINT('',(0.120162544874572,0.,0.0992425286765768));
#4111=CARTESIAN_POINT('',(0.120353914037515,0.,0.0991036240833451));
#4112=CARTESIAN_POINT('',(0.120441542648823,0.,0.0990247793307668));
#4113=CARTESIAN_POINT('',(0.120483160989795,0.,0.098983160989795));
#4114=CARTESIAN_POINT('',(0.120524779330767,0.,0.0989415426488233));
#4115=CARTESIAN_POINT('',(0.120603624083345,0.,0.0988539140375147));
#4116=CARTESIAN_POINT('',(0.120742528676577,0.,0.098662544874572));
#4117=CARTESIAN_POINT('',(0.120853526508438,0.,0.0984461643345546));
#4118=CARTESIAN_POINT('',(0.120933075826132,0.,0.0982047948259953));
#4119=CARTESIAN_POINT('',(0.120975523983546,0.,0.0980113287315139));
#4120=CARTESIAN_POINT('',(0.120996226305872,0.,0.097832208378446));
#4121=CARTESIAN_POINT('',(0.120999990942349,0.,0.0977167029008463));
#4122=CARTESIAN_POINT('',(0.120999991661387,0.,0.0976703708683783));
#4123=CARTESIAN_POINT('',(0.119170370868645,0.,0.0994999916613875));
#4124=CARTESIAN_POINT('',(-2.77555756156289E-17,0.,0.0995));
#4125=CARTESIAN_POINT('',(-0.119170370868555,0.,0.0995));
#4126=CARTESIAN_POINT('',(-0.120999991661387,0.,0.0976703708683747));
#4127=CARTESIAN_POINT('',(-0.120999990942349,0.,0.097716702900844));
#4128=CARTESIAN_POINT('',(-0.120996226305872,0.,0.0978322083784448));
#4129=CARTESIAN_POINT('',(-0.120975523983546,0.,0.0980113287315141));
#4130=CARTESIAN_POINT('',(-0.120933075826132,0.,0.0982047948259953));
#4131=CARTESIAN_POINT('',(-0.120853526508438,0.,0.0984461643345545));
#4132=CARTESIAN_POINT('',(-0.120742528676577,0.,0.0986625448745719));
#4133=CARTESIAN_POINT('',(-0.120603624083345,0.,0.0988539140375147));
#4134=CARTESIAN_POINT('',(-0.120524779330767,0.,0.0989415426488233));
#4135=CARTESIAN_POINT('',(-0.120483160989795,0.,0.0989831609897951));
#4136=CARTESIAN_POINT('',(-0.120441542648823,0.,0.0990247793307668));
#4137=CARTESIAN_POINT('',(-0.120353914037515,0.,0.0991036240833451));
#4138=CARTESIAN_POINT('',(-0.120162544874572,0.,0.0992425286765769));
#4139=CARTESIAN_POINT('',(-0.119946164334554,0.,0.0993535265084384));
#4140=CARTESIAN_POINT('',(-0.119704794825995,0.,0.0994330758261321));
#4141=CARTESIAN_POINT('',(-0.119511328731514,0.,0.0994755239835464));
#4142=CARTESIAN_POINT('',(-0.119332208378446,0.,0.0994962263058721));
#4143=CARTESIAN_POINT('',(-0.119216702900846,0.,0.0994999909423489));
#4144=CARTESIAN_POINT('',(-0.119170370868378,0.,0.0994999916613875));
#4145=CARTESIAN_POINT('',(-0.120999991661387,0.,0.0976703708683747));
#4146=CARTESIAN_POINT('',(-0.121,0.,0.));
#4147=CARTESIAN_POINT('',(-0.121,0.,-0.0976703708685546));
#4148=CARTESIAN_POINT('',(-0.119170370868645,0.,-0.0994999916613875));
#4149=CARTESIAN_POINT('',(-0.119216702901022,0.,-0.0994999909423431));
#4150=CARTESIAN_POINT('',(-0.119332208378531,0.,-0.0994962263058623));
#4151=CARTESIAN_POINT('',(-0.119511328731514,0.,-0.0994755239835464));
#4152=CARTESIAN_POINT('',(-0.119704794825995,0.,-0.0994330758261321));
#4153=CARTESIAN_POINT('',(-0.119946164334554,0.,-0.0993535265084385));
#4154=CARTESIAN_POINT('',(-0.120162544874572,0.,-0.0992425286765768));
#4155=CARTESIAN_POINT('',(-0.120353914037515,0.,-0.0991036240833451));
#4156=CARTESIAN_POINT('',(-0.120441542648823,0.,-0.0990247793307668));
#4157=CARTESIAN_POINT('',(-0.120483160989795,0.,-0.098983160989795));
#4158=CARTESIAN_POINT('',(-0.120524779330767,0.,-0.0989415426488233));
#4159=CARTESIAN_POINT('',(-0.120603624083345,0.,-0.0988539140375147));
#4160=CARTESIAN_POINT('',(-0.120742528676577,0.,-0.098662544874572));
#4161=CARTESIAN_POINT('',(-0.120853526508438,0.,-0.0984461643345546));
#4162=CARTESIAN_POINT('',(-0.120933075826132,0.,-0.0982047948259953));
#4163=CARTESIAN_POINT('',(-0.120975523983546,0.,-0.0980113287315139));
#4164=CARTESIAN_POINT('',(-0.120996226305872,0.,-0.097832208378446));
#4165=CARTESIAN_POINT('',(-0.120999990942349,0.,-0.0977167029008463));
#4166=CARTESIAN_POINT('',(-0.120999991661387,0.,-0.0976703708683783));
#4167=CARTESIAN_POINT('',(-0.119170370868645,0.,-0.0994999916613875));
#4168=CARTESIAN_POINT('',(-1.38777878078145E-17,0.,-0.0995));
#4169=CARTESIAN_POINT('',(-0.06,0.,-0.088));
#4170=CARTESIAN_POINT('',(-0.0634278273002006,0.,-0.0995));
#4171=CARTESIAN_POINT('',(-0.0684705371730487,0.,-0.0965));
#4172=CARTESIAN_POINT('',(-1.38777878078145E-17,0.,-0.0995));
#4173=CARTESIAN_POINT('',(-0.0125721726997994,0.,-0.0995));
#4174=CARTESIAN_POINT('',(-0.016,0.,-0.088));
#4175=CARTESIAN_POINT('',(-0.00752946282695127,0.,-0.0965));
#4176=CARTESIAN_POINT('',(0.,0.,-0.0965));
#4177=CARTESIAN_POINT('',(0.076,0.,0.0929637115433382));
#4178=CARTESIAN_POINT('',(0.076,0.,0.0942184863402674));
#4179=CARTESIAN_POINT('',(-2.77555756156289E-17,0.002,0.0995));
#4180=CARTESIAN_POINT('',(0.062,-0.109131258662591,0.0995));
#4181=CARTESIAN_POINT('',(0.0645542215573365,0.0018,0.0995));
#4182=CARTESIAN_POINT('',(0.064823885598859,0.000936085136140249,0.0995));
#4183=CARTESIAN_POINT('',(-0.119170370868555,0.0018,0.0995));
#4184=CARTESIAN_POINT('',(0.0114457784426635,0.0018,0.0995));
#4185=CARTESIAN_POINT('',(0.014,-0.109131258662591,0.0995));
#4186=CARTESIAN_POINT('',(0.011176114401141,0.000936085136140239,0.0995));
#4187=CARTESIAN_POINT('',(-2.77555756156289E-17,0.000936085136140232,0.0995));
#4188=CARTESIAN_POINT('',(-0.011176114401141,0.000936085136140249,0.0995));
#4189=CARTESIAN_POINT('',(-0.014,-0.109131258662591,0.0995));
#4190=CARTESIAN_POINT('',(-0.0114457784426635,0.0018,0.0995));
#4191=CARTESIAN_POINT('',(-0.119170370868555,0.0018,0.0995));
#4192=CARTESIAN_POINT('',(-0.0645542215573365,0.0018,0.0995));
#4193=CARTESIAN_POINT('',(-0.062,-0.109131258662591,0.0995));
#4194=CARTESIAN_POINT('',(-0.064823885598859,0.000936085136140239,0.0995));
#4195=CARTESIAN_POINT('',(-2.77555756156289E-17,0.000936085136140232,0.0995));
#4196=CARTESIAN_POINT('',(-0.087176114401141,0.000936085136140249,0.0995));
#4197=CARTESIAN_POINT('',(-0.09,-0.109131258662591,0.0995));
#4198=CARTESIAN_POINT('',(-0.0874457784426635,0.0018,0.0995));
#4199=CARTESIAN_POINT('',(-0.119170370868555,0.0018,0.0995));
#4200=CARTESIAN_POINT('',(-0.119170370868555,0.0018,0.0995));
#4201=CARTESIAN_POINT('',(-0.119170370868555,0.002,0.0995));
#4202=CARTESIAN_POINT('',(0.119170370868554,0.002,0.0995));
#4203=CARTESIAN_POINT('',(0.119170370868554,0.0018,0.0995));
#4204=CARTESIAN_POINT('',(-0.119170370868555,0.0018,0.0995));
#4205=CARTESIAN_POINT('',(0.0874457784426634,0.0018,0.0995));
#4206=CARTESIAN_POINT('',(0.09,-0.109131258662591,0.0995));
#4207=CARTESIAN_POINT('',(0.087176114401141,0.000936085136140239,0.0995));
#4208=CARTESIAN_POINT('',(-2.77555756156289E-17,0.000936085136140232,0.0995));
#4209=CARTESIAN_POINT('',(1.38777878078145E-17,0.002,0.0965));
#4210=CARTESIAN_POINT('',(0.062,-0.0748411017543064,0.0965));
#4211=CARTESIAN_POINT('',(0.0695288319359665,0.000673619145562477,0.0965));
#4212=CARTESIAN_POINT('',(0.0694261882322082,0.002,0.0965));
#4213=CARTESIAN_POINT('',(1.38641401456849E-17,0.000673619145562466,0.0965));
#4214=CARTESIAN_POINT('',(0.0824711680640335,0.000673619145562475,0.0965));
#4215=CARTESIAN_POINT('',(0.09,-0.0748411017543064,0.0965));
#4216=CARTESIAN_POINT('',(0.0825738117677918,0.002,0.0965));
#4217=CARTESIAN_POINT('',(1.38777878078145E-17,0.002,0.0965));
#4218=CARTESIAN_POINT('',(0.118,0.002,0.0965));
#4219=CARTESIAN_POINT('',(0.118,0.002,0.0965));
#4220=CARTESIAN_POINT('',(-0.118,0.002,0.0965));
#4221=CARTESIAN_POINT('',(-0.118,0.002,0.0965));
#4222=CARTESIAN_POINT('',(1.38777878078145E-17,0.002,0.0965));
#4223=CARTESIAN_POINT('',(-0.0825738117677919,0.002,0.0965));
#4224=CARTESIAN_POINT('',(-0.09,-0.0748411017543066,0.0965));
#4225=CARTESIAN_POINT('',(-0.0824711680640335,0.000673619145562479,0.0965));
#4226=CARTESIAN_POINT('',(1.38641401456849E-17,0.000673619145562466,0.0965));
#4227=CARTESIAN_POINT('',(-0.0695288319359665,0.000673619145562476,0.0965));
#4228=CARTESIAN_POINT('',(-0.062,-0.0748411017543066,0.0965));
#4229=CARTESIAN_POINT('',(-0.0694261882322081,0.002,0.0965));
#4230=CARTESIAN_POINT('',(1.38777878078145E-17,0.002,0.0965));
#4231=CARTESIAN_POINT('',(-0.00657381176779185,0.002,0.0965));
#4232=CARTESIAN_POINT('',(-0.014,-0.0748411017543065,0.0965));
#4233=CARTESIAN_POINT('',(-0.00647116806403352,0.000673619145562478,0.0965));
#4234=CARTESIAN_POINT('',(1.38641401456849E-17,0.000673619145562466,0.0965));
#4235=CARTESIAN_POINT('',(0.00647116806403353,0.000673619145562475,0.0965));
#4236=CARTESIAN_POINT('',(0.014,-0.0748411017543065,0.0965));
#4237=CARTESIAN_POINT('',(0.00657381176779185,0.002,0.0965));
#4238=CARTESIAN_POINT('',(1.38777878078145E-17,0.002,0.0965));
#4239=CARTESIAN_POINT('',(0.,0.002,0.));
#4240=CARTESIAN_POINT('',(0.119170370868554,0.002,0.0993));
#4241=CARTESIAN_POINT('',(0.0108366889407415,0.002,0.0993));
#4242=CARTESIAN_POINT('',(0.0651633110592585,0.002,0.0993));
#4243=CARTESIAN_POINT('',(0.062,0.002,0.0897772747036563));
#4244=CARTESIAN_POINT('',(0.014,0.002,0.0897772747036563));
#4245=CARTESIAN_POINT('',(0.,0.002,0.));
#4246=CARTESIAN_POINT('',(0.09,0.002,0.0897772747036563));
#4247=CARTESIAN_POINT('',(0.0868366889407415,0.002,0.0993));
#4248=CARTESIAN_POINT('',(0.119170370868554,0.002,0.0993));
#4249=CARTESIAN_POINT('',(0.119170367764549,0.002,0.0993));
#4250=CARTESIAN_POINT('',(0.119170367764549,0.002,0.0992999916614116));
#4251=CARTESIAN_POINT('',(0.11960431124933,0.002,0.0992999849268788));
#4252=CARTESIAN_POINT('',(0.120484031453255,0.002,0.0989788610441985));
#4253=CARTESIAN_POINT('',(0.120799984246613,0.002,0.0981038446441464));
#4254=CARTESIAN_POINT('',(0.120799991661361,0.002,0.097670370868412));
#4255=CARTESIAN_POINT('',(0.120799991661361,0.002,0.097670370868412));
#4256=CARTESIAN_POINT('',(0.1208,0.002,-0.0976703708683747));
#4257=CARTESIAN_POINT('',(0.1208,0.002,-0.097670367764524));
#4258=CARTESIAN_POINT('',(0.120799991661412,0.002,-0.097670367764524));
#4259=CARTESIAN_POINT('',(0.120799984926934,0.002,-0.0981043112493141));
#4260=CARTESIAN_POINT('',(0.120478861044187,0.002,-0.0989840314532465));
#4261=CARTESIAN_POINT('',(0.11960384464415,0.002,-0.09929998424661));
#4262=CARTESIAN_POINT('',(0.119170370868412,0.002,-0.099299991661361));
#4263=CARTESIAN_POINT('',(0.119170370868412,0.002,-0.099299991661361));
#4264=CARTESIAN_POINT('',(0.,0.002,-0.0993));
#4265=CARTESIAN_POINT('',(0.0879614358987382,0.002,-0.0993));
#4266=CARTESIAN_POINT('',(0.092,0.002,-0.088));
#4267=CARTESIAN_POINT('',(0.0835294628269513,0.002,-0.0965));
#4268=CARTESIAN_POINT('',(0.,0.002,-0.0965));
#4269=CARTESIAN_POINT('',(0.118,0.002,-0.0965));
#4270=CARTESIAN_POINT('',(0.118,0.002,-1.38777878078145E-17));
#4271=CARTESIAN_POINT('',(0.,0.0018,0.0993));
#4272=CARTESIAN_POINT('',(0.0645542215573365,0.0018,0.0995));
#4273=CARTESIAN_POINT('',(0.0645350539917432,0.00185810045945448,0.0995));
#4274=CARTESIAN_POINT('',(0.0646695150395153,0.00193123321433772,0.0994578708600373));
#4275=CARTESIAN_POINT('',(0.0648749517236883,0.00198291929018856,0.0993941674650131));
#4276=CARTESIAN_POINT('',(0.0650500368522666,0.002,0.0993379160617395));
#4277=CARTESIAN_POINT('',(0.0651633110592585,0.002,0.0993));
#4278=CARTESIAN_POINT('',(0.0108366889407415,0.002,0.0993));
#4279=CARTESIAN_POINT('',(0.0109500104386962,0.002,0.0993379318913543));
#4280=CARTESIAN_POINT('',(0.0111250463849332,0.0019829884260027,0.09939417745728));
#4281=CARTESIAN_POINT('',(0.0113317954650136,0.00193084750945389,0.0994582638400046));
#4282=CARTESIAN_POINT('',(0.0114648140768775,0.00185770055088473,0.0995));
#4283=CARTESIAN_POINT('',(0.0114457784426633,0.0018,0.0995));
#4284=CARTESIAN_POINT('',(0.,0.0018,0.0993));
#4285=CARTESIAN_POINT('',(0.0868366889407415,0.002,0.0993));
#4286=CARTESIAN_POINT('',(0.0869500104386962,0.002,0.0993379318913543));
#4287=CARTESIAN_POINT('',(0.0871250463849333,0.0019829884260027,0.09939417745728));
#4288=CARTESIAN_POINT('',(0.0873317954650136,0.00193084750945388,0.0994582638400046));
#4289=CARTESIAN_POINT('',(0.0874648140768775,0.00185770055088474,0.0995));
#4290=CARTESIAN_POINT('',(0.0874457784426633,0.0018,0.0995));
#4291=CARTESIAN_POINT('',(0.119170367764549,0.0018,0.0992999916614116));
#4292=CARTESIAN_POINT('',(0.,0.002,0.));
#4293=CARTESIAN_POINT('',(0.119170370868554,0.002,0.0993));
#4294=CARTESIAN_POINT('',(-0.119170367764574,0.002,0.0993));
#4295=CARTESIAN_POINT('',(-0.0868366889407415,0.002,0.0993));
#4296=CARTESIAN_POINT('',(-0.09,0.002,0.0897772747036563));
#4297=CARTESIAN_POINT('',(-0.118,0.002,1.38777878078145E-17));
#4298=CARTESIAN_POINT('',(-0.118,0.002,-0.0965));
#4299=CARTESIAN_POINT('',(0.,0.002,-0.0965));
#4300=CARTESIAN_POINT('',(-0.0835294628269512,0.002,-0.0965));
#4301=CARTESIAN_POINT('',(-0.092,0.002,-0.088));
#4302=CARTESIAN_POINT('',(-0.0879614358987382,0.002,-0.0993));
#4303=CARTESIAN_POINT('',(0.,0.002,-0.0993));
#4304=CARTESIAN_POINT('',(-0.119170367764769,0.002,-0.0993));
#4305=CARTESIAN_POINT('',(-0.119170367764769,0.002,-0.0992999916614116));
#4306=CARTESIAN_POINT('',(-0.119604311249518,0.002,-0.0992999849268778));
#4307=CARTESIAN_POINT('',(-0.120484031453316,0.002,-0.0989788610440615));
#4308=CARTESIAN_POINT('',(-0.120799984246613,0.002,-0.0981038446441094));
#4309=CARTESIAN_POINT('',(-0.120799991661361,0.002,-0.097670370868412));
#4310=CARTESIAN_POINT('',(-0.120799991661361,0.002,-0.097670370868412));
#4311=CARTESIAN_POINT('',(-0.1208,0.002,1.71642305878018E-17));
#4312=CARTESIAN_POINT('',(-0.1208,0.002,0.097670367764524));
#4313=CARTESIAN_POINT('',(-0.120799991661412,0.002,0.097670367764524));
#4314=CARTESIAN_POINT('',(-0.120799984926926,0.002,0.0981043117814634));
#4315=CARTESIAN_POINT('',(-0.120478860092969,0.002,0.0989840330799872));
#4316=CARTESIAN_POINT('',(-0.11960384206174,0.002,0.0992999849342136));
#4317=CARTESIAN_POINT('',(-0.119170367764574,0.002,0.0992999916614116));
#4318=CARTESIAN_POINT('',(0.,0.002,0.));
#4319=CARTESIAN_POINT('',(-0.062,0.002,0.0897772747036563));
#4320=CARTESIAN_POINT('',(-0.0651633110592585,0.002,0.0993));
#4321=CARTESIAN_POINT('',(0.119170370868554,0.002,0.0993));
#4322=CARTESIAN_POINT('',(-0.0108366889407415,0.002,0.0993));
#4323=CARTESIAN_POINT('',(-0.014,0.002,0.0897772747036563));
#4324=CARTESIAN_POINT('',(0.,0.0018,0.0993));
#4325=CARTESIAN_POINT('',(-0.0874457784426635,0.0018,0.0995));
#4326=CARTESIAN_POINT('',(-0.0874649460082568,0.00185810045945446,0.0995));
#4327=CARTESIAN_POINT('',(-0.0873304849604847,0.00193123321433773,0.0994578708600374));
#4328=CARTESIAN_POINT('',(-0.0871250482763117,0.00198291929018856,0.0993941674650131));
#4329=CARTESIAN_POINT('',(-0.0869499631477334,0.002,0.0993379160617395));
#4330=CARTESIAN_POINT('',(-0.0868366889407415,0.002,0.0993));
#4331=CARTESIAN_POINT('',(-0.119170370868378,0.0018,0.0993));
#4332=CARTESIAN_POINT('',(0.,0.0018,0.0993));
#4333=CARTESIAN_POINT('',(-0.0651633110592585,0.002,0.0993));
#4334=CARTESIAN_POINT('',(-0.0650499895613038,0.002,0.0993379318913543));
#4335=CARTESIAN_POINT('',(-0.0648749536150667,0.0019829884260027,0.0993941774572799));
#4336=CARTESIAN_POINT('',(-0.0646682045349863,0.00193084750945388,0.0994582638400046));
#4337=CARTESIAN_POINT('',(-0.0645351859231225,0.00185770055088472,0.0995));
#4338=CARTESIAN_POINT('',(-0.0645542215573367,0.0018,0.0995));
#4339=CARTESIAN_POINT('',(-0.0114457784426635,0.0018,0.0995));
#4340=CARTESIAN_POINT('',(-0.0114649460082567,0.00185810045945443,0.0995));
#4341=CARTESIAN_POINT('',(-0.0113304849604847,0.00193123321433773,0.0994578708600373));
#4342=CARTESIAN_POINT('',(-0.0111250482763117,0.00198291929018855,0.0993941674650132));
#4343=CARTESIAN_POINT('',(-0.0109499631477334,0.002,0.0993379160617395));
#4344=CARTESIAN_POINT('',(-0.0108366889407415,0.002,0.0993));
#4345=CARTESIAN_POINT('',(-1.38777878078145E-17,0.002,-0.0995));
#4346=CARTESIAN_POINT('',(0.0125721726997994,0.13,-0.0995));
#4347=CARTESIAN_POINT('',(0.0125721726997994,0.0018,-0.0995));
#4348=CARTESIAN_POINT('',(-1.38777878078145E-17,0.0018,-0.0995));
#4349=CARTESIAN_POINT('',(0.0634278273002006,0.0018,-0.0995));
#4350=CARTESIAN_POINT('',(0.0634278273002006,0.025,-0.0995));
#4351=CARTESIAN_POINT('',(-1.38777878078145E-17,0.002,-0.0995));
#4352=CARTESIAN_POINT('',(-1.38777878078145E-17,0.0018,-0.0995));
#4353=CARTESIAN_POINT('',(-0.0634278273002006,0.0018,-0.0995));
#4354=CARTESIAN_POINT('',(-0.0125721726997994,0.0018,-0.0995));
#4355=CARTESIAN_POINT('',(-0.0125721726997994,0.025,-0.0995));
#4356=CARTESIAN_POINT('',(-0.0634278273002006,0.13,-0.0995));
#4357=CARTESIAN_POINT('',(-1.38777878078145E-17,0.002,-0.0995));
#4358=CARTESIAN_POINT('',(0.0885721726997994,0.13,-0.0995));
#4359=CARTESIAN_POINT('',(0.0885721726997994,0.0018,-0.0995));
#4360=CARTESIAN_POINT('',(-1.38777878078145E-17,0.0018,-0.0995));
#4361=CARTESIAN_POINT('',(0.119170370868555,0.0018,-0.0995));
#4362=CARTESIAN_POINT('',(0.119170370868555,0.002,-0.0995));
#4363=CARTESIAN_POINT('',(-1.38777878078145E-17,0.002,-0.0995));
#4364=CARTESIAN_POINT('',(-1.38777878078145E-17,0.0018,-0.0995));
#4365=CARTESIAN_POINT('',(-0.119170370868645,0.0018,-0.0994999916613875));
#4366=CARTESIAN_POINT('',(-0.0885721726997994,0.0018,-0.0995));
#4367=CARTESIAN_POINT('',(-0.0885721726997994,0.025,-0.0995));
#4368=CARTESIAN_POINT('',(-0.119170370868645,0.002,-0.0994999916613875));
#4369=CARTESIAN_POINT('',(0.,0.002,-0.0965));
#4370=CARTESIAN_POINT('',(0.,0.002,-0.0965));
#4371=CARTESIAN_POINT('',(0.0684705371730487,0.002,-0.0965));
#4372=CARTESIAN_POINT('',(0.00752946282695129,0.002,-0.0965));
#4373=CARTESIAN_POINT('',(0.00752946282695129,0.13,-0.0965));
#4374=CARTESIAN_POINT('',(0.0684705371730487,0.025,-0.0965));
#4375=CARTESIAN_POINT('',(0.,0.002,-0.0965));
#4376=CARTESIAN_POINT('',(-0.00752946282695127,0.025,-0.0965));
#4377=CARTESIAN_POINT('',(-0.00752946282695126,0.002,-0.0965));
#4378=CARTESIAN_POINT('',(0.,0.002,-0.0965));
#4379=CARTESIAN_POINT('',(-0.0684705371730487,0.002,-0.0965));
#4380=CARTESIAN_POINT('',(-0.0684705371730487,0.13,-0.0965));
#4381=CARTESIAN_POINT('',(0.,0.002,-0.0965));
#4382=CARTESIAN_POINT('',(0.0835294628269513,0.13,-0.0965));
#4383=CARTESIAN_POINT('',(0.118,0.002,-0.0965));
#4384=CARTESIAN_POINT('',(0.,0.002,-0.0965));
#4385=CARTESIAN_POINT('',(-0.0835294628269512,0.025,-0.0965));
#4386=CARTESIAN_POINT('',(-0.118,0.002,-0.0965));
#4387=CARTESIAN_POINT('',(0.,0.002,0.));
#4388=CARTESIAN_POINT('',(0.,0.002,-0.0993));
#4389=CARTESIAN_POINT('',(0.0640385641012618,0.002,-0.0993));
#4390=CARTESIAN_POINT('',(0.0119614358987382,0.002,-0.0993));
#4391=CARTESIAN_POINT('',(0.016,0.002,-0.088));
#4392=CARTESIAN_POINT('',(0.06,0.002,-0.088));
#4393=CARTESIAN_POINT('',(0.,0.002,0.));
#4394=CARTESIAN_POINT('',(-0.016,0.002,-0.088));
#4395=CARTESIAN_POINT('',(-0.0119614358987382,0.002,-0.0993));
#4396=CARTESIAN_POINT('',(0.,0.002,-0.0993));
#4397=CARTESIAN_POINT('',(-0.0640385641012618,0.002,-0.0993));
#4398=CARTESIAN_POINT('',(-0.06,0.002,-0.088));
#4399=CARTESIAN_POINT('',(-1.38777878078145E-17,0.0018,-0.0993));
#4400=CARTESIAN_POINT('',(0.0125721726997994,0.0018,-0.0995));
#4401=CARTESIAN_POINT('',(0.0125721726997994,0.00186052619168033,-0.0995));
#4402=CARTESIAN_POINT('',(0.0124473281744175,0.001922696142581,-0.0994625766317183));
#4403=CARTESIAN_POINT('',(0.0122422483535569,0.00198383435614224,-0.0993973081336855));
#4404=CARTESIAN_POINT('',(0.0120724081379695,0.002,-0.0993396609293448));
#4405=CARTESIAN_POINT('',(0.0119614358987382,0.002,-0.0993));
#4406=CARTESIAN_POINT('',(0.0640385641012618,0.002,-0.0993));
#4407=CARTESIAN_POINT('',(0.0639276017149213,0.00200000000000001,-0.0993396574079703));
#4408=CARTESIAN_POINT('',(0.0637574849053316,0.00198375983483693,-0.0993974070081287));
#4409=CARTESIAN_POINT('',(0.063551577960203,0.00192247994255557,-0.0994629117858246));
#4410=CARTESIAN_POINT('',(0.0634278273002004,0.00185983544200517,-0.0995));
#4411=CARTESIAN_POINT('',(0.0634278273002004,0.00180000000000003,-0.0995));
#4412=CARTESIAN_POINT('',(-1.38777878078145E-17,0.0018,-0.0993));
#4413=CARTESIAN_POINT('',(-0.0119614358987382,0.002,-0.0993));
#4414=CARTESIAN_POINT('',(-0.0120723982850787,0.00200000000000001,-0.0993396574079703));
#4415=CARTESIAN_POINT('',(-0.0122425150946684,0.00198375983483691,-0.0993974070081287));
#4416=CARTESIAN_POINT('',(-0.012448422039797,0.00192247994255558,-0.0994629117858247));
#4417=CARTESIAN_POINT('',(-0.0125721726997995,0.00185983544200511,-0.0995));
#4418=CARTESIAN_POINT('',(-0.0125721726997996,0.00180000000000004,-0.0995));
#4419=CARTESIAN_POINT('',(-0.0634278273002006,0.0018,-0.0995));
#4420=CARTESIAN_POINT('',(-0.0634278273002006,0.00186052619168032,-0.0995));
#4421=CARTESIAN_POINT('',(-0.0635526718255826,0.00192269614258103,-0.0994625766317183));
#4422=CARTESIAN_POINT('',(-0.0637577516464431,0.00198383435614223,-0.0993973081336854));
#4423=CARTESIAN_POINT('',(-0.0639275918620305,0.00200000000000001,-0.0993396609293448));
#4424=CARTESIAN_POINT('',(-0.0640385641012618,0.002,-0.0993));
#4425=CARTESIAN_POINT('',(-1.38777878078145E-17,0.0018,-0.0993));
#4426=CARTESIAN_POINT('',(0.0885721726997994,0.0018,-0.0995));
#4427=CARTESIAN_POINT('',(0.0885721726997994,0.00186052619168032,-0.0995));
#4428=CARTESIAN_POINT('',(0.0884473281744174,0.00192269614258102,-0.0994625766317183));
#4429=CARTESIAN_POINT('',(0.0882422483535569,0.00198383435614223,-0.0993973081336855));
#4430=CARTESIAN_POINT('',(0.0880724081379695,0.00200000000000001,-0.0993396609293448));
#4431=CARTESIAN_POINT('',(0.0879614358987382,0.002,-0.0993));
#4432=CARTESIAN_POINT('',(0.119170370868412,0.0018,-0.099299991661361));
#4433=CARTESIAN_POINT('',(-1.38777878078145E-17,0.0018,-0.0993));
#4434=CARTESIAN_POINT('',(-0.0879614358987382,0.002,-0.0993));
#4435=CARTESIAN_POINT('',(-0.0880723982850787,0.00200000000000001,-0.0993396574079703));
#4436=CARTESIAN_POINT('',(-0.0882425150946684,0.00198375983483692,-0.0993974070081287));
#4437=CARTESIAN_POINT('',(-0.088448422039797,0.00192247994255557,-0.0994629117858246));
#4438=CARTESIAN_POINT('',(-0.0885721726997996,0.00185983544200517,-0.0995));
#4439=CARTESIAN_POINT('',(-0.0885721726997996,0.00180000000000003,-0.0995));
#4440=CARTESIAN_POINT('',(-0.119170367764769,0.0018,-0.0993));
#4441=CARTESIAN_POINT('',(-0.00100000000000001,0.00915014693601995,0.087436105863346));
#4442=CARTESIAN_POINT('',(-0.0666135081735553,-0.0059662295661116,0.088228321586629));
#4443=CARTESIAN_POINT('',(-0.065,-0.01,0.0884397225372067));
#4444=CARTESIAN_POINT('',(-0.065,0.00915014693601995,0.087436105863346));
#4445=CARTESIAN_POINT('',(-0.065,-0.0149659104577745,0.0886999748764171));
#4446=CARTESIAN_POINT('',(-0.00100000000000001,-0.0149659104577745,0.0886999748764171));
#4447=CARTESIAN_POINT('',(-0.025,-0.0149659104577745,0.0886999748764171));
#4448=CARTESIAN_POINT('',(-0.025,0.00915014693601995,0.087436105863346));
#4449=CARTESIAN_POINT('',(-0.025,-0.01,0.0884397225372067));
#4450=CARTESIAN_POINT('',(-0.0194149723411624,0.00396256914709411,0.0877079752951216));
#4451=CARTESIAN_POINT('',(0.0233864918264446,-0.0059662295661116,0.088228321586629));
#4452=CARTESIAN_POINT('',(0.025,-0.01,0.0884397225372067));
#4453=CARTESIAN_POINT('',(0.025,0.00915014693601995,0.087436105863346));
#4454=CARTESIAN_POINT('',(0.025,-0.0149659104577745,0.0886999748764171));
#4455=CARTESIAN_POINT('',(-0.00100000000000001,-0.0149659104577745,0.0886999748764171));
#4456=CARTESIAN_POINT('',(0.065,-0.0149659104577745,0.0886999748764171));
#4457=CARTESIAN_POINT('',(0.065,0.00915014693601995,0.087436105863346));
#4458=CARTESIAN_POINT('',(0.065,-0.01,0.0884397225372067));
#4459=CARTESIAN_POINT('',(0.0705850276588377,0.00396256914709411,0.0877079752951216));
#4460=CARTESIAN_POINT('',(0.10325,0.00915014693601995,0.087436105863346));
#4461=CARTESIAN_POINT('',(0.10325,-0.020957687666302,0.0890139906138747));
#4462=CARTESIAN_POINT('',(-0.00100000000000001,-0.020957687666302,0.0890139906138748));
#4463=CARTESIAN_POINT('',(-0.10525,-0.020957687666302,0.0890139906138748));
#4464=CARTESIAN_POINT('',(-0.10525,0.00915014693601995,0.087436105863346));
#4465=CARTESIAN_POINT('',(0.0035,0.000198257094980548,-0.0833761278070127));
#4466=CARTESIAN_POINT('',(-0.065,0.000198257094980548,-0.0833761278070127));
#4467=CARTESIAN_POINT('',(-0.065,-0.01,-0.0828416598001072));
#4468=CARTESIAN_POINT('',(-0.065,-0.0239178002988139,-0.0821122587939415));
#4469=CARTESIAN_POINT('',(-0.0590920117975614,-0.0247699705060965,-0.0820675984458067));
#4470=CARTESIAN_POINT('',(-0.09425,0.000198257094980547,-0.0833761278070127));
#4471=CARTESIAN_POINT('',(-0.09425,-0.0299095775073413,-0.0817982430564839));
#4472=CARTESIAN_POINT('',(0.0035,-0.0299095775073413,-0.0817982430564839));
#4473=CARTESIAN_POINT('',(0.10325,-0.0299095775073413,-0.0817982430564839));
#4474=CARTESIAN_POINT('',(0.10325,0.000198257094980548,-0.0833761278070127));
#4475=CARTESIAN_POINT('',(0.060055248347781,-0.0223618791305474,-0.0821938011671099));
#4476=CARTESIAN_POINT('',(0.065,-0.01,-0.0828416598001072));
#4477=CARTESIAN_POINT('',(0.065,0.000198257094980548,-0.0833761278070127));
#4478=CARTESIAN_POINT('',(0.065,-0.0239178002988139,-0.0821122587939415));
#4479=CARTESIAN_POINT('',(0.0035,-0.0239178002988139,-0.0821122587939415));
#4480=CARTESIAN_POINT('',(0.025,-0.0239178002988139,-0.0821122587939415));
#4481=CARTESIAN_POINT('',(0.025,0.000198257094980548,-0.0833761278070127));
#4482=CARTESIAN_POINT('',(0.025,-0.01,-0.0828416598001072));
#4483=CARTESIAN_POINT('',(0.018523518271043,0.00619120432239264,-0.0836902048625618));
#4484=CARTESIAN_POINT('',(-0.0175602817208233,0.0085992956979418,-0.083816407583865));
#4485=CARTESIAN_POINT('',(-0.025,-0.01,-0.0828416598001072));
#4486=CARTESIAN_POINT('',(-0.025,0.000198257094980548,-0.0833761278070127));
#4487=CARTESIAN_POINT('',(-0.025,-0.0239178002988139,-0.0821122587939415));
#4488=CARTESIAN_POINT('',(0.0035,-0.0239178002988139,-0.0821122587939415));
#4489=CARTESIAN_POINT('',(0.,0.,0.1025));
#4490=CARTESIAN_POINT('',(0.111688649977272,-0.0279221624943179,0.095018279108717));
#4491=CARTESIAN_POINT('',(0.113518532165677,-0.0210929491953231,0.0968481612971225));
#4492=CARTESIAN_POINT('',(0.118911551823452,-0.000965925826289075,0.102241180954897));
#4493=CARTESIAN_POINT('',(-0.119170370868555,-0.000965925826289076,0.102241180954897));
#4494=CARTESIAN_POINT('',(-0.118911551823452,-0.000965925826289075,0.102241180954897));
#4495=CARTESIAN_POINT('',(-0.112881529374311,-0.0234702759772647,0.0962111585057564));
#4496=CARTESIAN_POINT('',(-0.113518532165677,-0.0210929491953231,0.0968481612971225));
#4497=CARTESIAN_POINT('',(2.44047859628982E-19,-0.0210929491953231,0.0968481612971225));
#4498=CARTESIAN_POINT('',(0.124,0.,-2.51831076317413E-17));
#4499=CARTESIAN_POINT('',(0.124303212425257,0.00113160417654697,-0.0979735832938121));
#4500=CARTESIAN_POINT('',(0.115799587009407,-0.0306043579239424,-0.0894699578779613));
#4501=CARTESIAN_POINT('',(0.123741180954897,-0.000965925826289216,-0.0974115518234521));
#4502=CARTESIAN_POINT('',(0.123741180954897,-0.000965925826289074,0.0976703708685546));
#4503=CARTESIAN_POINT('',(0.123741180954897,-0.000965925826289075,0.0974115518234522));
#4504=CARTESIAN_POINT('',(0.117868086095053,-0.0228846142409019,0.0915384569636073));
#4505=CARTESIAN_POINT('',(0.118348161297122,-0.0210929491953231,0.0920185321656772));
#4506=CARTESIAN_POINT('',(0.117076361423859,-0.0258393709394002,0.00145141008933566));
#4507=CARTESIAN_POINT('',(-0.124,0.,2.51831076317413E-17));
#4508=CARTESIAN_POINT('',(-0.124303212425257,0.00113160417654697,0.0979735832938121));
#4509=CARTESIAN_POINT('',(-0.118348161297122,-0.0210929491953231,0.0920185321656772));
#4510=CARTESIAN_POINT('',(-0.123741180954897,-0.000965925826289073,0.0974115518234522));
#4511=CARTESIAN_POINT('',(-0.123741180954897,-0.000965925826289074,2.51305441811771E-17));
#4512=CARTESIAN_POINT('',(-0.123741180954897,-0.000965925826289075,-0.0974115518234522));
#4513=CARTESIAN_POINT('',(-0.117868086095053,-0.0228846142409019,-0.0915384569636073));
#4514=CARTESIAN_POINT('',(-0.115799587009407,-0.0306043579239424,-0.0894699578779613));
#4515=CARTESIAN_POINT('',(-0.118399858903287,-0.0209000111024866,0.0957000102873601));
#4516=CARTESIAN_POINT('',(0.,0.,-0.1025));
#4517=CARTESIAN_POINT('',(-0.111688649977272,-0.0279221624943179,-0.095018279108717));
#4518=CARTESIAN_POINT('',(-0.110969957877961,-0.0306043579239424,-0.0942995870094066));
#4519=CARTESIAN_POINT('',(-0.118911551823452,-0.000965925826289071,-0.102241180954897));
#4520=CARTESIAN_POINT('',(0.,-0.000965925826289076,-0.102241180954897));
#4521=CARTESIAN_POINT('',(0.118911551823452,-0.000965925826289071,-0.102241180954897));
#4522=CARTESIAN_POINT('',(0.110225232652165,-0.0333837103042934,-0.0935548617836101));
#4523=CARTESIAN_POINT('',(0.110969957877961,-0.0306043579239424,-0.0942995870094066));
#4524=CARTESIAN_POINT('',(-0.114751649358352,-0.0306043579239424,-0.0942995870094066));
#4525=CARTESIAN_POINT('',(0.205067963132196,-0.0294074402262886,0.00421239747647629));
#4526=CARTESIAN_POINT('',(0.205067963132196,-0.0247920016435833,0.0922802119468919));
#4527=CARTESIAN_POINT('',(0.113518532165677,-0.0247920016435833,0.0922802119468919));
#4528=CARTESIAN_POINT('',(-0.113518532165677,-0.0247920016435833,0.0922802119468919));
#4529=CARTESIAN_POINT('',(-0.110913933049696,-0.0345124978777755,-0.0931979053702767));
#4530=CARTESIAN_POINT('',(-0.110969957877961,-0.0343034103722028,-0.0892082780967465));
#4531=CARTESIAN_POINT('',(0.114751649358353,-0.0343034103722028,-0.0892082780967465));
#4532=CARTESIAN_POINT('',(0.110969957877961,-0.0343034103722028,-0.0892082780967465));
#4533=CARTESIAN_POINT('',(0.112300072404332,-0.0293393553799033,0.00551153373671951));
#4534=CARTESIAN_POINT('',(1.38487822065999E-17,-0.0256190075083357,0.0765));
#4535=CARTESIAN_POINT('',(0.0955,-0.0256190075083357,0.0765));
#4536=CARTESIAN_POINT('',(-0.0955,-0.0256190075083357,0.0765));
#4537=CARTESIAN_POINT('',(0.0955,-0.0257762308461848,0.0735));
#4538=CARTESIAN_POINT('',(0.0985,-0.0257762308461848,0.0735));
#4539=CARTESIAN_POINT('',(0.0985,-0.0295631978091929,0.00124036574692981));
#4540=CARTESIAN_POINT('',(0.0985,-0.0333229510629427,-0.0705));
#4541=CARTESIAN_POINT('',(0.0955,-0.0333229510629427,-0.0705));
#4542=CARTESIAN_POINT('',(0.0955,-0.0334801744007918,-0.0735));
#4543=CARTESIAN_POINT('',(-1.38811685488541E-17,-0.0334801744007918,-0.0735));
#4544=CARTESIAN_POINT('',(-0.0955,-0.0334801744007918,-0.0735));
#4545=CARTESIAN_POINT('',(-0.0955,-0.0333229510629427,-0.0705));
#4546=CARTESIAN_POINT('',(-0.0985,-0.0333229510629427,-0.0705));
#4547=CARTESIAN_POINT('',(-0.0985,-0.0295631978091929,0.00124036574692985));
#4548=CARTESIAN_POINT('',(-0.0985,-0.0257762308461848,0.0735));
#4549=CARTESIAN_POINT('',(-0.0955,-0.0257762308461848,0.0735));
#4550=CARTESIAN_POINT('',(0.0985,-0.0345173144808404,0.00149999999999995));
#4551=CARTESIAN_POINT('',(0.0985,-0.0255686796701747,0.00103102192195804));
#4552=CARTESIAN_POINT('',(0.0985,-0.0217707414621931,0.0735));
#4553=CARTESIAN_POINT('',(0.0985,-0.029317461678951,-0.0705));
#4554=CARTESIAN_POINT('',(0.0985,-0.0334801744007918,-0.0705));
#4555=CARTESIAN_POINT('',(0.0985,-0.0345173144808404,0.0735));
#4556=CARTESIAN_POINT('',(-1.38777878078145E-17,-0.0345173144808404,-0.0735));
#4557=CARTESIAN_POINT('',(0.0955,-0.0294746850168002,-0.0735));
#4558=CARTESIAN_POINT('',(0.0955,-0.0294746850168002,-0.0735));
#4559=CARTESIAN_POINT('',(-1.38942251480589E-17,-0.0294746850168002,-0.0735));
#4560=CARTESIAN_POINT('',(-0.0955,-0.0294746850168002,-0.0735));
#4561=CARTESIAN_POINT('',(-0.0955,-0.0345173144808404,-0.0735));
#4562=CARTESIAN_POINT('',(1.38777878078145E-17,-0.0345173144808404,0.0765));
#4563=CARTESIAN_POINT('',(-0.0955,-0.021613518124344,0.0765));
#4564=CARTESIAN_POINT('',(-0.0955,-0.021613518124344,0.0765));
#4565=CARTESIAN_POINT('',(1.3835725607395E-17,-0.021613518124344,0.0765));
#4566=CARTESIAN_POINT('',(0.0955,-0.021613518124344,0.0765));
#4567=CARTESIAN_POINT('',(0.0955,-0.0345173144808404,0.0765));
#4568=CARTESIAN_POINT('',(-0.0985,-0.0345173144808404,0.00149999999999999));
#4569=CARTESIAN_POINT('',(-0.0985,-0.0345173144808404,-0.0705));
#4570=CARTESIAN_POINT('',(-0.0985,-0.029317461678951,-0.0705));
#4571=CARTESIAN_POINT('',(-0.0985,-0.0255686796701747,0.00103102192195808));
#4572=CARTESIAN_POINT('',(-0.0985,-0.0217707414621931,0.0735));
#4573=CARTESIAN_POINT('',(-0.0985,-0.0256190075083357,0.0735));
#4574=CARTESIAN_POINT('',(-0.00100000000000003,-0.0254794265485342,0.00273407293578521));
#4575=CARTESIAN_POINT('',(0.10525,-0.0299095775073413,-0.0817982430564839));
#4576=CARTESIAN_POINT('',(0.10625,-0.0300002260426169,-0.0835279201486176));
#4577=CARTESIAN_POINT('',(-0.00530083821109201,-0.0252543380681105,0.00702901699758268));
#4578=CARTESIAN_POINT('',(-0.09625,-0.0300142494198273,-0.083795502125993));
#4579=CARTESIAN_POINT('',(-0.09625,-0.0300077074252969,-0.0836706734341487));
#4580=CARTESIAN_POINT('',(-0.09625,-0.0301058373432524,-0.0855431038118135));
#4581=CARTESIAN_POINT('',(-0.10175,-0.0301058373432524,-0.0855431038118135));
#4582=CARTESIAN_POINT('',(-0.107394337567297,-0.0301058373432524,-0.0855431038118135));
#4583=CARTESIAN_POINT('',(-0.119073350110646,-0.0290471519627339,-0.0653421833568405));
#4584=CARTESIAN_POINT('',(-0.108982050807569,-0.0299619134635843,-0.0827968725912385));
#4585=CARTESIAN_POINT('',(-0.10725,-0.0299095775073413,-0.0817982430564839));
#4586=CARTESIAN_POINT('',(-0.10725,-0.0298049055948555,-0.0798009839869747));
#4587=CARTESIAN_POINT('',(-0.10725,-0.0256691443899149,-0.00088595912770012));
#4588=CARTESIAN_POINT('',(-0.10725,-0.0216380550974602,0.0760318066620653));
#4589=CARTESIAN_POINT('',(-0.0174258382110917,-0.0263390884984036,-0.0136692542349112));
#4590=CARTESIAN_POINT('',(-0.10925,-0.0215333831849744,0.0780290657315745));
#4591=CARTESIAN_POINT('',(-0.10925,-0.0215333831849744,0.0780290657315745));
#4592=CARTESIAN_POINT('',(-0.11125,-0.0215333831849744,0.0780290657315745));
#4593=CARTESIAN_POINT('',(-0.11125,-0.0212455354256381,0.0835215281727246));
#4594=CARTESIAN_POINT('',(-0.11125,-0.020957687666302,0.0890139906138748));
#4595=CARTESIAN_POINT('',(-0.0659740715313879,-0.0195896221333296,0.11511823604629));
#4596=CARTESIAN_POINT('',(-0.10825,-0.0208670391310265,0.0907436677060085));
#4597=CARTESIAN_POINT('',(-0.10725,-0.020957687666302,0.0890139906138748));
#4598=CARTESIAN_POINT('',(0.10525,-0.020957687666302,0.0890139906138747));
#4599=CARTESIAN_POINT('',(0.10625,-0.0208670391310265,0.0907436677060085));
#4600=CARTESIAN_POINT('',(0.0639740715313881,-0.0195896221333296,0.11511823604629));
#4601=CARTESIAN_POINT('',(0.10925,-0.020957687666302,0.0890139906138747));
#4602=CARTESIAN_POINT('',(0.10925,-0.0212455354256381,0.0835215281727246));
#4603=CARTESIAN_POINT('',(0.10925,-0.0215333831849744,0.0780290657315744));
#4604=CARTESIAN_POINT('',(0.10725,-0.0215333831849744,0.0780290657315744));
#4605=CARTESIAN_POINT('',(0.10725,-0.0215333831849744,0.0780290657315744));
#4606=CARTESIAN_POINT('',(0.0154258382110912,-0.0263390884984036,-0.013669254234911));
#4607=CARTESIAN_POINT('',(0.10525,-0.0216380550974602,0.0760318066620653));
#4608=CARTESIAN_POINT('',(0.10525,-0.0254336325868217,0.00360787377869544));
#4609=CARTESIAN_POINT('',(0.10525,-0.0292292100761831,-0.0688160591046745));
#4610=CARTESIAN_POINT('',(0.0163008382110916,-0.0245739706369523,0.0200112009493919));
#4611=CARTESIAN_POINT('',(0.10725,-0.029333881988669,-0.0708133181741836));
#4612=CARTESIAN_POINT('',(0.107125,-0.029333881988669,-0.0708133181741836));
#4613=CARTESIAN_POINT('',(0.109,-0.029333881988669,-0.0708133181741836));
#4614=CARTESIAN_POINT('',(0.109,-0.0296217297480051,-0.0763057806153337));
#4615=CARTESIAN_POINT('',(0.109,-0.0299171315519477,-0.0819423828141617));
#4616=CARTESIAN_POINT('',(0.0632162993030766,-0.03130054002117,-0.108339388910354));
#4617=CARTESIAN_POINT('',(0.0955,-0.0217707414621931,0.0735));
#4618=CARTESIAN_POINT('',(-0.0955,-0.0217707414621931,0.0735));
#4619=CARTESIAN_POINT('',(-0.0955,-0.029317461678951,-0.0705));
#4620=CARTESIAN_POINT('',(0.0955,-0.029317461678951,-0.0705));
#4621=CARTESIAN_POINT('',(-0.09625,0.000100127177025028,-0.0852485581846775));
#4622=CARTESIAN_POINT('',(-0.09625,9.35851824946602E-5,-0.0853733868765218));
#4623=CARTESIAN_POINT('',(-0.09625,1.99725906950901E-6,-0.0871209885623423));
#4624=CARTESIAN_POINT('',(0.10525,0.000198257094980548,-0.0833761278070127));
#4625=CARTESIAN_POINT('',(0.10625,0.00010760855970507,-0.0851058048991464));
#4626=CARTESIAN_POINT('',(-0.10175,1.99725906950901E-6,-0.0871209885623423));
#4627=CARTESIAN_POINT('',(-0.107394337567297,1.99725906950908E-6,-0.0871209885623423));
#4628=CARTESIAN_POINT('',(-0.10725,0.000198257094980548,-0.0833761278070127));
#4629=CARTESIAN_POINT('',(-0.108982050807569,0.0001459211387376,-0.0843747573417673));
#4630=CARTESIAN_POINT('',(-0.10725,0.000302929007466434,-0.0813788687375035));
#4631=CARTESIAN_POINT('',(-0.10725,0.00443869021240701,-0.00246384387822891));
#4632=CARTESIAN_POINT('',(-0.10725,-0.012,0.046));
#4633=CARTESIAN_POINT('',(-0.10725,-0.01325,0.046));
#4634=CARTESIAN_POINT('',(-0.10725,-0.012,7.65404249467096E-20));
#4635=CARTESIAN_POINT('',(-0.10725,-0.01325,7.65404249467096E-20));
#4636=CARTESIAN_POINT('',(-0.10725,-0.012,-0.046));
#4637=CARTESIAN_POINT('',(-0.10725,-0.01325,-0.046));
#4638=CARTESIAN_POINT('',(-0.10725,-0.0216380550974602,0.0760318066620653));
#4639=CARTESIAN_POINT('',(-0.10925,0.00857445141734757,0.0764511809810457));
#4640=CARTESIAN_POINT('',(-0.10925,5.05571151193595E-19,0.0769005489383992));
#4641=CARTESIAN_POINT('',(-0.11125,0.00857445141734757,0.0764511809810457));
#4642=CARTESIAN_POINT('',(-0.11125,0.00886229917668377,0.0819436434221958));
#4643=CARTESIAN_POINT('',(-0.11125,0.00915014693601995,0.087436105863346));
#4644=CARTESIAN_POINT('',(-0.10725,0.00915014693601995,0.087436105863346));
#4645=CARTESIAN_POINT('',(-0.10825,0.00924079547129543,0.0891657829554797));
#4646=CARTESIAN_POINT('',(0.10525,0.00915014693601995,0.087436105863346));
#4647=CARTESIAN_POINT('',(0.10625,0.00924079547129543,0.0891657829554797));
#4648=CARTESIAN_POINT('',(0.10925,0.00886229917668377,0.0819436434221958));
#4649=CARTESIAN_POINT('',(0.10925,0.00857445141734757,0.0764511809810456));
#4650=CARTESIAN_POINT('',(0.10925,0.00915014693601995,0.087436105863346));
#4651=CARTESIAN_POINT('',(0.10725,0.00857445141734757,0.0764511809810456));
#4652=CARTESIAN_POINT('',(0.10725,0.00857445141734757,0.0764511809810456));
#4653=CARTESIAN_POINT('',(0.10525,0.00467420201550025,0.00202998902816665));
#4654=CARTESIAN_POINT('',(0.10525,-0.012,0.046));
#4655=CARTESIAN_POINT('',(0.10525,-0.012,0.04475));
#4656=CARTESIAN_POINT('',(0.10525,-0.012,7.65404249467096E-20));
#4657=CARTESIAN_POINT('',(0.10525,-0.012,-0.00125));
#4658=CARTESIAN_POINT('',(0.10525,-0.012,-0.046));
#4659=CARTESIAN_POINT('',(0.10525,-0.012,-0.04725));
#4660=CARTESIAN_POINT('',(0.10525,0.00846977950486169,0.0744539219115365));
#4661=CARTESIAN_POINT('',(0.10525,-0.0292292100761831,-0.0688160591046744));
#4662=CARTESIAN_POINT('',(0.107125,0.000773952613652932,-0.0723912029247124));
#4663=CARTESIAN_POINT('',(0.10725,-6.03250010093754E-19,-0.0723506417869605));
#4664=CARTESIAN_POINT('',(0.109,0.000773952613652928,-0.0723912029247124));
#4665=CARTESIAN_POINT('',(0.109,0.00048610485431674,-0.0778836653658625));
#4666=CARTESIAN_POINT('',(0.109,0.000190703050374258,-0.0835202675646905));
#4667=CARTESIAN_POINT('',(-0.10725,-1.10867299912272E-5,-0.0873706459460309));
#4668=CARTESIAN_POINT('',(0.10925,0.000198257094980548,-0.0833761278070127));
#4669=CARTESIAN_POINT('',(-0.11125,0.00915014693601995,0.087436105863346));
#4670=CARTESIAN_POINT('',(0.10625,0.00924079547129543,0.0891657829554797));
#4671=CARTESIAN_POINT('',(-0.10725,0.00846977950486168,0.0744539219115365));
#4672=CARTESIAN_POINT('',(0.10725,0.00857445141734757,0.0764511809810456));
#4673=CARTESIAN_POINT('',(0.10525,0.000878624526138818,-0.0703939438552032));
#4674=CARTESIAN_POINT('',(-0.09425,0.000198257094980547,-0.0833761278070127));
#4675=CARTESIAN_POINT('',(0.0955,-0.0345173144808404,-0.0705));
#4676=CARTESIAN_POINT('',(-0.0955,-0.0345173144808404,-0.0705));
#4677=CARTESIAN_POINT('',(-0.0955,-0.0345173144808404,0.0735));
#4678=CARTESIAN_POINT('',(0.0955,-0.0345173144808404,0.0735));
#4679=CARTESIAN_POINT('',(0.113038456963607,-0.0215905190153892,-0.0915384569636073));
#4680=CARTESIAN_POINT('',(0.118911551823452,-0.000965925826289077,-0.102241180954898));
#4681=CARTESIAN_POINT('',(0.119583687521554,-0.00098370306252715,-0.102236417558804));
#4682=CARTESIAN_POINT('',(0.120881919937667,-0.00101467025916934,-0.101955310141027));
#4683=CARTESIAN_POINT('',(0.12241204276751,-0.00102429021744423,-0.100911970671938));
#4684=CARTESIAN_POINT('',(0.123455211212051,-0.00101465040837925,-0.0993821093909811));
#4685=CARTESIAN_POINT('',(0.123736416949994,-0.000983705334637751,-0.0980837734272945));
#4686=CARTESIAN_POINT('',(0.123741180954897,-0.00096592582628908,-0.0974115518234522));
#4687=CARTESIAN_POINT('',(0.110969957877961,-0.0293102626984299,-0.0894699578779613));
#4688=CARTESIAN_POINT('',(0.111688649977272,-0.0266280672688053,0.0901886499772716));
#4689=CARTESIAN_POINT('',(0.123741180954898,-0.00096592582628908,0.0974115518234522));
#4690=CARTESIAN_POINT('',(0.123736417558804,-0.000983703062527688,0.0980836875215742));
#4691=CARTESIAN_POINT('',(0.123455310141004,-0.00101467025916475,0.0993819199377116));
#4692=CARTESIAN_POINT('',(0.122411970671954,-0.00102429021744423,0.100912042767493));
#4693=CARTESIAN_POINT('',(0.120882109390937,-0.00101465040838384,0.101955211212074));
#4694=CARTESIAN_POINT('',(0.119583773427275,-0.000983705334637216,0.102236416949994));
#4695=CARTESIAN_POINT('',(0.118911551823452,-0.00096592582628907,0.102241180954897));
#4696=CARTESIAN_POINT('',(0.113518532165677,-0.0197988539698105,0.0920185321656772));
#4697=CARTESIAN_POINT('',(0.112246732292414,-0.0245452757138876,0.00145141008933566));
#4698=CARTESIAN_POINT('',(0.110969957877961,-0.0293102626984299,-0.0894699578779613));
#4699=CARTESIAN_POINT('',(0.113518532165677,-0.0197988539698105,0.0920185321656772));
#4700=CARTESIAN_POINT('',(0.110969957877961,-0.0293102626984299,-0.0894699578779613));
#4701=CARTESIAN_POINT('',(0.110969957877961,-0.0293102626984299,-0.0894699578779613));
#4702=CARTESIAN_POINT('',(0.113518532165677,-0.0197988539698105,0.0920185321656772));
#4703=CARTESIAN_POINT('',(0.113518532165677,-0.0197988539698105,0.0920185321656772));
#4704=CARTESIAN_POINT('',(0.205067963132196,-0.0293102626984299,-0.0894699578779613));
#4705=CARTESIAN_POINT('',(-0.110969957877961,-0.0293102626984299,-0.0894699578779613));
#4706=CARTESIAN_POINT('',(-0.111688649977272,-0.0266280672688053,-0.0901886499772716));
#4707=CARTESIAN_POINT('',(-0.123741180954898,-0.000965925826289071,-0.0974115518234521));
#4708=CARTESIAN_POINT('',(-0.123736417558804,-0.000983703062527682,-0.0980836875215742));
#4709=CARTESIAN_POINT('',(-0.123455310141003,-0.00101467025916475,-0.0993819199377116));
#4710=CARTESIAN_POINT('',(-0.122411970671954,-0.00102429021744423,-0.100912042767493));
#4711=CARTESIAN_POINT('',(-0.120882109390937,-0.00101465040838384,-0.101955211212074));
#4712=CARTESIAN_POINT('',(-0.119583773427275,-0.000983705334637212,-0.102236416949994));
#4713=CARTESIAN_POINT('',(-0.118911551823452,-0.000965925826289066,-0.102241180954897));
#4714=CARTESIAN_POINT('',(-0.110969957877961,-0.0293102626984299,-0.0894699578779613));
#4715=CARTESIAN_POINT('',(-0.113038456963607,-0.0215905190153892,0.0915384569636073));
#4716=CARTESIAN_POINT('',(-0.118911551823452,-0.000965925826289075,0.102241180954898));
#4717=CARTESIAN_POINT('',(-0.119583687521554,-0.000983703062527154,0.102236417558804));
#4718=CARTESIAN_POINT('',(-0.120881919937668,-0.00101467025916935,0.101955310141027));
#4719=CARTESIAN_POINT('',(-0.12241204276751,-0.00102429021744423,0.100911970671938));
#4720=CARTESIAN_POINT('',(-0.123455211212051,-0.00101465040837925,0.0993821093909811));
#4721=CARTESIAN_POINT('',(-0.123736416949994,-0.00098370533463775,0.0980837734272945));
#4722=CARTESIAN_POINT('',(-0.123741180954897,-0.000965925826289081,0.0974115518234522));
#4723=CARTESIAN_POINT('',(-0.113518532165677,-0.0197988539698105,0.0920185321656772));
#4724=CARTESIAN_POINT('',(2.44047859628982E-19,-0.0197988539698105,0.0920185321656772));
#4725=CARTESIAN_POINT('',(-0.113518532165677,-0.0197988539698105,0.0920185321656772));
#4726=CARTESIAN_POINT('',(-0.110969957877961,-0.0293102626984299,-0.0894699578779613));
#4727=CARTESIAN_POINT('',(-0.110969957877961,-0.0293102626984299,-0.0894699578779613));
#4728=CARTESIAN_POINT('',(-0.113518532165677,-0.0197988539698105,0.0920185321656772));
#4729=CARTESIAN_POINT('',(-0.113518532165677,-0.0197988539698105,0.0920185321656772));
#4730=CARTESIAN_POINT('',(-0.112246732292414,-0.0245452757138876,0.00145141008933571));
#4731=CARTESIAN_POINT('',(0.119170370868645,0.0018,0.0994999916613875));
#4732=CARTESIAN_POINT('',(0.119170370868645,0.,0.0994999916613875));
#4733=CARTESIAN_POINT('',(0.120249286194987,0.0018,0.0994999749172931));
#4734=CARTESIAN_POINT('',(0.120249286194987,0.,0.0994999749172931));
#4735=CARTESIAN_POINT('',(0.120999974917431,0.0018,0.0987492861947593));
#4736=CARTESIAN_POINT('',(0.120999974917431,0.,0.0987492861947593));
#4737=CARTESIAN_POINT('',(0.120999991661387,0.0018,0.0976703708683783));
#4738=CARTESIAN_POINT('',(0.120999991661387,0.,0.0976703708683783));
#4739=CARTESIAN_POINT('',(0.121,0.002,0.0976703708685546));
#4740=CARTESIAN_POINT('',(0.121,0.0018,0.0976703708685546));
#4741=CARTESIAN_POINT('',(0.120999991661387,0.0018,0.0976703708683783));
#4742=CARTESIAN_POINT('',(0.120999977534555,0.0018,0.0981504395153921));
#4743=CARTESIAN_POINT('',(0.120640719896311,0.0018,0.0991381429534477));
#4744=CARTESIAN_POINT('',(0.119657153630052,0.0018,0.099499984106822));
#4745=CARTESIAN_POINT('',(0.119170370868425,0.0018,0.0994999916613875));
#4746=CARTESIAN_POINT('',(0.121,0.002,-1.38777878078145E-17));
#4747=CARTESIAN_POINT('',(0.120999991661387,0.002,-0.0976703708683747));
#4748=CARTESIAN_POINT('',(0.120999991661387,0.0018,-0.0976703708683747));
#4749=CARTESIAN_POINT('',(0.121,0.0018,0.0976703708685546));
#4750=CARTESIAN_POINT('',(0.120999991661387,0.0018,-0.0976703708683747));
#4751=CARTESIAN_POINT('',(0.120999991661387,0.,-0.0976703708683747));
#4752=CARTESIAN_POINT('',(0.120999974917431,0.0018,-0.0987492861948479));
#4753=CARTESIAN_POINT('',(0.120999974917431,2.16840434497101E-19,-0.0987492861948479));
#4754=CARTESIAN_POINT('',(0.12024928619485,0.0018,-0.0994999749174259));
#4755=CARTESIAN_POINT('',(0.12024928619485,2.16840434497101E-19,-0.0994999749174259));
#4756=CARTESIAN_POINT('',(0.119170370868378,0.0018,-0.0994999916613875));
#4757=CARTESIAN_POINT('',(0.119170370868378,0.,-0.0994999916613875));
#4758=CARTESIAN_POINT('',(0.119170370868378,0.0018,-0.0994999916613875));
#4759=CARTESIAN_POINT('',(0.1196504395154,0.0018,-0.0994999775336667));
#4760=CARTESIAN_POINT('',(0.120638142953448,0.0018,-0.0991407198967376));
#4761=CARTESIAN_POINT('',(0.120999984106884,0.0018,-0.0981571536300151));
#4762=CARTESIAN_POINT('',(0.120999991661387,0.0018,-0.0976703708683747));
#4763=CARTESIAN_POINT('',(-0.119170370868645,0.0018,-0.0994999916613875));
#4764=CARTESIAN_POINT('',(-0.119170370868645,0.,-0.0994999916613875));
#4765=CARTESIAN_POINT('',(-0.120249286194983,0.0018,-0.0994999749172908));
#4766=CARTESIAN_POINT('',(-0.120249286194983,0.,-0.0994999749172908));
#4767=CARTESIAN_POINT('',(-0.120999974917431,0.0018,-0.0987492861947594));
#4768=CARTESIAN_POINT('',(-0.120999974917431,0.,-0.0987492861947594));
#4769=CARTESIAN_POINT('',(-0.120999991661387,0.0018,-0.0976703708683783));
#4770=CARTESIAN_POINT('',(-0.120999991661387,0.,-0.0976703708683783));
#4771=CARTESIAN_POINT('',(-0.121,0.002,-0.0976703708685546));
#4772=CARTESIAN_POINT('',(-0.121,0.0018,-0.0976703708685546));
#4773=CARTESIAN_POINT('',(-0.120999991661387,0.0018,-0.0976703708683783));
#4774=CARTESIAN_POINT('',(-0.120999977534555,0.0018,-0.0981504395153555));
#4775=CARTESIAN_POINT('',(-0.120640719896372,0.0018,-0.0991381429533101));
#4776=CARTESIAN_POINT('',(-0.11965715363024,0.0018,-0.099499984106821));
#4777=CARTESIAN_POINT('',(-0.119170370868645,0.0018,-0.0994999916613875));
#4778=CARTESIAN_POINT('',(-0.121,0.002,0.));
#4779=CARTESIAN_POINT('',(-0.120999991661387,0.002,0.0976703708683747));
#4780=CARTESIAN_POINT('',(-0.120999991661387,0.0018,0.0976703708683747));
#4781=CARTESIAN_POINT('',(-0.121,0.0018,0.));
#4782=CARTESIAN_POINT('',(0.118,0.002,-1.38777878078145E-17));
#4783=CARTESIAN_POINT('',(-0.118,0.002,1.38777878078145E-17));
#4784=CARTESIAN_POINT('',(-0.120999991661387,0.0018,0.0976703708683747));
#4785=CARTESIAN_POINT('',(-0.120999991661387,0.,0.0976703708683747));
#4786=CARTESIAN_POINT('',(-0.120999974917431,0.0018,0.0987492861948479));
#4787=CARTESIAN_POINT('',(-0.120999974917431,2.16840434497101E-19,0.0987492861948479));
#4788=CARTESIAN_POINT('',(-0.12024928619485,0.0018,0.0994999749174259));
#4789=CARTESIAN_POINT('',(-0.12024928619485,2.16840434497101E-19,0.0994999749174259));
#4790=CARTESIAN_POINT('',(-0.119170370868378,0.0018,0.0994999916613875));
#4791=CARTESIAN_POINT('',(-0.119170370868378,0.,0.0994999916613875));
#4792=CARTESIAN_POINT('',(-0.119170370868378,0.0018,0.0994999916613875));
#4793=CARTESIAN_POINT('',(-0.1196504395154,0.0018,0.0994999775336667));
#4794=CARTESIAN_POINT('',(-0.120638142953448,0.0018,0.0991407198967376));
#4795=CARTESIAN_POINT('',(-0.120999984106884,0.0018,0.0981571536300151));
#4796=CARTESIAN_POINT('',(-0.120999991661387,0.0018,0.0976703708683747));
#4797=CARTESIAN_POINT('',(0.119170367764527,0.002,-0.0992999916614116));
#4798=CARTESIAN_POINT('',(0.119170370868378,0.00200000000000001,-0.0994999916613875));
#4799=CARTESIAN_POINT('',(0.119170370868378,0.0018,-0.0994999916613875));
#4800=CARTESIAN_POINT('',(0.119603842061969,0.002,-0.0992999849353485));
#4801=CARTESIAN_POINT('',(0.119648148487199,0.0020000000000377,-0.0994999842541859));
#4802=CARTESIAN_POINT('',(0.119648148484399,0.00179999999999962,-0.0994999842466349));
#4803=CARTESIAN_POINT('',(0.120478860088733,0.002,-0.0989840330790652));
#4804=CARTESIAN_POINT('',(0.120639182629766,0.00199999999997509,-0.0991450657408645));
#4805=CARTESIAN_POINT('',(0.120639182638056,0.00179999999999962,-0.099145065744966));
#4806=CARTESIAN_POINT('',(0.1207999849351,0.002,-0.0981043117822409));
#4807=CARTESIAN_POINT('',(0.120999984252381,0.00200000000001204,-0.098148666212409));
#4808=CARTESIAN_POINT('',(0.120999984238601,0.00180000000000113,-0.0981486662117571));
#4809=CARTESIAN_POINT('',(0.120799991661412,0.002,-0.097670367764524));
#4810=CARTESIAN_POINT('',(0.120999991661388,0.002,-0.0976703708683747));
#4811=CARTESIAN_POINT('',(0.120999991661388,0.0018,-0.0976703708683747));
#4812=CARTESIAN_POINT('',(0.120799991661412,0.0018,-0.097670367764524));
#4813=CARTESIAN_POINT('',(0.1208,0.0018,-1.71642305878018E-17));
#4814=CARTESIAN_POINT('',(0.1208,0.0018,0.0976703708685546));
#4815=CARTESIAN_POINT('',(-0.120799991661412,0.002,-0.0976703677645272));
#4816=CARTESIAN_POINT('',(-0.120999991661388,0.002,-0.0976703708683783));
#4817=CARTESIAN_POINT('',(-0.120999991661388,0.0018,-0.0976703708683783));
#4818=CARTESIAN_POINT('',(-0.1207999849353,0.002,-0.0981038420617534));
#4819=CARTESIAN_POINT('',(-0.120999984251748,0.00199999999999953,-0.0981481484835298));
#4820=CARTESIAN_POINT('',(-0.120999984246635,0.00180000000000028,-0.0981481484835838));
#4821=CARTESIAN_POINT('',(-0.120484033079152,0.002,-0.0989788600886577));
#4822=CARTESIAN_POINT('',(-0.120645065740815,0.00199999999998216,-0.0991391826306732));
#4823=CARTESIAN_POINT('',(-0.120645065744717,0.00179999999999986,-0.0991391826382964));
#4824=CARTESIAN_POINT('',(-0.119604311782463,0.002,-0.099299984935118));
#4825=CARTESIAN_POINT('',(-0.119648666215338,0.00200000000003614,-0.0994999842538413));
#4826=CARTESIAN_POINT('',(-0.119648666212648,0.0018,-0.0994999842385408));
#4827=CARTESIAN_POINT('',(-0.119170367764769,0.002,-0.0992999916614116));
#4828=CARTESIAN_POINT('',(-0.119170370868645,0.00200000000000001,-0.0994999916613875));
#4829=CARTESIAN_POINT('',(-0.119170370868645,0.0018,-0.0994999916613875));
#4830=CARTESIAN_POINT('',(-0.120799991661361,0.0018,-0.097670370868412));
#4831=CARTESIAN_POINT('',(0.120799991661412,0.002,0.0976703677645272));
#4832=CARTESIAN_POINT('',(0.120999991661388,0.002,0.0976703708683783));
#4833=CARTESIAN_POINT('',(0.120999991661388,0.0018,0.0976703708683783));
#4834=CARTESIAN_POINT('',(0.1207999849353,0.002,0.0981038420617484));
#4835=CARTESIAN_POINT('',(0.120999984251689,0.002,0.0981481484834728));
#4836=CARTESIAN_POINT('',(0.120999984246635,0.00180000000000113,0.0981481484835615));
#4837=CARTESIAN_POINT('',(0.120484033079111,0.002,0.0989788600887909));
#4838=CARTESIAN_POINT('',(0.120645065749943,0.002000000000006,0.0991391826323378));
#4839=CARTESIAN_POINT('',(0.120645065752031,0.00179999999999958,0.0991391826384849));
#4840=CARTESIAN_POINT('',(0.119604311782233,0.002,0.0992999849351692));
#4841=CARTESIAN_POINT('',(0.119648666196787,0.00199999999998797,0.0994999842509244));
#4842=CARTESIAN_POINT('',(0.119648666197666,0.00179999999999972,0.0994999842385415));
#4843=CARTESIAN_POINT('',(0.119170367764549,0.002,0.0992999916614116));
#4844=CARTESIAN_POINT('',(0.119170370868425,0.00200000000000001,0.0994999916613875));
#4845=CARTESIAN_POINT('',(0.119170370868425,0.0018,0.0994999916613875));
#4846=CARTESIAN_POINT('',(-0.1208,0.0018,-2.841760031093E-20));
#4847=CARTESIAN_POINT('',(-0.1208,0.0018,0.097670367764524));
#4848=CARTESIAN_POINT('',(-0.119170367764527,0.002,0.0992999916614116));
#4849=CARTESIAN_POINT('',(-0.119170370868378,0.00200000000000001,0.0994999916613875));
#4850=CARTESIAN_POINT('',(-0.119170370868378,0.0018,0.0994999916613875));
#4851=CARTESIAN_POINT('',(-0.119603842061969,0.002,0.0992999849353485));
#4852=CARTESIAN_POINT('',(-0.119648148487199,0.0020000000000377,0.0994999842541859));
#4853=CARTESIAN_POINT('',(-0.119648148484399,0.00179999999999962,0.0994999842466349));
#4854=CARTESIAN_POINT('',(-0.120478860088733,0.002,0.0989840330790652));
#4855=CARTESIAN_POINT('',(-0.120639182629766,0.00199999999997509,0.0991450657408645));
#4856=CARTESIAN_POINT('',(-0.120639182638056,0.00179999999999962,0.099145065744966));
#4857=CARTESIAN_POINT('',(-0.1207999849351,0.002,0.0981043117822409));
#4858=CARTESIAN_POINT('',(-0.120999984252381,0.00200000000001204,0.098148666212409));
#4859=CARTESIAN_POINT('',(-0.120999984238601,0.00180000000000113,0.0981486662117571));
#4860=CARTESIAN_POINT('',(-0.120799991661412,0.002,0.097670367764524));
#4861=CARTESIAN_POINT('',(-0.120999991661388,0.002,0.0976703708683747));
#4862=CARTESIAN_POINT('',(-0.120999991661388,0.0018,0.0976703708683747));
#4863=CARTESIAN_POINT('',(-0.00100000000000003,-0.0196023783349187,0.000230897564367078));
#4864=CARTESIAN_POINT('',(-0.045,-0.0242321193347677,-0.08810982328253));
#4865=CARTESIAN_POINT('',(-0.045,-0.0242975392800714,-0.0893581102009732));
#4866=CARTESIAN_POINT('',(-0.025,-0.0196023783349187,0.00023089756436707));
#4867=CARTESIAN_POINT('',(-0.025,-0.0245464383707215,-0.0941073877711185));
#4868=CARTESIAN_POINT('',(-0.045,-0.0245464383707215,-0.0941073877711185));
#4869=CARTESIAN_POINT('',(-0.065,-0.0245464383707215,-0.0941073877711185));
#4870=CARTESIAN_POINT('',(-0.065,-0.0196023783349187,0.000230897564367098));
#4871=CARTESIAN_POINT('',(-0.065,0.00494605729487219,-0.00105563143186293));
#4872=CARTESIAN_POINT('',(-0.065,1.99725906950207E-6,-0.0953939167673485));
#4873=CARTESIAN_POINT('',(-0.065,-0.01,-0.0948697343026056));
#4874=CARTESIAN_POINT('',(-0.065,-0.01,-0.00105563143186293));
#4875=CARTESIAN_POINT('',(-0.025,0.00494605729487219,-0.00105563143186296));
#4876=CARTESIAN_POINT('',(-0.025,-0.01,-0.095393812095436));
#4877=CARTESIAN_POINT('',(-0.025,-0.01,-0.0948697343026056));
#4878=CARTESIAN_POINT('',(-0.025,1.99725906950207E-6,-0.0953939167673485));
#4879=CARTESIAN_POINT('',(-0.045,1.99725906950207E-6,-0.0953939167673485));
#4880=CARTESIAN_POINT('',(-0.0633086292744423,-0.0142284268138942,-0.0946481318434285));
#4881=CARTESIAN_POINT('',(-0.0227198512402754,-0.00429962810068851,-0.095168478134936));
#4882=CARTESIAN_POINT('',(0.065,0.00494605729487219,-0.00105563143186298));
#4883=CARTESIAN_POINT('',(0.065,-0.01,-0.0953938120954361));
#4884=CARTESIAN_POINT('',(0.065,-0.01,-0.0948697343026056));
#4885=CARTESIAN_POINT('',(0.065,1.99725906950207E-6,-0.0953939167673485));
#4886=CARTESIAN_POINT('',(0.065,-0.0245464383707215,-0.0941073877711185));
#4887=CARTESIAN_POINT('',(0.065,-0.0196023783349187,0.000230897564367042));
#4888=CARTESIAN_POINT('',(-0.00100000000000003,-0.0196023783349187,0.000230897564367078));
#4889=CARTESIAN_POINT('',(0.045,-0.0242321193347677,-0.08810982328253));
#4890=CARTESIAN_POINT('',(0.045,-0.0242975392800714,-0.0893581102009732));
#4891=CARTESIAN_POINT('',(0.045,-0.0245464383707215,-0.0941073877711185));
#4892=CARTESIAN_POINT('',(0.025,-0.0245464383707215,-0.0941073877711185));
#4893=CARTESIAN_POINT('',(0.025,-0.0196023783349187,0.000230897564367057));
#4894=CARTESIAN_POINT('',(0.025,0.00494605729487219,-0.00105563143186297));
#4895=CARTESIAN_POINT('',(0.025,1.99725906950207E-6,-0.0953939167673485));
#4896=CARTESIAN_POINT('',(0.025,-0.01,-0.0948697343026056));
#4897=CARTESIAN_POINT('',(0.025,-0.01,-0.00105563143186297));
#4898=CARTESIAN_POINT('',(0.045,1.99725906950207E-6,-0.0953939167673485));
#4899=CARTESIAN_POINT('',(0.0266913707255577,-0.0142284268138942,-0.0946481318434286));
#4900=CARTESIAN_POINT('',(0.0672801487597246,-0.00429962810068851,-0.095168478134936));
#4901=CARTESIAN_POINT('',(-0.025,0.00494605729487219,-0.00105563143186296));
#4902=CARTESIAN_POINT('',(-0.025,0.00989011733067487,0.0932826539036226));
#4903=CARTESIAN_POINT('',(-0.025,-0.01,0.0943250507826024));
#4904=CARTESIAN_POINT('',(-0.025,-0.0146583182991161,0.0945691828998526));
#4905=CARTESIAN_POINT('',(-0.025,-0.01,0.0879156447443763));
#4906=CARTESIAN_POINT('',(-0.025,-0.0196023783349187,0.00023089756436707));
#4907=CARTESIAN_POINT('',(-0.065,0.00494605729487219,-0.00105563143186293));
#4908=CARTESIAN_POINT('',(-0.065,-0.01,-0.00105563143186293));
#4909=CARTESIAN_POINT('',(-0.065,-0.01,0.0943250507826025));
#4910=CARTESIAN_POINT('',(-0.065,0.00989011733067488,0.0932826539036227));
#4911=CARTESIAN_POINT('',(-0.065,-0.014658318299116,0.0945691828998527));
#4912=CARTESIAN_POINT('',(-0.065,-0.0196023783349187,0.000230897564367098));
#4913=CARTESIAN_POINT('',(-0.00100000000000003,-0.0196023783349187,0.000230897564367078));
#4914=CARTESIAN_POINT('',(-0.045,-0.0148121143784453,0.0916345788881349));
#4915=CARTESIAN_POINT('',(-0.045,-0.014877534323749,0.0903862919696917));
#4916=CARTESIAN_POINT('',(-0.045,-0.0146583182991161,0.0945691828998526));
#4917=CARTESIAN_POINT('',(-0.045,0.00989011733067487,0.0932826539036226));
#4918=CARTESIAN_POINT('',(-0.0208908510969898,0.000272872257525342,0.0937866723607271));
#4919=CARTESIAN_POINT('',(-0.0691091489030101,0.00027287225752533,0.0937866723607271));
#4920=CARTESIAN_POINT('',(0.025,0.00494605729487219,-0.00105563143186297));
#4921=CARTESIAN_POINT('',(0.025,-0.01,-0.00105563143186297));
#4922=CARTESIAN_POINT('',(0.025,-0.01,0.0943250507826024));
#4923=CARTESIAN_POINT('',(0.025,0.00989011733067487,0.0932826539036226));
#4924=CARTESIAN_POINT('',(0.025,-0.0146583182991161,0.0945691828998526));
#4925=CARTESIAN_POINT('',(0.025,-0.0196023783349187,0.000230897564367057));
#4926=CARTESIAN_POINT('',(-0.00100000000000003,-0.0196023783349187,0.000230897564367078));
#4927=CARTESIAN_POINT('',(0.045,-0.0148121143784453,0.0916345788881349));
#4928=CARTESIAN_POINT('',(0.045,-0.014877534323749,0.0903862919696917));
#4929=CARTESIAN_POINT('',(0.045,-0.0146583182991161,0.0945691828998526));
#4930=CARTESIAN_POINT('',(0.065,-0.0146583182991161,0.0945691828998526));
#4931=CARTESIAN_POINT('',(0.065,-0.0196023783349187,0.000230897564367042));
#4932=CARTESIAN_POINT('',(0.065,0.00494605729487219,-0.00105563143186298));
#4933=CARTESIAN_POINT('',(0.065,0.00989011733067487,0.0932826539036225));
#4934=CARTESIAN_POINT('',(0.065,-0.01,0.0943250507826023));
#4935=CARTESIAN_POINT('',(0.065,-0.01,0.0879156447443763));
#4936=CARTESIAN_POINT('',(0.045,0.00989011733067487,0.0932826539036225));
#4937=CARTESIAN_POINT('',(0.0691091489030102,0.000272872257525328,0.0937866723607271));
#4938=CARTESIAN_POINT('',(0.0208908510969899,0.000272872257525333,0.0937866723607271));
#4939=CARTESIAN_POINT('',(0.045,-0.0228011506564819,0.0920532665380784));
#4940=CARTESIAN_POINT('',(0.045,-0.0235511971070217,0.0920925748069103));
#4941=CARTESIAN_POINT('',(0.045,-0.0228011506564819,0.0920532665380784));
#4942=CARTESIAN_POINT('',(0.045,-0.0228665706017856,0.0908049796196352));
#4943=CARTESIAN_POINT('',(0.045,-0.0148121143784453,0.0916345788881349));
#4944=CARTESIAN_POINT('',(-0.045,-0.0228011506564819,0.0920532665380784));
#4945=CARTESIAN_POINT('',(-0.045,-0.0235511971070217,0.0920925748069103));
#4946=CARTESIAN_POINT('',(-0.045,-0.0228011506564819,0.0920532665380784));
#4947=CARTESIAN_POINT('',(-0.045,-0.0228665706017856,0.0908049796196352));
#4948=CARTESIAN_POINT('',(-0.045,-0.0148121143784453,0.0916345788881349));
#4949=CARTESIAN_POINT('',(0.045,-0.0322211556128043,-0.0876911356325865));
#4950=CARTESIAN_POINT('',(0.045,-0.0329712020633441,-0.0876518273637546));
#4951=CARTESIAN_POINT('',(0.045,-0.0322211556128043,-0.0876911356325865));
#4952=CARTESIAN_POINT('',(0.045,-0.032286575558108,-0.0889394225510297));
#4953=CARTESIAN_POINT('',(0.045,-0.0242321193347677,-0.08810982328253));
#4954=CARTESIAN_POINT('',(-0.045,-0.0322211556128043,-0.0876911356325865));
#4955=CARTESIAN_POINT('',(-0.045,-0.0329712020633441,-0.0876518273637545));
#4956=CARTESIAN_POINT('',(-0.045,-0.0322211556128043,-0.0876911356325865));
#4957=CARTESIAN_POINT('',(-0.045,-0.032286575558108,-0.0889394225510297));
#4958=CARTESIAN_POINT('',(-0.045,-0.0242321193347677,-0.08810982328253));
#4959=CARTESIAN_POINT('',(-0.065,-0.01,-0.00105563143186293));
#4960=CARTESIAN_POINT('',(-0.065,-0.01,-0.00105563143186293));
#4961=CARTESIAN_POINT('',(-0.021,0.,1.55207061711051E-18));
#4962=CARTESIAN_POINT('',(-0.021,0.,1.55207061711051E-18));
#4963=CARTESIAN_POINT('',(0.025,-0.01,-0.00105563143186297));
#4964=CARTESIAN_POINT('',(0.025,-0.01,-0.00105563143186297));
#4965=CARTESIAN_POINT('',(0.069,0.,-3.83828354860936E-20));
#4966=CARTESIAN_POINT('',(0.069,0.,-3.83828354860936E-20));
#4967=CARTESIAN_POINT('',(-0.114,-0.012,0.));
#4968=CARTESIAN_POINT('',(-0.114,-0.012,-0.046));
#4969=CARTESIAN_POINT('',(-0.114,-0.012,-0.04725));
#4970=CARTESIAN_POINT('',(-0.114,-0.012,-0.046));
#4971=CARTESIAN_POINT('',(-0.114,-0.012,0.));
#4972=CARTESIAN_POINT('',(-0.114,-0.012,7.65404249467096E-20));
#4973=CARTESIAN_POINT('',(-0.114,-0.012,-0.00125));
#4974=CARTESIAN_POINT('',(-0.114,-0.012,7.65404249467096E-20));
#4975=CARTESIAN_POINT('',(-0.114,-0.012,0.));
#4976=CARTESIAN_POINT('',(-0.114,-0.012,0.046));
#4977=CARTESIAN_POINT('',(-0.114,-0.012,0.04475));
#4978=CARTESIAN_POINT('',(-0.114,-0.012,0.046));
#4979=CARTESIAN_POINT('',(-0.114,-0.012,-0.046));
#4980=CARTESIAN_POINT('',(0.114,-0.012,-0.046));
#4981=CARTESIAN_POINT('',(0.114,-0.012,-0.04725));
#4982=CARTESIAN_POINT('',(0.114,-0.012,0.));
#4983=CARTESIAN_POINT('',(-0.114,-0.012,7.65404249467096E-20));
#4984=CARTESIAN_POINT('',(0.114,-0.012,7.65404249467096E-20));
#4985=CARTESIAN_POINT('',(0.114,-0.012,-0.00125));
#4986=CARTESIAN_POINT('',(0.114,-0.012,0.));
#4987=CARTESIAN_POINT('',(-0.114,-0.012,0.046));
#4988=CARTESIAN_POINT('',(0.114,-0.012,0.046));
#4989=CARTESIAN_POINT('',(0.114,-0.012,0.04475));
#4990=CARTESIAN_POINT('',(0.114,-0.012,0.));
#4991=CARTESIAN_POINT('',(-0.123741180954897,-0.000965925826289068,2.51305441811771E-17));
#4992=CARTESIAN_POINT('',(-0.123183503419072,-3.36102673470506E-18,-0.0974115518234522));
#4993=CARTESIAN_POINT('',(-0.123369395931014,-0.000321975275429694,-0.0974115518234522));
#4994=CARTESIAN_POINT('',(-0.123555288442956,-0.000643950550859384,-0.0974115518234522));
#4995=CARTESIAN_POINT('',(-0.123741180954897,-0.000965925826289074,-0.0974115518234522));
#4996=CARTESIAN_POINT('',(-0.123741180954897,-0.000965925826289077,0.0974115518234521));
#4997=CARTESIAN_POINT('',(-0.123555288442956,-0.000643950550859386,0.0974115518234521));
#4998=CARTESIAN_POINT('',(-0.123369395931014,-0.000321975275429695,0.0974115518234521));
#4999=CARTESIAN_POINT('',(-0.123183503419072,-3.36102673470506E-18,0.0974115518234521));
#5000=CARTESIAN_POINT('',(-0.118911551823452,-0.000965925826289074,0.102241180954897));
#5001=CARTESIAN_POINT('',(-0.120198375664527,-0.00100112184397316,0.102236394085118));
#5002=CARTESIAN_POINT('',(-0.121443738855796,-0.00102108025622089,0.10171802855079));
#5003=CARTESIAN_POINT('',(-0.12321802855079,-0.00102108025622088,0.0999437388557963));
#5004=CARTESIAN_POINT('',(-0.123736394085118,-0.00100112184397316,0.0986983756645274));
#5005=CARTESIAN_POINT('',(-0.123741180954897,-0.000965925826289077,0.0974115518234522));
#5006=CARTESIAN_POINT('',(-0.118911551823452,-7.58941520739853E-19,0.101683503419072));
#5007=CARTESIAN_POINT('',(-0.120058127822257,-7.58941520739853E-19,0.101687611065343));
#5008=CARTESIAN_POINT('',(-0.121164419027086,-7.58941520739853E-19,0.101233831708907));
#5009=CARTESIAN_POINT('',(-0.122733831708907,-7.58941520739853E-19,0.099664419027086));
#5010=CARTESIAN_POINT('',(-0.123187611065343,-7.58941520739853E-19,0.0985581278222569));
#5011=CARTESIAN_POINT('',(-0.123183503419072,-7.58941520739853E-19,0.0974115518234522));
#5012=CARTESIAN_POINT('',(-0.118911551823452,1.62630325872825E-19,0.101683503419072));
#5013=CARTESIAN_POINT('',(-0.118911551823452,-0.000321975275429691,0.101869395931014));
#5014=CARTESIAN_POINT('',(-0.118911551823452,-0.000643950550859383,0.102055288442956));
#5015=CARTESIAN_POINT('',(-0.118911551823452,-0.000965925826289075,0.102241180954897));
#5016=CARTESIAN_POINT('',(-0.123741180954897,-0.000965925826289072,-0.0974115518234522));
#5017=CARTESIAN_POINT('',(-0.123736394085118,-0.00100112184397317,-0.0986983756645274));
#5018=CARTESIAN_POINT('',(-0.12321802855079,-0.00102108025622088,-0.0999437388557963));
#5019=CARTESIAN_POINT('',(-0.121443738855796,-0.00102108025622089,-0.10171802855079));
#5020=CARTESIAN_POINT('',(-0.120198375664527,-0.00100112184397316,-0.102236394085118));
#5021=CARTESIAN_POINT('',(-0.118911551823452,-0.000965925826289071,-0.102241180954897));
#5022=CARTESIAN_POINT('',(-0.123183503419072,-7.58941520739853E-19,-0.0974115518234522));
#5023=CARTESIAN_POINT('',(-0.123187611065343,-7.58941520739853E-19,-0.0985581278222569));
#5024=CARTESIAN_POINT('',(-0.122733831708907,-7.58941520739853E-19,-0.099664419027086));
#5025=CARTESIAN_POINT('',(-0.121164419027086,-7.58941520739853E-19,-0.101233831708907));
#5026=CARTESIAN_POINT('',(-0.120058127822257,-7.58941520739853E-19,-0.101687611065343));
#5027=CARTESIAN_POINT('',(-0.118911551823452,-7.58941520739853E-19,-0.101683503419072));
#5028=CARTESIAN_POINT('',(-0.118911551823452,-0.000965925826289074,-0.102241180954897));
#5029=CARTESIAN_POINT('',(-0.118911551823452,-0.000643950550859383,-0.102055288442956));
#5030=CARTESIAN_POINT('',(-0.118911551823452,-0.000321975275429692,-0.101869395931014));
#5031=CARTESIAN_POINT('',(-0.118911551823452,-3.25260651745651E-19,-0.101683503419072));
#5032=CARTESIAN_POINT('',(0.,0.,0.101683503419072));
#5033=CARTESIAN_POINT('',(0.118911551823452,-0.000965925826289069,0.102241180954897));
#5034=CARTESIAN_POINT('',(0.118911551823452,-0.000643950550859382,0.102055288442956));
#5035=CARTESIAN_POINT('',(0.118911551823452,-0.000321975275429694,0.101869395931014));
#5036=CARTESIAN_POINT('',(0.118911551823452,-6.41583420963072E-18,0.101683503419072));
#5037=CARTESIAN_POINT('',(0.,-0.000965925826289068,-0.102241180954897));
#5038=CARTESIAN_POINT('',(0.118911551823452,-1.25767452008319E-17,-0.101683503419072));
#5039=CARTESIAN_POINT('',(0.118911551823452,-0.000321975275429701,-0.101869395931014));
#5040=CARTESIAN_POINT('',(0.118911551823452,-0.00064395055085939,-0.102055288442956));
#5041=CARTESIAN_POINT('',(0.118911551823452,-0.000965925826289079,-0.102241180954897));
#5042=CARTESIAN_POINT('',(0.123741180954897,-0.000965925826289071,0.0974115518234522));
#5043=CARTESIAN_POINT('',(0.123736394085118,-0.00100112184397317,0.0986983756645274));
#5044=CARTESIAN_POINT('',(0.12321802855079,-0.00102108025622089,0.0999437388557963));
#5045=CARTESIAN_POINT('',(0.121443738855796,-0.00102108025622089,0.10171802855079));
#5046=CARTESIAN_POINT('',(0.120198375664527,-0.00100112184397316,0.102236394085118));
#5047=CARTESIAN_POINT('',(0.118911551823452,-0.000965925826289071,0.102241180954897));
#5048=CARTESIAN_POINT('',(0.123183503419072,-7.58941520739853E-19,0.0974115518234522));
#5049=CARTESIAN_POINT('',(0.123187611065343,-7.58941520739853E-19,0.0985581278222569));
#5050=CARTESIAN_POINT('',(0.122733831708907,-7.58941520739853E-19,0.099664419027086));
#5051=CARTESIAN_POINT('',(0.121164419027086,-7.58941520739853E-19,0.101233831708907));
#5052=CARTESIAN_POINT('',(0.120058127822257,-7.58941520739853E-19,0.101687611065343));
#5053=CARTESIAN_POINT('',(0.118911551823452,-7.58941520739853E-19,0.101683503419072));
#5054=CARTESIAN_POINT('',(0.123183503419072,-3.28947887046265E-18,0.0974115518234522));
#5055=CARTESIAN_POINT('',(0.123369395931014,-0.000321975275429694,0.0974115518234522));
#5056=CARTESIAN_POINT('',(0.123555288442956,-0.000643950550859384,0.0974115518234522));
#5057=CARTESIAN_POINT('',(0.123741180954897,-0.000965925826289075,0.0974115518234522));
#5058=CARTESIAN_POINT('',(0.118911551823452,-0.000965925826289074,-0.102241180954897));
#5059=CARTESIAN_POINT('',(0.120198375664527,-0.00100112184397316,-0.102236394085118));
#5060=CARTESIAN_POINT('',(0.121443738855796,-0.00102108025622089,-0.10171802855079));
#5061=CARTESIAN_POINT('',(0.12321802855079,-0.00102108025622089,-0.0999437388557963));
#5062=CARTESIAN_POINT('',(0.123736394085118,-0.00100112184397316,-0.0986983756645274));
#5063=CARTESIAN_POINT('',(0.123741180954897,-0.000965925826289077,-0.0974115518234522));
#5064=CARTESIAN_POINT('',(0.118911551823452,-7.58941520739853E-19,-0.101683503419072));
#5065=CARTESIAN_POINT('',(0.120058127822257,-7.58941520739853E-19,-0.101687611065343));
#5066=CARTESIAN_POINT('',(0.121164419027086,-7.58941520739853E-19,-0.101233831708907));
#5067=CARTESIAN_POINT('',(0.122733831708907,-7.58941520739853E-19,-0.099664419027086));
#5068=CARTESIAN_POINT('',(0.123187611065343,-7.58941520739853E-19,-0.0985581278222569));
#5069=CARTESIAN_POINT('',(0.123183503419072,-7.58941520739853E-19,-0.0974115518234522));
#5070=CARTESIAN_POINT('',(0.123741180954897,-0.000965925826289075,-0.0974115518234521));
#5071=CARTESIAN_POINT('',(0.123555288442956,-0.000643950550859384,-0.0974115518234521));
#5072=CARTESIAN_POINT('',(0.123369395931014,-0.000321975275429693,-0.0974115518234521));
#5073=CARTESIAN_POINT('',(0.123183503419072,-2.5571491986131E-18,-0.0974115518234521));
#5074=CARTESIAN_POINT('',(0.123183503419072,0.,-2.50172856859474E-17));
#5075=CARTESIAN_POINT('',(-2.59467106501494E-19,-0.008,-0.093));
#5076=CARTESIAN_POINT('',(-2.16840434497101E-19,-0.00875107577378445,-0.093));
#5077=CARTESIAN_POINT('',(-2.59467106501494E-19,-0.008,-0.093));
#5078=CARTESIAN_POINT('',(-2.59467106501494E-19,-0.008,-0.09425));
#5079=CARTESIAN_POINT('',(-2.59467106501494E-19,0.,-0.093));
#5080=CARTESIAN_POINT('',(0.076,-0.008,-0.093));
#5081=CARTESIAN_POINT('',(0.076,-0.00875107577378445,-0.093));
#5082=CARTESIAN_POINT('',(0.076,-0.008,-0.093));
#5083=CARTESIAN_POINT('',(0.076,-0.008,-0.09425));
#5084=CARTESIAN_POINT('',(0.076,0.,-0.093));
#5085=CARTESIAN_POINT('',(-0.076,-0.008,-0.093));
#5086=CARTESIAN_POINT('',(-0.076,-0.00875107577378445,-0.093));
#5087=CARTESIAN_POINT('',(-0.076,-0.008,-0.093));
#5088=CARTESIAN_POINT('',(-0.076,-0.008,-0.09425));
#5089=CARTESIAN_POINT('',(-0.076,0.,-0.093));
#5090=CARTESIAN_POINT('',(0.014,0.0473981383982375,0.0858054522486297));
#5091=CARTESIAN_POINT('',(0.014,0.000100000000000003,0.0899435031643556));
#5092=CARTESIAN_POINT('',(-0.014,0.0589105532156543,0.0847982464622979));
#5093=CARTESIAN_POINT('',(-0.014,0.00010000000000001,0.0899435031643556));
#5094=CARTESIAN_POINT('',(0.,0.000492200842364453,0.0944263793057685));
#5095=CARTESIAN_POINT('',(-0.092,0.025,-0.088));
#5096=CARTESIAN_POINT('',(-0.06,0.13,-0.088));
#5097=CARTESIAN_POINT('',(0.06,0.025,-0.088));
#5098=CARTESIAN_POINT('',(0.092,0.13,-0.088));
#5099=CARTESIAN_POINT('',(0.016,0.13,-0.088));
#5100=CARTESIAN_POINT('',(-0.016,0.025,-0.088));
#5101=CARTESIAN_POINT('',(-1.0842021724855E-19,0.000361467228242968,0.0929320872586308));
#5102=CARTESIAN_POINT('',(-1.0842021724855E-19,-0.00807850226316854,0.093670488909634));
#5103=CARTESIAN_POINT('',(-1.0842021724855E-19,-0.00818744694160311,0.0924252455370193));
#5104=CARTESIAN_POINT('',(-1.0842021724855E-19,-0.00807850226316854,0.093670488909634));
#5105=CARTESIAN_POINT('',(-2.16840434497101E-19,-0.00882671996687776,0.0937359494765579));
#5106=CARTESIAN_POINT('',(-0.076,0.000492200842364453,0.0944263793057685));
#5107=CARTESIAN_POINT('',(-0.062,0.000100000000000003,0.0899435031643556));
#5108=CARTESIAN_POINT('',(-0.09,0.00010000000000001,0.0899435031643556));
#5109=CARTESIAN_POINT('',(-0.09,0.0589105532156543,0.0847982464622979));
#5110=CARTESIAN_POINT('',(-0.062,0.0473981383982375,0.0858054522486297));
#5111=CARTESIAN_POINT('',(-0.076,0.000361467228242968,0.0929320872586308));
#5112=CARTESIAN_POINT('',(-0.076,-0.00807850226316854,0.093670488909634));
#5113=CARTESIAN_POINT('',(-0.076,-0.00818744694160311,0.0924252455370193));
#5114=CARTESIAN_POINT('',(-0.076,-0.00807850226316854,0.093670488909634));
#5115=CARTESIAN_POINT('',(-0.076,-0.00882671996687776,0.0937359494765579));
#5116=CARTESIAN_POINT('',(0.076,0.000492200842364453,0.0944263793057685));
#5117=CARTESIAN_POINT('',(0.09,0.000100000000000003,0.0899435031643556));
#5118=CARTESIAN_POINT('',(0.062,0.00010000000000001,0.0899435031643556));
#5119=CARTESIAN_POINT('',(0.062,0.0589105532156543,0.0847982464622979));
#5120=CARTESIAN_POINT('',(0.09,0.0473981383982375,0.0858054522486297));
#5121=CARTESIAN_POINT('',(0.076,0.000361467228242968,0.0929320872586308));
#5122=CARTESIAN_POINT('',(0.076,-0.00807850226316854,0.093670488909634));
#5123=CARTESIAN_POINT('',(0.076,-0.00818744694160311,0.0924252455370193));
#5124=CARTESIAN_POINT('',(0.076,-0.00807850226316854,0.093670488909634));
#5125=CARTESIAN_POINT('',(0.076,-0.00882671996687776,0.0937359494765579));
#5126=MECHANICAL_DESIGN_GEOMETRIC_PRESENTATION_REPRESENTATION('',(#2882,
#48),#5127);
#5127=(
GEOMETRIC_REPRESENTATION_CONTEXT(3)
GLOBAL_UNCERTAINTY_ASSIGNED_CONTEXT((#5128))
GLOBAL_UNIT_ASSIGNED_CONTEXT((#5131,#5130,#5129))
REPRESENTATION_CONTEXT('Front Bezel','TOP_LEVEL_ASSEMBLY_PART')
);
#5128=UNCERTAINTY_MEASURE_WITH_UNIT(LENGTH_MEASURE(2.E-5),#5131,
'DISTANCE_ACCURACY_VALUE','Maximum Tolerance applied to model');
#5129=(
NAMED_UNIT(*)
SI_UNIT($,.STERADIAN.)
SOLID_ANGLE_UNIT()
);
#5130=(
NAMED_UNIT(*)
PLANE_ANGLE_UNIT()
SI_UNIT($,.RADIAN.)
);
#5131=(
LENGTH_UNIT()
NAMED_UNIT(*)
SI_UNIT($,.METRE.)
);
#5132=PRODUCT_DEFINITION_SHAPE('','',#5133);
#5133=PRODUCT_DEFINITION('','',#5135,#5134);
#5134=PRODUCT_DEFINITION_CONTEXT('',#5141,'design');
#5135=PRODUCT_DEFINITION_FORMATION_WITH_SPECIFIED_SOURCE('','',#5137,
 .NOT_KNOWN.);
#5136=PRODUCT_RELATED_PRODUCT_CATEGORY('','',(#5137));
#5137=PRODUCT('Front Bezel','Front Bezel','Front Bezel',(#5139));
#5138=PRODUCT_CATEGORY('','');
#5139=PRODUCT_CONTEXT('',#5141,'mechanical');
#5140=APPLICATION_PROTOCOL_DEFINITION('international standard',
'ap242_managed_model_based_3d_engineering',2020,#5141);
#5141=APPLICATION_CONTEXT('managed model based 3d engineering');
ENDSEC;
END-ISO-10303-21;
