ISO-10303-21;
HEADER;
/* Generated by software containing ST-Developer
 * from STEP Tools, Inc. (www.steptools.com) 
 */
/* OPTION: using custom renumber hook */

FILE_DESCRIPTION(
/* description */ ('STEP AP242 Edition 2',
'CAx-IF Rec.Pracs.---Representation and Presentation of Product Manufa
cturing Information (PMI)---4.0---2014-10-13',
'CAx-IF Rec.Pracs.---3D Tessellated Geometry---0.4---2014-09-14','2;1',
'CAx-IF Rec.Pracs.---User Defined Attributes---1.5---2016-08-15'),
/* implementation_level */ '2;1');

FILE_NAME(
/* name */ 'Swivel Base - Bot',
/* time_stamp */ '2026-07-13T15:44:09Z',
/* author */ (''),
/* organization */ (''),
/* preprocessor_version */ 'ST-DEVELOPER v20',
/* originating_system */ 'ONSHAPE BY PTC INC, 1.217',
/* authorisation */ '  ');

FILE_SCHEMA (('AP242_MANAGED_MODEL_BASED_3D_ENGINEERING_MIM_LF { 1 0 10303 442 3 1 4 }'));
ENDSEC;

DATA;
#10=SHAPE_REPRESENTATION_RELATIONSHIP('','',#2315,#11);
#11=ADVANCED_BREP_SHAPE_REPRESENTATION('',(#2313),#4765);
#12=TOROIDAL_SURFACE('',#2466,0.011,0.003);
#13=TOROIDAL_SURFACE('',#2470,0.011,0.003);
#14=TOROIDAL_SURFACE('',#2472,0.011,0.003);
#15=TOROIDAL_SURFACE('',#2476,0.011,0.003);
#16=TOROIDAL_SURFACE('',#2555,0.0379224208088038,0.002);
#17=TOROIDAL_SURFACE('',#2562,0.0499635867407456,0.002);
#18=TOROIDAL_SURFACE('',#2563,0.0499635867407455,0.002);
#19=TOROIDAL_SURFACE('',#2564,0.013,0.002);
#20=TOROIDAL_SURFACE('',#2575,0.0379224208088038,0.002);
#21=TOROIDAL_SURFACE('',#2582,0.0499635867407455,0.002);
#22=TOROIDAL_SURFACE('',#2583,0.0499635867407456,0.002);
#23=TOROIDAL_SURFACE('',#2584,0.013,0.002);
#24=TOROIDAL_SURFACE('',#2593,0.0480037498535272,0.002);
#25=TOROIDAL_SURFACE('',#2602,0.0480037498535271,0.002);
#26=(
BOUNDED_SURFACE()
B_SPLINE_SURFACE(3,2,((#3777,#3778,#3779),(#3780,#3781,#3782),(#3783,#3784,
#3785),(#3786,#3787,#3788)),.UNSPECIFIED.,.F.,.F.,.F.)
B_SPLINE_SURFACE_WITH_KNOTS((4,4),(3,3),(0.448436481290038,0.555781257417887),
(0.,1.),.PIECEWISE_BEZIER_KNOTS.)
GEOMETRIC_REPRESENTATION_ITEM()
RATIONAL_B_SPLINE_SURFACE(((1.,0.637337556243244,1.),(1.,0.68743029577472,
1.),(1.,0.73447092897878,1.),(1.,0.775441301690958,1.)))
REPRESENTATION_ITEM('')
SURFACE()
);
#27=(
BOUNDED_SURFACE()
B_SPLINE_SURFACE(3,2,((#3794,#3795,#3796),(#3797,#3798,#3799),(#3800,#3801,
#3802),(#3803,#3804,#3805),(#3806,#3807,#3808),(#3809,#3810,#3811),(#3812,
#3813,#3814)),.UNSPECIFIED.,.F.,.F.,.F.)
B_SPLINE_SURFACE_WITH_KNOTS((4,1,1,1,4),(3,3),(1.12757025938492E-17,0.000601261401948827,
0.00120252280389764,0.00180378420584646,0.00240504560779527),(0.,1.),
 .UNSPECIFIED.)
GEOMETRIC_REPRESENTATION_ITEM()
RATIONAL_B_SPLINE_SURFACE(((1.,0.795810795311086,1.),(1.,0.801086457593506,
1.),(1.,0.838466680659188,1.),(1.,0.922787069847326,1.),(1.,0.985098208858145,
1.),(1.,0.999999999972331,1.),(1.,1.,1.)))
REPRESENTATION_ITEM('')
SURFACE()
);
#28=(
BOUNDED_SURFACE()
B_SPLINE_SURFACE(3,2,((#3822,#3823,#3824),(#3825,#3826,#3827),(#3828,#3829,
#3830),(#3831,#3832,#3833)),.UNSPECIFIED.,.F.,.F.,.F.)
B_SPLINE_SURFACE_WITH_KNOTS((4,4),(3,3),(0.000499284642369189,0.000706136327130219),
(0.,1.),.PIECEWISE_BEZIER_KNOTS.)
GEOMETRIC_REPRESENTATION_ITEM()
RATIONAL_B_SPLINE_SURFACE(((1.,0.793353340291235,1.),(1.,0.794430085454564,
1.),(1.,0.795250249954212,1.),(1.,0.795810795311097,1.)))
REPRESENTATION_ITEM('')
SURFACE()
);
#29=(
BOUNDED_SURFACE()
B_SPLINE_SURFACE(3,2,((#3849,#3850,#3851),(#3852,#3853,#3854),(#3855,#3856,
#3857),(#3858,#3859,#3860)),.UNSPECIFIED.,.F.,.F.,.F.)
B_SPLINE_SURFACE_WITH_KNOTS((4,4),(3,3),(0.000499284642369143,0.000706136327130179),
(0.,1.),.PIECEWISE_BEZIER_KNOTS.)
GEOMETRIC_REPRESENTATION_ITEM()
RATIONAL_B_SPLINE_SURFACE(((1.,0.793353340291236,1.),(1.,0.79443008545458,
1.),(1.,0.795250249954235,1.),(1.,0.795810795311097,1.)))
REPRESENTATION_ITEM('')
SURFACE()
);
#30=(
BOUNDED_SURFACE()
B_SPLINE_SURFACE(3,2,((#3862,#3863,#3864),(#3865,#3866,#3867),(#3868,#3869,
#3870),(#3871,#3872,#3873),(#3874,#3875,#3876),(#3877,#3878,#3879),(#3880,
#3881,#3882)),.UNSPECIFIED.,.F.,.F.,.F.)
B_SPLINE_SURFACE_WITH_KNOTS((4,1,1,1,4),(3,3),(1.56667213924155E-17,0.000601261401948842,
0.00120252280389767,0.0018037842058465,0.00240504560779532),(0.,1.),
 .UNSPECIFIED.)
GEOMETRIC_REPRESENTATION_ITEM()
RATIONAL_B_SPLINE_SURFACE(((1.,0.795810795311079,1.),(1.,0.801086457593804,
1.),(1.,0.838466680659037,1.),(1.,0.922787069847365,1.),(1.,0.985098208858134,
1.),(1.,0.999999999972331,1.),(1.,1.,1.)))
REPRESENTATION_ITEM('')
SURFACE()
);
#31=(
BOUNDED_SURFACE()
B_SPLINE_SURFACE(3,2,((#3888,#3889,#3890),(#3891,#3892,#3893),(#3894,#3895,
#3896),(#3897,#3898,#3899)),.UNSPECIFIED.,.F.,.F.,.F.)
B_SPLINE_SURFACE_WITH_KNOTS((4,4),(3,3),(0.444218749952108,0.551562283002407),
(0.,1.),.PIECEWISE_BEZIER_KNOTS.)
GEOMETRIC_REPRESENTATION_ITEM()
RATIONAL_B_SPLINE_SURFACE(((1.,0.775441293252183,1.),(1.,0.734471394163804,
1.),(1.,0.687431378697312,1.),(1.,0.6373392861812,1.)))
REPRESENTATION_ITEM('')
SURFACE()
);
#32=(
BOUNDED_SURFACE()
B_SPLINE_SURFACE(3,2,((#3900,#3901,#3902),(#3903,#3904,#3905),(#3906,#3907,
#3908),(#3909,#3910,#3911)),.UNSPECIFIED.,.F.,.F.,.F.)
B_SPLINE_SURFACE_WITH_KNOTS((4,4),(3,3),(0.448437716997658,0.555781250047935),
(0.,1.),.PIECEWISE_BEZIER_KNOTS.)
GEOMETRIC_REPRESENTATION_ITEM()
RATIONAL_B_SPLINE_SURFACE(((1.,0.637339286181205,1.),(1.,0.687431378678379,
1.),(1.,0.734471394177449,1.),(1.,0.775441293252186,1.)))
REPRESENTATION_ITEM('')
SURFACE()
);
#33=(
BOUNDED_SURFACE()
B_SPLINE_SURFACE(3,2,((#3917,#3918,#3919),(#3920,#3921,#3922),(#3923,#3924,
#3925),(#3926,#3927,#3928)),.UNSPECIFIED.,.F.,.F.,.F.)
B_SPLINE_SURFACE_WITH_KNOTS((4,4),(3,3),(0.000499284642369141,0.000706136327130185),
(0.,1.),.PIECEWISE_BEZIER_KNOTS.)
GEOMETRIC_REPRESENTATION_ITEM()
RATIONAL_B_SPLINE_SURFACE(((1.,0.793353340291235,1.),(1.,0.794430085454564,
1.),(1.,0.795250249954098,1.),(1.,0.795810795311098,1.)))
REPRESENTATION_ITEM('')
SURFACE()
);
#34=(
BOUNDED_SURFACE()
B_SPLINE_SURFACE(3,2,((#3935,#3936,#3937),(#3938,#3939,#3940),(#3941,#3942,
#3943),(#3944,#3945,#3946),(#3947,#3948,#3949),(#3950,#3951,#3952),(#3953,
#3954,#3955)),.UNSPECIFIED.,.F.,.F.,.F.)
B_SPLINE_SURFACE_WITH_KNOTS((4,1,1,1,4),(3,3),(-4.54822811357669E-17,0.000601261401948785,
0.00120252280389762,0.00180378420584645,0.00240504560779528),(0.,1.),
 .UNSPECIFIED.)
GEOMETRIC_REPRESENTATION_ITEM()
RATIONAL_B_SPLINE_SURFACE(((1.,0.795810795311092,1.),(1.,0.801086457588579,
1.),(1.,0.838466680661467,1.),(1.,0.922787069846704,1.),(1.,0.985098208858317,
1.),(1.,0.999999999972331,1.),(1.,1.,1.)))
REPRESENTATION_ITEM('')
SURFACE()
);
#35=(
BOUNDED_SURFACE()
B_SPLINE_SURFACE(3,2,((#3961,#3962,#3963),(#3964,#3965,#3966),(#3967,#3968,
#3969),(#3970,#3971,#3972)),.UNSPECIFIED.,.F.,.F.,.F.)
B_SPLINE_SURFACE_WITH_KNOTS((4,4),(3,3),(0.000499284642369143,0.000706136327130175),
(0.,1.),.PIECEWISE_BEZIER_KNOTS.)
GEOMETRIC_REPRESENTATION_ITEM()
RATIONAL_B_SPLINE_SURFACE(((1.,0.793353340291236,1.),(1.,0.79443008545458,
1.),(1.,0.795250249954235,1.),(1.,0.795810795311097,1.)))
REPRESENTATION_ITEM('')
SURFACE()
);
#36=(
BOUNDED_SURFACE()
B_SPLINE_SURFACE(3,2,((#3985,#3986,#3987),(#3988,#3989,#3990),(#3991,#3992,
#3993),(#3994,#3995,#3996),(#3997,#3998,#3999),(#4000,#4001,#4002),(#4003,
#4004,#4005)),.UNSPECIFIED.,.F.,.F.,.F.)
B_SPLINE_SURFACE_WITH_KNOTS((4,1,1,1,4),(3,3),(-2.47198095326695E-17,0.000601261401948799,
0.00120252280389762,0.00180378420584645,0.00240504560779527),(0.,1.),
 .UNSPECIFIED.)
GEOMETRIC_REPRESENTATION_ITEM()
RATIONAL_B_SPLINE_SURFACE(((1.,0.795810795311074,1.),(1.,0.801086457595224,
1.),(1.,0.838466680658387,1.),(1.,0.922787069847545,1.),(1.,0.985098208858086,
1.),(1.,0.999999999972331,1.),(1.,1.,1.)))
REPRESENTATION_ITEM('')
SURFACE()
);
#37=(
BOUNDED_SURFACE()
B_SPLINE_SURFACE(3,2,((#4011,#4012,#4013),(#4014,#4015,#4016),(#4017,#4018,
#4019),(#4020,#4021,#4022)),.UNSPECIFIED.,.F.,.F.,.F.)
B_SPLINE_SURFACE_WITH_KNOTS((4,4),(3,3),(0.448436481290058,0.555781257417917),
(0.,1.),.PIECEWISE_BEZIER_KNOTS.)
GEOMETRIC_REPRESENTATION_ITEM()
RATIONAL_B_SPLINE_SURFACE(((1.,0.637337556243241,1.),(1.,0.68743029577722,
1.),(1.,0.734470928983437,1.),(1.,0.775441301690955,1.)))
REPRESENTATION_ITEM('')
SURFACE()
);
#38=(
BOUNDED_SURFACE()
B_SPLINE_SURFACE(3,2,((#4023,#4024,#4025),(#4026,#4027,#4028),(#4029,#4030,
#4031),(#4032,#4033,#4034)),.UNSPECIFIED.,.F.,.F.,.F.)
B_SPLINE_SURFACE_WITH_KNOTS((4,4),(3,3),(0.444218742582139,0.551563518709979),
(0.,1.),.PIECEWISE_BEZIER_KNOTS.)
GEOMETRIC_REPRESENTATION_ITEM()
RATIONAL_B_SPLINE_SURFACE(((1.,0.775441301690956,1.),(1.,0.734470928978472,
1.),(1.,0.687430295780335,1.),(1.,0.637337556243242,1.)))
REPRESENTATION_ITEM('')
SURFACE()
);
#39=(
BOUNDED_SURFACE()
B_SPLINE_SURFACE(3,2,((#4040,#4041,#4042),(#4043,#4044,#4045),(#4046,#4047,
#4048),(#4049,#4050,#4051),(#4052,#4053,#4054),(#4055,#4056,#4057),(#4058,
#4059,#4060)),.UNSPECIFIED.,.F.,.F.,.F.)
B_SPLINE_SURFACE_WITH_KNOTS((4,1,1,1,4),(3,3),(-3.18755438710738E-17,0.000602253947449362,
0.00120450789489876,0.00180676184234815,0.00240901578979754),(0.,1.),
 .UNSPECIFIED.)
GEOMETRIC_REPRESENTATION_ITEM()
RATIONAL_B_SPLINE_SURFACE(((1.,0.795810795311087,1.),(1.,0.801081255531486,
1.),(1.,0.838526180263092,1.),(1.,0.922744796588473,1.),(1.,0.985009813109649,
1.),(1.,0.999999999972285,1.),(1.,1.,1.)))
REPRESENTATION_ITEM('')
SURFACE()
);
#40=(
BOUNDED_SURFACE()
B_SPLINE_SURFACE(3,2,((#4068,#4069,#4070),(#4071,#4072,#4073),(#4074,#4075,
#4076),(#4077,#4078,#4079)),.UNSPECIFIED.,.F.,.F.,.F.)
B_SPLINE_SURFACE_WITH_KNOTS((4,4),(3,3),(0.000499284642369143,0.000706136327130172),
(0.,1.),.PIECEWISE_BEZIER_KNOTS.)
GEOMETRIC_REPRESENTATION_ITEM()
RATIONAL_B_SPLINE_SURFACE(((1.,0.793353340291236,1.),(1.,0.79443008545458,
1.),(1.,0.795250249954129,1.),(1.,0.795810795311098,1.)))
REPRESENTATION_ITEM('')
SURFACE()
);
#41=(
BOUNDED_SURFACE()
B_SPLINE_SURFACE(3,2,((#4095,#4096,#4097),(#4098,#4099,#4100),(#4101,#4102,
#4103),(#4104,#4105,#4106)),.UNSPECIFIED.,.F.,.F.,.F.)
B_SPLINE_SURFACE_WITH_KNOTS((4,4),(3,3),(0.000499284642369141,0.000706136327130185),
(0.,1.),.PIECEWISE_BEZIER_KNOTS.)
GEOMETRIC_REPRESENTATION_ITEM()
RATIONAL_B_SPLINE_SURFACE(((1.,0.793353340291235,1.),(1.,0.794430085454564,
1.),(1.,0.795250249954109,1.),(1.,0.795810795311098,1.)))
REPRESENTATION_ITEM('')
SURFACE()
);
#42=(
BOUNDED_SURFACE()
B_SPLINE_SURFACE(3,2,((#4108,#4109,#4110),(#4111,#4112,#4113),(#4114,#4115,
#4116),(#4117,#4118,#4119),(#4120,#4121,#4122),(#4123,#4124,#4125),(#4126,
#4127,#4128)),.UNSPECIFIED.,.F.,.F.,.F.)
B_SPLINE_SURFACE_WITH_KNOTS((4,1,1,1,4),(3,3),(-4.54822811357669E-17,0.000601261401948785,
0.00120252280389762,0.00180378420584645,0.00240504560779528),(0.,1.),
 .UNSPECIFIED.)
GEOMETRIC_REPRESENTATION_ITEM()
RATIONAL_B_SPLINE_SURFACE(((1.,0.795810795311092,1.),(1.,0.801086457588579,
1.),(1.,0.838466680661467,1.),(1.,0.922787069846704,1.),(1.,0.985098208858317,
1.),(1.,0.999999999972331,1.),(1.,1.,1.)))
REPRESENTATION_ITEM('')
SURFACE()
);
#43=(
BOUNDED_SURFACE()
B_SPLINE_SURFACE(3,2,((#4134,#4135,#4136),(#4137,#4138,#4139),(#4140,#4141,
#4142),(#4143,#4144,#4145)),.UNSPECIFIED.,.F.,.F.,.F.)
B_SPLINE_SURFACE_WITH_KNOTS((4,4),(3,3),(0.444218749952107,0.551562283002407),
(0.,1.),.PIECEWISE_BEZIER_KNOTS.)
GEOMETRIC_REPRESENTATION_ITEM()
RATIONAL_B_SPLINE_SURFACE(((1.,0.775441293252187,1.),(1.,0.734471394174688,
1.),(1.,0.687431378695128,1.),(1.,0.637339286181203,1.)))
REPRESENTATION_ITEM('')
SURFACE()
);
#44=(
BOUNDED_SURFACE()
B_SPLINE_SURFACE(3,2,((#4146,#4147,#4148),(#4149,#4150,#4151),(#4152,#4153,
#4154),(#4155,#4156,#4157)),.UNSPECIFIED.,.F.,.F.,.F.)
B_SPLINE_SURFACE_WITH_KNOTS((4,4),(3,3),(0.448437716997658,0.555781250047935),
(0.,1.),.PIECEWISE_BEZIER_KNOTS.)
GEOMETRIC_REPRESENTATION_ITEM()
RATIONAL_B_SPLINE_SURFACE(((1.,0.637339286181202,1.),(1.,0.687431378692118,
1.),(1.,0.734471394170919,1.),(1.,0.775441293252185,1.)))
REPRESENTATION_ITEM('')
SURFACE()
);
#45=(
BOUNDED_SURFACE()
B_SPLINE_SURFACE(3,2,((#4163,#4164,#4165),(#4166,#4167,#4168),(#4169,#4170,
#4171),(#4172,#4173,#4174)),.UNSPECIFIED.,.F.,.F.,.F.)
B_SPLINE_SURFACE_WITH_KNOTS((4,4),(3,3),(0.000499284642369239,0.000706136327130275),
(0.,1.),.PIECEWISE_BEZIER_KNOTS.)
GEOMETRIC_REPRESENTATION_ITEM()
RATIONAL_B_SPLINE_SURFACE(((1.,0.793353340291236,1.),(1.,0.79443008545458,
1.),(1.,0.795250249954132,1.),(1.,0.795810795311098,1.)))
REPRESENTATION_ITEM('')
SURFACE()
);
#46=(
BOUNDED_SURFACE()
B_SPLINE_SURFACE(3,2,((#4181,#4182,#4183),(#4184,#4185,#4186),(#4187,#4188,
#4189),(#4190,#4191,#4192),(#4193,#4194,#4195),(#4196,#4197,#4198),(#4199,
#4200,#4201)),.UNSPECIFIED.,.F.,.F.,.F.)
B_SPLINE_SURFACE_WITH_KNOTS((4,1,1,1,4),(3,3),(-3.26344853918137E-17,0.000601261401948787,
0.00120252280389761,0.00180378420584643,0.00240504560779525),(0.,1.),
 .UNSPECIFIED.)
GEOMETRIC_REPRESENTATION_ITEM()
RATIONAL_B_SPLINE_SURFACE(((1.,0.795810795311091,1.),(1.,0.801086457591938,
1.),(1.,0.838466680659906,1.),(1.,0.922787069847134,1.),(1.,0.985098208858201,
1.),(1.,0.999999999972331,1.),(1.,1.,1.)))
REPRESENTATION_ITEM('')
SURFACE()
);
#47=(
BOUNDED_SURFACE()
B_SPLINE_SURFACE(3,2,((#4207,#4208,#4209),(#4210,#4211,#4212),(#4213,#4214,
#4215),(#4216,#4217,#4218)),.UNSPECIFIED.,.F.,.F.,.F.)
B_SPLINE_SURFACE_WITH_KNOTS((4,4),(3,3),(0.000499284642369141,0.00070613632713022),
(0.,1.),.PIECEWISE_BEZIER_KNOTS.)
GEOMETRIC_REPRESENTATION_ITEM()
RATIONAL_B_SPLINE_SURFACE(((1.,0.793353340291235,1.),(1.,0.794430085454564,
1.),(1.,0.795250249954109,1.),(1.,0.795810795311098,1.)))
REPRESENTATION_ITEM('')
SURFACE()
);
#48=(
BOUNDED_SURFACE()
B_SPLINE_SURFACE(3,2,((#4231,#4232,#4233),(#4234,#4235,#4236),(#4237,#4238,
#4239),(#4240,#4241,#4242),(#4243,#4244,#4245),(#4246,#4247,#4248),(#4249,
#4250,#4251)),.UNSPECIFIED.,.F.,.F.,.F.)
B_SPLINE_SURFACE_WITH_KNOTS((4,1,1,1,4),(3,3),(1.0842021724855E-17,0.000601261401948825,
0.00120252280389764,0.00180378420584645,0.00240504560779527),(0.,1.),
 .UNSPECIFIED.)
GEOMETRIC_REPRESENTATION_ITEM()
RATIONAL_B_SPLINE_SURFACE(((1.,0.795810795311118,1.),(1.,0.801086457582055,
1.),(1.,0.8384666806645,1.),(1.,0.922787069845898,1.),(1.,0.985098208858554,
1.),(1.,0.999999999972331,1.),(1.,1.,1.)))
REPRESENTATION_ITEM('')
SURFACE()
);
#49=(
BOUNDED_SURFACE()
B_SPLINE_SURFACE(3,2,((#4257,#4258,#4259),(#4260,#4261,#4262),(#4263,#4264,
#4265),(#4266,#4267,#4268)),.UNSPECIFIED.,.F.,.F.,.F.)
B_SPLINE_SURFACE_WITH_KNOTS((4,4),(3,3),(0.44421874258214,0.55156351870998),
(0.,1.),.PIECEWISE_BEZIER_KNOTS.)
GEOMETRIC_REPRESENTATION_ITEM()
RATIONAL_B_SPLINE_SURFACE(((1.,0.775441301690958,1.),(1.,0.734470928977851,
1.),(1.,0.687430295784085,1.),(1.,0.637337556243244,1.)))
REPRESENTATION_ITEM('')
SURFACE()
);
#50=(
BOUNDED_SURFACE()
B_SPLINE_SURFACE(3,2,((#4293,#4294,#4295),(#4296,#4297,#4298),(#4299,#4300,
#4301),(#4302,#4303,#4304),(#4305,#4306,#4307),(#4308,#4309,#4310),(#4311,
#4312,#4313)),.UNSPECIFIED.,.F.,.F.,.F.)
B_SPLINE_SURFACE_WITH_KNOTS((4,1,1,1,4),(3,3),(2.3897132392948,2.7656529464423,
3.14159265358979,3.51753236073729,3.89347206788479),(0.,1.),
 .UNSPECIFIED.)
GEOMETRIC_REPRESENTATION_ITEM()
RATIONAL_B_SPLINE_SURFACE(((1.,0.608761429008721,1.),(1.,0.596306242908462,
1.),(1.,0.575685185390788,1.),(1.,0.564423219708039,1.),(1.,0.575685185392068,
1.),(1.,0.596306242905476,1.),(1.,0.608761429008724,1.)))
REPRESENTATION_ITEM('')
SURFACE()
);
#51=(
BOUNDED_SURFACE()
B_SPLINE_SURFACE(3,2,((#4320,#4321,#4322),(#4323,#4324,#4325),(#4326,#4327,
#4328),(#4329,#4330,#4331),(#4332,#4333,#4334),(#4335,#4336,#4337),(#4338,
#4339,#4340)),.UNSPECIFIED.,.F.,.F.,.F.)
B_SPLINE_SURFACE_WITH_KNOTS((4,1,1,1,4),(3,3),(2.38971323929479,2.76565294644229,
3.14159265358978,3.51753236073727,3.89347206788477),(0.,1.),
 .UNSPECIFIED.)
GEOMETRIC_REPRESENTATION_ITEM()
RATIONAL_B_SPLINE_SURFACE(((1.,0.608761429008724,1.),(1.,0.596306242905476,
1.),(1.,0.575685185392075,1.),(1.,0.564423219708013,1.),(1.,0.575685185390883,
1.),(1.,0.596306242908258,1.),(1.,0.608761429008718,1.)))
REPRESENTATION_ITEM('')
SURFACE()
);
#52=(
BOUNDED_SURFACE()
B_SPLINE_SURFACE(3,2,((#4342,#4343,#4344),(#4345,#4346,#4347),(#4348,#4349,
#4350),(#4351,#4352,#4353),(#4354,#4355,#4356),(#4357,#4358,#4359),(#4360,
#4361,#4362)),.UNSPECIFIED.,.F.,.F.,.F.)
B_SPLINE_SURFACE_WITH_KNOTS((4,1,1,1,4),(3,3),(2.38971323929482,2.7656529464423,
3.14159265358979,3.51753236073728,3.89347206788477),(0.,1.),
 .UNSPECIFIED.)
GEOMETRIC_REPRESENTATION_ITEM()
RATIONAL_B_SPLINE_SURFACE(((1.,0.608761429008724,1.),(1.,0.596306242905476,
1.),(1.,0.575685185392074,1.),(1.,0.564423219708015,1.),(1.,0.575685185390886,
1.),(1.,0.596306242908262,1.),(1.,0.608761429008722,1.)))
REPRESENTATION_ITEM('')
SURFACE()
);
#53=(
BOUNDED_SURFACE()
B_SPLINE_SURFACE(3,2,((#4368,#4369,#4370),(#4371,#4372,#4373),(#4374,#4375,
#4376),(#4377,#4378,#4379),(#4380,#4381,#4382),(#4383,#4384,#4385),(#4386,
#4387,#4388)),.UNSPECIFIED.,.F.,.F.,.F.)
B_SPLINE_SURFACE_WITH_KNOTS((4,1,1,1,4),(3,3),(2.3897132392948,2.7656529464423,
3.14159265358979,3.51753236073729,3.89347206788479),(0.,1.),
 .UNSPECIFIED.)
GEOMETRIC_REPRESENTATION_ITEM()
RATIONAL_B_SPLINE_SURFACE(((1.,0.608761429008721,1.),(1.,0.596306242908462,
1.),(1.,0.575685185390793,1.),(1.,0.564423219708036,1.),(1.,0.575685185392073,
1.),(1.,0.596306242905476,1.),(1.,0.608761429008724,1.)))
REPRESENTATION_ITEM('')
SURFACE()
);
#54=(
BOUNDED_SURFACE()
B_SPLINE_SURFACE(3,2,((#4485,#4486,#4487),(#4488,#4489,#4490),(#4491,#4492,
#4493),(#4494,#4495,#4496),(#4497,#4498,#4499),(#4500,#4501,#4502),(#4503,
#4504,#4505)),.UNSPECIFIED.,.F.,.F.,.F.)
B_SPLINE_SURFACE_WITH_KNOTS((4,1,1,1,4),(3,3),(3.14159265358979,3.53429173528852,
3.92699081698724,4.31968989868597,4.71238898038469),(0.,1.),
 .UNSPECIFIED.)
GEOMETRIC_REPRESENTATION_ITEM()
RATIONAL_B_SPLINE_SURFACE(((1.,0.79335334029123,1.),(1.,0.793353340995998,
1.),(1.,0.819143552523741,1.),(1.,0.90406871190339,1.),(1.,0.980241430938044,
1.),(1.,0.999999999860081,1.),(1.,1.,1.)))
REPRESENTATION_ITEM('')
SURFACE()
);
#55=(
BOUNDED_SURFACE()
B_SPLINE_SURFACE(3,2,((#4507,#4508,#4509),(#4510,#4511,#4512),(#4513,#4514,
#4515),(#4516,#4517,#4518),(#4519,#4520,#4521),(#4522,#4523,#4524),(#4525,
#4526,#4527)),.UNSPECIFIED.,.F.,.F.,.F.)
B_SPLINE_SURFACE_WITH_KNOTS((4,1,1,1,4),(3,3),(4.71238898038469,5.10508806208341,
5.49778714378214,5.89048622548086,6.28318530717959),(0.,1.),
 .UNSPECIFIED.)
GEOMETRIC_REPRESENTATION_ITEM()
RATIONAL_B_SPLINE_SURFACE(((1.,1.,1.),(1.,0.999999999860081,1.),(1.,0.98024143093802,
1.),(1.,0.904068711903444,1.),(1.,0.819143552523514,1.),(1.,0.793353340996495,
1.),(1.,0.793353340291234,1.)))
REPRESENTATION_ITEM('')
SURFACE()
);
#56=(
BOUNDED_SURFACE()
B_SPLINE_SURFACE(3,2,((#4563,#4564,#4565),(#4566,#4567,#4568),(#4569,#4570,
#4571),(#4572,#4573,#4574),(#4575,#4576,#4577),(#4578,#4579,#4580),(#4581,
#4582,#4583)),.UNSPECIFIED.,.F.,.F.,.F.)
B_SPLINE_SURFACE_WITH_KNOTS((4,1,1,1,4),(3,3),(3.14159265358979,3.53429173528852,
3.92699081698724,4.31968989868597,4.71238898038469),(0.,1.),
 .UNSPECIFIED.)
GEOMETRIC_REPRESENTATION_ITEM()
RATIONAL_B_SPLINE_SURFACE(((1.,0.79335334029123,1.),(1.,0.793353340995998,
1.),(1.,0.819143552523741,1.),(1.,0.90406871190339,1.),(1.,0.980241430938044,
1.),(1.,0.999999999860081,1.),(1.,1.,1.)))
REPRESENTATION_ITEM('')
SURFACE()
);
#57=(
BOUNDED_SURFACE()
B_SPLINE_SURFACE(3,2,((#4585,#4586,#4587),(#4588,#4589,#4590),(#4591,#4592,
#4593),(#4594,#4595,#4596),(#4597,#4598,#4599),(#4600,#4601,#4602),(#4603,
#4604,#4605)),.UNSPECIFIED.,.F.,.F.,.F.)
B_SPLINE_SURFACE_WITH_KNOTS((4,1,1,1,4),(3,3),(3.14159265358979,3.53429173528852,
3.92699081698724,4.31968989868597,4.71238898038469),(0.,1.),
 .UNSPECIFIED.)
GEOMETRIC_REPRESENTATION_ITEM()
RATIONAL_B_SPLINE_SURFACE(((1.,0.793353340291234,1.),(1.,0.793353340996495,
1.),(1.,0.819143552523514,1.),(1.,0.904068711903444,1.),(1.,0.980241430938019,
1.),(1.,0.999999999860081,1.),(1.,1.,1.)))
REPRESENTATION_ITEM('')
SURFACE()
);
#58=(
BOUNDED_SURFACE()
B_SPLINE_SURFACE(3,2,((#4641,#4642,#4643),(#4644,#4645,#4646),(#4647,#4648,
#4649),(#4650,#4651,#4652),(#4653,#4654,#4655),(#4656,#4657,#4658),(#4659,
#4660,#4661)),.UNSPECIFIED.,.F.,.F.,.F.)
B_SPLINE_SURFACE_WITH_KNOTS((4,1,1,1,4),(3,3),(4.71238898038469,5.10508806208341,
5.49778714378214,5.89048622548086,6.28318530717959),(0.,1.),
 .UNSPECIFIED.)
GEOMETRIC_REPRESENTATION_ITEM()
RATIONAL_B_SPLINE_SURFACE(((1.,1.,1.),(1.,0.999999999860081,1.),(1.,0.980241430938019,
1.),(1.,0.904068711903445,1.),(1.,0.819143552523514,1.),(1.,0.793353340996495,
1.),(1.,0.793353340291234,1.)))
REPRESENTATION_ITEM('')
SURFACE()
);
#59=(
BOUNDED_SURFACE()
B_SPLINE_SURFACE(3,2,((#4663,#4664,#4665),(#4666,#4667,#4668),(#4669,#4670,
#4671),(#4672,#4673,#4674),(#4675,#4676,#4677),(#4678,#4679,#4680),(#4681,
#4682,#4683)),.UNSPECIFIED.,.F.,.F.,.F.)
B_SPLINE_SURFACE_WITH_KNOTS((4,1,1,1,4),(3,3),(3.14159265358979,3.53429173528852,
3.92699081698724,4.31968989868597,4.71238898038469),(0.,1.),
 .UNSPECIFIED.)
GEOMETRIC_REPRESENTATION_ITEM()
RATIONAL_B_SPLINE_SURFACE(((1.,0.79335334029123,1.),(1.,0.793353340995998,
1.),(1.,0.819143552523742,1.),(1.,0.904068711903387,1.),(1.,0.980241430938045,
1.),(1.,0.999999999860081,1.),(1.,1.,1.)))
REPRESENTATION_ITEM('')
SURFACE()
);
#60=(
BOUNDED_SURFACE()
B_SPLINE_SURFACE(3,2,((#4700,#4701,#4702),(#4703,#4704,#4705),(#4706,#4707,
#4708),(#4709,#4710,#4711),(#4712,#4713,#4714),(#4715,#4716,#4717),(#4718,
#4719,#4720)),.UNSPECIFIED.,.F.,.F.,.F.)
B_SPLINE_SURFACE_WITH_KNOTS((4,1,1,1,4),(3,3),(3.14159265358979,3.53429173528852,
3.92699081698724,4.31968989868597,4.71238898038469),(0.,1.),
 .UNSPECIFIED.)
GEOMETRIC_REPRESENTATION_ITEM()
RATIONAL_B_SPLINE_SURFACE(((1.,0.79335334029123,1.),(1.,0.793353340995998,
1.),(1.,0.819143552523742,1.),(1.,0.904068711903387,1.),(1.,0.980241430938045,
1.),(1.,0.999999999860081,1.),(1.,1.,1.)))
REPRESENTATION_ITEM('')
SURFACE()
);
#61=(
BOUNDED_SURFACE()
B_SPLINE_SURFACE(3,2,((#4722,#4723,#4724),(#4725,#4726,#4727),(#4728,#4729,
#4730),(#4731,#4732,#4733),(#4734,#4735,#4736),(#4737,#4738,#4739),(#4740,
#4741,#4742)),.UNSPECIFIED.,.F.,.F.,.F.)
B_SPLINE_SURFACE_WITH_KNOTS((4,1,1,1,4),(3,3),(3.14159265358979,3.53429173528852,
3.92699081698724,4.31968989868597,4.71238898038469),(0.,1.),
 .UNSPECIFIED.)
GEOMETRIC_REPRESENTATION_ITEM()
RATIONAL_B_SPLINE_SURFACE(((1.,0.793353340291234,1.),(1.,0.793353340996495,
1.),(1.,0.819143552523514,1.),(1.,0.904068711903443,1.),(1.,0.980241430938019,
1.),(1.,0.999999999860081,1.),(1.,1.,1.)))
REPRESENTATION_ITEM('')
SURFACE()
);
#62=CONICAL_SURFACE('',#2447,0.00672,0.785398163397448);
#63=CONICAL_SURFACE('',#2611,0.00345355339059328,0.392699081698724);
#64=CYLINDRICAL_SURFACE('',#2343,0.0015);
#65=CYLINDRICAL_SURFACE('',#2346,0.0015);
#66=CYLINDRICAL_SURFACE('',#2349,0.0015);
#67=CYLINDRICAL_SURFACE('',#2352,0.0015);
#68=CYLINDRICAL_SURFACE('',#2355,0.011);
#69=CYLINDRICAL_SURFACE('',#2358,0.011);
#70=CYLINDRICAL_SURFACE('',#2405,0.005);
#71=CYLINDRICAL_SURFACE('',#2408,0.005);
#72=CYLINDRICAL_SURFACE('',#2411,0.005);
#73=CYLINDRICAL_SURFACE('',#2418,0.005);
#74=CYLINDRICAL_SURFACE('',#2420,0.005);
#75=CYLINDRICAL_SURFACE('',#2423,0.005);
#76=CYLINDRICAL_SURFACE('',#2426,0.005);
#77=CYLINDRICAL_SURFACE('',#2432,0.005);
#78=CYLINDRICAL_SURFACE('',#2435,0.0015);
#79=CYLINDRICAL_SURFACE('',#2438,0.0015);
#80=CYLINDRICAL_SURFACE('',#2441,0.0015);
#81=CYLINDRICAL_SURFACE('',#2444,0.0015);
#82=CYLINDRICAL_SURFACE('',#2449,0.008);
#83=CYLINDRICAL_SURFACE('',#2453,0.008);
#84=CYLINDRICAL_SURFACE('',#2457,0.008);
#85=CYLINDRICAL_SURFACE('',#2461,0.008);
#86=CYLINDRICAL_SURFACE('',#2477,0.0055);
#87=CYLINDRICAL_SURFACE('',#2481,0.0055);
#88=CYLINDRICAL_SURFACE('',#2485,0.0055);
#89=CYLINDRICAL_SURFACE('',#2489,0.0055);
#90=CYLINDRICAL_SURFACE('',#2495,0.001);
#91=CYLINDRICAL_SURFACE('',#2497,0.001);
#92=CYLINDRICAL_SURFACE('',#2501,0.001);
#93=CYLINDRICAL_SURFACE('',#2503,0.001);
#94=CYLINDRICAL_SURFACE('',#2505,0.00275);
#95=CYLINDRICAL_SURFACE('',#2508,0.00275);
#96=CYLINDRICAL_SURFACE('',#2511,0.00275);
#97=CYLINDRICAL_SURFACE('',#2514,0.00275);
#98=CYLINDRICAL_SURFACE('',#2545,0.002);
#99=CYLINDRICAL_SURFACE('',#2547,0.002);
#100=CYLINDRICAL_SURFACE('',#2551,0.002);
#101=CYLINDRICAL_SURFACE('',#2553,0.002);
#102=CYLINDRICAL_SURFACE('',#2565,0.002);
#103=CYLINDRICAL_SURFACE('',#2567,0.002);
#104=CYLINDRICAL_SURFACE('',#2571,0.002);
#105=CYLINDRICAL_SURFACE('',#2573,0.002);
#106=CYLINDRICAL_SURFACE('',#2585,0.002);
#107=CYLINDRICAL_SURFACE('',#2587,0.002);
#108=CYLINDRICAL_SURFACE('',#2591,0.002);
#109=CYLINDRICAL_SURFACE('',#2592,0.002);
#110=CYLINDRICAL_SURFACE('',#2594,0.002);
#111=CYLINDRICAL_SURFACE('',#2596,0.002);
#112=CYLINDRICAL_SURFACE('',#2600,0.002);
#113=CYLINDRICAL_SURFACE('',#2601,0.002);
#114=CYLINDRICAL_SURFACE('',#2603,0.005);
#115=CYLINDRICAL_SURFACE('',#2604,0.005);
#116=CYLINDRICAL_SURFACE('',#2605,0.005);
#117=CYLINDRICAL_SURFACE('',#2606,0.005);
#118=CYLINDRICAL_SURFACE('',#2607,0.005);
#119=CYLINDRICAL_SURFACE('',#2608,0.005);
#120=CYLINDRICAL_SURFACE('',#2609,0.005);
#121=CYLINDRICAL_SURFACE('',#2610,0.005);
#122=SPHERICAL_SURFACE('',#2331,0.0486);
#123=SPHERICAL_SURFACE('',#2336,0.0486);
#124=SPHERICAL_SURFACE('',#2341,0.0486);
#125=SPHERICAL_SURFACE('',#2375,0.0451);
#126=SPHERICAL_SURFACE('',#2414,0.005);
#127=SPHERICAL_SURFACE('',#2416,0.005);
#128=SPHERICAL_SURFACE('',#2428,0.005);
#129=SPHERICAL_SURFACE('',#2430,0.005);
#130=SPHERICAL_SURFACE('',#2433,0.0486);
#131=SPHERICAL_SURFACE('',#2558,0.002);
#132=SPHERICAL_SURFACE('',#2560,0.002);
#133=SPHERICAL_SURFACE('',#2578,0.002);
#134=SPHERICAL_SURFACE('',#2580,0.002);
#135=CIRCLE('',#2324,0.0379224208088038);
#136=CIRCLE('',#2326,0.0379224208088038);
#137=CIRCLE('',#2328,0.0370095933509137);
#138=CIRCLE('',#2329,0.011);
#139=CIRCLE('',#2330,0.011);
#140=CIRCLE('',#2332,0.0124861660079051);
#141=CIRCLE('',#2333,0.0479887414150244);
#142=CIRCLE('',#2334,0.0364235108954124);
#143=CIRCLE('',#2335,0.0479887414150244);
#144=CIRCLE('',#2337,0.0364235108954124);
#145=CIRCLE('',#2338,0.0479887414150244);
#146=CIRCLE('',#2339,0.0124861660079051);
#147=CIRCLE('',#2340,0.0479887414150244);
#148=CIRCLE('',#2342,0.0461063684363917);
#149=CIRCLE('',#2344,0.0015);
#150=CIRCLE('',#2345,0.0015);
#151=CIRCLE('',#2347,0.0015);
#152=CIRCLE('',#2348,0.0015);
#153=CIRCLE('',#2350,0.0015);
#154=CIRCLE('',#2351,0.0015);
#155=CIRCLE('',#2353,0.0015);
#156=CIRCLE('',#2354,0.0015);
#157=CIRCLE('',#2356,0.011);
#158=CIRCLE('',#2357,0.011);
#159=CIRCLE('',#2359,0.011);
#160=CIRCLE('',#2360,0.011);
#161=CIRCLE('',#2372,0.0370095933509137);
#162=CIRCLE('',#2373,0.011);
#163=CIRCLE('',#2374,0.011);
#164=CIRCLE('',#2376,0.00314563207697663);
#165=CIRCLE('',#2377,0.0353554804804008);
#166=CIRCLE('',#2385,0.008);
#167=CIRCLE('',#2386,0.008);
#168=CIRCLE('',#2391,0.008);
#169=CIRCLE('',#2392,0.008);
#170=CIRCLE('',#2397,0.0055);
#171=CIRCLE('',#2398,0.0055);
#172=CIRCLE('',#2399,0.0055);
#173=CIRCLE('',#2400,0.0055);
#174=CIRCLE('',#2403,0.00672);
#175=CIRCLE('',#2407,0.005);
#176=CIRCLE('',#2410,0.005);
#177=CIRCLE('',#2412,0.005);
#178=CIRCLE('',#2413,0.005);
#179=CIRCLE('',#2415,0.005);
#180=CIRCLE('',#2417,0.005);
#181=CIRCLE('',#2419,0.005);
#182=CIRCLE('',#2422,0.005);
#183=CIRCLE('',#2425,0.005);
#184=CIRCLE('',#2427,0.005);
#185=CIRCLE('',#2429,0.005);
#186=CIRCLE('',#2431,0.005);
#187=CIRCLE('',#2434,0.0461063684363916);
#188=CIRCLE('',#2436,0.0015);
#189=CIRCLE('',#2437,0.0015);
#190=CIRCLE('',#2439,0.0015);
#191=CIRCLE('',#2440,0.0015);
#192=CIRCLE('',#2442,0.0015);
#193=CIRCLE('',#2443,0.0015);
#194=CIRCLE('',#2445,0.0015);
#195=CIRCLE('',#2446,0.0015);
#196=CIRCLE('',#2448,0.00345355339059328);
#197=CIRCLE('',#2450,0.008);
#198=CIRCLE('',#2455,0.008);
#199=CIRCLE('',#2459,0.008);
#200=CIRCLE('',#2462,0.008);
#201=CIRCLE('',#2465,0.0015);
#202=CIRCLE('',#2467,0.0015);
#203=CIRCLE('',#2468,0.0015);
#204=CIRCLE('',#2469,0.0015);
#205=CIRCLE('',#2471,0.0015);
#206=CIRCLE('',#2473,0.0015);
#207=CIRCLE('',#2474,0.0015);
#208=CIRCLE('',#2475,0.0015);
#209=CIRCLE('',#2478,0.0055);
#210=CIRCLE('',#2480,0.00275);
#211=CIRCLE('',#2482,0.0055);
#212=CIRCLE('',#2484,0.00275);
#213=CIRCLE('',#2486,0.0055);
#214=CIRCLE('',#2488,0.00275);
#215=CIRCLE('',#2490,0.0055);
#216=CIRCLE('',#2492,0.00275);
#217=CIRCLE('',#2493,0.001);
#218=CIRCLE('',#2494,0.001);
#219=CIRCLE('',#2496,0.001);
#220=CIRCLE('',#2498,0.001);
#221=CIRCLE('',#2499,0.001);
#222=CIRCLE('',#2500,0.001);
#223=CIRCLE('',#2502,0.001);
#224=CIRCLE('',#2504,0.001);
#225=CIRCLE('',#2506,0.00275);
#226=CIRCLE('',#2509,0.00275);
#227=CIRCLE('',#2512,0.00275);
#228=CIRCLE('',#2515,0.00275);
#229=CIRCLE('',#2518,0.005);
#230=CIRCLE('',#2519,0.005);
#231=CIRCLE('',#2520,0.0499635867407456);
#232=CIRCLE('',#2522,0.005);
#233=CIRCLE('',#2523,0.005);
#234=CIRCLE('',#2524,0.005);
#235=CIRCLE('',#2525,0.005);
#236=CIRCLE('',#2526,0.0480037498535272);
#237=CIRCLE('',#2528,0.005);
#238=CIRCLE('',#2529,0.005);
#239=CIRCLE('',#2530,0.0499635867407456);
#240=CIRCLE('',#2532,0.005);
#241=CIRCLE('',#2533,0.005);
#242=CIRCLE('',#2534,0.0499635867407455);
#243=CIRCLE('',#2536,0.005);
#244=CIRCLE('',#2537,0.005);
#245=CIRCLE('',#2538,0.005);
#246=CIRCLE('',#2539,0.005);
#247=CIRCLE('',#2540,0.0480037498535271);
#248=CIRCLE('',#2542,0.005);
#249=CIRCLE('',#2543,0.005);
#250=CIRCLE('',#2544,0.0499635867407455);
#251=CIRCLE('',#2552,0.002);
#252=CIRCLE('',#2554,0.002);
#253=CIRCLE('',#2556,0.002);
#254=CIRCLE('',#2557,0.002);
#255=CIRCLE('',#2559,0.002);
#256=CIRCLE('',#2561,0.002);
#257=CIRCLE('',#2572,0.002);
#258=CIRCLE('',#2574,0.002);
#259=CIRCLE('',#2576,0.002);
#260=CIRCLE('',#2577,0.002);
#261=CIRCLE('',#2579,0.002);
#262=CIRCLE('',#2581,0.002);
#263=ELLIPSE('',#2319,0.042500736356719,0.011);
#264=ELLIPSE('',#2322,0.042500736356719,0.011);
#265=ELLIPSE('',#2362,0.042500736356719,0.011);
#266=ELLIPSE('',#2364,0.042500736356719,0.011);
#267=ELLIPSE('',#2365,0.042500736356719,0.011);
#268=ELLIPSE('',#2367,0.042500736356719,0.011);
#269=ELLIPSE('',#2369,0.042500736356719,0.011);
#270=ELLIPSE('',#2370,0.042500736356719,0.011);
#271=ELLIPSE('',#2383,0.00207055236082017,0.002);
#272=ELLIPSE('',#2384,0.00207055236082017,0.002);
#273=ELLIPSE('',#2387,0.00207055236082017,0.002);
#274=ELLIPSE('',#2388,0.00207055236082017,0.002);
#275=ELLIPSE('',#2389,0.00207055236082017,0.002);
#276=ELLIPSE('',#2390,0.00207055236082017,0.002);
#277=ELLIPSE('',#2393,0.0042775573206193,0.004);
#278=ELLIPSE('',#2394,0.0042775573206193,0.004);
#279=ELLIPSE('',#2395,0.0042775573206193,0.004);
#280=ELLIPSE('',#2396,0.0042775573206193,0.004);
#281=ELLIPSE('',#2401,0.00207055236082017,0.002);
#282=ELLIPSE('',#2402,0.00207055236082017,0.002);
#283=ELLIPSE('',#2406,0.0052247006259865,0.005);
#284=ELLIPSE('',#2409,0.0052247006259865,0.005);
#285=ELLIPSE('',#2421,0.00522470062598649,0.005);
#286=ELLIPSE('',#2424,0.0052247006259865,0.005);
#287=ELLIPSE('',#2451,0.0418247844090479,0.008);
#288=ELLIPSE('',#2452,0.0418247844090479,0.008);
#289=ELLIPSE('',#2454,0.0418247844090479,0.008);
#290=ELLIPSE('',#2456,0.0418247844090479,0.008);
#291=ELLIPSE('',#2458,0.041824784409048,0.008);
#292=ELLIPSE('',#2460,0.041824784409048,0.008);
#293=ELLIPSE('',#2463,0.0418247844090479,0.008);
#294=ELLIPSE('',#2464,0.0418247844090479,0.008);
#295=ELLIPSE('',#2546,0.00203646695937356,0.002);
#296=ELLIPSE('',#2548,0.00203646695937357,0.002);
#297=ELLIPSE('',#2549,0.00203646695937356,0.002);
#298=ELLIPSE('',#2550,0.00203646695937356,0.002);
#299=ELLIPSE('',#2566,0.00203646695937356,0.002);
#300=ELLIPSE('',#2568,0.00203646695937357,0.002);
#301=ELLIPSE('',#2569,0.00203646695937356,0.002);
#302=ELLIPSE('',#2570,0.00203646695937356,0.002);
#303=ELLIPSE('',#2586,0.00203646695937357,0.002);
#304=ELLIPSE('',#2588,0.00203646695937356,0.002);
#305=ELLIPSE('',#2589,0.00203646695937356,0.002);
#306=ELLIPSE('',#2590,0.00203646695937356,0.002);
#307=ELLIPSE('',#2595,0.00203646695937356,0.002);
#308=ELLIPSE('',#2597,0.00203646695937357,0.002);
#309=ELLIPSE('',#2598,0.00203646695937356,0.002);
#310=ELLIPSE('',#2599,0.00203646695937356,0.002);
#311=B_SPLINE_CURVE_WITH_KNOTS('',3,(#3308,#3309,#3310,#3311),
 .UNSPECIFIED.,.F.,.F.,(4,4),(4.86960085019993E-17,0.000207909822992871),
 .UNSPECIFIED.);
#312=B_SPLINE_CURVE_WITH_KNOTS('',3,(#3333,#3334,#3335,#3336),
 .UNSPECIFIED.,.F.,.F.,(4,4),(0.,0.000207909822992874),.UNSPECIFIED.);
#313=B_SPLINE_CURVE_WITH_KNOTS('',3,(#3391,#3392,#3393,#3394),
 .UNSPECIFIED.,.F.,.F.,(4,4),(1.55158384577955E-17,0.000672044514045936),
 .UNSPECIFIED.);
#314=B_SPLINE_CURVE_WITH_KNOTS('',3,(#3398,#3399,#3400,#3401),
 .UNSPECIFIED.,.F.,.F.,(4,4),(0.,0.00067172193019427),.UNSPECIFIED.);
#315=B_SPLINE_CURVE_WITH_KNOTS('',3,(#3418,#3419,#3420,#3421),
 .UNSPECIFIED.,.F.,.F.,(4,4),(0.,0.000129665310024049),.UNSPECIFIED.);
#316=B_SPLINE_CURVE_WITH_KNOTS('',3,(#3425,#3426,#3427,#3428),
 .UNSPECIFIED.,.F.,.F.,(4,4),(0.,0.000129665310024049),.UNSPECIFIED.);
#317=B_SPLINE_CURVE_WITH_KNOTS('',3,(#3433,#3434,#3435,#3436),
 .UNSPECIFIED.,.F.,.F.,(4,4),(0.,0.000129665310024045),.UNSPECIFIED.);
#318=B_SPLINE_CURVE_WITH_KNOTS('',3,(#3440,#3441,#3442,#3443),
 .UNSPECIFIED.,.F.,.F.,(4,4),(0.,0.000129665310024055),.UNSPECIFIED.);
#319=B_SPLINE_CURVE_WITH_KNOTS('',3,(#3454,#3455,#3456,#3457),
 .UNSPECIFIED.,.F.,.F.,(4,4),(0.,0.000207909822992874),.UNSPECIFIED.);
#320=B_SPLINE_CURVE_WITH_KNOTS('',3,(#3459,#3460,#3461,#3462),
 .UNSPECIFIED.,.F.,.F.,(4,4),(0.,0.000207909822992872),.UNSPECIFIED.);
#321=B_SPLINE_CURVE_WITH_KNOTS('',3,(#3471,#3472,#3473,#3474),
 .UNSPECIFIED.,.F.,.F.,(4,4),(0.,0.000207909822992875),.UNSPECIFIED.);
#322=B_SPLINE_CURVE_WITH_KNOTS('',3,(#3485,#3486,#3487,#3488),
 .UNSPECIFIED.,.F.,.F.,(4,4),(4.86960085019993E-17,0.000207909822992871),
 .UNSPECIFIED.);
#323=B_SPLINE_CURVE_WITH_KNOTS('',3,(#3495,#3496,#3497,#3498),
 .UNSPECIFIED.,.F.,.F.,(4,4),(0.,0.000207909822992867),.UNSPECIFIED.);
#324=B_SPLINE_CURVE_WITH_KNOTS('',3,(#3502,#3503,#3504,#3505),
 .UNSPECIFIED.,.F.,.F.,(4,4),(6.93889390390723E-18,0.000207909822992878),
 .UNSPECIFIED.);
#325=B_SPLINE_CURVE_WITH_KNOTS('',3,(#3574,#3575,#3576,#3577,#3578),
 .UNSPECIFIED.,.F.,.F.,(4,1,4),(5.05159101305033E-17,0.00263609072855601,
0.00527218145711196),.UNSPECIFIED.);
#326=B_SPLINE_CURVE_WITH_KNOTS('',3,(#3582,#3583,#3584,#3585,#3586),
 .UNSPECIFIED.,.F.,.F.,(4,1,4),(0.,0.00263800628539945,0.0052760125707989),
 .UNSPECIFIED.);
#327=B_SPLINE_CURVE_WITH_KNOTS('',3,(#3587,#3588,#3589,#3590,#3591),
 .UNSPECIFIED.,.F.,.F.,(4,1,4),(0.,0.00263609072855601,0.00527218145711202),
 .UNSPECIFIED.);
#328=B_SPLINE_CURVE_WITH_KNOTS('',3,(#3595,#3596,#3597,#3598,#3599),
 .UNSPECIFIED.,.F.,.F.,(4,1,4),(0.,0.00263800628539942,0.00527601257079884),
 .UNSPECIFIED.);
#329=B_SPLINE_CURVE_WITH_KNOTS('',3,(#3604,#3605,#3606,#3607),
 .UNSPECIFIED.,.F.,.F.,(4,4),(0.,0.00490056270393927),.UNSPECIFIED.);
#330=B_SPLINE_CURVE_WITH_KNOTS('',3,(#3608,#3609,#3610,#3611),
 .UNSPECIFIED.,.F.,.F.,(4,4),(0.,0.00490068345013394),.UNSPECIFIED.);
#331=B_SPLINE_CURVE_WITH_KNOTS('',3,(#3621,#3622,#3623,#3624,#3625),
 .UNSPECIFIED.,.F.,.F.,(4,1,4),(5.05159101305033E-17,0.002636090728556,
0.00527218145711195),.UNSPECIFIED.);
#332=B_SPLINE_CURVE_WITH_KNOTS('',3,(#3629,#3630,#3631,#3632,#3633),
 .UNSPECIFIED.,.F.,.F.,(4,1,4),(0.,0.00263800628539945,0.0052760125707989),
 .UNSPECIFIED.);
#333=B_SPLINE_CURVE_WITH_KNOTS('',3,(#3634,#3635,#3636,#3637,#3638),
 .UNSPECIFIED.,.F.,.F.,(4,1,4),(0.,0.00263609072855603,0.00527218145711206),
 .UNSPECIFIED.);
#334=B_SPLINE_CURVE_WITH_KNOTS('',3,(#3642,#3643,#3644,#3645,#3646),
 .UNSPECIFIED.,.F.,.F.,(4,1,4),(0.,0.00263800628539943,0.00527601257079885),
 .UNSPECIFIED.);
#335=B_SPLINE_CURVE_WITH_KNOTS('',3,(#3679,#3680,#3681,#3682),
 .UNSPECIFIED.,.F.,.F.,(4,4),(0.,0.00490056270393951),.UNSPECIFIED.);
#336=B_SPLINE_CURVE_WITH_KNOTS('',3,(#3683,#3684,#3685,#3686),
 .UNSPECIFIED.,.F.,.F.,(4,4),(0.,0.00490068345013371),.UNSPECIFIED.);
#337=B_SPLINE_CURVE_WITH_KNOTS('',3,(#3730,#3731,#3732,#3733),
 .UNSPECIFIED.,.F.,.F.,(4,4),(0.,0.000671721930194331),.UNSPECIFIED.);
#338=B_SPLINE_CURVE_WITH_KNOTS('',3,(#3734,#3735,#3736,#3737),
 .UNSPECIFIED.,.F.,.F.,(4,4),(0.,0.000672044514045729),.UNSPECIFIED.);
#339=B_SPLINE_CURVE_WITH_KNOTS('',3,(#3789,#3790,#3791,#3792,#3793),
 .UNSPECIFIED.,.F.,.F.,(4,1,4),(0.,0.00216756372560639,0.00433512745121277),
 .UNSPECIFIED.);
#340=B_SPLINE_CURVE_WITH_KNOTS('',3,(#3817,#3818,#3819,#3820,#3821),
 .UNSPECIFIED.,.F.,.F.,(4,1,4),(0.,0.00219104132162244,0.00438208264324488),
 .UNSPECIFIED.);
#341=B_SPLINE_CURVE_WITH_KNOTS('',3,(#3834,#3835,#3836,#3837),
 .UNSPECIFIED.,.F.,.F.,(4,4),(0.,0.000415292176660098),.UNSPECIFIED.);
#342=B_SPLINE_CURVE_WITH_KNOTS('',3,(#3839,#3840,#3841,#3842),
 .UNSPECIFIED.,.F.,.F.,(4,4),(0.,0.000415292176660101),.UNSPECIFIED.);
#343=B_SPLINE_CURVE_WITH_KNOTS('',3,(#3844,#3845,#3846,#3847,#3848),
 .UNSPECIFIED.,.F.,.F.,(4,1,4),(0.,0.00219104132162244,0.00438208264324488),
 .UNSPECIFIED.);
#344=B_SPLINE_CURVE_WITH_KNOTS('',3,(#3883,#3884,#3885,#3886,#3887),
 .UNSPECIFIED.,.F.,.F.,(4,1,4),(0.,0.0021675637256064,0.00433512745121281),
 .UNSPECIFIED.);
#345=B_SPLINE_CURVE_WITH_KNOTS('',3,(#3912,#3913,#3914,#3915,#3916),
 .UNSPECIFIED.,.F.,.F.,(4,1,4),(0.,0.0021675637256064,0.0043351274512128),
 .UNSPECIFIED.);
#346=B_SPLINE_CURVE_WITH_KNOTS('',3,(#3931,#3932,#3933,#3934),
 .UNSPECIFIED.,.F.,.F.,(4,4),(0.,0.000415292176660143),.UNSPECIFIED.);
#347=B_SPLINE_CURVE_WITH_KNOTS('',3,(#3956,#3957,#3958,#3959,#3960),
 .UNSPECIFIED.,.F.,.F.,(4,1,4),(0.,0.00219104132162244,0.00438208264324488),
 .UNSPECIFIED.);
#348=B_SPLINE_CURVE_WITH_KNOTS('',3,(#3973,#3974,#3975,#3976),
 .UNSPECIFIED.,.F.,.F.,(4,4),(0.,0.000415292176660101),.UNSPECIFIED.);
#349=B_SPLINE_CURVE_WITH_KNOTS('',3,(#3980,#3981,#3982,#3983,#3984),
 .UNSPECIFIED.,.F.,.F.,(4,1,4),(0.,0.00219104132162244,0.00438208264324489),
 .UNSPECIFIED.);
#350=B_SPLINE_CURVE_WITH_KNOTS('',3,(#4006,#4007,#4008,#4009,#4010),
 .UNSPECIFIED.,.F.,.F.,(4,1,4),(0.,0.00216756372560642,0.00433512745121283),
 .UNSPECIFIED.);
#351=B_SPLINE_CURVE_WITH_KNOTS('',3,(#4035,#4036,#4037,#4038,#4039),
 .UNSPECIFIED.,.F.,.F.,(4,1,4),(0.,0.00217089343788508,0.00434178687577016),
 .UNSPECIFIED.);
#352=B_SPLINE_CURVE_WITH_KNOTS('',3,(#4063,#4064,#4065,#4066,#4067),
 .UNSPECIFIED.,.F.,.F.,(4,1,4),(0.,0.00219422245099905,0.0043884449019981),
 .UNSPECIFIED.);
#353=B_SPLINE_CURVE_WITH_KNOTS('',3,(#4080,#4081,#4082,#4083),
 .UNSPECIFIED.,.F.,.F.,(4,4),(0.,0.000415292176660099),.UNSPECIFIED.);
#354=B_SPLINE_CURVE_WITH_KNOTS('',3,(#4085,#4086,#4087,#4088),
 .UNSPECIFIED.,.F.,.F.,(4,4),(0.,0.000415292176660147),.UNSPECIFIED.);
#355=B_SPLINE_CURVE_WITH_KNOTS('',3,(#4090,#4091,#4092,#4093,#4094),
 .UNSPECIFIED.,.F.,.F.,(4,1,4),(0.,0.00219104132162244,0.00438208264324488),
 .UNSPECIFIED.);
#356=B_SPLINE_CURVE_WITH_KNOTS('',3,(#4129,#4130,#4131,#4132,#4133),
 .UNSPECIFIED.,.F.,.F.,(4,1,4),(0.,0.0021675637256064,0.00433512745121281),
 .UNSPECIFIED.);
#357=B_SPLINE_CURVE_WITH_KNOTS('',3,(#4158,#4159,#4160,#4161,#4162),
 .UNSPECIFIED.,.F.,.F.,(4,1,4),(0.,0.00216756372560642,0.00433512745121284),
 .UNSPECIFIED.);
#358=B_SPLINE_CURVE_WITH_KNOTS('',3,(#4177,#4178,#4179,#4180),
 .UNSPECIFIED.,.F.,.F.,(4,4),(0.,0.000415292176660095),.UNSPECIFIED.);
#359=B_SPLINE_CURVE_WITH_KNOTS('',3,(#4202,#4203,#4204,#4205,#4206),
 .UNSPECIFIED.,.F.,.F.,(4,1,4),(0.,0.00219104132162244,0.00438208264324489),
 .UNSPECIFIED.);
#360=B_SPLINE_CURVE_WITH_KNOTS('',3,(#4219,#4220,#4221,#4222),
 .UNSPECIFIED.,.F.,.F.,(4,4),(0.,0.000415292176660098),.UNSPECIFIED.);
#361=B_SPLINE_CURVE_WITH_KNOTS('',3,(#4226,#4227,#4228,#4229,#4230),
 .UNSPECIFIED.,.F.,.F.,(4,1,4),(0.,0.00219104132162244,0.00438208264324487),
 .UNSPECIFIED.);
#362=B_SPLINE_CURVE_WITH_KNOTS('',3,(#4252,#4253,#4254,#4255,#4256),
 .UNSPECIFIED.,.F.,.F.,(4,1,4),(0.,0.00216756372560639,0.00433512745121278),
 .UNSPECIFIED.);
#363=B_SPLINE_CURVE_WITH_KNOTS('',3,(#4541,#4542,#4543,#4544,#4545,#4546,
#4547,#4548),.UNSPECIFIED.,.F.,.F.,(4,1,1,1,1,4),(0.,0.000720056251504453,
0.00144011250300891,0.00288022500601781,0.00432033750902672,0.00576045001203562),
 .UNSPECIFIED.);
#364=B_SPLINE_CURVE_WITH_KNOTS('',3,(#4550,#4551,#4552,#4553,#4554,#4555,
#4556,#4557),.UNSPECIFIED.,.F.,.F.,(4,1,1,1,1,4),(0.,0.000720056251504477,
0.00144011250300895,0.00288022500601791,0.00432033750902686,0.00576045001203582),
 .UNSPECIFIED.);
#365=B_SPLINE_CURVE_WITH_KNOTS('',3,(#4619,#4620,#4621,#4622,#4623,#4624,
#4625,#4626),.UNSPECIFIED.,.F.,.F.,(4,1,1,1,1,4),(0.,0.000720056251504477,
0.00144011250300895,0.00288022500601791,0.00432033750902686,0.00576045001203582),
 .UNSPECIFIED.);
#366=B_SPLINE_CURVE_WITH_KNOTS('',3,(#4628,#4629,#4630,#4631,#4632,#4633,
#4634,#4635),.UNSPECIFIED.,.F.,.F.,(4,1,1,1,1,4),(0.,0.000720056251504453,
0.00144011250300891,0.00288022500601781,0.00432033750902672,0.00576045001203562),
 .UNSPECIFIED.);
#367=B_SPLINE_CURVE_WITH_KNOTS('',3,(#4686,#4687,#4688,#4689),
 .UNSPECIFIED.,.F.,.F.,(4,4),(0.,0.00261857051383531),.UNSPECIFIED.);
#368=B_SPLINE_CURVE_WITH_KNOTS('',3,(#4691,#4692,#4693,#4694),
 .UNSPECIFIED.,.F.,.F.,(4,4),(0.,0.00261857051383531),.UNSPECIFIED.);
#369=B_SPLINE_CURVE_WITH_KNOTS('',3,(#4745,#4746,#4747,#4748),
 .UNSPECIFIED.,.F.,.F.,(4,4),(9.34177181294034E-18,0.00261857051383528),
 .UNSPECIFIED.);
#370=B_SPLINE_CURVE_WITH_KNOTS('',3,(#4750,#4751,#4752,#4753),
 .UNSPECIFIED.,.F.,.F.,(4,4),(0.,0.00261857051383527),.UNSPECIFIED.);
#371=ORIENTED_EDGE('',*,*,#1015,.T.);
#372=ORIENTED_EDGE('',*,*,#1016,.T.);
#373=ORIENTED_EDGE('',*,*,#1017,.F.);
#374=ORIENTED_EDGE('',*,*,#1018,.T.);
#375=ORIENTED_EDGE('',*,*,#1019,.T.);
#376=ORIENTED_EDGE('',*,*,#1020,.T.);
#377=ORIENTED_EDGE('',*,*,#1021,.F.);
#378=ORIENTED_EDGE('',*,*,#1022,.T.);
#379=ORIENTED_EDGE('',*,*,#1023,.T.);
#380=ORIENTED_EDGE('',*,*,#1024,.F.);
#381=ORIENTED_EDGE('',*,*,#1025,.T.);
#382=ORIENTED_EDGE('',*,*,#1026,.F.);
#383=ORIENTED_EDGE('',*,*,#1027,.T.);
#384=ORIENTED_EDGE('',*,*,#1028,.F.);
#385=ORIENTED_EDGE('',*,*,#1029,.T.);
#386=ORIENTED_EDGE('',*,*,#1030,.F.);
#387=ORIENTED_EDGE('',*,*,#1031,.T.);
#388=ORIENTED_EDGE('',*,*,#1032,.T.);
#389=ORIENTED_EDGE('',*,*,#1033,.F.);
#390=ORIENTED_EDGE('',*,*,#1034,.T.);
#391=ORIENTED_EDGE('',*,*,#1035,.T.);
#392=ORIENTED_EDGE('',*,*,#1036,.T.);
#393=ORIENTED_EDGE('',*,*,#1037,.F.);
#394=ORIENTED_EDGE('',*,*,#1038,.T.);
#395=ORIENTED_EDGE('',*,*,#1039,.T.);
#396=ORIENTED_EDGE('',*,*,#1040,.T.);
#397=ORIENTED_EDGE('',*,*,#1041,.F.);
#398=ORIENTED_EDGE('',*,*,#1042,.T.);
#399=ORIENTED_EDGE('',*,*,#1043,.T.);
#400=ORIENTED_EDGE('',*,*,#1044,.T.);
#401=ORIENTED_EDGE('',*,*,#1045,.F.);
#402=ORIENTED_EDGE('',*,*,#1046,.T.);
#403=ORIENTED_EDGE('',*,*,#1047,.F.);
#404=ORIENTED_EDGE('',*,*,#1048,.T.);
#405=ORIENTED_EDGE('',*,*,#1049,.T.);
#406=ORIENTED_EDGE('',*,*,#1050,.T.);
#407=ORIENTED_EDGE('',*,*,#1051,.T.);
#408=ORIENTED_EDGE('',*,*,#1052,.T.);
#409=ORIENTED_EDGE('',*,*,#1053,.T.);
#410=ORIENTED_EDGE('',*,*,#1054,.T.);
#411=ORIENTED_EDGE('',*,*,#1055,.T.);
#412=ORIENTED_EDGE('',*,*,#1056,.T.);
#413=ORIENTED_EDGE('',*,*,#1043,.F.);
#414=ORIENTED_EDGE('',*,*,#1057,.T.);
#415=ORIENTED_EDGE('',*,*,#1058,.T.);
#416=ORIENTED_EDGE('',*,*,#1059,.T.);
#417=ORIENTED_EDGE('',*,*,#1017,.T.);
#418=ORIENTED_EDGE('',*,*,#1060,.T.);
#419=ORIENTED_EDGE('',*,*,#1037,.T.);
#420=ORIENTED_EDGE('',*,*,#1061,.T.);
#421=ORIENTED_EDGE('',*,*,#1021,.T.);
#422=ORIENTED_EDGE('',*,*,#1062,.T.);
#423=ORIENTED_EDGE('',*,*,#1041,.T.);
#424=ORIENTED_EDGE('',*,*,#1063,.T.);
#425=ORIENTED_EDGE('',*,*,#1026,.T.);
#426=ORIENTED_EDGE('',*,*,#1064,.T.);
#427=ORIENTED_EDGE('',*,*,#1033,.T.);
#428=ORIENTED_EDGE('',*,*,#1065,.T.);
#429=ORIENTED_EDGE('',*,*,#1045,.T.);
#430=ORIENTED_EDGE('',*,*,#1066,.T.);
#431=ORIENTED_EDGE('',*,*,#1028,.T.);
#432=ORIENTED_EDGE('',*,*,#1067,.T.);
#433=ORIENTED_EDGE('',*,*,#1068,.F.);
#434=ORIENTED_EDGE('',*,*,#1069,.T.);
#435=ORIENTED_EDGE('',*,*,#1070,.T.);
#436=ORIENTED_EDGE('',*,*,#1071,.T.);
#437=ORIENTED_EDGE('',*,*,#1072,.T.);
#438=ORIENTED_EDGE('',*,*,#1073,.T.);
#439=ORIENTED_EDGE('',*,*,#1074,.F.);
#440=ORIENTED_EDGE('',*,*,#1075,.T.);
#441=ORIENTED_EDGE('',*,*,#1076,.F.);
#442=ORIENTED_EDGE('',*,*,#1077,.T.);
#443=ORIENTED_EDGE('',*,*,#1078,.T.);
#444=ORIENTED_EDGE('',*,*,#1079,.T.);
#445=ORIENTED_EDGE('',*,*,#1080,.T.);
#446=ORIENTED_EDGE('',*,*,#1081,.T.);
#447=ORIENTED_EDGE('',*,*,#1082,.T.);
#448=ORIENTED_EDGE('',*,*,#1083,.F.);
#449=ORIENTED_EDGE('',*,*,#1084,.T.);
#450=ORIENTED_EDGE('',*,*,#1085,.T.);
#451=ORIENTED_EDGE('',*,*,#1086,.F.);
#452=ORIENTED_EDGE('',*,*,#1087,.F.);
#453=ORIENTED_EDGE('',*,*,#1088,.T.);
#454=ORIENTED_EDGE('',*,*,#1089,.F.);
#455=ORIENTED_EDGE('',*,*,#1090,.T.);
#456=ORIENTED_EDGE('',*,*,#1091,.T.);
#457=ORIENTED_EDGE('',*,*,#1092,.T.);
#458=ORIENTED_EDGE('',*,*,#1093,.T.);
#459=ORIENTED_EDGE('',*,*,#1094,.F.);
#460=ORIENTED_EDGE('',*,*,#1095,.T.);
#461=ORIENTED_EDGE('',*,*,#1096,.T.);
#462=ORIENTED_EDGE('',*,*,#1097,.T.);
#463=ORIENTED_EDGE('',*,*,#1098,.T.);
#464=ORIENTED_EDGE('',*,*,#1099,.T.);
#465=ORIENTED_EDGE('',*,*,#1100,.F.);
#466=ORIENTED_EDGE('',*,*,#1101,.T.);
#467=ORIENTED_EDGE('',*,*,#1102,.F.);
#468=ORIENTED_EDGE('',*,*,#1103,.T.);
#469=ORIENTED_EDGE('',*,*,#1104,.F.);
#470=ORIENTED_EDGE('',*,*,#1105,.T.);
#471=ORIENTED_EDGE('',*,*,#1106,.T.);
#472=ORIENTED_EDGE('',*,*,#1107,.T.);
#473=ORIENTED_EDGE('',*,*,#1108,.T.);
#474=ORIENTED_EDGE('',*,*,#1109,.T.);
#475=ORIENTED_EDGE('',*,*,#1110,.T.);
#476=ORIENTED_EDGE('',*,*,#1111,.T.);
#477=ORIENTED_EDGE('',*,*,#1112,.T.);
#478=ORIENTED_EDGE('',*,*,#1113,.T.);
#479=ORIENTED_EDGE('',*,*,#1114,.T.);
#480=ORIENTED_EDGE('',*,*,#1115,.T.);
#481=ORIENTED_EDGE('',*,*,#1116,.T.);
#482=ORIENTED_EDGE('',*,*,#1117,.T.);
#483=ORIENTED_EDGE('',*,*,#1118,.T.);
#484=ORIENTED_EDGE('',*,*,#1119,.T.);
#485=ORIENTED_EDGE('',*,*,#1120,.T.);
#486=ORIENTED_EDGE('',*,*,#1121,.T.);
#487=ORIENTED_EDGE('',*,*,#1122,.T.);
#488=ORIENTED_EDGE('',*,*,#1123,.T.);
#489=ORIENTED_EDGE('',*,*,#1078,.F.);
#490=ORIENTED_EDGE('',*,*,#1124,.T.);
#491=ORIENTED_EDGE('',*,*,#1125,.F.);
#492=ORIENTED_EDGE('',*,*,#1126,.T.);
#493=ORIENTED_EDGE('',*,*,#1087,.T.);
#494=ORIENTED_EDGE('',*,*,#1127,.T.);
#495=ORIENTED_EDGE('',*,*,#1128,.T.);
#496=ORIENTED_EDGE('',*,*,#1129,.T.);
#497=ORIENTED_EDGE('',*,*,#1097,.F.);
#498=ORIENTED_EDGE('',*,*,#1130,.T.);
#499=ORIENTED_EDGE('',*,*,#1131,.T.);
#500=ORIENTED_EDGE('',*,*,#1132,.T.);
#501=ORIENTED_EDGE('',*,*,#1015,.F.);
#502=ORIENTED_EDGE('',*,*,#1133,.T.);
#503=ORIENTED_EDGE('',*,*,#1134,.F.);
#504=ORIENTED_EDGE('',*,*,#1135,.T.);
#505=ORIENTED_EDGE('',*,*,#1068,.T.);
#506=ORIENTED_EDGE('',*,*,#1136,.T.);
#507=ORIENTED_EDGE('',*,*,#1137,.T.);
#508=ORIENTED_EDGE('',*,*,#1138,.T.);
#509=ORIENTED_EDGE('',*,*,#1030,.T.);
#510=ORIENTED_EDGE('',*,*,#1139,.T.);
#511=ORIENTED_EDGE('',*,*,#1140,.T.);
#512=ORIENTED_EDGE('',*,*,#1141,.T.);
#513=ORIENTED_EDGE('',*,*,#1019,.F.);
#514=ORIENTED_EDGE('',*,*,#1142,.T.);
#515=ORIENTED_EDGE('',*,*,#1143,.T.);
#516=ORIENTED_EDGE('',*,*,#1144,.T.);
#517=ORIENTED_EDGE('',*,*,#1083,.T.);
#518=ORIENTED_EDGE('',*,*,#1145,.T.);
#519=ORIENTED_EDGE('',*,*,#1146,.T.);
#520=ORIENTED_EDGE('',*,*,#1147,.T.);
#521=ORIENTED_EDGE('',*,*,#1148,.T.);
#522=ORIENTED_EDGE('',*,*,#1149,.T.);
#523=ORIENTED_EDGE('',*,*,#1150,.T.);
#524=ORIENTED_EDGE('',*,*,#1151,.T.);
#525=ORIENTED_EDGE('',*,*,#1152,.T.);
#526=ORIENTED_EDGE('',*,*,#1153,.T.);
#527=ORIENTED_EDGE('',*,*,#1154,.T.);
#528=ORIENTED_EDGE('',*,*,#1155,.T.);
#529=ORIENTED_EDGE('',*,*,#1156,.F.);
#530=ORIENTED_EDGE('',*,*,#1157,.F.);
#531=ORIENTED_EDGE('',*,*,#1158,.F.);
#532=ORIENTED_EDGE('',*,*,#1159,.F.);
#533=ORIENTED_EDGE('',*,*,#1160,.F.);
#534=ORIENTED_EDGE('',*,*,#1161,.T.);
#535=ORIENTED_EDGE('',*,*,#1024,.T.);
#536=ORIENTED_EDGE('',*,*,#1162,.T.);
#537=ORIENTED_EDGE('',*,*,#1163,.T.);
#538=ORIENTED_EDGE('',*,*,#1164,.T.);
#539=ORIENTED_EDGE('',*,*,#1074,.T.);
#540=ORIENTED_EDGE('',*,*,#1165,.T.);
#541=ORIENTED_EDGE('',*,*,#1166,.T.);
#542=ORIENTED_EDGE('',*,*,#1167,.T.);
#543=ORIENTED_EDGE('',*,*,#1168,.T.);
#544=ORIENTED_EDGE('',*,*,#1169,.T.);
#545=ORIENTED_EDGE('',*,*,#1170,.T.);
#546=ORIENTED_EDGE('',*,*,#1107,.F.);
#547=ORIENTED_EDGE('',*,*,#1110,.F.);
#548=ORIENTED_EDGE('',*,*,#1171,.T.);
#549=ORIENTED_EDGE('',*,*,#1112,.F.);
#550=ORIENTED_EDGE('',*,*,#1172,.F.);
#551=ORIENTED_EDGE('',*,*,#1114,.F.);
#552=ORIENTED_EDGE('',*,*,#1173,.T.);
#553=ORIENTED_EDGE('',*,*,#1116,.F.);
#554=ORIENTED_EDGE('',*,*,#1174,.F.);
#555=ORIENTED_EDGE('',*,*,#1175,.F.);
#556=ORIENTED_EDGE('',*,*,#1115,.F.);
#557=ORIENTED_EDGE('',*,*,#1176,.F.);
#558=ORIENTED_EDGE('',*,*,#1170,.F.);
#559=ORIENTED_EDGE('',*,*,#1172,.T.);
#560=ORIENTED_EDGE('',*,*,#1175,.T.);
#561=ORIENTED_EDGE('',*,*,#1177,.F.);
#562=ORIENTED_EDGE('',*,*,#1176,.T.);
#563=ORIENTED_EDGE('',*,*,#1174,.T.);
#564=ORIENTED_EDGE('',*,*,#1178,.F.);
#565=ORIENTED_EDGE('',*,*,#1177,.T.);
#566=ORIENTED_EDGE('',*,*,#1169,.F.);
#567=ORIENTED_EDGE('',*,*,#1179,.F.);
#568=ORIENTED_EDGE('',*,*,#1111,.F.);
#569=ORIENTED_EDGE('',*,*,#1122,.F.);
#570=ORIENTED_EDGE('',*,*,#1180,.T.);
#571=ORIENTED_EDGE('',*,*,#1108,.F.);
#572=ORIENTED_EDGE('',*,*,#1181,.F.);
#573=ORIENTED_EDGE('',*,*,#1118,.F.);
#574=ORIENTED_EDGE('',*,*,#1182,.T.);
#575=ORIENTED_EDGE('',*,*,#1120,.F.);
#576=ORIENTED_EDGE('',*,*,#1183,.F.);
#577=ORIENTED_EDGE('',*,*,#1178,.T.);
#578=ORIENTED_EDGE('',*,*,#1119,.F.);
#579=ORIENTED_EDGE('',*,*,#1184,.F.);
#580=ORIENTED_EDGE('',*,*,#1167,.F.);
#581=ORIENTED_EDGE('',*,*,#1181,.T.);
#582=ORIENTED_EDGE('',*,*,#1179,.T.);
#583=ORIENTED_EDGE('',*,*,#1185,.F.);
#584=ORIENTED_EDGE('',*,*,#1184,.T.);
#585=ORIENTED_EDGE('',*,*,#1183,.T.);
#586=ORIENTED_EDGE('',*,*,#1186,.F.);
#587=ORIENTED_EDGE('',*,*,#1185,.T.);
#588=ORIENTED_EDGE('',*,*,#1168,.F.);
#589=ORIENTED_EDGE('',*,*,#1186,.T.);
#590=ORIENTED_EDGE('',*,*,#1123,.F.);
#591=ORIENTED_EDGE('',*,*,#1187,.T.);
#592=ORIENTED_EDGE('',*,*,#1188,.T.);
#593=ORIENTED_EDGE('',*,*,#1098,.F.);
#594=ORIENTED_EDGE('',*,*,#1189,.T.);
#595=ORIENTED_EDGE('',*,*,#1047,.T.);
#596=ORIENTED_EDGE('',*,*,#1190,.T.);
#597=ORIENTED_EDGE('',*,*,#1086,.T.);
#598=ORIENTED_EDGE('',*,*,#1191,.T.);
#599=ORIENTED_EDGE('',*,*,#1100,.T.);
#600=ORIENTED_EDGE('',*,*,#1192,.T.);
#601=ORIENTED_EDGE('',*,*,#1076,.T.);
#602=ORIENTED_EDGE('',*,*,#1193,.T.);
#603=ORIENTED_EDGE('',*,*,#1089,.T.);
#604=ORIENTED_EDGE('',*,*,#1194,.T.);
#605=ORIENTED_EDGE('',*,*,#1104,.T.);
#606=ORIENTED_EDGE('',*,*,#1195,.T.);
#607=ORIENTED_EDGE('',*,*,#1094,.T.);
#608=ORIENTED_EDGE('',*,*,#1196,.T.);
#609=ORIENTED_EDGE('',*,*,#1102,.T.);
#610=ORIENTED_EDGE('',*,*,#1197,.T.);
#611=ORIENTED_EDGE('',*,*,#1198,.T.);
#612=ORIENTED_EDGE('',*,*,#1166,.F.);
#613=ORIENTED_EDGE('',*,*,#1199,.T.);
#614=ORIENTED_EDGE('',*,*,#1200,.T.);
#615=ORIENTED_EDGE('',*,*,#1131,.F.);
#616=ORIENTED_EDGE('',*,*,#1201,.T.);
#617=ORIENTED_EDGE('',*,*,#1128,.F.);
#618=ORIENTED_EDGE('',*,*,#1202,.T.);
#619=ORIENTED_EDGE('',*,*,#1203,.T.);
#620=ORIENTED_EDGE('',*,*,#1204,.T.);
#621=ORIENTED_EDGE('',*,*,#1146,.F.);
#622=ORIENTED_EDGE('',*,*,#1205,.T.);
#623=ORIENTED_EDGE('',*,*,#1206,.T.);
#624=ORIENTED_EDGE('',*,*,#1207,.T.);
#625=ORIENTED_EDGE('',*,*,#1208,.T.);
#626=ORIENTED_EDGE('',*,*,#1209,.T.);
#627=ORIENTED_EDGE('',*,*,#1143,.F.);
#628=ORIENTED_EDGE('',*,*,#1210,.T.);
#629=ORIENTED_EDGE('',*,*,#1147,.F.);
#630=ORIENTED_EDGE('',*,*,#1207,.F.);
#631=ORIENTED_EDGE('',*,*,#1211,.F.);
#632=ORIENTED_EDGE('',*,*,#1031,.F.);
#633=ORIENTED_EDGE('',*,*,#1212,.F.);
#634=ORIENTED_EDGE('',*,*,#1211,.T.);
#635=ORIENTED_EDGE('',*,*,#1213,.F.);
#636=ORIENTED_EDGE('',*,*,#1032,.F.);
#637=ORIENTED_EDGE('',*,*,#1212,.T.);
#638=ORIENTED_EDGE('',*,*,#1214,.F.);
#639=ORIENTED_EDGE('',*,*,#1067,.F.);
#640=ORIENTED_EDGE('',*,*,#1215,.F.);
#641=ORIENTED_EDGE('',*,*,#1046,.F.);
#642=ORIENTED_EDGE('',*,*,#1214,.T.);
#643=ORIENTED_EDGE('',*,*,#1213,.T.);
#644=ORIENTED_EDGE('',*,*,#1206,.F.);
#645=ORIENTED_EDGE('',*,*,#1216,.F.);
#646=ORIENTED_EDGE('',*,*,#1190,.F.);
#647=ORIENTED_EDGE('',*,*,#1215,.T.);
#648=ORIENTED_EDGE('',*,*,#1217,.F.);
#649=ORIENTED_EDGE('',*,*,#1081,.F.);
#650=ORIENTED_EDGE('',*,*,#1217,.T.);
#651=ORIENTED_EDGE('',*,*,#1216,.T.);
#652=ORIENTED_EDGE('',*,*,#1218,.F.);
#653=ORIENTED_EDGE('',*,*,#1145,.F.);
#654=ORIENTED_EDGE('',*,*,#1082,.F.);
#655=ORIENTED_EDGE('',*,*,#1218,.T.);
#656=ORIENTED_EDGE('',*,*,#1205,.F.);
#657=ORIENTED_EDGE('',*,*,#1142,.F.);
#658=ORIENTED_EDGE('',*,*,#1023,.F.);
#659=ORIENTED_EDGE('',*,*,#1219,.F.);
#660=ORIENTED_EDGE('',*,*,#1210,.F.);
#661=ORIENTED_EDGE('',*,*,#1220,.F.);
#662=ORIENTED_EDGE('',*,*,#1022,.F.);
#663=ORIENTED_EDGE('',*,*,#1063,.F.);
#664=ORIENTED_EDGE('',*,*,#1221,.F.);
#665=ORIENTED_EDGE('',*,*,#1219,.T.);
#666=ORIENTED_EDGE('',*,*,#1220,.T.);
#667=ORIENTED_EDGE('',*,*,#1222,.F.);
#668=ORIENTED_EDGE('',*,*,#1223,.F.);
#669=ORIENTED_EDGE('',*,*,#1191,.F.);
#670=ORIENTED_EDGE('',*,*,#1085,.F.);
#671=ORIENTED_EDGE('',*,*,#1224,.F.);
#672=ORIENTED_EDGE('',*,*,#1048,.F.);
#673=ORIENTED_EDGE('',*,*,#1223,.T.);
#674=ORIENTED_EDGE('',*,*,#1225,.F.);
#675=ORIENTED_EDGE('',*,*,#1208,.F.);
#676=ORIENTED_EDGE('',*,*,#1222,.T.);
#677=ORIENTED_EDGE('',*,*,#1221,.T.);
#678=ORIENTED_EDGE('',*,*,#1225,.T.);
#679=ORIENTED_EDGE('',*,*,#1224,.T.);
#680=ORIENTED_EDGE('',*,*,#1226,.F.);
#681=ORIENTED_EDGE('',*,*,#1226,.T.);
#682=ORIENTED_EDGE('',*,*,#1084,.F.);
#683=ORIENTED_EDGE('',*,*,#1144,.F.);
#684=ORIENTED_EDGE('',*,*,#1209,.F.);
#685=ORIENTED_EDGE('',*,*,#1129,.F.);
#686=ORIENTED_EDGE('',*,*,#1204,.F.);
#687=ORIENTED_EDGE('',*,*,#1227,.F.);
#688=ORIENTED_EDGE('',*,*,#1092,.F.);
#689=ORIENTED_EDGE('',*,*,#1228,.F.);
#690=ORIENTED_EDGE('',*,*,#1227,.T.);
#691=ORIENTED_EDGE('',*,*,#1229,.F.);
#692=ORIENTED_EDGE('',*,*,#1093,.F.);
#693=ORIENTED_EDGE('',*,*,#1228,.T.);
#694=ORIENTED_EDGE('',*,*,#1230,.F.);
#695=ORIENTED_EDGE('',*,*,#1196,.F.);
#696=ORIENTED_EDGE('',*,*,#1231,.F.);
#697=ORIENTED_EDGE('',*,*,#1103,.F.);
#698=ORIENTED_EDGE('',*,*,#1230,.T.);
#699=ORIENTED_EDGE('',*,*,#1229,.T.);
#700=ORIENTED_EDGE('',*,*,#1203,.F.);
#701=ORIENTED_EDGE('',*,*,#1232,.F.);
#702=ORIENTED_EDGE('',*,*,#1195,.F.);
#703=ORIENTED_EDGE('',*,*,#1231,.T.);
#704=ORIENTED_EDGE('',*,*,#1233,.F.);
#705=ORIENTED_EDGE('',*,*,#1090,.F.);
#706=ORIENTED_EDGE('',*,*,#1233,.T.);
#707=ORIENTED_EDGE('',*,*,#1232,.T.);
#708=ORIENTED_EDGE('',*,*,#1234,.F.);
#709=ORIENTED_EDGE('',*,*,#1127,.F.);
#710=ORIENTED_EDGE('',*,*,#1091,.F.);
#711=ORIENTED_EDGE('',*,*,#1234,.T.);
#712=ORIENTED_EDGE('',*,*,#1202,.F.);
#713=ORIENTED_EDGE('',*,*,#1130,.F.);
#714=ORIENTED_EDGE('',*,*,#1096,.F.);
#715=ORIENTED_EDGE('',*,*,#1235,.F.);
#716=ORIENTED_EDGE('',*,*,#1201,.F.);
#717=ORIENTED_EDGE('',*,*,#1236,.F.);
#718=ORIENTED_EDGE('',*,*,#1095,.F.);
#719=ORIENTED_EDGE('',*,*,#1197,.F.);
#720=ORIENTED_EDGE('',*,*,#1237,.F.);
#721=ORIENTED_EDGE('',*,*,#1235,.T.);
#722=ORIENTED_EDGE('',*,*,#1236,.T.);
#723=ORIENTED_EDGE('',*,*,#1238,.F.);
#724=ORIENTED_EDGE('',*,*,#1239,.F.);
#725=ORIENTED_EDGE('',*,*,#1193,.F.);
#726=ORIENTED_EDGE('',*,*,#1080,.F.);
#727=ORIENTED_EDGE('',*,*,#1240,.F.);
#728=ORIENTED_EDGE('',*,*,#1101,.F.);
#729=ORIENTED_EDGE('',*,*,#1239,.T.);
#730=ORIENTED_EDGE('',*,*,#1241,.F.);
#731=ORIENTED_EDGE('',*,*,#1199,.F.);
#732=ORIENTED_EDGE('',*,*,#1238,.T.);
#733=ORIENTED_EDGE('',*,*,#1237,.T.);
#734=ORIENTED_EDGE('',*,*,#1241,.T.);
#735=ORIENTED_EDGE('',*,*,#1240,.T.);
#736=ORIENTED_EDGE('',*,*,#1242,.F.);
#737=ORIENTED_EDGE('',*,*,#1132,.F.);
#738=ORIENTED_EDGE('',*,*,#1200,.F.);
#739=ORIENTED_EDGE('',*,*,#1242,.T.);
#740=ORIENTED_EDGE('',*,*,#1079,.F.);
#741=ORIENTED_EDGE('',*,*,#1243,.F.);
#742=ORIENTED_EDGE('',*,*,#1159,.T.);
#743=ORIENTED_EDGE('',*,*,#1244,.F.);
#744=ORIENTED_EDGE('',*,*,#1243,.T.);
#745=ORIENTED_EDGE('',*,*,#1245,.F.);
#746=ORIENTED_EDGE('',*,*,#1158,.T.);
#747=ORIENTED_EDGE('',*,*,#1246,.F.);
#748=ORIENTED_EDGE('',*,*,#1245,.T.);
#749=ORIENTED_EDGE('',*,*,#1247,.F.);
#750=ORIENTED_EDGE('',*,*,#1157,.T.);
#751=ORIENTED_EDGE('',*,*,#1248,.F.);
#752=ORIENTED_EDGE('',*,*,#1247,.T.);
#753=ORIENTED_EDGE('',*,*,#1249,.F.);
#754=ORIENTED_EDGE('',*,*,#1156,.T.);
#755=ORIENTED_EDGE('',*,*,#1250,.F.);
#756=ORIENTED_EDGE('',*,*,#1249,.T.);
#757=ORIENTED_EDGE('',*,*,#1251,.F.);
#758=ORIENTED_EDGE('',*,*,#1173,.F.);
#759=ORIENTED_EDGE('',*,*,#1252,.F.);
#760=ORIENTED_EDGE('',*,*,#1153,.F.);
#761=ORIENTED_EDGE('',*,*,#1252,.T.);
#762=ORIENTED_EDGE('',*,*,#1113,.F.);
#763=ORIENTED_EDGE('',*,*,#1253,.F.);
#764=ORIENTED_EDGE('',*,*,#1154,.F.);
#765=ORIENTED_EDGE('',*,*,#1251,.T.);
#766=ORIENTED_EDGE('',*,*,#1152,.F.);
#767=ORIENTED_EDGE('',*,*,#1254,.F.);
#768=ORIENTED_EDGE('',*,*,#1117,.F.);
#769=ORIENTED_EDGE('',*,*,#1253,.T.);
#770=ORIENTED_EDGE('',*,*,#1171,.F.);
#771=ORIENTED_EDGE('',*,*,#1255,.F.);
#772=ORIENTED_EDGE('',*,*,#1155,.F.);
#773=ORIENTED_EDGE('',*,*,#1254,.T.);
#774=ORIENTED_EDGE('',*,*,#1151,.F.);
#775=ORIENTED_EDGE('',*,*,#1256,.F.);
#776=ORIENTED_EDGE('',*,*,#1182,.F.);
#777=ORIENTED_EDGE('',*,*,#1255,.T.);
#778=ORIENTED_EDGE('',*,*,#1109,.F.);
#779=ORIENTED_EDGE('',*,*,#1257,.F.);
#780=ORIENTED_EDGE('',*,*,#1148,.F.);
#781=ORIENTED_EDGE('',*,*,#1256,.T.);
#782=ORIENTED_EDGE('',*,*,#1150,.F.);
#783=ORIENTED_EDGE('',*,*,#1258,.F.);
#784=ORIENTED_EDGE('',*,*,#1121,.F.);
#785=ORIENTED_EDGE('',*,*,#1257,.T.);
#786=ORIENTED_EDGE('',*,*,#1180,.F.);
#787=ORIENTED_EDGE('',*,*,#1258,.T.);
#788=ORIENTED_EDGE('',*,*,#1149,.F.);
#789=ORIENTED_EDGE('',*,*,#1259,.F.);
#790=ORIENTED_EDGE('',*,*,#1250,.T.);
#791=ORIENTED_EDGE('',*,*,#1259,.T.);
#792=ORIENTED_EDGE('',*,*,#1260,.F.);
#793=ORIENTED_EDGE('',*,*,#1248,.T.);
#794=ORIENTED_EDGE('',*,*,#1260,.T.);
#795=ORIENTED_EDGE('',*,*,#1261,.F.);
#796=ORIENTED_EDGE('',*,*,#1246,.T.);
#797=ORIENTED_EDGE('',*,*,#1261,.T.);
#798=ORIENTED_EDGE('',*,*,#1262,.F.);
#799=ORIENTED_EDGE('',*,*,#1244,.T.);
#800=ORIENTED_EDGE('',*,*,#1262,.T.);
#801=ORIENTED_EDGE('',*,*,#1263,.T.);
#802=ORIENTED_EDGE('',*,*,#1264,.T.);
#803=ORIENTED_EDGE('',*,*,#1160,.T.);
#804=ORIENTED_EDGE('',*,*,#1265,.T.);
#805=ORIENTED_EDGE('',*,*,#1266,.T.);
#806=ORIENTED_EDGE('',*,*,#1267,.T.);
#807=ORIENTED_EDGE('',*,*,#1268,.F.);
#808=ORIENTED_EDGE('',*,*,#1269,.F.);
#809=ORIENTED_EDGE('',*,*,#1270,.F.);
#810=ORIENTED_EDGE('',*,*,#1271,.F.);
#811=ORIENTED_EDGE('',*,*,#1272,.T.);
#812=ORIENTED_EDGE('',*,*,#1273,.T.);
#813=ORIENTED_EDGE('',*,*,#1140,.F.);
#814=ORIENTED_EDGE('',*,*,#1274,.T.);
#815=ORIENTED_EDGE('',*,*,#1275,.T.);
#816=ORIENTED_EDGE('',*,*,#1276,.T.);
#817=ORIENTED_EDGE('',*,*,#1277,.T.);
#818=ORIENTED_EDGE('',*,*,#1278,.T.);
#819=ORIENTED_EDGE('',*,*,#1279,.T.);
#820=ORIENTED_EDGE('',*,*,#1280,.T.);
#821=ORIENTED_EDGE('',*,*,#1134,.T.);
#822=ORIENTED_EDGE('',*,*,#1281,.T.);
#823=ORIENTED_EDGE('',*,*,#1282,.F.);
#824=ORIENTED_EDGE('',*,*,#1283,.F.);
#825=ORIENTED_EDGE('',*,*,#1137,.F.);
#826=ORIENTED_EDGE('',*,*,#1284,.T.);
#827=ORIENTED_EDGE('',*,*,#1285,.T.);
#828=ORIENTED_EDGE('',*,*,#1286,.T.);
#829=ORIENTED_EDGE('',*,*,#1287,.T.);
#830=ORIENTED_EDGE('',*,*,#1288,.T.);
#831=ORIENTED_EDGE('',*,*,#1289,.T.);
#832=ORIENTED_EDGE('',*,*,#1290,.T.);
#833=ORIENTED_EDGE('',*,*,#1125,.T.);
#834=ORIENTED_EDGE('',*,*,#1291,.T.);
#835=ORIENTED_EDGE('',*,*,#1292,.T.);
#836=ORIENTED_EDGE('',*,*,#1293,.T.);
#837=ORIENTED_EDGE('',*,*,#1294,.T.);
#838=ORIENTED_EDGE('',*,*,#1295,.T.);
#839=ORIENTED_EDGE('',*,*,#1296,.F.);
#840=ORIENTED_EDGE('',*,*,#1297,.F.);
#841=ORIENTED_EDGE('',*,*,#1298,.T.);
#842=ORIENTED_EDGE('',*,*,#1299,.T.);
#843=ORIENTED_EDGE('',*,*,#1163,.F.);
#844=ORIENTED_EDGE('',*,*,#1300,.T.);
#845=ORIENTED_EDGE('',*,*,#1133,.F.);
#846=ORIENTED_EDGE('',*,*,#1018,.F.);
#847=ORIENTED_EDGE('',*,*,#1301,.F.);
#848=ORIENTED_EDGE('',*,*,#1281,.F.);
#849=ORIENTED_EDGE('',*,*,#1138,.F.);
#850=ORIENTED_EDGE('',*,*,#1286,.F.);
#851=ORIENTED_EDGE('',*,*,#1302,.F.);
#852=ORIENTED_EDGE('',*,*,#1016,.F.);
#853=ORIENTED_EDGE('',*,*,#1301,.T.);
#854=ORIENTED_EDGE('',*,*,#1061,.F.);
#855=ORIENTED_EDGE('',*,*,#1303,.F.);
#856=ORIENTED_EDGE('',*,*,#1060,.F.);
#857=ORIENTED_EDGE('',*,*,#1302,.T.);
#858=ORIENTED_EDGE('',*,*,#1304,.F.);
#859=ORIENTED_EDGE('',*,*,#1303,.T.);
#860=ORIENTED_EDGE('',*,*,#1040,.F.);
#861=ORIENTED_EDGE('',*,*,#1305,.F.);
#862=ORIENTED_EDGE('',*,*,#1279,.F.);
#863=ORIENTED_EDGE('',*,*,#1304,.T.);
#864=ORIENTED_EDGE('',*,*,#1285,.F.);
#865=ORIENTED_EDGE('',*,*,#1306,.F.);
#866=ORIENTED_EDGE('',*,*,#1038,.F.);
#867=ORIENTED_EDGE('',*,*,#1307,.F.);
#868=ORIENTED_EDGE('',*,*,#1039,.F.);
#869=ORIENTED_EDGE('',*,*,#1308,.F.);
#870=ORIENTED_EDGE('',*,*,#1051,.F.);
#871=ORIENTED_EDGE('',*,*,#1305,.T.);
#872=ORIENTED_EDGE('',*,*,#1307,.T.);
#873=ORIENTED_EDGE('',*,*,#1309,.F.);
#874=ORIENTED_EDGE('',*,*,#1308,.T.);
#875=ORIENTED_EDGE('',*,*,#1306,.T.);
#876=ORIENTED_EDGE('',*,*,#1310,.F.);
#877=ORIENTED_EDGE('',*,*,#1309,.T.);
#878=ORIENTED_EDGE('',*,*,#1050,.F.);
#879=ORIENTED_EDGE('',*,*,#1311,.F.);
#880=ORIENTED_EDGE('',*,*,#1069,.F.);
#881=ORIENTED_EDGE('',*,*,#1135,.F.);
#882=ORIENTED_EDGE('',*,*,#1280,.F.);
#883=ORIENTED_EDGE('',*,*,#1136,.F.);
#884=ORIENTED_EDGE('',*,*,#1071,.F.);
#885=ORIENTED_EDGE('',*,*,#1312,.F.);
#886=ORIENTED_EDGE('',*,*,#1052,.F.);
#887=ORIENTED_EDGE('',*,*,#1310,.T.);
#888=ORIENTED_EDGE('',*,*,#1284,.F.);
#889=ORIENTED_EDGE('',*,*,#1311,.T.);
#890=ORIENTED_EDGE('',*,*,#1049,.F.);
#891=ORIENTED_EDGE('',*,*,#1312,.T.);
#892=ORIENTED_EDGE('',*,*,#1070,.F.);
#893=ORIENTED_EDGE('',*,*,#1162,.F.);
#894=ORIENTED_EDGE('',*,*,#1027,.F.);
#895=ORIENTED_EDGE('',*,*,#1313,.F.);
#896=ORIENTED_EDGE('',*,*,#1300,.F.);
#897=ORIENTED_EDGE('',*,*,#1161,.F.);
#898=ORIENTED_EDGE('',*,*,#1267,.F.);
#899=ORIENTED_EDGE('',*,*,#1314,.F.);
#900=ORIENTED_EDGE('',*,*,#1025,.F.);
#901=ORIENTED_EDGE('',*,*,#1313,.T.);
#902=ORIENTED_EDGE('',*,*,#1065,.F.);
#903=ORIENTED_EDGE('',*,*,#1315,.F.);
#904=ORIENTED_EDGE('',*,*,#1064,.F.);
#905=ORIENTED_EDGE('',*,*,#1314,.T.);
#906=ORIENTED_EDGE('',*,*,#1316,.F.);
#907=ORIENTED_EDGE('',*,*,#1315,.T.);
#908=ORIENTED_EDGE('',*,*,#1036,.F.);
#909=ORIENTED_EDGE('',*,*,#1317,.F.);
#910=ORIENTED_EDGE('',*,*,#1298,.F.);
#911=ORIENTED_EDGE('',*,*,#1316,.T.);
#912=ORIENTED_EDGE('',*,*,#1266,.F.);
#913=ORIENTED_EDGE('',*,*,#1318,.F.);
#914=ORIENTED_EDGE('',*,*,#1034,.F.);
#915=ORIENTED_EDGE('',*,*,#1319,.F.);
#916=ORIENTED_EDGE('',*,*,#1035,.F.);
#917=ORIENTED_EDGE('',*,*,#1320,.F.);
#918=ORIENTED_EDGE('',*,*,#1053,.F.);
#919=ORIENTED_EDGE('',*,*,#1317,.T.);
#920=ORIENTED_EDGE('',*,*,#1319,.T.);
#921=ORIENTED_EDGE('',*,*,#1321,.F.);
#922=ORIENTED_EDGE('',*,*,#1320,.T.);
#923=ORIENTED_EDGE('',*,*,#1318,.T.);
#924=ORIENTED_EDGE('',*,*,#1322,.F.);
#925=ORIENTED_EDGE('',*,*,#1321,.T.);
#926=ORIENTED_EDGE('',*,*,#1056,.F.);
#927=ORIENTED_EDGE('',*,*,#1323,.F.);
#928=ORIENTED_EDGE('',*,*,#1075,.F.);
#929=ORIENTED_EDGE('',*,*,#1164,.F.);
#930=ORIENTED_EDGE('',*,*,#1299,.F.);
#931=ORIENTED_EDGE('',*,*,#1165,.F.);
#932=ORIENTED_EDGE('',*,*,#1073,.F.);
#933=ORIENTED_EDGE('',*,*,#1324,.F.);
#934=ORIENTED_EDGE('',*,*,#1054,.F.);
#935=ORIENTED_EDGE('',*,*,#1322,.T.);
#936=ORIENTED_EDGE('',*,*,#1265,.F.);
#937=ORIENTED_EDGE('',*,*,#1323,.T.);
#938=ORIENTED_EDGE('',*,*,#1055,.F.);
#939=ORIENTED_EDGE('',*,*,#1324,.T.);
#940=ORIENTED_EDGE('',*,*,#1072,.F.);
#941=ORIENTED_EDGE('',*,*,#1141,.F.);
#942=ORIENTED_EDGE('',*,*,#1273,.F.);
#943=ORIENTED_EDGE('',*,*,#1325,.F.);
#944=ORIENTED_EDGE('',*,*,#1020,.F.);
#945=ORIENTED_EDGE('',*,*,#1139,.F.);
#946=ORIENTED_EDGE('',*,*,#1029,.F.);
#947=ORIENTED_EDGE('',*,*,#1326,.F.);
#948=ORIENTED_EDGE('',*,*,#1274,.F.);
#949=ORIENTED_EDGE('',*,*,#1062,.F.);
#950=ORIENTED_EDGE('',*,*,#1325,.T.);
#951=ORIENTED_EDGE('',*,*,#1327,.F.);
#952=ORIENTED_EDGE('',*,*,#1326,.T.);
#953=ORIENTED_EDGE('',*,*,#1066,.F.);
#954=ORIENTED_EDGE('',*,*,#1328,.F.);
#955=ORIENTED_EDGE('',*,*,#1327,.T.);
#956=ORIENTED_EDGE('',*,*,#1272,.F.);
#957=ORIENTED_EDGE('',*,*,#1329,.F.);
#958=ORIENTED_EDGE('',*,*,#1057,.F.);
#959=ORIENTED_EDGE('',*,*,#1042,.F.);
#960=ORIENTED_EDGE('',*,*,#1044,.F.);
#961=ORIENTED_EDGE('',*,*,#1059,.F.);
#962=ORIENTED_EDGE('',*,*,#1330,.F.);
#963=ORIENTED_EDGE('',*,*,#1275,.F.);
#964=ORIENTED_EDGE('',*,*,#1328,.T.);
#965=ORIENTED_EDGE('',*,*,#1329,.T.);
#966=ORIENTED_EDGE('',*,*,#1276,.F.);
#967=ORIENTED_EDGE('',*,*,#1330,.T.);
#968=ORIENTED_EDGE('',*,*,#1058,.F.);
#969=ORIENTED_EDGE('',*,*,#1124,.F.);
#970=ORIENTED_EDGE('',*,*,#1077,.F.);
#971=ORIENTED_EDGE('',*,*,#1331,.F.);
#972=ORIENTED_EDGE('',*,*,#1291,.F.);
#973=ORIENTED_EDGE('',*,*,#1126,.F.);
#974=ORIENTED_EDGE('',*,*,#1295,.F.);
#975=ORIENTED_EDGE('',*,*,#1332,.F.);
#976=ORIENTED_EDGE('',*,*,#1088,.F.);
#977=ORIENTED_EDGE('',*,*,#1331,.T.);
#978=ORIENTED_EDGE('',*,*,#1192,.F.);
#979=ORIENTED_EDGE('',*,*,#1333,.F.);
#980=ORIENTED_EDGE('',*,*,#1194,.F.);
#981=ORIENTED_EDGE('',*,*,#1332,.T.);
#982=ORIENTED_EDGE('',*,*,#1334,.F.);
#983=ORIENTED_EDGE('',*,*,#1099,.F.);
#984=ORIENTED_EDGE('',*,*,#1188,.F.);
#985=ORIENTED_EDGE('',*,*,#1335,.F.);
#986=ORIENTED_EDGE('',*,*,#1292,.F.);
#987=ORIENTED_EDGE('',*,*,#1333,.T.);
#988=ORIENTED_EDGE('',*,*,#1334,.T.);
#989=ORIENTED_EDGE('',*,*,#1294,.F.);
#990=ORIENTED_EDGE('',*,*,#1336,.F.);
#991=ORIENTED_EDGE('',*,*,#1189,.F.);
#992=ORIENTED_EDGE('',*,*,#1105,.F.);
#993=ORIENTED_EDGE('',*,*,#1335,.T.);
#994=ORIENTED_EDGE('',*,*,#1187,.F.);
#995=ORIENTED_EDGE('',*,*,#1336,.T.);
#996=ORIENTED_EDGE('',*,*,#1293,.F.);
#997=ORIENTED_EDGE('',*,*,#1283,.T.);
#998=ORIENTED_EDGE('',*,*,#1289,.F.);
#999=ORIENTED_EDGE('',*,*,#1282,.T.);
#1000=ORIENTED_EDGE('',*,*,#1287,.F.);
#1001=ORIENTED_EDGE('',*,*,#1297,.T.);
#1002=ORIENTED_EDGE('',*,*,#1290,.F.);
#1003=ORIENTED_EDGE('',*,*,#1296,.T.);
#1004=ORIENTED_EDGE('',*,*,#1288,.F.);
#1005=ORIENTED_EDGE('',*,*,#1271,.T.);
#1006=ORIENTED_EDGE('',*,*,#1264,.F.);
#1007=ORIENTED_EDGE('',*,*,#1269,.T.);
#1008=ORIENTED_EDGE('',*,*,#1263,.F.);
#1009=ORIENTED_EDGE('',*,*,#1270,.T.);
#1010=ORIENTED_EDGE('',*,*,#1278,.F.);
#1011=ORIENTED_EDGE('',*,*,#1268,.T.);
#1012=ORIENTED_EDGE('',*,*,#1277,.F.);
#1013=ORIENTED_EDGE('',*,*,#1106,.F.);
#1014=ORIENTED_EDGE('',*,*,#1198,.F.);
#1015=EDGE_CURVE('',#1337,#1338,#1537,.F.);
#1016=EDGE_CURVE('',#1338,#1339,#1538,.T.);
#1017=EDGE_CURVE('',#1340,#1339,#1539,.T.);
#1018=EDGE_CURVE('',#1340,#1337,#1540,.F.);
#1019=EDGE_CURVE('',#1341,#1342,#1541,.F.);
#1020=EDGE_CURVE('',#1342,#1343,#1542,.T.);
#1021=EDGE_CURVE('',#1344,#1343,#1543,.T.);
#1022=EDGE_CURVE('',#1344,#1345,#311,.T.);
#1023=EDGE_CURVE('',#1345,#1341,#263,.T.);
#1024=EDGE_CURVE('',#1346,#1347,#1544,.T.);
#1025=EDGE_CURVE('',#1346,#1348,#1545,.T.);
#1026=EDGE_CURVE('',#1349,#1348,#1546,.T.);
#1027=EDGE_CURVE('',#1349,#1347,#1547,.F.);
#1028=EDGE_CURVE('',#1350,#1351,#1548,.T.);
#1029=EDGE_CURVE('',#1350,#1352,#1549,.F.);
#1030=EDGE_CURVE('',#1353,#1352,#1550,.T.);
#1031=EDGE_CURVE('',#1353,#1354,#264,.T.);
#1032=EDGE_CURVE('',#1354,#1351,#312,.T.);
#1033=EDGE_CURVE('',#1355,#1356,#1551,.T.);
#1034=EDGE_CURVE('',#1355,#1357,#1552,.T.);
#1035=EDGE_CURVE('',#1357,#1358,#135,.T.);
#1036=EDGE_CURVE('',#1358,#1356,#1553,.F.);
#1037=EDGE_CURVE('',#1359,#1360,#1554,.F.);
#1038=EDGE_CURVE('',#1359,#1361,#1555,.F.);
#1039=EDGE_CURVE('',#1361,#1362,#136,.T.);
#1040=EDGE_CURVE('',#1362,#1360,#1556,.T.);
#1041=EDGE_CURVE('',#1363,#1364,#1557,.F.);
#1042=EDGE_CURVE('',#1363,#1365,#1558,.F.);
#1043=EDGE_CURVE('',#1365,#1366,#137,.T.);
#1044=EDGE_CURVE('',#1366,#1367,#1559,.F.);
#1045=EDGE_CURVE('',#1368,#1367,#1560,.T.);
#1046=EDGE_CURVE('',#1368,#1369,#138,.T.);
#1047=EDGE_CURVE('',#1370,#1369,#1561,.T.);
#1048=EDGE_CURVE('',#1370,#1364,#139,.T.);
#1049=EDGE_CURVE('',#1371,#1372,#140,.T.);
#1050=EDGE_CURVE('',#1372,#1373,#141,.T.);
#1051=EDGE_CURVE('',#1373,#1374,#142,.F.);
#1052=EDGE_CURVE('',#1374,#1371,#143,.T.);
#1053=EDGE_CURVE('',#1375,#1376,#144,.F.);
#1054=EDGE_CURVE('',#1376,#1377,#145,.T.);
#1055=EDGE_CURVE('',#1377,#1378,#146,.T.);
#1056=EDGE_CURVE('',#1378,#1375,#147,.T.);
#1057=EDGE_CURVE('',#1365,#1379,#313,.T.);
#1058=EDGE_CURVE('',#1379,#1380,#148,.F.);
#1059=EDGE_CURVE('',#1380,#1366,#314,.T.);
#1060=EDGE_CURVE('',#1339,#1359,#149,.T.);
#1061=EDGE_CURVE('',#1360,#1340,#150,.T.);
#1062=EDGE_CURVE('',#1343,#1363,#151,.T.);
#1063=EDGE_CURVE('',#1364,#1344,#152,.T.);
#1064=EDGE_CURVE('',#1348,#1355,#153,.T.);
#1065=EDGE_CURVE('',#1356,#1349,#154,.T.);
#1066=EDGE_CURVE('',#1367,#1350,#155,.T.);
#1067=EDGE_CURVE('',#1351,#1368,#156,.T.);
#1068=EDGE_CURVE('',#1381,#1382,#157,.T.);
#1069=EDGE_CURVE('',#1381,#1383,#315,.T.);
#1070=EDGE_CURVE('',#1383,#1384,#158,.F.);
#1071=EDGE_CURVE('',#1384,#1382,#316,.T.);
#1072=EDGE_CURVE('',#1385,#1386,#159,.F.);
#1073=EDGE_CURVE('',#1386,#1387,#317,.T.);
#1074=EDGE_CURVE('',#1388,#1387,#160,.T.);
#1075=EDGE_CURVE('',#1388,#1385,#318,.T.);
#1076=EDGE_CURVE('',#1389,#1390,#1562,.T.);
#1077=EDGE_CURVE('',#1389,#1391,#1563,.F.);
#1078=EDGE_CURVE('',#1391,#1392,#1564,.F.);
#1079=EDGE_CURVE('',#1392,#1393,#265,.T.);
#1080=EDGE_CURVE('',#1393,#1390,#319,.T.);
#1081=EDGE_CURVE('',#1394,#1395,#320,.T.);
#1082=EDGE_CURVE('',#1395,#1396,#266,.T.);
#1083=EDGE_CURVE('',#1397,#1396,#1565,.T.);
#1084=EDGE_CURVE('',#1397,#1398,#267,.T.);
#1085=EDGE_CURVE('',#1398,#1399,#321,.T.);
#1086=EDGE_CURVE('',#1394,#1399,#1566,.T.);
#1087=EDGE_CURVE('',#1400,#1401,#1567,.T.);
#1088=EDGE_CURVE('',#1400,#1402,#1568,.T.);
#1089=EDGE_CURVE('',#1403,#1402,#1569,.T.);
#1090=EDGE_CURVE('',#1403,#1404,#322,.T.);
#1091=EDGE_CURVE('',#1404,#1401,#268,.T.);
#1092=EDGE_CURVE('',#1405,#1406,#269,.T.);
#1093=EDGE_CURVE('',#1406,#1407,#323,.T.);
#1094=EDGE_CURVE('',#1408,#1407,#1570,.T.);
#1095=EDGE_CURVE('',#1408,#1409,#324,.T.);
#1096=EDGE_CURVE('',#1409,#1410,#270,.T.);
#1097=EDGE_CURVE('',#1410,#1405,#1571,.F.);
#1098=EDGE_CURVE('',#1411,#1412,#161,.T.);
#1099=EDGE_CURVE('',#1412,#1413,#1572,.T.);
#1100=EDGE_CURVE('',#1414,#1413,#1573,.F.);
#1101=EDGE_CURVE('',#1414,#1415,#162,.T.);
#1102=EDGE_CURVE('',#1416,#1415,#1574,.F.);
#1103=EDGE_CURVE('',#1416,#1417,#163,.T.);
#1104=EDGE_CURVE('',#1418,#1417,#1575,.T.);
#1105=EDGE_CURVE('',#1418,#1411,#1576,.T.);
#1106=EDGE_CURVE('',#1419,#1419,#164,.T.);
#1107=EDGE_CURVE('',#1420,#1420,#165,.T.);
#1108=EDGE_CURVE('',#1421,#1422,#1577,.T.);
#1109=EDGE_CURVE('',#1422,#1423,#1578,.F.);
#1110=EDGE_CURVE('',#1423,#1424,#1579,.T.);
#1111=EDGE_CURVE('',#1424,#1421,#1580,.T.);
#1112=EDGE_CURVE('',#1425,#1426,#1581,.T.);
#1113=EDGE_CURVE('',#1426,#1427,#1582,.T.);
#1114=EDGE_CURVE('',#1427,#1428,#1583,.T.);
#1115=EDGE_CURVE('',#1428,#1425,#1584,.F.);
#1116=EDGE_CURVE('',#1429,#1430,#1585,.F.);
#1117=EDGE_CURVE('',#1430,#1431,#1586,.T.);
#1118=EDGE_CURVE('',#1431,#1432,#1587,.F.);
#1119=EDGE_CURVE('',#1432,#1429,#1588,.F.);
#1120=EDGE_CURVE('',#1433,#1434,#1589,.F.);
#1121=EDGE_CURVE('',#1434,#1435,#1590,.F.);
#1122=EDGE_CURVE('',#1435,#1436,#1591,.F.);
#1123=EDGE_CURVE('',#1436,#1433,#1592,.T.);
#1124=EDGE_CURVE('',#1391,#1437,#271,.T.);
#1125=EDGE_CURVE('',#1438,#1437,#1593,.T.);
#1126=EDGE_CURVE('',#1438,#1400,#272,.T.);
#1127=EDGE_CURVE('',#1401,#1439,#325,.T.);
#1128=EDGE_CURVE('',#1439,#1440,#166,.T.);
#1129=EDGE_CURVE('',#1440,#1405,#326,.T.);
#1130=EDGE_CURVE('',#1410,#1441,#327,.T.);
#1131=EDGE_CURVE('',#1441,#1442,#167,.T.);
#1132=EDGE_CURVE('',#1442,#1392,#328,.T.);
#1133=EDGE_CURVE('',#1337,#1443,#273,.T.);
#1134=EDGE_CURVE('',#1444,#1443,#1594,.T.);
#1135=EDGE_CURVE('',#1444,#1381,#329,.T.);
#1136=EDGE_CURVE('',#1382,#1445,#330,.T.);
#1137=EDGE_CURVE('',#1445,#1446,#1595,.T.);
#1138=EDGE_CURVE('',#1446,#1338,#274,.T.);
#1139=EDGE_CURVE('',#1352,#1447,#275,.T.);
#1140=EDGE_CURVE('',#1447,#1448,#1596,.T.);
#1141=EDGE_CURVE('',#1448,#1342,#276,.T.);
#1142=EDGE_CURVE('',#1341,#1449,#331,.T.);
#1143=EDGE_CURVE('',#1449,#1450,#168,.T.);
#1144=EDGE_CURVE('',#1450,#1397,#332,.T.);
#1145=EDGE_CURVE('',#1396,#1451,#333,.T.);
#1146=EDGE_CURVE('',#1451,#1452,#169,.T.);
#1147=EDGE_CURVE('',#1452,#1353,#334,.T.);
#1148=EDGE_CURVE('',#1453,#1454,#1597,.F.);
#1149=EDGE_CURVE('',#1454,#1455,#277,.F.);
#1150=EDGE_CURVE('',#1455,#1456,#1598,.F.);
#1151=EDGE_CURVE('',#1456,#1457,#278,.F.);
#1152=EDGE_CURVE('',#1457,#1458,#1599,.F.);
#1153=EDGE_CURVE('',#1458,#1459,#279,.F.);
#1154=EDGE_CURVE('',#1459,#1460,#1600,.F.);
#1155=EDGE_CURVE('',#1460,#1453,#280,.F.);
#1156=EDGE_CURVE('',#1461,#1461,#170,.T.);
#1157=EDGE_CURVE('',#1462,#1462,#171,.T.);
#1158=EDGE_CURVE('',#1463,#1463,#172,.T.);
#1159=EDGE_CURVE('',#1464,#1464,#173,.T.);
#1160=EDGE_CURVE('',#1465,#1466,#1601,.T.);
#1161=EDGE_CURVE('',#1465,#1346,#281,.T.);
#1162=EDGE_CURVE('',#1347,#1467,#282,.T.);
#1163=EDGE_CURVE('',#1467,#1468,#1602,.T.);
#1164=EDGE_CURVE('',#1468,#1388,#335,.T.);
#1165=EDGE_CURVE('',#1387,#1466,#336,.T.);
#1166=EDGE_CURVE('',#1469,#1469,#174,.T.);
#1167=EDGE_CURVE('',#1470,#1471,#1603,.T.);
#1168=EDGE_CURVE('',#1471,#1472,#1604,.T.);
#1169=EDGE_CURVE('',#1472,#1473,#1605,.T.);
#1170=EDGE_CURVE('',#1473,#1470,#1606,.T.);
#1171=EDGE_CURVE('',#1423,#1426,#283,.F.);
#1172=EDGE_CURVE('',#1424,#1425,#175,.T.);
#1173=EDGE_CURVE('',#1427,#1430,#284,.F.);
#1174=EDGE_CURVE('',#1428,#1429,#176,.T.);
#1175=EDGE_CURVE('',#1425,#1473,#177,.T.);
#1176=EDGE_CURVE('',#1470,#1428,#178,.T.);
#1177=EDGE_CURVE('',#1424,#1473,#179,.F.);
#1178=EDGE_CURVE('',#1470,#1429,#180,.F.);
#1179=EDGE_CURVE('',#1421,#1472,#181,.T.);
#1180=EDGE_CURVE('',#1435,#1422,#285,.F.);
#1181=EDGE_CURVE('',#1436,#1421,#182,.T.);
#1182=EDGE_CURVE('',#1431,#1434,#286,.F.);
#1183=EDGE_CURVE('',#1432,#1433,#183,.T.);
#1184=EDGE_CURVE('',#1471,#1432,#184,.T.);
#1185=EDGE_CURVE('',#1436,#1472,#185,.F.);
#1186=EDGE_CURVE('',#1471,#1433,#186,.F.);
#1187=EDGE_CURVE('',#1474,#1475,#187,.F.);
#1188=EDGE_CURVE('',#1475,#1412,#337,.T.);
#1189=EDGE_CURVE('',#1411,#1474,#338,.T.);
#1190=EDGE_CURVE('',#1369,#1394,#188,.T.);
#1191=EDGE_CURVE('',#1399,#1370,#189,.T.);
#1192=EDGE_CURVE('',#1413,#1389,#190,.T.);
#1193=EDGE_CURVE('',#1390,#1414,#191,.T.);
#1194=EDGE_CURVE('',#1402,#1418,#192,.T.);
#1195=EDGE_CURVE('',#1417,#1403,#193,.T.);
#1196=EDGE_CURVE('',#1407,#1416,#194,.T.);
#1197=EDGE_CURVE('',#1415,#1408,#195,.T.);
#1198=EDGE_CURVE('',#1476,#1476,#196,.T.);
#1199=EDGE_CURVE('',#1477,#1478,#197,.F.);
#1200=EDGE_CURVE('',#1478,#1442,#287,.T.);
#1201=EDGE_CURVE('',#1441,#1477,#288,.T.);
#1202=EDGE_CURVE('',#1439,#1479,#289,.T.);
#1203=EDGE_CURVE('',#1479,#1480,#198,.F.);
#1204=EDGE_CURVE('',#1480,#1440,#290,.T.);
#1205=EDGE_CURVE('',#1451,#1481,#291,.T.);
#1206=EDGE_CURVE('',#1481,#1482,#199,.F.);
#1207=EDGE_CURVE('',#1482,#1452,#292,.T.);
#1208=EDGE_CURVE('',#1483,#1484,#200,.F.);
#1209=EDGE_CURVE('',#1484,#1450,#293,.T.);
#1210=EDGE_CURVE('',#1449,#1483,#294,.T.);
#1211=EDGE_CURVE('',#1354,#1482,#339,.T.);
#1212=EDGE_CURVE('',#1354,#1485,#201,.F.);
#1213=EDGE_CURVE('',#1485,#1482,#340,.T.);
#1214=EDGE_CURVE('',#1368,#1485,#341,.T.);
#1215=EDGE_CURVE('',#1369,#1486,#342,.T.);
#1216=EDGE_CURVE('',#1486,#1481,#343,.T.);
#1217=EDGE_CURVE('',#1395,#1486,#202,.T.);
#1218=EDGE_CURVE('',#1395,#1481,#344,.T.);
#1219=EDGE_CURVE('',#1483,#1345,#345,.F.);
#1220=EDGE_CURVE('',#1345,#1487,#203,.T.);
#1221=EDGE_CURVE('',#1487,#1364,#346,.T.);
#1222=EDGE_CURVE('',#1483,#1487,#347,.F.);
#1223=EDGE_CURVE('',#1370,#1488,#348,.T.);
#1224=EDGE_CURVE('',#1488,#1398,#204,.T.);
#1225=EDGE_CURVE('',#1484,#1488,#349,.F.);
#1226=EDGE_CURVE('',#1484,#1398,#350,.F.);
#1227=EDGE_CURVE('',#1406,#1480,#351,.T.);
#1228=EDGE_CURVE('',#1406,#1489,#205,.F.);
#1229=EDGE_CURVE('',#1489,#1480,#352,.T.);
#1230=EDGE_CURVE('',#1416,#1489,#353,.T.);
#1231=EDGE_CURVE('',#1417,#1490,#354,.T.);
#1232=EDGE_CURVE('',#1490,#1479,#355,.T.);
#1233=EDGE_CURVE('',#1404,#1490,#206,.T.);
#1234=EDGE_CURVE('',#1404,#1479,#356,.T.);
#1235=EDGE_CURVE('',#1477,#1409,#357,.F.);
#1236=EDGE_CURVE('',#1409,#1491,#207,.T.);
#1237=EDGE_CURVE('',#1491,#1415,#358,.T.);
#1238=EDGE_CURVE('',#1477,#1491,#359,.F.);
#1239=EDGE_CURVE('',#1414,#1492,#360,.T.);
#1240=EDGE_CURVE('',#1492,#1393,#208,.T.);
#1241=EDGE_CURVE('',#1478,#1492,#361,.F.);
#1242=EDGE_CURVE('',#1478,#1393,#362,.F.);
#1243=EDGE_CURVE('',#1493,#1493,#209,.T.);
#1244=EDGE_CURVE('',#1494,#1494,#210,.T.);
#1245=EDGE_CURVE('',#1495,#1495,#211,.T.);
#1246=EDGE_CURVE('',#1496,#1496,#212,.T.);
#1247=EDGE_CURVE('',#1497,#1497,#213,.T.);
#1248=EDGE_CURVE('',#1498,#1498,#214,.T.);
#1249=EDGE_CURVE('',#1499,#1499,#215,.T.);
#1250=EDGE_CURVE('',#1500,#1500,#216,.T.);
#1251=EDGE_CURVE('',#1430,#1458,#217,.T.);
#1252=EDGE_CURVE('',#1459,#1427,#218,.T.);
#1253=EDGE_CURVE('',#1460,#1426,#219,.T.);
#1254=EDGE_CURVE('',#1431,#1457,#220,.T.);
#1255=EDGE_CURVE('',#1453,#1423,#221,.T.);
#1256=EDGE_CURVE('',#1434,#1456,#222,.T.);
#1257=EDGE_CURVE('',#1454,#1422,#223,.T.);
#1258=EDGE_CURVE('',#1435,#1455,#224,.T.);
#1259=EDGE_CURVE('',#1501,#1501,#225,.T.);
#1260=EDGE_CURVE('',#1502,#1502,#226,.T.);
#1261=EDGE_CURVE('',#1503,#1503,#227,.T.);
#1262=EDGE_CURVE('',#1504,#1504,#228,.T.);
#1263=EDGE_CURVE('',#1505,#1505,#229,.T.);
#1264=EDGE_CURVE('',#1506,#1506,#230,.T.);
#1265=EDGE_CURVE('',#1466,#1507,#231,.T.);
#1266=EDGE_CURVE('',#1507,#1508,#1607,.F.);
#1267=EDGE_CURVE('',#1508,#1465,#1608,.F.);
#1268=EDGE_CURVE('',#1509,#1509,#232,.T.);
#1269=EDGE_CURVE('',#1510,#1510,#233,.T.);
#1270=EDGE_CURVE('',#1511,#1511,#234,.T.);
#1271=EDGE_CURVE('',#1512,#1512,#235,.T.);
#1272=EDGE_CURVE('',#1513,#1514,#1609,.T.);
#1273=EDGE_CURVE('',#1514,#1448,#1610,.T.);
#1274=EDGE_CURVE('',#1447,#1515,#1611,.T.);
#1275=EDGE_CURVE('',#1515,#1516,#1612,.T.);
#1276=EDGE_CURVE('',#1516,#1513,#236,.F.);
#1277=EDGE_CURVE('',#1517,#1517,#237,.T.);
#1278=EDGE_CURVE('',#1518,#1518,#238,.T.);
#1279=EDGE_CURVE('',#1519,#1520,#1613,.F.);
#1280=EDGE_CURVE('',#1520,#1444,#239,.T.);
#1281=EDGE_CURVE('',#1443,#1519,#1614,.F.);
#1282=EDGE_CURVE('',#1521,#1521,#240,.T.);
#1283=EDGE_CURVE('',#1522,#1522,#241,.T.);
#1284=EDGE_CURVE('',#1445,#1523,#242,.F.);
#1285=EDGE_CURVE('',#1523,#1524,#1615,.T.);
#1286=EDGE_CURVE('',#1524,#1446,#1616,.T.);
#1287=EDGE_CURVE('',#1525,#1525,#243,.T.);
#1288=EDGE_CURVE('',#1526,#1526,#244,.T.);
#1289=EDGE_CURVE('',#1527,#1527,#245,.T.);
#1290=EDGE_CURVE('',#1528,#1528,#246,.T.);
#1291=EDGE_CURVE('',#1437,#1529,#1617,.F.);
#1292=EDGE_CURVE('',#1529,#1530,#1618,.F.);
#1293=EDGE_CURVE('',#1530,#1531,#247,.T.);
#1294=EDGE_CURVE('',#1531,#1532,#1619,.F.);
#1295=EDGE_CURVE('',#1532,#1438,#1620,.F.);
#1296=EDGE_CURVE('',#1533,#1533,#248,.T.);
#1297=EDGE_CURVE('',#1534,#1534,#249,.T.);
#1298=EDGE_CURVE('',#1535,#1536,#1621,.T.);
#1299=EDGE_CURVE('',#1536,#1468,#250,.F.);
#1300=EDGE_CURVE('',#1467,#1535,#1622,.T.);
#1301=EDGE_CURVE('',#1519,#1340,#295,.T.);
#1302=EDGE_CURVE('',#1339,#1524,#296,.T.);
#1303=EDGE_CURVE('',#1519,#1360,#297,.T.);
#1304=EDGE_CURVE('',#1359,#1524,#298,.T.);
#1305=EDGE_CURVE('',#1520,#1362,#251,.T.);
#1306=EDGE_CURVE('',#1361,#1523,#252,.T.);
#1307=EDGE_CURVE('',#1362,#1373,#253,.T.);
#1308=EDGE_CURVE('',#1374,#1361,#254,.T.);
#1309=EDGE_CURVE('',#1520,#1373,#255,.F.);
#1310=EDGE_CURVE('',#1374,#1523,#256,.F.);
#1311=EDGE_CURVE('',#1383,#1372,#363,.T.);
#1312=EDGE_CURVE('',#1371,#1384,#364,.F.);
#1313=EDGE_CURVE('',#1535,#1349,#299,.T.);
#1314=EDGE_CURVE('',#1348,#1508,#300,.F.);
#1315=EDGE_CURVE('',#1535,#1356,#301,.T.);
#1316=EDGE_CURVE('',#1355,#1508,#302,.F.);
#1317=EDGE_CURVE('',#1536,#1358,#257,.T.);
#1318=EDGE_CURVE('',#1357,#1507,#258,.T.);
#1319=EDGE_CURVE('',#1358,#1375,#259,.T.);
#1320=EDGE_CURVE('',#1376,#1357,#260,.T.);
#1321=EDGE_CURVE('',#1536,#1375,#261,.F.);
#1322=EDGE_CURVE('',#1376,#1507,#262,.F.);
#1323=EDGE_CURVE('',#1385,#1378,#365,.T.);
#1324=EDGE_CURVE('',#1377,#1386,#366,.F.);
#1325=EDGE_CURVE('',#1343,#1514,#303,.T.);
#1326=EDGE_CURVE('',#1515,#1350,#304,.T.);
#1327=EDGE_CURVE('',#1363,#1514,#305,.T.);
#1328=EDGE_CURVE('',#1515,#1367,#306,.T.);
#1329=EDGE_CURVE('',#1379,#1513,#367,.T.);
#1330=EDGE_CURVE('',#1516,#1380,#368,.F.);
#1331=EDGE_CURVE('',#1529,#1389,#307,.T.);
#1332=EDGE_CURVE('',#1402,#1532,#308,.F.);
#1333=EDGE_CURVE('',#1529,#1413,#309,.T.);
#1334=EDGE_CURVE('',#1418,#1532,#310,.F.);
#1335=EDGE_CURVE('',#1530,#1475,#369,.F.);
#1336=EDGE_CURVE('',#1474,#1531,#370,.T.);
#1337=VERTEX_POINT('',#3293);
#1338=VERTEX_POINT('',#3294);
#1339=VERTEX_POINT('',#3296);
#1340=VERTEX_POINT('',#3298);
#1341=VERTEX_POINT('',#3302);
#1342=VERTEX_POINT('',#3303);
#1343=VERTEX_POINT('',#3305);
#1344=VERTEX_POINT('',#3307);
#1345=VERTEX_POINT('',#3312);
#1346=VERTEX_POINT('',#3316);
#1347=VERTEX_POINT('',#3317);
#1348=VERTEX_POINT('',#3319);
#1349=VERTEX_POINT('',#3321);
#1350=VERTEX_POINT('',#3325);
#1351=VERTEX_POINT('',#3326);
#1352=VERTEX_POINT('',#3328);
#1353=VERTEX_POINT('',#3330);
#1354=VERTEX_POINT('',#3332);
#1355=VERTEX_POINT('',#3339);
#1356=VERTEX_POINT('',#3340);
#1357=VERTEX_POINT('',#3342);
#1358=VERTEX_POINT('',#3344);
#1359=VERTEX_POINT('',#3348);
#1360=VERTEX_POINT('',#3349);
#1361=VERTEX_POINT('',#3351);
#1362=VERTEX_POINT('',#3353);
#1363=VERTEX_POINT('',#3357);
#1364=VERTEX_POINT('',#3358);
#1365=VERTEX_POINT('',#3360);
#1366=VERTEX_POINT('',#3362);
#1367=VERTEX_POINT('',#3364);
#1368=VERTEX_POINT('',#3366);
#1369=VERTEX_POINT('',#3368);
#1370=VERTEX_POINT('',#3370);
#1371=VERTEX_POINT('',#3374);
#1372=VERTEX_POINT('',#3375);
#1373=VERTEX_POINT('',#3377);
#1374=VERTEX_POINT('',#3379);
#1375=VERTEX_POINT('',#3383);
#1376=VERTEX_POINT('',#3384);
#1377=VERTEX_POINT('',#3386);
#1378=VERTEX_POINT('',#3388);
#1379=VERTEX_POINT('',#3395);
#1380=VERTEX_POINT('',#3397);
#1381=VERTEX_POINT('',#3416);
#1382=VERTEX_POINT('',#3417);
#1383=VERTEX_POINT('',#3422);
#1384=VERTEX_POINT('',#3424);
#1385=VERTEX_POINT('',#3431);
#1386=VERTEX_POINT('',#3432);
#1387=VERTEX_POINT('',#3437);
#1388=VERTEX_POINT('',#3439);
#1389=VERTEX_POINT('',#3446);
#1390=VERTEX_POINT('',#3447);
#1391=VERTEX_POINT('',#3449);
#1392=VERTEX_POINT('',#3451);
#1393=VERTEX_POINT('',#3453);
#1394=VERTEX_POINT('',#3463);
#1395=VERTEX_POINT('',#3464);
#1396=VERTEX_POINT('',#3466);
#1397=VERTEX_POINT('',#3468);
#1398=VERTEX_POINT('',#3470);
#1399=VERTEX_POINT('',#3475);
#1400=VERTEX_POINT('',#3479);
#1401=VERTEX_POINT('',#3480);
#1402=VERTEX_POINT('',#3482);
#1403=VERTEX_POINT('',#3484);
#1404=VERTEX_POINT('',#3489);
#1405=VERTEX_POINT('',#3493);
#1406=VERTEX_POINT('',#3494);
#1407=VERTEX_POINT('',#3499);
#1408=VERTEX_POINT('',#3501);
#1409=VERTEX_POINT('',#3506);
#1410=VERTEX_POINT('',#3508);
#1411=VERTEX_POINT('',#3512);
#1412=VERTEX_POINT('',#3513);
#1413=VERTEX_POINT('',#3515);
#1414=VERTEX_POINT('',#3517);
#1415=VERTEX_POINT('',#3519);
#1416=VERTEX_POINT('',#3521);
#1417=VERTEX_POINT('',#3523);
#1418=VERTEX_POINT('',#3525);
#1419=VERTEX_POINT('',#3529);
#1420=VERTEX_POINT('',#3531);
#1421=VERTEX_POINT('',#3534);
#1422=VERTEX_POINT('',#3535);
#1423=VERTEX_POINT('',#3537);
#1424=VERTEX_POINT('',#3539);
#1425=VERTEX_POINT('',#3543);
#1426=VERTEX_POINT('',#3544);
#1427=VERTEX_POINT('',#3546);
#1428=VERTEX_POINT('',#3548);
#1429=VERTEX_POINT('',#3552);
#1430=VERTEX_POINT('',#3553);
#1431=VERTEX_POINT('',#3555);
#1432=VERTEX_POINT('',#3557);
#1433=VERTEX_POINT('',#3561);
#1434=VERTEX_POINT('',#3562);
#1435=VERTEX_POINT('',#3564);
#1436=VERTEX_POINT('',#3566);
#1437=VERTEX_POINT('',#3570);
#1438=VERTEX_POINT('',#3572);
#1439=VERTEX_POINT('',#3579);
#1440=VERTEX_POINT('',#3581);
#1441=VERTEX_POINT('',#3592);
#1442=VERTEX_POINT('',#3594);
#1443=VERTEX_POINT('',#3601);
#1444=VERTEX_POINT('',#3603);
#1445=VERTEX_POINT('',#3612);
#1446=VERTEX_POINT('',#3614);
#1447=VERTEX_POINT('',#3617);
#1448=VERTEX_POINT('',#3619);
#1449=VERTEX_POINT('',#3626);
#1450=VERTEX_POINT('',#3628);
#1451=VERTEX_POINT('',#3639);
#1452=VERTEX_POINT('',#3641);
#1453=VERTEX_POINT('',#3648);
#1454=VERTEX_POINT('',#3649);
#1455=VERTEX_POINT('',#3651);
#1456=VERTEX_POINT('',#3653);
#1457=VERTEX_POINT('',#3655);
#1458=VERTEX_POINT('',#3657);
#1459=VERTEX_POINT('',#3659);
#1460=VERTEX_POINT('',#3661);
#1461=VERTEX_POINT('',#3664);
#1462=VERTEX_POINT('',#3666);
#1463=VERTEX_POINT('',#3668);
#1464=VERTEX_POINT('',#3670);
#1465=VERTEX_POINT('',#3672);
#1466=VERTEX_POINT('',#3673);
#1467=VERTEX_POINT('',#3676);
#1468=VERTEX_POINT('',#3678);
#1469=VERTEX_POINT('',#3688);
#1470=VERTEX_POINT('',#3691);
#1471=VERTEX_POINT('',#3692);
#1472=VERTEX_POINT('',#3694);
#1473=VERTEX_POINT('',#3696);
#1474=VERTEX_POINT('',#3728);
#1475=VERTEX_POINT('',#3729);
#1476=VERTEX_POINT('',#3752);
#1477=VERTEX_POINT('',#3755);
#1478=VERTEX_POINT('',#3756);
#1479=VERTEX_POINT('',#3761);
#1480=VERTEX_POINT('',#3763);
#1481=VERTEX_POINT('',#3767);
#1482=VERTEX_POINT('',#3769);
#1483=VERTEX_POINT('',#3773);
#1484=VERTEX_POINT('',#3774);
#1485=VERTEX_POINT('',#3816);
#1486=VERTEX_POINT('',#3843);
#1487=VERTEX_POINT('',#3930);
#1488=VERTEX_POINT('',#3977);
#1489=VERTEX_POINT('',#4062);
#1490=VERTEX_POINT('',#4089);
#1491=VERTEX_POINT('',#4176);
#1492=VERTEX_POINT('',#4223);
#1493=VERTEX_POINT('',#4271);
#1494=VERTEX_POINT('',#4274);
#1495=VERTEX_POINT('',#4277);
#1496=VERTEX_POINT('',#4280);
#1497=VERTEX_POINT('',#4283);
#1498=VERTEX_POINT('',#4286);
#1499=VERTEX_POINT('',#4289);
#1500=VERTEX_POINT('',#4292);
#1501=VERTEX_POINT('',#4391);
#1502=VERTEX_POINT('',#4395);
#1503=VERTEX_POINT('',#4399);
#1504=VERTEX_POINT('',#4403);
#1505=VERTEX_POINT('',#4407);
#1506=VERTEX_POINT('',#4409);
#1507=VERTEX_POINT('',#4411);
#1508=VERTEX_POINT('',#4413);
#1509=VERTEX_POINT('',#4417);
#1510=VERTEX_POINT('',#4419);
#1511=VERTEX_POINT('',#4421);
#1512=VERTEX_POINT('',#4423);
#1513=VERTEX_POINT('',#4425);
#1514=VERTEX_POINT('',#4426);
#1515=VERTEX_POINT('',#4429);
#1516=VERTEX_POINT('',#4431);
#1517=VERTEX_POINT('',#4435);
#1518=VERTEX_POINT('',#4437);
#1519=VERTEX_POINT('',#4439);
#1520=VERTEX_POINT('',#4440);
#1521=VERTEX_POINT('',#4445);
#1522=VERTEX_POINT('',#4447);
#1523=VERTEX_POINT('',#4449);
#1524=VERTEX_POINT('',#4451);
#1525=VERTEX_POINT('',#4455);
#1526=VERTEX_POINT('',#4457);
#1527=VERTEX_POINT('',#4459);
#1528=VERTEX_POINT('',#4461);
#1529=VERTEX_POINT('',#4463);
#1530=VERTEX_POINT('',#4465);
#1531=VERTEX_POINT('',#4467);
#1532=VERTEX_POINT('',#4469);
#1533=VERTEX_POINT('',#4473);
#1534=VERTEX_POINT('',#4475);
#1535=VERTEX_POINT('',#4477);
#1536=VERTEX_POINT('',#4478);
#1537=LINE('',#3292,#1623);
#1538=LINE('',#3295,#1624);
#1539=LINE('',#3297,#1625);
#1540=LINE('',#3299,#1626);
#1541=LINE('',#3301,#1627);
#1542=LINE('',#3304,#1628);
#1543=LINE('',#3306,#1629);
#1544=LINE('',#3315,#1630);
#1545=LINE('',#3318,#1631);
#1546=LINE('',#3320,#1632);
#1547=LINE('',#3322,#1633);
#1548=LINE('',#3324,#1634);
#1549=LINE('',#3327,#1635);
#1550=LINE('',#3329,#1636);
#1551=LINE('',#3338,#1637);
#1552=LINE('',#3341,#1638);
#1553=LINE('',#3345,#1639);
#1554=LINE('',#3347,#1640);
#1555=LINE('',#3350,#1641);
#1556=LINE('',#3354,#1642);
#1557=LINE('',#3356,#1643);
#1558=LINE('',#3359,#1644);
#1559=LINE('',#3363,#1645);
#1560=LINE('',#3365,#1646);
#1561=LINE('',#3369,#1647);
#1562=LINE('',#3445,#1648);
#1563=LINE('',#3448,#1649);
#1564=LINE('',#3450,#1650);
#1565=LINE('',#3467,#1651);
#1566=LINE('',#3476,#1652);
#1567=LINE('',#3478,#1653);
#1568=LINE('',#3481,#1654);
#1569=LINE('',#3483,#1655);
#1570=LINE('',#3500,#1656);
#1571=LINE('',#3509,#1657);
#1572=LINE('',#3514,#1658);
#1573=LINE('',#3516,#1659);
#1574=LINE('',#3520,#1660);
#1575=LINE('',#3524,#1661);
#1576=LINE('',#3526,#1662);
#1577=LINE('',#3533,#1663);
#1578=LINE('',#3536,#1664);
#1579=LINE('',#3538,#1665);
#1580=LINE('',#3540,#1666);
#1581=LINE('',#3542,#1667);
#1582=LINE('',#3545,#1668);
#1583=LINE('',#3547,#1669);
#1584=LINE('',#3549,#1670);
#1585=LINE('',#3551,#1671);
#1586=LINE('',#3554,#1672);
#1587=LINE('',#3556,#1673);
#1588=LINE('',#3558,#1674);
#1589=LINE('',#3560,#1675);
#1590=LINE('',#3563,#1676);
#1591=LINE('',#3565,#1677);
#1592=LINE('',#3567,#1678);
#1593=LINE('',#3571,#1679);
#1594=LINE('',#3602,#1680);
#1595=LINE('',#3613,#1681);
#1596=LINE('',#3618,#1682);
#1597=LINE('',#3647,#1683);
#1598=LINE('',#3652,#1684);
#1599=LINE('',#3656,#1685);
#1600=LINE('',#3660,#1686);
#1601=LINE('',#3671,#1687);
#1602=LINE('',#3677,#1688);
#1603=LINE('',#3690,#1689);
#1604=LINE('',#3693,#1690);
#1605=LINE('',#3695,#1691);
#1606=LINE('',#3697,#1692);
#1607=LINE('',#4412,#1693);
#1608=LINE('',#4414,#1694);
#1609=LINE('',#4424,#1695);
#1610=LINE('',#4427,#1696);
#1611=LINE('',#4428,#1697);
#1612=LINE('',#4430,#1698);
#1613=LINE('',#4438,#1699);
#1614=LINE('',#4442,#1700);
#1615=LINE('',#4450,#1701);
#1616=LINE('',#4452,#1702);
#1617=LINE('',#4462,#1703);
#1618=LINE('',#4464,#1704);
#1619=LINE('',#4468,#1705);
#1620=LINE('',#4470,#1706);
#1621=LINE('',#4476,#1707);
#1622=LINE('',#4480,#1708);
#1623=VECTOR('',#2616,1.);
#1624=VECTOR('',#2617,1.);
#1625=VECTOR('',#2618,1.);
#1626=VECTOR('',#2619,1.);
#1627=VECTOR('',#2622,1.);
#1628=VECTOR('',#2623,1.);
#1629=VECTOR('',#2624,1.);
#1630=VECTOR('',#2629,1.);
#1631=VECTOR('',#2630,1.);
#1632=VECTOR('',#2631,1.);
#1633=VECTOR('',#2632,1.);
#1634=VECTOR('',#2635,1.);
#1635=VECTOR('',#2636,1.);
#1636=VECTOR('',#2637,1.);
#1637=VECTOR('',#2642,1.);
#1638=VECTOR('',#2643,1.);
#1639=VECTOR('',#2646,1.);
#1640=VECTOR('',#2649,1.);
#1641=VECTOR('',#2650,1.);
#1642=VECTOR('',#2653,1.);
#1643=VECTOR('',#2656,1.);
#1644=VECTOR('',#2657,1.);
#1645=VECTOR('',#2660,1.);
#1646=VECTOR('',#2661,1.);
#1647=VECTOR('',#2664,1.);
#1648=VECTOR('',#2729,1.);
#1649=VECTOR('',#2730,1.);
#1650=VECTOR('',#2731,1.);
#1651=VECTOR('',#2738,1.);
#1652=VECTOR('',#2741,1.);
#1653=VECTOR('',#2744,1.);
#1654=VECTOR('',#2745,1.);
#1655=VECTOR('',#2746,1.);
#1656=VECTOR('',#2753,1.);
#1657=VECTOR('',#2756,1.);
#1658=VECTOR('',#2761,1.);
#1659=VECTOR('',#2762,1.);
#1660=VECTOR('',#2765,1.);
#1661=VECTOR('',#2768,1.);
#1662=VECTOR('',#2769,1.);
#1663=VECTOR('',#2778,1.);
#1664=VECTOR('',#2779,1.);
#1665=VECTOR('',#2780,1.);
#1666=VECTOR('',#2781,1.);
#1667=VECTOR('',#2784,1.);
#1668=VECTOR('',#2785,1.);
#1669=VECTOR('',#2786,1.);
#1670=VECTOR('',#2787,1.);
#1671=VECTOR('',#2790,1.);
#1672=VECTOR('',#2791,1.);
#1673=VECTOR('',#2792,1.);
#1674=VECTOR('',#2793,1.);
#1675=VECTOR('',#2796,1.);
#1676=VECTOR('',#2797,1.);
#1677=VECTOR('',#2798,1.);
#1678=VECTOR('',#2799,1.);
#1679=VECTOR('',#2804,1.);
#1680=VECTOR('',#2813,1.);
#1681=VECTOR('',#2814,1.);
#1682=VECTOR('',#2819,1.);
#1683=VECTOR('',#2826,1.);
#1684=VECTOR('',#2829,1.);
#1685=VECTOR('',#2832,1.);
#1686=VECTOR('',#2835,1.);
#1687=VECTOR('',#2846,1.);
#1688=VECTOR('',#2851,1.);
#1689=VECTOR('',#2856,1.);
#1690=VECTOR('',#2857,1.);
#1691=VECTOR('',#2858,1.);
#1692=VECTOR('',#2859,1.);
#1693=VECTOR('',#3092,1.);
#1694=VECTOR('',#3093,1.);
#1695=VECTOR('',#3104,1.);
#1696=VECTOR('',#3105,1.);
#1697=VECTOR('',#3106,1.);
#1698=VECTOR('',#3107,1.);
#1699=VECTOR('',#3116,1.);
#1700=VECTOR('',#3119,1.);
#1701=VECTOR('',#3128,1.);
#1702=VECTOR('',#3129,1.);
#1703=VECTOR('',#3140,1.);
#1704=VECTOR('',#3141,1.);
#1705=VECTOR('',#3144,1.);
#1706=VECTOR('',#3145,1.);
#1707=VECTOR('',#3152,1.);
#1708=VECTOR('',#3155,1.);
#1709=EDGE_LOOP('',(#371,#372,#373,#374));
#1710=EDGE_LOOP('',(#375,#376,#377,#378,#379));
#1711=EDGE_LOOP('',(#380,#381,#382,#383));
#1712=EDGE_LOOP('',(#384,#385,#386,#387,#388));
#1713=EDGE_LOOP('',(#389,#390,#391,#392));
#1714=EDGE_LOOP('',(#393,#394,#395,#396));
#1715=EDGE_LOOP('',(#397,#398,#399,#400,#401,#402,#403,#404));
#1716=EDGE_LOOP('',(#405,#406,#407,#408));
#1717=EDGE_LOOP('',(#409,#410,#411,#412));
#1718=EDGE_LOOP('',(#413,#414,#415,#416));
#1719=EDGE_LOOP('',(#417,#418,#419,#420));
#1720=EDGE_LOOP('',(#421,#422,#423,#424));
#1721=EDGE_LOOP('',(#425,#426,#427,#428));
#1722=EDGE_LOOP('',(#429,#430,#431,#432));
#1723=EDGE_LOOP('',(#433,#434,#435,#436));
#1724=EDGE_LOOP('',(#437,#438,#439,#440));
#1725=EDGE_LOOP('',(#441,#442,#443,#444,#445));
#1726=EDGE_LOOP('',(#446,#447,#448,#449,#450,#451));
#1727=EDGE_LOOP('',(#452,#453,#454,#455,#456));
#1728=EDGE_LOOP('',(#457,#458,#459,#460,#461,#462));
#1729=EDGE_LOOP('',(#463,#464,#465,#466,#467,#468,#469,#470));
#1730=EDGE_LOOP('',(#471));
#1731=EDGE_LOOP('',(#472));
#1732=EDGE_LOOP('',(#473,#474,#475,#476));
#1733=EDGE_LOOP('',(#477,#478,#479,#480));
#1734=EDGE_LOOP('',(#481,#482,#483,#484));
#1735=EDGE_LOOP('',(#485,#486,#487,#488));
#1736=EDGE_LOOP('',(#489,#490,#491,#492,#493,#494,#495,#496,#497,#498,#499,
#500));
#1737=EDGE_LOOP('',(#501,#502,#503,#504,#505,#506,#507,#508));
#1738=EDGE_LOOP('',(#509,#510,#511,#512,#513,#514,#515,#516,#517,#518,#519,
#520));
#1739=EDGE_LOOP('',(#521,#522,#523,#524,#525,#526,#527,#528));
#1740=EDGE_LOOP('',(#529));
#1741=EDGE_LOOP('',(#530));
#1742=EDGE_LOOP('',(#531));
#1743=EDGE_LOOP('',(#532));
#1744=EDGE_LOOP('',(#533,#534,#535,#536,#537,#538,#539,#540));
#1745=EDGE_LOOP('',(#541));
#1746=EDGE_LOOP('',(#542,#543,#544,#545));
#1747=EDGE_LOOP('',(#546));
#1748=EDGE_LOOP('',(#547,#548,#549,#550));
#1749=EDGE_LOOP('',(#551,#552,#553,#554));
#1750=EDGE_LOOP('',(#555,#556,#557,#558));
#1751=EDGE_LOOP('',(#559,#560,#561));
#1752=EDGE_LOOP('',(#562,#563,#564));
#1753=EDGE_LOOP('',(#565,#566,#567,#568));
#1754=EDGE_LOOP('',(#569,#570,#571,#572));
#1755=EDGE_LOOP('',(#573,#574,#575,#576));
#1756=EDGE_LOOP('',(#577,#578,#579,#580));
#1757=EDGE_LOOP('',(#581,#582,#583));
#1758=EDGE_LOOP('',(#584,#585,#586));
#1759=EDGE_LOOP('',(#587,#588,#589,#590));
#1760=EDGE_LOOP('',(#591,#592,#593,#594));
#1761=EDGE_LOOP('',(#595,#596,#597,#598));
#1762=EDGE_LOOP('',(#599,#600,#601,#602));
#1763=EDGE_LOOP('',(#603,#604,#605,#606));
#1764=EDGE_LOOP('',(#607,#608,#609,#610));
#1765=EDGE_LOOP('',(#611));
#1766=EDGE_LOOP('',(#612));
#1767=EDGE_LOOP('',(#613,#614,#615,#616));
#1768=EDGE_LOOP('',(#617,#618,#619,#620));
#1769=EDGE_LOOP('',(#621,#622,#623,#624));
#1770=EDGE_LOOP('',(#625,#626,#627,#628));
#1771=EDGE_LOOP('',(#629,#630,#631,#632));
#1772=EDGE_LOOP('',(#633,#634,#635));
#1773=EDGE_LOOP('',(#636,#637,#638,#639));
#1774=EDGE_LOOP('',(#640,#641,#642,#643,#644,#645));
#1775=EDGE_LOOP('',(#646,#647,#648,#649));
#1776=EDGE_LOOP('',(#650,#651,#652));
#1777=EDGE_LOOP('',(#653,#654,#655,#656));
#1778=EDGE_LOOP('',(#657,#658,#659,#660));
#1779=EDGE_LOOP('',(#661,#662,#663,#664));
#1780=EDGE_LOOP('',(#665,#666,#667));
#1781=EDGE_LOOP('',(#668,#669,#670,#671));
#1782=EDGE_LOOP('',(#672,#673,#674,#675,#676,#677));
#1783=EDGE_LOOP('',(#678,#679,#680));
#1784=EDGE_LOOP('',(#681,#682,#683,#684));
#1785=EDGE_LOOP('',(#685,#686,#687,#688));
#1786=EDGE_LOOP('',(#689,#690,#691));
#1787=EDGE_LOOP('',(#692,#693,#694,#695));
#1788=EDGE_LOOP('',(#696,#697,#698,#699,#700,#701));
#1789=EDGE_LOOP('',(#702,#703,#704,#705));
#1790=EDGE_LOOP('',(#706,#707,#708));
#1791=EDGE_LOOP('',(#709,#710,#711,#712));
#1792=EDGE_LOOP('',(#713,#714,#715,#716));
#1793=EDGE_LOOP('',(#717,#718,#719,#720));
#1794=EDGE_LOOP('',(#721,#722,#723));
#1795=EDGE_LOOP('',(#724,#725,#726,#727));
#1796=EDGE_LOOP('',(#728,#729,#730,#731,#732,#733));
#1797=EDGE_LOOP('',(#734,#735,#736));
#1798=EDGE_LOOP('',(#737,#738,#739,#740));
#1799=EDGE_LOOP('',(#741));
#1800=EDGE_LOOP('',(#742));
#1801=EDGE_LOOP('',(#743));
#1802=EDGE_LOOP('',(#744));
#1803=EDGE_LOOP('',(#745));
#1804=EDGE_LOOP('',(#746));
#1805=EDGE_LOOP('',(#747));
#1806=EDGE_LOOP('',(#748));
#1807=EDGE_LOOP('',(#749));
#1808=EDGE_LOOP('',(#750));
#1809=EDGE_LOOP('',(#751));
#1810=EDGE_LOOP('',(#752));
#1811=EDGE_LOOP('',(#753));
#1812=EDGE_LOOP('',(#754));
#1813=EDGE_LOOP('',(#755));
#1814=EDGE_LOOP('',(#756));
#1815=EDGE_LOOP('',(#757,#758,#759,#760));
#1816=EDGE_LOOP('',(#761,#762,#763,#764));
#1817=EDGE_LOOP('',(#765,#766,#767,#768));
#1818=EDGE_LOOP('',(#769,#770,#771,#772));
#1819=EDGE_LOOP('',(#773,#774,#775,#776));
#1820=EDGE_LOOP('',(#777,#778,#779,#780));
#1821=EDGE_LOOP('',(#781,#782,#783,#784));
#1822=EDGE_LOOP('',(#785,#786,#787,#788));
#1823=EDGE_LOOP('',(#789));
#1824=EDGE_LOOP('',(#790));
#1825=EDGE_LOOP('',(#791));
#1826=EDGE_LOOP('',(#792));
#1827=EDGE_LOOP('',(#793));
#1828=EDGE_LOOP('',(#794));
#1829=EDGE_LOOP('',(#795));
#1830=EDGE_LOOP('',(#796));
#1831=EDGE_LOOP('',(#797));
#1832=EDGE_LOOP('',(#798));
#1833=EDGE_LOOP('',(#799));
#1834=EDGE_LOOP('',(#800));
#1835=EDGE_LOOP('',(#801));
#1836=EDGE_LOOP('',(#802));
#1837=EDGE_LOOP('',(#803,#804,#805,#806));
#1838=EDGE_LOOP('',(#807));
#1839=EDGE_LOOP('',(#808));
#1840=EDGE_LOOP('',(#809));
#1841=EDGE_LOOP('',(#810));
#1842=EDGE_LOOP('',(#811,#812,#813,#814,#815,#816));
#1843=EDGE_LOOP('',(#817));
#1844=EDGE_LOOP('',(#818));
#1845=EDGE_LOOP('',(#819,#820,#821,#822));
#1846=EDGE_LOOP('',(#823));
#1847=EDGE_LOOP('',(#824));
#1848=EDGE_LOOP('',(#825,#826,#827,#828));
#1849=EDGE_LOOP('',(#829));
#1850=EDGE_LOOP('',(#830));
#1851=EDGE_LOOP('',(#831));
#1852=EDGE_LOOP('',(#832));
#1853=EDGE_LOOP('',(#833,#834,#835,#836,#837,#838));
#1854=EDGE_LOOP('',(#839));
#1855=EDGE_LOOP('',(#840));
#1856=EDGE_LOOP('',(#841,#842,#843,#844));
#1857=EDGE_LOOP('',(#845,#846,#847,#848));
#1858=EDGE_LOOP('',(#849,#850,#851,#852));
#1859=EDGE_LOOP('',(#853,#854,#855));
#1860=EDGE_LOOP('',(#856,#857,#858));
#1861=EDGE_LOOP('',(#859,#860,#861,#862));
#1862=EDGE_LOOP('',(#863,#864,#865,#866));
#1863=EDGE_LOOP('',(#867,#868,#869,#870));
#1864=EDGE_LOOP('',(#871,#872,#873));
#1865=EDGE_LOOP('',(#874,#875,#876));
#1866=EDGE_LOOP('',(#877,#878,#879,#880,#881,#882));
#1867=EDGE_LOOP('',(#883,#884,#885,#886,#887,#888));
#1868=EDGE_LOOP('',(#889,#890,#891,#892));
#1869=EDGE_LOOP('',(#893,#894,#895,#896));
#1870=EDGE_LOOP('',(#897,#898,#899,#900));
#1871=EDGE_LOOP('',(#901,#902,#903));
#1872=EDGE_LOOP('',(#904,#905,#906));
#1873=EDGE_LOOP('',(#907,#908,#909,#910));
#1874=EDGE_LOOP('',(#911,#912,#913,#914));
#1875=EDGE_LOOP('',(#915,#916,#917,#918));
#1876=EDGE_LOOP('',(#919,#920,#921));
#1877=EDGE_LOOP('',(#922,#923,#924));
#1878=EDGE_LOOP('',(#925,#926,#927,#928,#929,#930));
#1879=EDGE_LOOP('',(#931,#932,#933,#934,#935,#936));
#1880=EDGE_LOOP('',(#937,#938,#939,#940));
#1881=EDGE_LOOP('',(#941,#942,#943,#944));
#1882=EDGE_LOOP('',(#945,#946,#947,#948));
#1883=EDGE_LOOP('',(#949,#950,#951));
#1884=EDGE_LOOP('',(#952,#953,#954));
#1885=EDGE_LOOP('',(#955,#956,#957,#958,#959));
#1886=EDGE_LOOP('',(#960,#961,#962,#963,#964));
#1887=EDGE_LOOP('',(#965,#966,#967,#968));
#1888=EDGE_LOOP('',(#969,#970,#971,#972));
#1889=EDGE_LOOP('',(#973,#974,#975,#976));
#1890=EDGE_LOOP('',(#977,#978,#979));
#1891=EDGE_LOOP('',(#980,#981,#982));
#1892=EDGE_LOOP('',(#983,#984,#985,#986,#987));
#1893=EDGE_LOOP('',(#988,#989,#990,#991,#992));
#1894=EDGE_LOOP('',(#993,#994,#995,#996));
#1895=EDGE_LOOP('',(#997));
#1896=EDGE_LOOP('',(#998));
#1897=EDGE_LOOP('',(#999));
#1898=EDGE_LOOP('',(#1000));
#1899=EDGE_LOOP('',(#1001));
#1900=EDGE_LOOP('',(#1002));
#1901=EDGE_LOOP('',(#1003));
#1902=EDGE_LOOP('',(#1004));
#1903=EDGE_LOOP('',(#1005));
#1904=EDGE_LOOP('',(#1006));
#1905=EDGE_LOOP('',(#1007));
#1906=EDGE_LOOP('',(#1008));
#1907=EDGE_LOOP('',(#1009));
#1908=EDGE_LOOP('',(#1010));
#1909=EDGE_LOOP('',(#1011));
#1910=EDGE_LOOP('',(#1012));
#1911=EDGE_LOOP('',(#1013));
#1912=EDGE_LOOP('',(#1014));
#1913=FACE_BOUND('',#1709,.T.);
#1914=FACE_BOUND('',#1710,.T.);
#1915=FACE_BOUND('',#1711,.T.);
#1916=FACE_BOUND('',#1712,.T.);
#1917=FACE_BOUND('',#1713,.T.);
#1918=FACE_BOUND('',#1714,.T.);
#1919=FACE_BOUND('',#1715,.T.);
#1920=FACE_BOUND('',#1716,.T.);
#1921=FACE_BOUND('',#1717,.T.);
#1922=FACE_BOUND('',#1718,.T.);
#1923=FACE_BOUND('',#1719,.T.);
#1924=FACE_BOUND('',#1720,.T.);
#1925=FACE_BOUND('',#1721,.T.);
#1926=FACE_BOUND('',#1722,.T.);
#1927=FACE_BOUND('',#1723,.T.);
#1928=FACE_BOUND('',#1724,.T.);
#1929=FACE_BOUND('',#1725,.T.);
#1930=FACE_BOUND('',#1726,.T.);
#1931=FACE_BOUND('',#1727,.T.);
#1932=FACE_BOUND('',#1728,.T.);
#1933=FACE_BOUND('',#1729,.T.);
#1934=FACE_BOUND('',#1730,.T.);
#1935=FACE_BOUND('',#1731,.T.);
#1936=FACE_BOUND('',#1732,.T.);
#1937=FACE_BOUND('',#1733,.T.);
#1938=FACE_BOUND('',#1734,.T.);
#1939=FACE_BOUND('',#1735,.T.);
#1940=FACE_BOUND('',#1736,.T.);
#1941=FACE_BOUND('',#1737,.T.);
#1942=FACE_BOUND('',#1738,.T.);
#1943=FACE_BOUND('',#1739,.T.);
#1944=FACE_BOUND('',#1740,.T.);
#1945=FACE_BOUND('',#1741,.T.);
#1946=FACE_BOUND('',#1742,.T.);
#1947=FACE_BOUND('',#1743,.T.);
#1948=FACE_BOUND('',#1744,.T.);
#1949=FACE_BOUND('',#1745,.T.);
#1950=FACE_BOUND('',#1746,.T.);
#1951=FACE_BOUND('',#1747,.T.);
#1952=FACE_BOUND('',#1748,.T.);
#1953=FACE_BOUND('',#1749,.T.);
#1954=FACE_BOUND('',#1750,.T.);
#1955=FACE_BOUND('',#1751,.T.);
#1956=FACE_BOUND('',#1752,.T.);
#1957=FACE_BOUND('',#1753,.T.);
#1958=FACE_BOUND('',#1754,.T.);
#1959=FACE_BOUND('',#1755,.T.);
#1960=FACE_BOUND('',#1756,.T.);
#1961=FACE_BOUND('',#1757,.T.);
#1962=FACE_BOUND('',#1758,.T.);
#1963=FACE_BOUND('',#1759,.T.);
#1964=FACE_BOUND('',#1760,.T.);
#1965=FACE_BOUND('',#1761,.T.);
#1966=FACE_BOUND('',#1762,.T.);
#1967=FACE_BOUND('',#1763,.T.);
#1968=FACE_BOUND('',#1764,.T.);
#1969=FACE_BOUND('',#1765,.T.);
#1970=FACE_BOUND('',#1766,.T.);
#1971=FACE_BOUND('',#1767,.T.);
#1972=FACE_BOUND('',#1768,.T.);
#1973=FACE_BOUND('',#1769,.T.);
#1974=FACE_BOUND('',#1770,.T.);
#1975=FACE_BOUND('',#1771,.T.);
#1976=FACE_BOUND('',#1772,.T.);
#1977=FACE_BOUND('',#1773,.T.);
#1978=FACE_BOUND('',#1774,.T.);
#1979=FACE_BOUND('',#1775,.T.);
#1980=FACE_BOUND('',#1776,.T.);
#1981=FACE_BOUND('',#1777,.T.);
#1982=FACE_BOUND('',#1778,.T.);
#1983=FACE_BOUND('',#1779,.T.);
#1984=FACE_BOUND('',#1780,.T.);
#1985=FACE_BOUND('',#1781,.T.);
#1986=FACE_BOUND('',#1782,.T.);
#1987=FACE_BOUND('',#1783,.T.);
#1988=FACE_BOUND('',#1784,.T.);
#1989=FACE_BOUND('',#1785,.T.);
#1990=FACE_BOUND('',#1786,.T.);
#1991=FACE_BOUND('',#1787,.T.);
#1992=FACE_BOUND('',#1788,.T.);
#1993=FACE_BOUND('',#1789,.T.);
#1994=FACE_BOUND('',#1790,.T.);
#1995=FACE_BOUND('',#1791,.T.);
#1996=FACE_BOUND('',#1792,.T.);
#1997=FACE_BOUND('',#1793,.T.);
#1998=FACE_BOUND('',#1794,.T.);
#1999=FACE_BOUND('',#1795,.T.);
#2000=FACE_BOUND('',#1796,.T.);
#2001=FACE_BOUND('',#1797,.T.);
#2002=FACE_BOUND('',#1798,.T.);
#2003=FACE_BOUND('',#1799,.T.);
#2004=FACE_BOUND('',#1800,.T.);
#2005=FACE_BOUND('',#1801,.T.);
#2006=FACE_BOUND('',#1802,.T.);
#2007=FACE_BOUND('',#1803,.T.);
#2008=FACE_BOUND('',#1804,.T.);
#2009=FACE_BOUND('',#1805,.T.);
#2010=FACE_BOUND('',#1806,.T.);
#2011=FACE_BOUND('',#1807,.T.);
#2012=FACE_BOUND('',#1808,.T.);
#2013=FACE_BOUND('',#1809,.T.);
#2014=FACE_BOUND('',#1810,.T.);
#2015=FACE_BOUND('',#1811,.T.);
#2016=FACE_BOUND('',#1812,.T.);
#2017=FACE_BOUND('',#1813,.T.);
#2018=FACE_BOUND('',#1814,.T.);
#2019=FACE_BOUND('',#1815,.T.);
#2020=FACE_BOUND('',#1816,.T.);
#2021=FACE_BOUND('',#1817,.T.);
#2022=FACE_BOUND('',#1818,.T.);
#2023=FACE_BOUND('',#1819,.T.);
#2024=FACE_BOUND('',#1820,.T.);
#2025=FACE_BOUND('',#1821,.T.);
#2026=FACE_BOUND('',#1822,.T.);
#2027=FACE_BOUND('',#1823,.T.);
#2028=FACE_BOUND('',#1824,.T.);
#2029=FACE_BOUND('',#1825,.T.);
#2030=FACE_BOUND('',#1826,.T.);
#2031=FACE_BOUND('',#1827,.T.);
#2032=FACE_BOUND('',#1828,.T.);
#2033=FACE_BOUND('',#1829,.T.);
#2034=FACE_BOUND('',#1830,.T.);
#2035=FACE_BOUND('',#1831,.T.);
#2036=FACE_BOUND('',#1832,.T.);
#2037=FACE_BOUND('',#1833,.T.);
#2038=FACE_BOUND('',#1834,.T.);
#2039=FACE_BOUND('',#1835,.T.);
#2040=FACE_BOUND('',#1836,.T.);
#2041=FACE_BOUND('',#1837,.T.);
#2042=FACE_BOUND('',#1838,.T.);
#2043=FACE_BOUND('',#1839,.T.);
#2044=FACE_BOUND('',#1840,.T.);
#2045=FACE_BOUND('',#1841,.T.);
#2046=FACE_BOUND('',#1842,.T.);
#2047=FACE_BOUND('',#1843,.T.);
#2048=FACE_BOUND('',#1844,.T.);
#2049=FACE_BOUND('',#1845,.T.);
#2050=FACE_BOUND('',#1846,.T.);
#2051=FACE_BOUND('',#1847,.T.);
#2052=FACE_BOUND('',#1848,.T.);
#2053=FACE_BOUND('',#1849,.T.);
#2054=FACE_BOUND('',#1850,.T.);
#2055=FACE_BOUND('',#1851,.T.);
#2056=FACE_BOUND('',#1852,.T.);
#2057=FACE_BOUND('',#1853,.T.);
#2058=FACE_BOUND('',#1854,.T.);
#2059=FACE_BOUND('',#1855,.T.);
#2060=FACE_BOUND('',#1856,.T.);
#2061=FACE_BOUND('',#1857,.T.);
#2062=FACE_BOUND('',#1858,.T.);
#2063=FACE_BOUND('',#1859,.T.);
#2064=FACE_BOUND('',#1860,.T.);
#2065=FACE_BOUND('',#1861,.T.);
#2066=FACE_BOUND('',#1862,.T.);
#2067=FACE_BOUND('',#1863,.T.);
#2068=FACE_BOUND('',#1864,.T.);
#2069=FACE_BOUND('',#1865,.T.);
#2070=FACE_BOUND('',#1866,.T.);
#2071=FACE_BOUND('',#1867,.T.);
#2072=FACE_BOUND('',#1868,.T.);
#2073=FACE_BOUND('',#1869,.T.);
#2074=FACE_BOUND('',#1870,.T.);
#2075=FACE_BOUND('',#1871,.T.);
#2076=FACE_BOUND('',#1872,.T.);
#2077=FACE_BOUND('',#1873,.T.);
#2078=FACE_BOUND('',#1874,.T.);
#2079=FACE_BOUND('',#1875,.T.);
#2080=FACE_BOUND('',#1876,.T.);
#2081=FACE_BOUND('',#1877,.T.);
#2082=FACE_BOUND('',#1878,.T.);
#2083=FACE_BOUND('',#1879,.T.);
#2084=FACE_BOUND('',#1880,.T.);
#2085=FACE_BOUND('',#1881,.T.);
#2086=FACE_BOUND('',#1882,.T.);
#2087=FACE_BOUND('',#1883,.T.);
#2088=FACE_BOUND('',#1884,.T.);
#2089=FACE_BOUND('',#1885,.T.);
#2090=FACE_BOUND('',#1886,.T.);
#2091=FACE_BOUND('',#1887,.T.);
#2092=FACE_BOUND('',#1888,.T.);
#2093=FACE_BOUND('',#1889,.T.);
#2094=FACE_BOUND('',#1890,.T.);
#2095=FACE_BOUND('',#1891,.T.);
#2096=FACE_BOUND('',#1892,.T.);
#2097=FACE_BOUND('',#1893,.T.);
#2098=FACE_BOUND('',#1894,.T.);
#2099=FACE_BOUND('',#1895,.T.);
#2100=FACE_BOUND('',#1896,.T.);
#2101=FACE_BOUND('',#1897,.T.);
#2102=FACE_BOUND('',#1898,.T.);
#2103=FACE_BOUND('',#1899,.T.);
#2104=FACE_BOUND('',#1900,.T.);
#2105=FACE_BOUND('',#1901,.T.);
#2106=FACE_BOUND('',#1902,.T.);
#2107=FACE_BOUND('',#1903,.T.);
#2108=FACE_BOUND('',#1904,.T.);
#2109=FACE_BOUND('',#1905,.T.);
#2110=FACE_BOUND('',#1906,.T.);
#2111=FACE_BOUND('',#1907,.T.);
#2112=FACE_BOUND('',#1908,.T.);
#2113=FACE_BOUND('',#1909,.T.);
#2114=FACE_BOUND('',#1910,.T.);
#2115=FACE_BOUND('',#1911,.T.);
#2116=FACE_BOUND('',#1912,.T.);
#2117=PLANE('',#2317);
#2118=PLANE('',#2318);
#2119=PLANE('',#2320);
#2120=PLANE('',#2321);
#2121=PLANE('',#2323);
#2122=PLANE('',#2325);
#2123=PLANE('',#2327);
#2124=PLANE('',#2361);
#2125=PLANE('',#2363);
#2126=PLANE('',#2366);
#2127=PLANE('',#2368);
#2128=PLANE('',#2371);
#2129=PLANE('',#2378);
#2130=PLANE('',#2379);
#2131=PLANE('',#2380);
#2132=PLANE('',#2381);
#2133=PLANE('',#2382);
#2134=PLANE('',#2404);
#2135=PLANE('',#2479);
#2136=PLANE('',#2483);
#2137=PLANE('',#2487);
#2138=PLANE('',#2491);
#2139=PLANE('',#2507);
#2140=PLANE('',#2510);
#2141=PLANE('',#2513);
#2142=PLANE('',#2516);
#2143=PLANE('',#2517);
#2144=PLANE('',#2521);
#2145=PLANE('',#2527);
#2146=PLANE('',#2531);
#2147=PLANE('',#2535);
#2148=PLANE('',#2541);
#2149=ADVANCED_FACE('',(#1913),#2117,.F.);
#2150=ADVANCED_FACE('',(#1914),#2118,.F.);
#2151=ADVANCED_FACE('',(#1915),#2119,.F.);
#2152=ADVANCED_FACE('',(#1916),#2120,.F.);
#2153=ADVANCED_FACE('',(#1917),#2121,.F.);
#2154=ADVANCED_FACE('',(#1918),#2122,.F.);
#2155=ADVANCED_FACE('',(#1919),#2123,.F.);
#2156=ADVANCED_FACE('',(#1920),#122,.T.);
#2157=ADVANCED_FACE('',(#1921),#123,.T.);
#2158=ADVANCED_FACE('',(#1922),#124,.T.);
#2159=ADVANCED_FACE('',(#1923),#64,.F.);
#2160=ADVANCED_FACE('',(#1924),#65,.F.);
#2161=ADVANCED_FACE('',(#1925),#66,.F.);
#2162=ADVANCED_FACE('',(#1926),#67,.F.);
#2163=ADVANCED_FACE('',(#1927),#68,.T.);
#2164=ADVANCED_FACE('',(#1928),#69,.T.);
#2165=ADVANCED_FACE('',(#1929),#2124,.F.);
#2166=ADVANCED_FACE('',(#1930),#2125,.F.);
#2167=ADVANCED_FACE('',(#1931),#2126,.F.);
#2168=ADVANCED_FACE('',(#1932),#2127,.F.);
#2169=ADVANCED_FACE('',(#1933),#2128,.F.);
#2170=ADVANCED_FACE('',(#1934,#1935),#125,.F.);
#2171=ADVANCED_FACE('',(#1936),#2129,.T.);
#2172=ADVANCED_FACE('',(#1937),#2130,.T.);
#2173=ADVANCED_FACE('',(#1938),#2131,.T.);
#2174=ADVANCED_FACE('',(#1939),#2132,.T.);
#2175=ADVANCED_FACE('',(#1940,#1941,#1942,#1943,#1944,#1945,#1946,#1947,
#1948,#1949),#2133,.F.);
#2176=ADVANCED_FACE('',(#1950,#1951),#2134,.T.);
#2177=ADVANCED_FACE('',(#1952),#70,.T.);
#2178=ADVANCED_FACE('',(#1953),#71,.T.);
#2179=ADVANCED_FACE('',(#1954),#72,.T.);
#2180=ADVANCED_FACE('',(#1955),#126,.T.);
#2181=ADVANCED_FACE('',(#1956),#127,.T.);
#2182=ADVANCED_FACE('',(#1957),#73,.T.);
#2183=ADVANCED_FACE('',(#1958),#74,.T.);
#2184=ADVANCED_FACE('',(#1959),#75,.T.);
#2185=ADVANCED_FACE('',(#1960),#76,.T.);
#2186=ADVANCED_FACE('',(#1961),#128,.T.);
#2187=ADVANCED_FACE('',(#1962),#129,.T.);
#2188=ADVANCED_FACE('',(#1963),#77,.T.);
#2189=ADVANCED_FACE('',(#1964),#130,.T.);
#2190=ADVANCED_FACE('',(#1965),#78,.F.);
#2191=ADVANCED_FACE('',(#1966),#79,.F.);
#2192=ADVANCED_FACE('',(#1967),#80,.F.);
#2193=ADVANCED_FACE('',(#1968),#81,.F.);
#2194=ADVANCED_FACE('',(#1969,#1970),#62,.F.);
#2195=ADVANCED_FACE('',(#1971),#82,.T.);
#2196=ADVANCED_FACE('',(#1972),#83,.T.);
#2197=ADVANCED_FACE('',(#1973),#84,.T.);
#2198=ADVANCED_FACE('',(#1974),#85,.T.);
#2199=ADVANCED_FACE('',(#1975),#26,.F.);
#2200=ADVANCED_FACE('',(#1976),#27,.F.);
#2201=ADVANCED_FACE('',(#1977),#28,.F.);
#2202=ADVANCED_FACE('',(#1978),#12,.F.);
#2203=ADVANCED_FACE('',(#1979),#29,.F.);
#2204=ADVANCED_FACE('',(#1980),#30,.F.);
#2205=ADVANCED_FACE('',(#1981),#31,.F.);
#2206=ADVANCED_FACE('',(#1982),#32,.F.);
#2207=ADVANCED_FACE('',(#1983),#33,.F.);
#2208=ADVANCED_FACE('',(#1984),#34,.F.);
#2209=ADVANCED_FACE('',(#1985),#35,.F.);
#2210=ADVANCED_FACE('',(#1986),#13,.F.);
#2211=ADVANCED_FACE('',(#1987),#36,.F.);
#2212=ADVANCED_FACE('',(#1988),#37,.F.);
#2213=ADVANCED_FACE('',(#1989),#38,.F.);
#2214=ADVANCED_FACE('',(#1990),#39,.F.);
#2215=ADVANCED_FACE('',(#1991),#40,.F.);
#2216=ADVANCED_FACE('',(#1992),#14,.F.);
#2217=ADVANCED_FACE('',(#1993),#41,.F.);
#2218=ADVANCED_FACE('',(#1994),#42,.F.);
#2219=ADVANCED_FACE('',(#1995),#43,.F.);
#2220=ADVANCED_FACE('',(#1996),#44,.F.);
#2221=ADVANCED_FACE('',(#1997),#45,.F.);
#2222=ADVANCED_FACE('',(#1998),#46,.F.);
#2223=ADVANCED_FACE('',(#1999),#47,.F.);
#2224=ADVANCED_FACE('',(#2000),#15,.F.);
#2225=ADVANCED_FACE('',(#2001),#48,.F.);
#2226=ADVANCED_FACE('',(#2002),#49,.F.);
#2227=ADVANCED_FACE('',(#2003,#2004),#86,.F.);
#2228=ADVANCED_FACE('',(#2005,#2006),#2135,.T.);
#2229=ADVANCED_FACE('',(#2007,#2008),#87,.F.);
#2230=ADVANCED_FACE('',(#2009,#2010),#2136,.T.);
#2231=ADVANCED_FACE('',(#2011,#2012),#88,.F.);
#2232=ADVANCED_FACE('',(#2013,#2014),#2137,.T.);
#2233=ADVANCED_FACE('',(#2015,#2016),#89,.F.);
#2234=ADVANCED_FACE('',(#2017,#2018),#2138,.T.);
#2235=ADVANCED_FACE('',(#2019),#50,.T.);
#2236=ADVANCED_FACE('',(#2020),#90,.T.);
#2237=ADVANCED_FACE('',(#2021),#91,.T.);
#2238=ADVANCED_FACE('',(#2022),#51,.T.);
#2239=ADVANCED_FACE('',(#2023),#52,.T.);
#2240=ADVANCED_FACE('',(#2024),#92,.T.);
#2241=ADVANCED_FACE('',(#2025),#93,.T.);
#2242=ADVANCED_FACE('',(#2026),#53,.T.);
#2243=ADVANCED_FACE('',(#2027,#2028),#94,.F.);
#2244=ADVANCED_FACE('',(#2029),#2139,.T.);
#2245=ADVANCED_FACE('',(#2030,#2031),#95,.F.);
#2246=ADVANCED_FACE('',(#2032),#2140,.T.);
#2247=ADVANCED_FACE('',(#2033,#2034),#96,.F.);
#2248=ADVANCED_FACE('',(#2035),#2141,.T.);
#2249=ADVANCED_FACE('',(#2036,#2037),#97,.F.);
#2250=ADVANCED_FACE('',(#2038),#2142,.T.);
#2251=ADVANCED_FACE('',(#2039,#2040,#2041),#2143,.F.);
#2252=ADVANCED_FACE('',(#2042,#2043,#2044,#2045,#2046),#2144,.T.);
#2253=ADVANCED_FACE('',(#2047,#2048,#2049),#2145,.F.);
#2254=ADVANCED_FACE('',(#2050,#2051,#2052),#2146,.T.);
#2255=ADVANCED_FACE('',(#2053,#2054,#2055,#2056,#2057),#2147,.F.);
#2256=ADVANCED_FACE('',(#2058,#2059,#2060),#2148,.T.);
#2257=ADVANCED_FACE('',(#2061),#98,.F.);
#2258=ADVANCED_FACE('',(#2062),#99,.F.);
#2259=ADVANCED_FACE('',(#2063),#54,.F.);
#2260=ADVANCED_FACE('',(#2064),#55,.F.);
#2261=ADVANCED_FACE('',(#2065),#100,.F.);
#2262=ADVANCED_FACE('',(#2066),#101,.F.);
#2263=ADVANCED_FACE('',(#2067),#16,.F.);
#2264=ADVANCED_FACE('',(#2068),#131,.F.);
#2265=ADVANCED_FACE('',(#2069),#132,.F.);
#2266=ADVANCED_FACE('',(#2070),#17,.F.);
#2267=ADVANCED_FACE('',(#2071),#18,.F.);
#2268=ADVANCED_FACE('',(#2072),#19,.F.);
#2269=ADVANCED_FACE('',(#2073),#102,.F.);
#2270=ADVANCED_FACE('',(#2074),#103,.F.);
#2271=ADVANCED_FACE('',(#2075),#56,.F.);
#2272=ADVANCED_FACE('',(#2076),#57,.F.);
#2273=ADVANCED_FACE('',(#2077),#104,.F.);
#2274=ADVANCED_FACE('',(#2078),#105,.F.);
#2275=ADVANCED_FACE('',(#2079),#20,.F.);
#2276=ADVANCED_FACE('',(#2080),#133,.F.);
#2277=ADVANCED_FACE('',(#2081),#134,.F.);
#2278=ADVANCED_FACE('',(#2082),#21,.F.);
#2279=ADVANCED_FACE('',(#2083),#22,.F.);
#2280=ADVANCED_FACE('',(#2084),#23,.F.);
#2281=ADVANCED_FACE('',(#2085),#106,.F.);
#2282=ADVANCED_FACE('',(#2086),#107,.F.);
#2283=ADVANCED_FACE('',(#2087),#58,.F.);
#2284=ADVANCED_FACE('',(#2088),#59,.F.);
#2285=ADVANCED_FACE('',(#2089),#108,.F.);
#2286=ADVANCED_FACE('',(#2090),#109,.F.);
#2287=ADVANCED_FACE('',(#2091),#24,.F.);
#2288=ADVANCED_FACE('',(#2092),#110,.F.);
#2289=ADVANCED_FACE('',(#2093),#111,.F.);
#2290=ADVANCED_FACE('',(#2094),#60,.F.);
#2291=ADVANCED_FACE('',(#2095),#61,.F.);
#2292=ADVANCED_FACE('',(#2096),#112,.F.);
#2293=ADVANCED_FACE('',(#2097),#113,.F.);
#2294=ADVANCED_FACE('',(#2098),#25,.F.);
#2295=ADVANCED_FACE('',(#2099,#2100),#114,.F.);
#2296=ADVANCED_FACE('',(#2101,#2102),#115,.F.);
#2297=ADVANCED_FACE('',(#2103,#2104),#116,.F.);
#2298=ADVANCED_FACE('',(#2105,#2106),#117,.F.);
#2299=ADVANCED_FACE('',(#2107,#2108),#118,.F.);
#2300=ADVANCED_FACE('',(#2109,#2110),#119,.F.);
#2301=ADVANCED_FACE('',(#2111,#2112),#120,.F.);
#2302=ADVANCED_FACE('',(#2113,#2114),#121,.F.);
#2303=ADVANCED_FACE('',(#2115,#2116),#63,.F.);
#2304=CLOSED_SHELL('',(#2149,#2150,#2151,#2152,#2153,#2154,#2155,#2156,
#2157,#2158,#2159,#2160,#2161,#2162,#2163,#2164,#2165,#2166,#2167,#2168,
#2169,#2170,#2171,#2172,#2173,#2174,#2175,#2176,#2177,#2178,#2179,#2180,
#2181,#2182,#2183,#2184,#2185,#2186,#2187,#2188,#2189,#2190,#2191,#2192,
#2193,#2194,#2195,#2196,#2197,#2198,#2199,#2200,#2201,#2202,#2203,#2204,
#2205,#2206,#2207,#2208,#2209,#2210,#2211,#2212,#2213,#2214,#2215,#2216,
#2217,#2218,#2219,#2220,#2221,#2222,#2223,#2224,#2225,#2226,#2227,#2228,
#2229,#2230,#2231,#2232,#2233,#2234,#2235,#2236,#2237,#2238,#2239,#2240,
#2241,#2242,#2243,#2244,#2245,#2246,#2247,#2248,#2249,#2250,#2251,#2252,
#2253,#2254,#2255,#2256,#2257,#2258,#2259,#2260,#2261,#2262,#2263,#2264,
#2265,#2266,#2267,#2268,#2269,#2270,#2271,#2272,#2273,#2274,#2275,#2276,
#2277,#2278,#2279,#2280,#2281,#2282,#2283,#2284,#2285,#2286,#2287,#2288,
#2289,#2290,#2291,#2292,#2293,#2294,#2295,#2296,#2297,#2298,#2299,#2300,
#2301,#2302,#2303));
#2305=STYLED_ITEM('',(#2306),#2313);
#2306=PRESENTATION_STYLE_ASSIGNMENT((#2307));
#2307=SURFACE_STYLE_USAGE(.BOTH.,#2308);
#2308=SURFACE_SIDE_STYLE('',(#2309));
#2309=SURFACE_STYLE_FILL_AREA(#2310);
#2310=FILL_AREA_STYLE('',(#2311));
#2311=FILL_AREA_STYLE_COLOUR('',#2312);
#2312=COLOUR_RGB('',0.901960784313726,0.87843137254902,0.811764705882353);
#2313=MANIFOLD_SOLID_BREP('Bot',#2304);
#2314=SHAPE_DEFINITION_REPRESENTATION(#4770,#2315);
#2315=SHAPE_REPRESENTATION('Bot',(#2316),#4765);
#2316=AXIS2_PLACEMENT_3D('',#3290,#2612,#2613);
#2317=AXIS2_PLACEMENT_3D('',#3291,#2614,#2615);
#2318=AXIS2_PLACEMENT_3D('',#3300,#2620,#2621);
#2319=AXIS2_PLACEMENT_3D('',#3313,#2625,#2626);
#2320=AXIS2_PLACEMENT_3D('',#3314,#2627,#2628);
#2321=AXIS2_PLACEMENT_3D('',#3323,#2633,#2634);
#2322=AXIS2_PLACEMENT_3D('',#3331,#2638,#2639);
#2323=AXIS2_PLACEMENT_3D('',#3337,#2640,#2641);
#2324=AXIS2_PLACEMENT_3D('',#3343,#2644,#2645);
#2325=AXIS2_PLACEMENT_3D('',#3346,#2647,#2648);
#2326=AXIS2_PLACEMENT_3D('',#3352,#2651,#2652);
#2327=AXIS2_PLACEMENT_3D('',#3355,#2654,#2655);
#2328=AXIS2_PLACEMENT_3D('',#3361,#2658,#2659);
#2329=AXIS2_PLACEMENT_3D('',#3367,#2662,#2663);
#2330=AXIS2_PLACEMENT_3D('',#3371,#2665,#2666);
#2331=AXIS2_PLACEMENT_3D('',#3372,#2667,#2668);
#2332=AXIS2_PLACEMENT_3D('',#3373,#2669,#2670);
#2333=AXIS2_PLACEMENT_3D('',#3376,#2671,#2672);
#2334=AXIS2_PLACEMENT_3D('',#3378,#2673,#2674);
#2335=AXIS2_PLACEMENT_3D('',#3380,#2675,#2676);
#2336=AXIS2_PLACEMENT_3D('',#3381,#2677,#2678);
#2337=AXIS2_PLACEMENT_3D('',#3382,#2679,#2680);
#2338=AXIS2_PLACEMENT_3D('',#3385,#2681,#2682);
#2339=AXIS2_PLACEMENT_3D('',#3387,#2683,#2684);
#2340=AXIS2_PLACEMENT_3D('',#3389,#2685,#2686);
#2341=AXIS2_PLACEMENT_3D('',#3390,#2687,#2688);
#2342=AXIS2_PLACEMENT_3D('',#3396,#2689,#2690);
#2343=AXIS2_PLACEMENT_3D('',#3402,#2691,#2692);
#2344=AXIS2_PLACEMENT_3D('',#3403,#2693,#2694);
#2345=AXIS2_PLACEMENT_3D('',#3404,#2695,#2696);
#2346=AXIS2_PLACEMENT_3D('',#3405,#2697,#2698);
#2347=AXIS2_PLACEMENT_3D('',#3406,#2699,#2700);
#2348=AXIS2_PLACEMENT_3D('',#3407,#2701,#2702);
#2349=AXIS2_PLACEMENT_3D('',#3408,#2703,#2704);
#2350=AXIS2_PLACEMENT_3D('',#3409,#2705,#2706);
#2351=AXIS2_PLACEMENT_3D('',#3410,#2707,#2708);
#2352=AXIS2_PLACEMENT_3D('',#3411,#2709,#2710);
#2353=AXIS2_PLACEMENT_3D('',#3412,#2711,#2712);
#2354=AXIS2_PLACEMENT_3D('',#3413,#2713,#2714);
#2355=AXIS2_PLACEMENT_3D('',#3414,#2715,#2716);
#2356=AXIS2_PLACEMENT_3D('',#3415,#2717,#2718);
#2357=AXIS2_PLACEMENT_3D('',#3423,#2719,#2720);
#2358=AXIS2_PLACEMENT_3D('',#3429,#2721,#2722);
#2359=AXIS2_PLACEMENT_3D('',#3430,#2723,#2724);
#2360=AXIS2_PLACEMENT_3D('',#3438,#2725,#2726);
#2361=AXIS2_PLACEMENT_3D('',#3444,#2727,#2728);
#2362=AXIS2_PLACEMENT_3D('',#3452,#2732,#2733);
#2363=AXIS2_PLACEMENT_3D('',#3458,#2734,#2735);
#2364=AXIS2_PLACEMENT_3D('',#3465,#2736,#2737);
#2365=AXIS2_PLACEMENT_3D('',#3469,#2739,#2740);
#2366=AXIS2_PLACEMENT_3D('',#3477,#2742,#2743);
#2367=AXIS2_PLACEMENT_3D('',#3490,#2747,#2748);
#2368=AXIS2_PLACEMENT_3D('',#3491,#2749,#2750);
#2369=AXIS2_PLACEMENT_3D('',#3492,#2751,#2752);
#2370=AXIS2_PLACEMENT_3D('',#3507,#2754,#2755);
#2371=AXIS2_PLACEMENT_3D('',#3510,#2757,#2758);
#2372=AXIS2_PLACEMENT_3D('',#3511,#2759,#2760);
#2373=AXIS2_PLACEMENT_3D('',#3518,#2763,#2764);
#2374=AXIS2_PLACEMENT_3D('',#3522,#2766,#2767);
#2375=AXIS2_PLACEMENT_3D('',#3527,#2770,#2771);
#2376=AXIS2_PLACEMENT_3D('',#3528,#2772,#2773);
#2377=AXIS2_PLACEMENT_3D('',#3530,#2774,#2775);
#2378=AXIS2_PLACEMENT_3D('',#3532,#2776,#2777);
#2379=AXIS2_PLACEMENT_3D('',#3541,#2782,#2783);
#2380=AXIS2_PLACEMENT_3D('',#3550,#2788,#2789);
#2381=AXIS2_PLACEMENT_3D('',#3559,#2794,#2795);
#2382=AXIS2_PLACEMENT_3D('',#3568,#2800,#2801);
#2383=AXIS2_PLACEMENT_3D('',#3569,#2802,#2803);
#2384=AXIS2_PLACEMENT_3D('',#3573,#2805,#2806);
#2385=AXIS2_PLACEMENT_3D('',#3580,#2807,#2808);
#2386=AXIS2_PLACEMENT_3D('',#3593,#2809,#2810);
#2387=AXIS2_PLACEMENT_3D('',#3600,#2811,#2812);
#2388=AXIS2_PLACEMENT_3D('',#3615,#2815,#2816);
#2389=AXIS2_PLACEMENT_3D('',#3616,#2817,#2818);
#2390=AXIS2_PLACEMENT_3D('',#3620,#2820,#2821);
#2391=AXIS2_PLACEMENT_3D('',#3627,#2822,#2823);
#2392=AXIS2_PLACEMENT_3D('',#3640,#2824,#2825);
#2393=AXIS2_PLACEMENT_3D('',#3650,#2827,#2828);
#2394=AXIS2_PLACEMENT_3D('',#3654,#2830,#2831);
#2395=AXIS2_PLACEMENT_3D('',#3658,#2833,#2834);
#2396=AXIS2_PLACEMENT_3D('',#3662,#2836,#2837);
#2397=AXIS2_PLACEMENT_3D('',#3663,#2838,#2839);
#2398=AXIS2_PLACEMENT_3D('',#3665,#2840,#2841);
#2399=AXIS2_PLACEMENT_3D('',#3667,#2842,#2843);
#2400=AXIS2_PLACEMENT_3D('',#3669,#2844,#2845);
#2401=AXIS2_PLACEMENT_3D('',#3674,#2847,#2848);
#2402=AXIS2_PLACEMENT_3D('',#3675,#2849,#2850);
#2403=AXIS2_PLACEMENT_3D('',#3687,#2852,#2853);
#2404=AXIS2_PLACEMENT_3D('',#3689,#2854,#2855);
#2405=AXIS2_PLACEMENT_3D('',#3698,#2860,#2861);
#2406=AXIS2_PLACEMENT_3D('',#3699,#2862,#2863);
#2407=AXIS2_PLACEMENT_3D('',#3700,#2864,#2865);
#2408=AXIS2_PLACEMENT_3D('',#3701,#2866,#2867);
#2409=AXIS2_PLACEMENT_3D('',#3702,#2868,#2869);
#2410=AXIS2_PLACEMENT_3D('',#3703,#2870,#2871);
#2411=AXIS2_PLACEMENT_3D('',#3704,#2872,#2873);
#2412=AXIS2_PLACEMENT_3D('',#3705,#2874,#2875);
#2413=AXIS2_PLACEMENT_3D('',#3706,#2876,#2877);
#2414=AXIS2_PLACEMENT_3D('',#3707,#2878,#2879);
#2415=AXIS2_PLACEMENT_3D('',#3708,#2880,#2881);
#2416=AXIS2_PLACEMENT_3D('',#3709,#2882,#2883);
#2417=AXIS2_PLACEMENT_3D('',#3710,#2884,#2885);
#2418=AXIS2_PLACEMENT_3D('',#3711,#2886,#2887);
#2419=AXIS2_PLACEMENT_3D('',#3712,#2888,#2889);
#2420=AXIS2_PLACEMENT_3D('',#3713,#2890,#2891);
#2421=AXIS2_PLACEMENT_3D('',#3714,#2892,#2893);
#2422=AXIS2_PLACEMENT_3D('',#3715,#2894,#2895);
#2423=AXIS2_PLACEMENT_3D('',#3716,#2896,#2897);
#2424=AXIS2_PLACEMENT_3D('',#3717,#2898,#2899);
#2425=AXIS2_PLACEMENT_3D('',#3718,#2900,#2901);
#2426=AXIS2_PLACEMENT_3D('',#3719,#2902,#2903);
#2427=AXIS2_PLACEMENT_3D('',#3720,#2904,#2905);
#2428=AXIS2_PLACEMENT_3D('',#3721,#2906,#2907);
#2429=AXIS2_PLACEMENT_3D('',#3722,#2908,#2909);
#2430=AXIS2_PLACEMENT_3D('',#3723,#2910,#2911);
#2431=AXIS2_PLACEMENT_3D('',#3724,#2912,#2913);
#2432=AXIS2_PLACEMENT_3D('',#3725,#2914,#2915);
#2433=AXIS2_PLACEMENT_3D('',#3726,#2916,#2917);
#2434=AXIS2_PLACEMENT_3D('',#3727,#2918,#2919);
#2435=AXIS2_PLACEMENT_3D('',#3738,#2920,#2921);
#2436=AXIS2_PLACEMENT_3D('',#3739,#2922,#2923);
#2437=AXIS2_PLACEMENT_3D('',#3740,#2924,#2925);
#2438=AXIS2_PLACEMENT_3D('',#3741,#2926,#2927);
#2439=AXIS2_PLACEMENT_3D('',#3742,#2928,#2929);
#2440=AXIS2_PLACEMENT_3D('',#3743,#2930,#2931);
#2441=AXIS2_PLACEMENT_3D('',#3744,#2932,#2933);
#2442=AXIS2_PLACEMENT_3D('',#3745,#2934,#2935);
#2443=AXIS2_PLACEMENT_3D('',#3746,#2936,#2937);
#2444=AXIS2_PLACEMENT_3D('',#3747,#2938,#2939);
#2445=AXIS2_PLACEMENT_3D('',#3748,#2940,#2941);
#2446=AXIS2_PLACEMENT_3D('',#3749,#2942,#2943);
#2447=AXIS2_PLACEMENT_3D('',#3750,#2944,#2945);
#2448=AXIS2_PLACEMENT_3D('',#3751,#2946,#2947);
#2449=AXIS2_PLACEMENT_3D('',#3753,#2948,#2949);
#2450=AXIS2_PLACEMENT_3D('',#3754,#2950,#2951);
#2451=AXIS2_PLACEMENT_3D('',#3757,#2952,#2953);
#2452=AXIS2_PLACEMENT_3D('',#3758,#2954,#2955);
#2453=AXIS2_PLACEMENT_3D('',#3759,#2956,#2957);
#2454=AXIS2_PLACEMENT_3D('',#3760,#2958,#2959);
#2455=AXIS2_PLACEMENT_3D('',#3762,#2960,#2961);
#2456=AXIS2_PLACEMENT_3D('',#3764,#2962,#2963);
#2457=AXIS2_PLACEMENT_3D('',#3765,#2964,#2965);
#2458=AXIS2_PLACEMENT_3D('',#3766,#2966,#2967);
#2459=AXIS2_PLACEMENT_3D('',#3768,#2968,#2969);
#2460=AXIS2_PLACEMENT_3D('',#3770,#2970,#2971);
#2461=AXIS2_PLACEMENT_3D('',#3771,#2972,#2973);
#2462=AXIS2_PLACEMENT_3D('',#3772,#2974,#2975);
#2463=AXIS2_PLACEMENT_3D('',#3775,#2976,#2977);
#2464=AXIS2_PLACEMENT_3D('',#3776,#2978,#2979);
#2465=AXIS2_PLACEMENT_3D('',#3815,#2980,#2981);
#2466=AXIS2_PLACEMENT_3D('',#3838,#2982,#2983);
#2467=AXIS2_PLACEMENT_3D('',#3861,#2984,#2985);
#2468=AXIS2_PLACEMENT_3D('',#3929,#2986,#2987);
#2469=AXIS2_PLACEMENT_3D('',#3978,#2988,#2989);
#2470=AXIS2_PLACEMENT_3D('',#3979,#2990,#2991);
#2471=AXIS2_PLACEMENT_3D('',#4061,#2992,#2993);
#2472=AXIS2_PLACEMENT_3D('',#4084,#2994,#2995);
#2473=AXIS2_PLACEMENT_3D('',#4107,#2996,#2997);
#2474=AXIS2_PLACEMENT_3D('',#4175,#2998,#2999);
#2475=AXIS2_PLACEMENT_3D('',#4224,#3000,#3001);
#2476=AXIS2_PLACEMENT_3D('',#4225,#3002,#3003);
#2477=AXIS2_PLACEMENT_3D('',#4269,#3004,#3005);
#2478=AXIS2_PLACEMENT_3D('',#4270,#3006,#3007);
#2479=AXIS2_PLACEMENT_3D('',#4272,#3008,#3009);
#2480=AXIS2_PLACEMENT_3D('',#4273,#3010,#3011);
#2481=AXIS2_PLACEMENT_3D('',#4275,#3012,#3013);
#2482=AXIS2_PLACEMENT_3D('',#4276,#3014,#3015);
#2483=AXIS2_PLACEMENT_3D('',#4278,#3016,#3017);
#2484=AXIS2_PLACEMENT_3D('',#4279,#3018,#3019);
#2485=AXIS2_PLACEMENT_3D('',#4281,#3020,#3021);
#2486=AXIS2_PLACEMENT_3D('',#4282,#3022,#3023);
#2487=AXIS2_PLACEMENT_3D('',#4284,#3024,#3025);
#2488=AXIS2_PLACEMENT_3D('',#4285,#3026,#3027);
#2489=AXIS2_PLACEMENT_3D('',#4287,#3028,#3029);
#2490=AXIS2_PLACEMENT_3D('',#4288,#3030,#3031);
#2491=AXIS2_PLACEMENT_3D('',#4290,#3032,#3033);
#2492=AXIS2_PLACEMENT_3D('',#4291,#3034,#3035);
#2493=AXIS2_PLACEMENT_3D('',#4314,#3036,#3037);
#2494=AXIS2_PLACEMENT_3D('',#4315,#3038,#3039);
#2495=AXIS2_PLACEMENT_3D('',#4316,#3040,#3041);
#2496=AXIS2_PLACEMENT_3D('',#4317,#3042,#3043);
#2497=AXIS2_PLACEMENT_3D('',#4318,#3044,#3045);
#2498=AXIS2_PLACEMENT_3D('',#4319,#3046,#3047);
#2499=AXIS2_PLACEMENT_3D('',#4341,#3048,#3049);
#2500=AXIS2_PLACEMENT_3D('',#4363,#3050,#3051);
#2501=AXIS2_PLACEMENT_3D('',#4364,#3052,#3053);
#2502=AXIS2_PLACEMENT_3D('',#4365,#3054,#3055);
#2503=AXIS2_PLACEMENT_3D('',#4366,#3056,#3057);
#2504=AXIS2_PLACEMENT_3D('',#4367,#3058,#3059);
#2505=AXIS2_PLACEMENT_3D('',#4389,#3060,#3061);
#2506=AXIS2_PLACEMENT_3D('',#4390,#3062,#3063);
#2507=AXIS2_PLACEMENT_3D('',#4392,#3064,#3065);
#2508=AXIS2_PLACEMENT_3D('',#4393,#3066,#3067);
#2509=AXIS2_PLACEMENT_3D('',#4394,#3068,#3069);
#2510=AXIS2_PLACEMENT_3D('',#4396,#3070,#3071);
#2511=AXIS2_PLACEMENT_3D('',#4397,#3072,#3073);
#2512=AXIS2_PLACEMENT_3D('',#4398,#3074,#3075);
#2513=AXIS2_PLACEMENT_3D('',#4400,#3076,#3077);
#2514=AXIS2_PLACEMENT_3D('',#4401,#3078,#3079);
#2515=AXIS2_PLACEMENT_3D('',#4402,#3080,#3081);
#2516=AXIS2_PLACEMENT_3D('',#4404,#3082,#3083);
#2517=AXIS2_PLACEMENT_3D('',#4405,#3084,#3085);
#2518=AXIS2_PLACEMENT_3D('',#4406,#3086,#3087);
#2519=AXIS2_PLACEMENT_3D('',#4408,#3088,#3089);
#2520=AXIS2_PLACEMENT_3D('',#4410,#3090,#3091);
#2521=AXIS2_PLACEMENT_3D('',#4415,#3094,#3095);
#2522=AXIS2_PLACEMENT_3D('',#4416,#3096,#3097);
#2523=AXIS2_PLACEMENT_3D('',#4418,#3098,#3099);
#2524=AXIS2_PLACEMENT_3D('',#4420,#3100,#3101);
#2525=AXIS2_PLACEMENT_3D('',#4422,#3102,#3103);
#2526=AXIS2_PLACEMENT_3D('',#4432,#3108,#3109);
#2527=AXIS2_PLACEMENT_3D('',#4433,#3110,#3111);
#2528=AXIS2_PLACEMENT_3D('',#4434,#3112,#3113);
#2529=AXIS2_PLACEMENT_3D('',#4436,#3114,#3115);
#2530=AXIS2_PLACEMENT_3D('',#4441,#3117,#3118);
#2531=AXIS2_PLACEMENT_3D('',#4443,#3120,#3121);
#2532=AXIS2_PLACEMENT_3D('',#4444,#3122,#3123);
#2533=AXIS2_PLACEMENT_3D('',#4446,#3124,#3125);
#2534=AXIS2_PLACEMENT_3D('',#4448,#3126,#3127);
#2535=AXIS2_PLACEMENT_3D('',#4453,#3130,#3131);
#2536=AXIS2_PLACEMENT_3D('',#4454,#3132,#3133);
#2537=AXIS2_PLACEMENT_3D('',#4456,#3134,#3135);
#2538=AXIS2_PLACEMENT_3D('',#4458,#3136,#3137);
#2539=AXIS2_PLACEMENT_3D('',#4460,#3138,#3139);
#2540=AXIS2_PLACEMENT_3D('',#4466,#3142,#3143);
#2541=AXIS2_PLACEMENT_3D('',#4471,#3146,#3147);
#2542=AXIS2_PLACEMENT_3D('',#4472,#3148,#3149);
#2543=AXIS2_PLACEMENT_3D('',#4474,#3150,#3151);
#2544=AXIS2_PLACEMENT_3D('',#4479,#3153,#3154);
#2545=AXIS2_PLACEMENT_3D('',#4481,#3156,#3157);
#2546=AXIS2_PLACEMENT_3D('',#4482,#3158,#3159);
#2547=AXIS2_PLACEMENT_3D('',#4483,#3160,#3161);
#2548=AXIS2_PLACEMENT_3D('',#4484,#3162,#3163);
#2549=AXIS2_PLACEMENT_3D('',#4506,#3164,#3165);
#2550=AXIS2_PLACEMENT_3D('',#4528,#3166,#3167);
#2551=AXIS2_PLACEMENT_3D('',#4529,#3168,#3169);
#2552=AXIS2_PLACEMENT_3D('',#4530,#3170,#3171);
#2553=AXIS2_PLACEMENT_3D('',#4531,#3172,#3173);
#2554=AXIS2_PLACEMENT_3D('',#4532,#3174,#3175);
#2555=AXIS2_PLACEMENT_3D('',#4533,#3176,#3177);
#2556=AXIS2_PLACEMENT_3D('',#4534,#3178,#3179);
#2557=AXIS2_PLACEMENT_3D('',#4535,#3180,#3181);
#2558=AXIS2_PLACEMENT_3D('',#4536,#3182,#3183);
#2559=AXIS2_PLACEMENT_3D('',#4537,#3184,#3185);
#2560=AXIS2_PLACEMENT_3D('',#4538,#3186,#3187);
#2561=AXIS2_PLACEMENT_3D('',#4539,#3188,#3189);
#2562=AXIS2_PLACEMENT_3D('',#4540,#3190,#3191);
#2563=AXIS2_PLACEMENT_3D('',#4549,#3192,#3193);
#2564=AXIS2_PLACEMENT_3D('',#4558,#3194,#3195);
#2565=AXIS2_PLACEMENT_3D('',#4559,#3196,#3197);
#2566=AXIS2_PLACEMENT_3D('',#4560,#3198,#3199);
#2567=AXIS2_PLACEMENT_3D('',#4561,#3200,#3201);
#2568=AXIS2_PLACEMENT_3D('',#4562,#3202,#3203);
#2569=AXIS2_PLACEMENT_3D('',#4584,#3204,#3205);
#2570=AXIS2_PLACEMENT_3D('',#4606,#3206,#3207);
#2571=AXIS2_PLACEMENT_3D('',#4607,#3208,#3209);
#2572=AXIS2_PLACEMENT_3D('',#4608,#3210,#3211);
#2573=AXIS2_PLACEMENT_3D('',#4609,#3212,#3213);
#2574=AXIS2_PLACEMENT_3D('',#4610,#3214,#3215);
#2575=AXIS2_PLACEMENT_3D('',#4611,#3216,#3217);
#2576=AXIS2_PLACEMENT_3D('',#4612,#3218,#3219);
#2577=AXIS2_PLACEMENT_3D('',#4613,#3220,#3221);
#2578=AXIS2_PLACEMENT_3D('',#4614,#3222,#3223);
#2579=AXIS2_PLACEMENT_3D('',#4615,#3224,#3225);
#2580=AXIS2_PLACEMENT_3D('',#4616,#3226,#3227);
#2581=AXIS2_PLACEMENT_3D('',#4617,#3228,#3229);
#2582=AXIS2_PLACEMENT_3D('',#4618,#3230,#3231);
#2583=AXIS2_PLACEMENT_3D('',#4627,#3232,#3233);
#2584=AXIS2_PLACEMENT_3D('',#4636,#3234,#3235);
#2585=AXIS2_PLACEMENT_3D('',#4637,#3236,#3237);
#2586=AXIS2_PLACEMENT_3D('',#4638,#3238,#3239);
#2587=AXIS2_PLACEMENT_3D('',#4639,#3240,#3241);
#2588=AXIS2_PLACEMENT_3D('',#4640,#3242,#3243);
#2589=AXIS2_PLACEMENT_3D('',#4662,#3244,#3245);
#2590=AXIS2_PLACEMENT_3D('',#4684,#3246,#3247);
#2591=AXIS2_PLACEMENT_3D('',#4685,#3248,#3249);
#2592=AXIS2_PLACEMENT_3D('',#4690,#3250,#3251);
#2593=AXIS2_PLACEMENT_3D('',#4695,#3252,#3253);
#2594=AXIS2_PLACEMENT_3D('',#4696,#3254,#3255);
#2595=AXIS2_PLACEMENT_3D('',#4697,#3256,#3257);
#2596=AXIS2_PLACEMENT_3D('',#4698,#3258,#3259);
#2597=AXIS2_PLACEMENT_3D('',#4699,#3260,#3261);
#2598=AXIS2_PLACEMENT_3D('',#4721,#3262,#3263);
#2599=AXIS2_PLACEMENT_3D('',#4743,#3264,#3265);
#2600=AXIS2_PLACEMENT_3D('',#4744,#3266,#3267);
#2601=AXIS2_PLACEMENT_3D('',#4749,#3268,#3269);
#2602=AXIS2_PLACEMENT_3D('',#4754,#3270,#3271);
#2603=AXIS2_PLACEMENT_3D('',#4755,#3272,#3273);
#2604=AXIS2_PLACEMENT_3D('',#4756,#3274,#3275);
#2605=AXIS2_PLACEMENT_3D('',#4757,#3276,#3277);
#2606=AXIS2_PLACEMENT_3D('',#4758,#3278,#3279);
#2607=AXIS2_PLACEMENT_3D('',#4759,#3280,#3281);
#2608=AXIS2_PLACEMENT_3D('',#4760,#3282,#3283);
#2609=AXIS2_PLACEMENT_3D('',#4761,#3284,#3285);
#2610=AXIS2_PLACEMENT_3D('',#4762,#3286,#3287);
#2611=AXIS2_PLACEMENT_3D('',#4763,#3288,#3289);
#2612=DIRECTION('',(0.,0.,1.));
#2613=DIRECTION('',(1.,0.,0.));
#2614=DIRECTION('',(-0.965925826289068,-1.48943485059195E-16,0.258819045102521));
#2615=DIRECTION('',(0.258819045102521,3.99092865394882E-17,0.965925826289068));
#2616=DIRECTION('',(1.54197642309049E-16,-1.,0.));
#2617=DIRECTION('',(0.258819045102521,0.,0.965925826289068));
#2618=DIRECTION('',(-1.54197642309049E-16,1.,-1.23259516440783E-32));
#2619=DIRECTION('',(0.258819045102521,0.,0.965925826289068));
#2620=DIRECTION('',(-0.965925826289068,-1.48943485059195E-16,0.258819045102521));
#2621=DIRECTION('',(0.258819045102521,3.99092865394882E-17,0.965925826289068));
#2622=DIRECTION('',(1.54197642309049E-16,-1.,0.));
#2623=DIRECTION('',(0.258819045102521,0.,0.965925826289068));
#2624=DIRECTION('',(-1.54197642309049E-16,1.,-1.23259516440783E-32));
#2625=DIRECTION('',(-0.965925826289068,-1.48943485059195E-16,0.258819045102521));
#2626=DIRECTION('',(-0.258819045102521,-3.99092865394882E-17,-0.965925826289068));
#2627=DIRECTION('',(0.965925826289068,1.48943485059195E-16,0.258819045102521));
#2628=DIRECTION('',(-0.258819045102521,-3.99092865394882E-17,0.965925826289068));
#2629=DIRECTION('',(-1.54197642309049E-16,1.,0.));
#2630=DIRECTION('',(-0.258819045102521,0.,0.965925826289068));
#2631=DIRECTION('',(1.54197642309049E-16,-1.,-1.23259516440783E-32));
#2632=DIRECTION('',(-0.258819045102521,0.,0.965925826289068));
#2633=DIRECTION('',(0.965925826289068,1.48943485059195E-16,0.258819045102521));
#2634=DIRECTION('',(-0.258819045102521,-3.99092865394882E-17,0.965925826289068));
#2635=DIRECTION('',(1.54197642309049E-16,-1.,-1.23259516440783E-32));
#2636=DIRECTION('',(-0.258819045102521,0.,0.965925826289068));
#2637=DIRECTION('',(-1.54197642309049E-16,1.,0.));
#2638=DIRECTION('',(0.965925826289068,1.48943485059195E-16,0.258819045102521));
#2639=DIRECTION('',(0.258819045102521,3.99092865394882E-17,-0.965925826289068));
#2640=DIRECTION('',(0.,0.,1.));
#2641=DIRECTION('',(1.,0.,0.));
#2642=DIRECTION('',(0.,1.,0.));
#2643=DIRECTION('',(-1.,0.,0.));
#2644=DIRECTION('',(0.,0.,1.));
#2645=DIRECTION('',(1.,0.,0.));
#2646=DIRECTION('',(-1.,0.,0.));
#2647=DIRECTION('',(0.,0.,1.));
#2648=DIRECTION('',(1.,0.,0.));
#2649=DIRECTION('',(0.,1.,0.));
#2650=DIRECTION('',(-1.,0.,0.));
#2651=DIRECTION('',(0.,0.,1.));
#2652=DIRECTION('',(1.,0.,0.));
#2653=DIRECTION('',(-1.,0.,0.));
#2654=DIRECTION('',(0.,0.,1.));
#2655=DIRECTION('',(1.,0.,0.));
#2656=DIRECTION('',(0.,1.,0.));
#2657=DIRECTION('',(-1.,0.,0.));
#2658=DIRECTION('',(0.,0.,1.));
#2659=DIRECTION('',(1.,0.,0.));
#2660=DIRECTION('',(-1.,0.,0.));
#2661=DIRECTION('',(0.,1.,0.));
#2662=DIRECTION('',(0.,0.,1.));
#2663=DIRECTION('',(1.,0.,0.));
#2664=DIRECTION('',(1.,0.,0.));
#2665=DIRECTION('',(0.,0.,1.));
#2666=DIRECTION('',(1.,0.,0.));
#2667=DIRECTION('',(0.,-1.,0.));
#2668=DIRECTION('',(0.,0.,1.));
#2669=DIRECTION('',(0.,0.,1.));
#2670=DIRECTION('',(1.,0.,0.));
#2671=DIRECTION('',(0.,1.,0.));
#2672=DIRECTION('',(0.,0.,1.));
#2673=DIRECTION('',(0.,0.,1.));
#2674=DIRECTION('',(1.,0.,0.));
#2675=DIRECTION('',(0.,-1.,0.));
#2676=DIRECTION('',(0.,0.,-1.));
#2677=DIRECTION('',(0.,-1.,0.));
#2678=DIRECTION('',(0.,0.,1.));
#2679=DIRECTION('',(0.,0.,1.));
#2680=DIRECTION('',(1.,0.,0.));
#2681=DIRECTION('',(0.,1.,0.));
#2682=DIRECTION('',(0.,0.,1.));
#2683=DIRECTION('',(0.,0.,1.));
#2684=DIRECTION('',(1.,0.,0.));
#2685=DIRECTION('',(0.,-1.,0.));
#2686=DIRECTION('',(0.,0.,-1.));
#2687=DIRECTION('',(0.,-1.,0.));
#2688=DIRECTION('',(0.,0.,1.));
#2689=DIRECTION('',(0.,1.,0.));
#2690=DIRECTION('',(0.,0.,1.));
#2691=DIRECTION('',(-1.54197642309049E-16,1.,0.));
#2692=DIRECTION('',(-1.,-1.54197642309049E-16,0.));
#2693=DIRECTION('',(0.,1.,0.));
#2694=DIRECTION('',(0.,0.,1.));
#2695=DIRECTION('',(0.,-1.,0.));
#2696=DIRECTION('',(0.,0.,-1.));
#2697=DIRECTION('',(-1.54197642309049E-16,1.,0.));
#2698=DIRECTION('',(-1.,-1.54197642309049E-16,0.));
#2699=DIRECTION('',(0.,1.,0.));
#2700=DIRECTION('',(0.,0.,1.));
#2701=DIRECTION('',(0.,-1.,0.));
#2702=DIRECTION('',(0.,0.,-1.));
#2703=DIRECTION('',(-1.54197642309049E-16,1.,0.));
#2704=DIRECTION('',(-1.,-1.54197642309049E-16,0.));
#2705=DIRECTION('',(0.,-1.,0.));
#2706=DIRECTION('',(0.,0.,-1.));
#2707=DIRECTION('',(0.,1.,0.));
#2708=DIRECTION('',(0.,0.,1.));
#2709=DIRECTION('',(-1.54197642309049E-16,1.,0.));
#2710=DIRECTION('',(-1.,-1.54197642309049E-16,0.));
#2711=DIRECTION('',(0.,1.,0.));
#2712=DIRECTION('',(0.,0.,1.));
#2713=DIRECTION('',(0.,-1.,0.));
#2714=DIRECTION('',(0.,0.,-1.));
#2715=DIRECTION('',(0.,0.,-1.));
#2716=DIRECTION('',(-1.,0.,0.));
#2717=DIRECTION('',(0.,0.,-1.));
#2718=DIRECTION('',(-1.,0.,0.));
#2719=DIRECTION('',(0.,0.,1.));
#2720=DIRECTION('',(1.,0.,0.));
#2721=DIRECTION('',(0.,0.,-1.));
#2722=DIRECTION('',(-1.,0.,0.));
#2723=DIRECTION('',(0.,0.,1.));
#2724=DIRECTION('',(1.,0.,0.));
#2725=DIRECTION('',(0.,0.,-1.));
#2726=DIRECTION('',(-1.,0.,0.));
#2727=DIRECTION('',(-0.965925826289068,-1.48943485059195E-16,0.258819045102521));
#2728=DIRECTION('',(0.258819045102521,3.99092865394882E-17,0.965925826289068));
#2729=DIRECTION('',(-1.54197642309049E-16,1.,-1.23259516440783E-32));
#2730=DIRECTION('',(0.258819045102521,0.,0.965925826289068));
#2731=DIRECTION('',(1.54197642309049E-16,-1.,0.));
#2732=DIRECTION('',(-0.965925826289068,-1.48943485059195E-16,0.258819045102521));
#2733=DIRECTION('',(-0.258819045102521,-3.99092865394882E-17,-0.965925826289068));
#2734=DIRECTION('',(0.,-0.965925826289068,0.258819045102521));
#2735=DIRECTION('',(0.,0.258819045102521,0.965925826289068));
#2736=DIRECTION('',(0.,-0.965925826289068,0.258819045102521));
#2737=DIRECTION('',(0.,-0.258819045102521,-0.965925826289068));
#2738=DIRECTION('',(1.,0.,0.));
#2739=DIRECTION('',(0.,-0.965925826289068,0.258819045102521));
#2740=DIRECTION('',(0.,-0.258819045102521,-0.965925826289068));
#2741=DIRECTION('',(-1.,0.,0.));
#2742=DIRECTION('',(0.965925826289068,1.48943485059195E-16,0.258819045102521));
#2743=DIRECTION('',(-0.258819045102521,-3.99092865394882E-17,0.965925826289068));
#2744=DIRECTION('',(-1.54197642309049E-16,1.,0.));
#2745=DIRECTION('',(-0.258819045102521,0.,0.965925826289068));
#2746=DIRECTION('',(1.54197642309049E-16,-1.,-1.23259516440783E-32));
#2747=DIRECTION('',(0.965925826289068,1.48943485059195E-16,0.258819045102521));
#2748=DIRECTION('',(0.258819045102521,3.99092865394882E-17,-0.965925826289068));
#2749=DIRECTION('',(0.,0.965925826289068,0.258819045102521));
#2750=DIRECTION('',(0.,-0.258819045102521,0.965925826289068));
#2751=DIRECTION('',(0.,0.965925826289068,0.258819045102521));
#2752=DIRECTION('',(0.,0.258819045102521,-0.965925826289068));
#2753=DIRECTION('',(1.,0.,0.));
#2754=DIRECTION('',(0.,0.965925826289068,0.258819045102521));
#2755=DIRECTION('',(0.,0.258819045102521,-0.965925826289068));
#2756=DIRECTION('',(-1.,0.,0.));
#2757=DIRECTION('',(0.,0.,1.));
#2758=DIRECTION('',(1.,0.,0.));
#2759=DIRECTION('',(0.,0.,1.));
#2760=DIRECTION('',(1.,0.,0.));
#2761=DIRECTION('',(-1.,0.,0.));
#2762=DIRECTION('',(0.,1.,0.));
#2763=DIRECTION('',(0.,0.,1.));
#2764=DIRECTION('',(1.,0.,0.));
#2765=DIRECTION('',(1.,0.,0.));
#2766=DIRECTION('',(0.,0.,1.));
#2767=DIRECTION('',(1.,0.,0.));
#2768=DIRECTION('',(0.,1.,0.));
#2769=DIRECTION('',(-1.,0.,0.));
#2770=DIRECTION('',(0.,-1.,0.));
#2771=DIRECTION('',(0.,0.,1.));
#2772=DIRECTION('',(0.,0.,-1.));
#2773=DIRECTION('',(-1.,0.,0.));
#2774=DIRECTION('',(0.,0.,1.));
#2775=DIRECTION('',(1.,0.,0.));
#2776=DIRECTION('',(-0.965925826289068,-1.48943485059195E-16,0.258819045102521));
#2777=DIRECTION('',(0.258819045102521,3.99092865394882E-17,0.965925826289068));
#2778=DIRECTION('',(-0.250562807085731,0.250562807085731,-0.935113126531029));
#2779=DIRECTION('',(-1.54197642309049E-16,1.,4.221856682022E-35));
#2780=DIRECTION('',(0.250562807085731,0.250562807085731,0.935113126531029));
#2781=DIRECTION('',(-1.54197642309049E-16,1.,4.40992446132744E-34));
#2782=DIRECTION('',(0.,-0.965925826289068,0.258819045102521));
#2783=DIRECTION('',(0.,0.258819045102521,0.965925826289068));
#2784=DIRECTION('',(-0.250562807085731,-0.250562807085731,-0.935113126531029));
#2785=DIRECTION('',(1.,0.,0.));
#2786=DIRECTION('',(-0.250562807085731,0.250562807085731,0.935113126531029));
#2787=DIRECTION('',(1.,0.,0.));
#2788=DIRECTION('',(0.965925826289068,1.48943485059195E-16,0.258819045102521));
#2789=DIRECTION('',(-0.258819045102521,-3.99092865394882E-17,0.965925826289068));
#2790=DIRECTION('',(-0.250562807085731,0.250562807085731,0.935113126531029));
#2791=DIRECTION('',(-1.54197642309049E-16,1.,-4.40992446132744E-34));
#2792=DIRECTION('',(0.250562807085731,0.250562807085731,-0.935113126531029));
#2793=DIRECTION('',(-1.54197642309049E-16,1.,-4.221856682022E-35));
#2794=DIRECTION('',(0.,0.965925826289068,0.258819045102521));
#2795=DIRECTION('',(0.,-0.258819045102521,0.965925826289068));
#2796=DIRECTION('',(-0.250562807085731,-0.250562807085731,0.935113126531029));
#2797=DIRECTION('',(1.,0.,0.));
#2798=DIRECTION('',(-0.250562807085731,0.250562807085731,-0.935113126531029));
#2799=DIRECTION('',(1.,0.,0.));
#2800=DIRECTION('',(0.,0.,1.));
#2801=DIRECTION('',(1.,0.,0.));
#2802=DIRECTION('',(0.,0.,1.));
#2803=DIRECTION('',(-1.,0.,0.));
#2804=DIRECTION('',(-1.,0.,0.));
#2805=DIRECTION('',(0.,0.,1.));
#2806=DIRECTION('',(1.,0.,0.));
#2807=DIRECTION('',(0.,0.,-1.));
#2808=DIRECTION('',(-1.,0.,0.));
#2809=DIRECTION('',(0.,0.,-1.));
#2810=DIRECTION('',(-1.,0.,0.));
#2811=DIRECTION('',(0.,0.,1.));
#2812=DIRECTION('',(-1.,0.,0.));
#2813=DIRECTION('',(-1.,0.,0.));
#2814=DIRECTION('',(-1.,0.,0.));
#2815=DIRECTION('',(0.,0.,1.));
#2816=DIRECTION('',(1.,0.,0.));
#2817=DIRECTION('',(0.,0.,1.));
#2818=DIRECTION('',(-1.,0.,0.));
#2819=DIRECTION('',(-1.,0.,0.));
#2820=DIRECTION('',(0.,0.,1.));
#2821=DIRECTION('',(1.,0.,0.));
#2822=DIRECTION('',(0.,0.,-1.));
#2823=DIRECTION('',(-1.,0.,0.));
#2824=DIRECTION('',(0.,0.,-1.));
#2825=DIRECTION('',(-1.,0.,0.));
#2826=DIRECTION('',(1.54197642309049E-16,-1.,0.));
#2827=DIRECTION('',(0.,0.,1.));
#2828=DIRECTION('',(0.707106781186548,-0.707106781186548,0.));
#2829=DIRECTION('',(-1.,0.,0.));
#2830=DIRECTION('',(0.,0.,1.));
#2831=DIRECTION('',(-0.707106781186548,-0.707106781186548,0.));
#2832=DIRECTION('',(-1.54197642309049E-16,1.,0.));
#2833=DIRECTION('',(0.,0.,1.));
#2834=DIRECTION('',(-0.707106781186548,0.707106781186548,0.));
#2835=DIRECTION('',(1.,0.,0.));
#2836=DIRECTION('',(0.,0.,1.));
#2837=DIRECTION('',(0.707106781186548,0.707106781186548,0.));
#2838=DIRECTION('',(0.,0.,-1.));
#2839=DIRECTION('',(-1.,0.,0.));
#2840=DIRECTION('',(0.,0.,-1.));
#2841=DIRECTION('',(-1.,0.,0.));
#2842=DIRECTION('',(0.,0.,-1.));
#2843=DIRECTION('',(-1.,0.,0.));
#2844=DIRECTION('',(0.,0.,-1.));
#2845=DIRECTION('',(-1.,0.,0.));
#2846=DIRECTION('',(-1.,0.,0.));
#2847=DIRECTION('',(0.,0.,1.));
#2848=DIRECTION('',(1.,0.,0.));
#2849=DIRECTION('',(0.,0.,1.));
#2850=DIRECTION('',(-1.,0.,0.));
#2851=DIRECTION('',(-1.,0.,0.));
#2852=DIRECTION('',(0.,0.,1.));
#2853=DIRECTION('',(1.,0.,0.));
#2854=DIRECTION('',(0.,0.,1.));
#2855=DIRECTION('',(1.,0.,0.));
#2856=DIRECTION('',(-1.54197642309049E-16,1.,0.));
#2857=DIRECTION('',(-1.,0.,0.));
#2858=DIRECTION('',(1.54197642309049E-16,-1.,0.));
#2859=DIRECTION('',(1.,0.,0.));
#2860=DIRECTION('',(0.250562807085731,0.250562807085731,0.935113126531029));
#2861=DIRECTION('',(0.,-0.965925826289068,0.258819045102521));
#2862=DIRECTION('',(-0.0479573520135272,-0.0479573520135273,-0.997697441500028));
#2863=DIRECTION('',(0.705478626457137,0.705478626457139,-0.0678219376330309));
#2864=DIRECTION('',(0.250562807085731,0.25056280708573,0.93511312653103));
#2865=DIRECTION('',(0.965925826289068,0.,-0.258819045102521));
#2866=DIRECTION('',(-0.250562807085731,0.250562807085731,0.935113126531029));
#2867=DIRECTION('',(0.965925826289068,0.,0.258819045102521));
#2868=DIRECTION('',(0.0479573520135277,-0.0479573520135277,-0.997697441500028));
#2869=DIRECTION('',(-0.705478626457137,0.705478626457139,-0.0678219376330315));
#2870=DIRECTION('',(-0.250562807085732,0.250562807085731,0.935113126531029));
#2871=DIRECTION('',(0.965925826289068,0.,0.258819045102522));
#2872=DIRECTION('',(1.,0.,0.));
#2873=DIRECTION('',(0.,0.,-1.));
#2874=DIRECTION('',(-1.,0.,0.));
#2875=DIRECTION('',(0.,0.,1.));
#2876=DIRECTION('',(1.,2.87346863084316E-15,0.));
#2877=DIRECTION('',(-2.87346863084316E-15,1.,0.));
#2878=DIRECTION('',(0.,1.38777878078145E-15,1.));
#2879=DIRECTION('',(0.,-1.,1.38777878078145E-15));
#2880=DIRECTION('',(0.,-1.,0.));
#2881=DIRECTION('',(0.,0.,-1.));
#2882=DIRECTION('',(-2.77555756156289E-15,1.38777878078145E-15,1.));
#2883=DIRECTION('',(1.,0.,2.77555756156289E-15));
#2884=DIRECTION('',(0.,-1.,0.));
#2885=DIRECTION('',(0.,0.,-1.));
#2886=DIRECTION('',(-1.54197642309049E-16,1.,0.));
#2887=DIRECTION('',(-1.,-1.54197642309049E-16,0.));
#2888=DIRECTION('',(-3.71854203583437E-16,1.,-1.38777878078145E-15));
#2889=DIRECTION('',(0.,1.38777878078145E-15,1.));
#2890=DIRECTION('',(0.250562807085731,-0.250562807085731,0.935113126531029));
#2891=DIRECTION('',(0.965925826289068,0.,-0.258819045102521));
#2892=DIRECTION('',(-0.0479573520135273,0.0479573520135273,-0.997697441500028));
#2893=DIRECTION('',(0.705478626457138,-0.705478626457139,-0.0678219376330309));
#2894=DIRECTION('',(0.250562807085733,-0.250562807085731,0.935113126531029));
#2895=DIRECTION('',(0.965925826289068,0.,-0.258819045102523));
#2896=DIRECTION('',(-0.250562807085731,-0.250562807085731,0.935113126531029));
#2897=DIRECTION('',(0.,-0.965925826289068,-0.258819045102521));
#2898=DIRECTION('',(0.0479573520135272,0.0479573520135273,-0.997697441500028));
#2899=DIRECTION('',(-0.705478626457137,-0.705478626457139,-0.0678219376330309));
#2900=DIRECTION('',(-0.250562807085731,-0.25056280708573,0.93511312653103));
#2901=DIRECTION('',(0.965925826289068,0.,0.258819045102521));
#2902=DIRECTION('',(-1.54197642309049E-16,1.,0.));
#2903=DIRECTION('',(-1.,-1.54197642309049E-16,0.));
#2904=DIRECTION('',(1.43673431542157E-15,1.,0.));
#2905=DIRECTION('',(-1.,1.43673431542157E-15,0.));
#2906=DIRECTION('',(0.,0.,1.));
#2907=DIRECTION('',(1.,0.,0.));
#2908=DIRECTION('',(-1.,0.,0.));
#2909=DIRECTION('',(0.,0.,1.));
#2910=DIRECTION('',(-2.77555756156289E-15,0.,1.));
#2911=DIRECTION('',(1.,0.,2.77555756156289E-15));
#2912=DIRECTION('',(1.,-7.43708407166873E-16,2.77555756156289E-15));
#2913=DIRECTION('',(2.77555756156289E-15,0.,-1.));
#2914=DIRECTION('',(1.,0.,0.));
#2915=DIRECTION('',(0.,0.,-1.));
#2916=DIRECTION('',(0.,-1.,0.));
#2917=DIRECTION('',(0.,0.,1.));
#2918=DIRECTION('',(0.,-1.,0.));
#2919=DIRECTION('',(0.,0.,-1.));
#2920=DIRECTION('',(1.,0.,0.));
#2921=DIRECTION('',(0.,0.,-1.));
#2922=DIRECTION('',(1.,0.,0.));
#2923=DIRECTION('',(0.,0.,-1.));
#2924=DIRECTION('',(-1.,0.,0.));
#2925=DIRECTION('',(0.,0.,1.));
#2926=DIRECTION('',(-1.54197642309049E-16,1.,0.));
#2927=DIRECTION('',(-1.,-1.54197642309049E-16,0.));
#2928=DIRECTION('',(0.,-1.,0.));
#2929=DIRECTION('',(0.,0.,-1.));
#2930=DIRECTION('',(0.,1.,0.));
#2931=DIRECTION('',(0.,0.,1.));
#2932=DIRECTION('',(-1.54197642309049E-16,1.,0.));
#2933=DIRECTION('',(-1.,-1.54197642309049E-16,0.));
#2934=DIRECTION('',(0.,-1.,0.));
#2935=DIRECTION('',(0.,0.,-1.));
#2936=DIRECTION('',(0.,1.,0.));
#2937=DIRECTION('',(0.,0.,1.));
#2938=DIRECTION('',(1.,0.,0.));
#2939=DIRECTION('',(0.,0.,-1.));
#2940=DIRECTION('',(1.,0.,0.));
#2941=DIRECTION('',(0.,0.,-1.));
#2942=DIRECTION('',(-1.,0.,0.));
#2943=DIRECTION('',(0.,0.,1.));
#2944=DIRECTION('',(0.,0.,-1.));
#2945=DIRECTION('',(-1.,0.,0.));
#2946=DIRECTION('',(0.,0.,1.));
#2947=DIRECTION('',(1.,0.,0.));
#2948=DIRECTION('',(0.,0.,-1.));
#2949=DIRECTION('',(-1.,0.,0.));
#2950=DIRECTION('',(0.,0.,1.));
#2951=DIRECTION('',(1.,0.,0.));
#2952=DIRECTION('',(0.981536652568538,1.51350637665985E-16,-0.1912741479253));
#2953=DIRECTION('',(-0.1912741479253,0.,-0.981536652568538));
#2954=DIRECTION('',(0.,-0.981536652568538,-0.1912741479253));
#2955=DIRECTION('',(0.,0.1912741479253,-0.981536652568538));
#2956=DIRECTION('',(0.,0.,-1.));
#2957=DIRECTION('',(-1.,0.,0.));
#2958=DIRECTION('',(-0.981536652568538,-1.51350637665985E-16,-0.1912741479253));
#2959=DIRECTION('',(0.1912741479253,0.,-0.981536652568538));
#2960=DIRECTION('',(0.,0.,1.));
#2961=DIRECTION('',(1.,0.,0.));
#2962=DIRECTION('',(0.,-0.981536652568538,-0.1912741479253));
#2963=DIRECTION('',(0.,0.1912741479253,-0.981536652568538));
#2964=DIRECTION('',(0.,0.,-1.));
#2965=DIRECTION('',(-1.,0.,0.));
#2966=DIRECTION('',(0.,0.981536652568538,-0.1912741479253));
#2967=DIRECTION('',(0.,-0.1912741479253,-0.981536652568538));
#2968=DIRECTION('',(0.,0.,1.));
#2969=DIRECTION('',(1.,0.,0.));
#2970=DIRECTION('',(-0.981536652568538,-1.51350637665985E-16,-0.1912741479253));
#2971=DIRECTION('',(0.1912741479253,0.,-0.981536652568538));
#2972=DIRECTION('',(0.,0.,-1.));
#2973=DIRECTION('',(-1.,0.,0.));
#2974=DIRECTION('',(0.,0.,1.));
#2975=DIRECTION('',(1.,0.,0.));
#2976=DIRECTION('',(0.,0.981536652568538,-0.1912741479253));
#2977=DIRECTION('',(0.,-0.1912741479253,-0.981536652568538));
#2978=DIRECTION('',(0.981536652568538,1.51350637665985E-16,-0.1912741479253));
#2979=DIRECTION('',(-0.1912741479253,0.,-0.981536652568538));
#2980=DIRECTION('',(-0.0369593399455571,0.989751575766869,0.137934134491029));
#2981=DIRECTION('',(0.,-0.138028439635075,0.990428265878911));
#2982=DIRECTION('',(0.,0.,1.));
#2983=DIRECTION('',(1.,0.,0.));
#2984=DIRECTION('',(-0.989751575766868,0.0369593399455583,0.137934134491033));
#2985=DIRECTION('',(0.13802843963508,0.,0.99042826587891));
#2986=DIRECTION('',(0.0369593399455571,0.989751575766869,0.137934134491029));
#2987=DIRECTION('',(0.,-0.138028439635075,0.990428265878911));
#2988=DIRECTION('',(0.989751575766869,0.0369593399455572,0.137934134491029));
#2989=DIRECTION('',(0.138028439635075,0.,-0.990428265878911));
#2990=DIRECTION('',(0.,0.,1.));
#2991=DIRECTION('',(1.,0.,0.));
#2992=DIRECTION('',(-0.989751575766869,-0.0369593399455572,0.137934134491029));
#2993=DIRECTION('',(0.138028439635075,0.,0.990428265878911));
#2994=DIRECTION('',(0.,0.,1.));
#2995=DIRECTION('',(1.,0.,0.));
#2996=DIRECTION('',(-0.0369593399455571,-0.989751575766869,0.137934134491029));
#2997=DIRECTION('',(0.,-0.138028439635075,-0.990428265878911));
#2998=DIRECTION('',(0.989751575766867,-0.0369593399455597,0.137934134491038));
#2999=DIRECTION('',(0.138028439635084,0.,-0.990428265878909));
#3000=DIRECTION('',(0.0369593399455558,-0.989751575766869,0.137934134491024));
#3001=DIRECTION('',(0.,-0.138028439635071,-0.990428265878911));
#3002=DIRECTION('',(0.,0.,1.));
#3003=DIRECTION('',(1.,0.,0.));
#3004=DIRECTION('',(0.,0.,-1.));
#3005=DIRECTION('',(-1.,0.,0.));
#3006=DIRECTION('',(0.,0.,-1.));
#3007=DIRECTION('',(-1.,0.,0.));
#3008=DIRECTION('',(0.,0.,-1.));
#3009=DIRECTION('',(1.,0.,0.));
#3010=DIRECTION('',(0.,0.,-1.));
#3011=DIRECTION('',(-1.,0.,0.));
#3012=DIRECTION('',(0.,0.,-1.));
#3013=DIRECTION('',(-1.,0.,0.));
#3014=DIRECTION('',(0.,0.,-1.));
#3015=DIRECTION('',(-1.,0.,0.));
#3016=DIRECTION('',(0.,0.,-1.));
#3017=DIRECTION('',(1.,0.,0.));
#3018=DIRECTION('',(0.,0.,-1.));
#3019=DIRECTION('',(-1.,0.,0.));
#3020=DIRECTION('',(0.,0.,-1.));
#3021=DIRECTION('',(-1.,0.,0.));
#3022=DIRECTION('',(0.,0.,-1.));
#3023=DIRECTION('',(-1.,0.,0.));
#3024=DIRECTION('',(0.,0.,-1.));
#3025=DIRECTION('',(1.,0.,0.));
#3026=DIRECTION('',(0.,0.,-1.));
#3027=DIRECTION('',(-1.,0.,0.));
#3028=DIRECTION('',(0.,0.,-1.));
#3029=DIRECTION('',(-1.,0.,0.));
#3030=DIRECTION('',(0.,0.,-1.));
#3031=DIRECTION('',(-1.,0.,0.));
#3032=DIRECTION('',(0.,0.,-1.));
#3033=DIRECTION('',(1.,0.,0.));
#3034=DIRECTION('',(0.,0.,-1.));
#3035=DIRECTION('',(-1.,0.,0.));
#3036=DIRECTION('',(0.,1.,0.));
#3037=DIRECTION('',(0.,0.,1.));
#3038=DIRECTION('',(-1.,0.,0.));
#3039=DIRECTION('',(0.,0.,1.));
#3040=DIRECTION('',(-1.,0.,0.));
#3041=DIRECTION('',(0.,0.,1.));
#3042=DIRECTION('',(-1.,0.,0.));
#3043=DIRECTION('',(0.,0.,1.));
#3044=DIRECTION('',(1.54197642309049E-16,-1.,0.));
#3045=DIRECTION('',(1.,1.54197642309049E-16,0.));
#3046=DIRECTION('',(0.,1.,0.));
#3047=DIRECTION('',(0.,0.,1.));
#3048=DIRECTION('',(0.,1.,0.));
#3049=DIRECTION('',(0.,0.,1.));
#3050=DIRECTION('',(-1.,0.,0.));
#3051=DIRECTION('',(0.,0.,1.));
#3052=DIRECTION('',(1.54197642309049E-16,-1.,0.));
#3053=DIRECTION('',(1.,1.54197642309049E-16,0.));
#3054=DIRECTION('',(0.,1.,0.));
#3055=DIRECTION('',(0.,0.,1.));
#3056=DIRECTION('',(-1.,0.,0.));
#3057=DIRECTION('',(0.,0.,1.));
#3058=DIRECTION('',(-1.,0.,0.));
#3059=DIRECTION('',(0.,0.,1.));
#3060=DIRECTION('',(0.,0.,-1.));
#3061=DIRECTION('',(-1.,0.,0.));
#3062=DIRECTION('',(0.,0.,-1.));
#3063=DIRECTION('',(-1.,0.,0.));
#3064=DIRECTION('',(0.,0.,-1.));
#3065=DIRECTION('',(1.,0.,0.));
#3066=DIRECTION('',(0.,0.,-1.));
#3067=DIRECTION('',(-1.,0.,0.));
#3068=DIRECTION('',(0.,0.,-1.));
#3069=DIRECTION('',(-1.,0.,0.));
#3070=DIRECTION('',(0.,0.,-1.));
#3071=DIRECTION('',(1.,0.,0.));
#3072=DIRECTION('',(0.,0.,-1.));
#3073=DIRECTION('',(-1.,0.,0.));
#3074=DIRECTION('',(0.,0.,-1.));
#3075=DIRECTION('',(-1.,0.,0.));
#3076=DIRECTION('',(0.,0.,-1.));
#3077=DIRECTION('',(1.,0.,0.));
#3078=DIRECTION('',(0.,0.,-1.));
#3079=DIRECTION('',(-1.,0.,0.));
#3080=DIRECTION('',(0.,0.,-1.));
#3081=DIRECTION('',(-1.,0.,0.));
#3082=DIRECTION('',(0.,0.,-1.));
#3083=DIRECTION('',(1.,0.,0.));
#3084=DIRECTION('',(0.,-1.,0.));
#3085=DIRECTION('',(0.,0.,-1.));
#3086=DIRECTION('',(0.,-1.,0.));
#3087=DIRECTION('',(0.,0.,-1.));
#3088=DIRECTION('',(0.,-1.,0.));
#3089=DIRECTION('',(0.,0.,-1.));
#3090=DIRECTION('',(0.,-1.,0.));
#3091=DIRECTION('',(0.,0.,-1.));
#3092=DIRECTION('',(-1.,0.,0.));
#3093=DIRECTION('',(-0.258819045102521,0.,0.965925826289068));
#3094=DIRECTION('',(0.,-1.,0.));
#3095=DIRECTION('',(0.,0.,-1.));
#3096=DIRECTION('',(0.,-1.,0.));
#3097=DIRECTION('',(0.,0.,-1.));
#3098=DIRECTION('',(0.,-1.,0.));
#3099=DIRECTION('',(0.,0.,-1.));
#3100=DIRECTION('',(0.,-1.,0.));
#3101=DIRECTION('',(0.,0.,-1.));
#3102=DIRECTION('',(0.,-1.,0.));
#3103=DIRECTION('',(0.,0.,-1.));
#3104=DIRECTION('',(-1.,0.,0.));
#3105=DIRECTION('',(-0.258819045102521,0.,-0.965925826289068));
#3106=DIRECTION('',(-0.258819045102521,0.,0.965925826289068));
#3107=DIRECTION('',(-1.,0.,0.));
#3108=DIRECTION('',(0.,-1.,0.));
#3109=DIRECTION('',(0.,0.,-1.));
#3110=DIRECTION('',(0.,-1.,0.));
#3111=DIRECTION('',(0.,0.,-1.));
#3112=DIRECTION('',(0.,-1.,0.));
#3113=DIRECTION('',(0.,0.,-1.));
#3114=DIRECTION('',(0.,-1.,0.));
#3115=DIRECTION('',(0.,0.,-1.));
#3116=DIRECTION('',(-1.,0.,0.));
#3117=DIRECTION('',(0.,-1.,0.));
#3118=DIRECTION('',(0.,0.,-1.));
#3119=DIRECTION('',(-0.258819045102521,0.,-0.965925826289068));
#3120=DIRECTION('',(0.,-1.,0.));
#3121=DIRECTION('',(0.,0.,-1.));
#3122=DIRECTION('',(0.,-1.,0.));
#3123=DIRECTION('',(0.,0.,-1.));
#3124=DIRECTION('',(0.,-1.,0.));
#3125=DIRECTION('',(0.,0.,-1.));
#3126=DIRECTION('',(0.,-1.,0.));
#3127=DIRECTION('',(0.,0.,-1.));
#3128=DIRECTION('',(-1.,0.,0.));
#3129=DIRECTION('',(-0.258819045102521,0.,-0.965925826289068));
#3130=DIRECTION('',(0.,-1.,0.));
#3131=DIRECTION('',(0.,0.,-1.));
#3132=DIRECTION('',(0.,-1.,0.));
#3133=DIRECTION('',(0.,0.,-1.));
#3134=DIRECTION('',(0.,-1.,0.));
#3135=DIRECTION('',(0.,0.,-1.));
#3136=DIRECTION('',(0.,-1.,0.));
#3137=DIRECTION('',(0.,0.,-1.));
#3138=DIRECTION('',(0.,-1.,0.));
#3139=DIRECTION('',(0.,0.,-1.));
#3140=DIRECTION('',(-0.258819045102521,0.,-0.965925826289068));
#3141=DIRECTION('',(-1.,0.,0.));
#3142=DIRECTION('',(0.,-1.,0.));
#3143=DIRECTION('',(0.,0.,-1.));
#3144=DIRECTION('',(-1.,0.,0.));
#3145=DIRECTION('',(-0.258819045102521,0.,0.965925826289068));
#3146=DIRECTION('',(0.,-1.,0.));
#3147=DIRECTION('',(0.,0.,-1.));
#3148=DIRECTION('',(0.,-1.,0.));
#3149=DIRECTION('',(0.,0.,-1.));
#3150=DIRECTION('',(0.,-1.,0.));
#3151=DIRECTION('',(0.,0.,-1.));
#3152=DIRECTION('',(-1.,0.,0.));
#3153=DIRECTION('',(0.,-1.,0.));
#3154=DIRECTION('',(0.,0.,-1.));
#3155=DIRECTION('',(-0.258819045102521,0.,0.965925826289068));
#3156=DIRECTION('',(-0.258819045102521,0.,-0.965925826289068));
#3157=DIRECTION('',(-0.965925826289068,0.,0.258819045102521));
#3158=DIRECTION('',(-0.436161541224813,0.,-0.899868384796574));
#3159=DIRECTION('',(0.899868384796574,0.,-0.436161541224813));
#3160=DIRECTION('',(0.258819045102521,0.,0.965925826289068));
#3161=DIRECTION('',(0.965925826289068,0.,-0.258819045102521));
#3162=DIRECTION('',(-0.43616154122481,0.,-0.899868384796576));
#3163=DIRECTION('',(-0.899868384796576,0.,0.43616154122481));
#3164=DIRECTION('',(-0.982093026746291,0.,-0.188396621032093));
#3165=DIRECTION('',(0.188396621032093,0.,-0.982093026746291));
#3166=DIRECTION('',(-0.982093026746291,0.,-0.188396621032093));
#3167=DIRECTION('',(-0.188396621032093,0.,0.982093026746291));
#3168=DIRECTION('',(1.,0.,0.));
#3169=DIRECTION('',(0.,0.,-1.));
#3170=DIRECTION('',(-1.,0.,0.));
#3171=DIRECTION('',(0.,0.,1.));
#3172=DIRECTION('',(-1.,0.,0.));
#3173=DIRECTION('',(0.,0.,1.));
#3174=DIRECTION('',(-1.,3.46944695195361E-15,0.));
#3175=DIRECTION('',(-3.46944695195361E-15,-1.,0.));
#3176=DIRECTION('',(0.,0.,1.));
#3177=DIRECTION('',(1.,0.,0.));
#3178=DIRECTION('',(-0.210956996662579,0.977495342985891,0.));
#3179=DIRECTION('',(-0.977495342985891,-0.210956996662579,0.));
#3180=DIRECTION('',(-0.210956996662584,-0.97749534298589,-7.31904109064291E-16));
#3181=DIRECTION('',(0.97749534298589,-0.210956996662584,0.));
#3182=DIRECTION('',(-3.46944695195361E-15,-1.,0.));
#3183=DIRECTION('',(1.,-3.46944695195361E-15,0.));
#3184=DIRECTION('',(0.670488293281006,-1.2870262308896E-15,-0.741920109292856));
#3185=DIRECTION('',(-0.741920109292856,0.,-0.670488293281006));
#3186=DIRECTION('',(6.93889390390723E-15,1.,0.));
#3187=DIRECTION('',(-1.,6.93889390390723E-15,0.));
#3188=DIRECTION('',(0.670488293281007,0.,-0.741920109292856));
#3189=DIRECTION('',(-0.741920109292856,0.,-0.670488293281007));
#3190=DIRECTION('',(0.,-1.,0.));
#3191=DIRECTION('',(0.,0.,-1.));
#3192=DIRECTION('',(0.,-1.,0.));
#3193=DIRECTION('',(0.,0.,-1.));
#3194=DIRECTION('',(0.,0.,1.));
#3195=DIRECTION('',(1.,0.,0.));
#3196=DIRECTION('',(-0.258819045102521,0.,0.965925826289068));
#3197=DIRECTION('',(0.965925826289068,0.,0.258819045102521));
#3198=DIRECTION('',(0.436161541224813,0.,-0.899868384796574));
#3199=DIRECTION('',(-0.899868384796574,0.,-0.436161541224813));
#3200=DIRECTION('',(0.258819045102521,0.,-0.965925826289068));
#3201=DIRECTION('',(-0.965925826289068,0.,-0.258819045102521));
#3202=DIRECTION('',(-0.43616154122481,0.,0.899868384796576));
#3203=DIRECTION('',(-0.899868384796576,0.,-0.43616154122481));
#3204=DIRECTION('',(0.982093026746291,0.,-0.188396621032093));
#3205=DIRECTION('',(-0.188396621032093,0.,-0.982093026746291));
#3206=DIRECTION('',(-0.982093026746291,0.,0.188396621032093));
#3207=DIRECTION('',(-0.188396621032093,0.,-0.982093026746291));
#3208=DIRECTION('',(-1.,0.,0.));
#3209=DIRECTION('',(0.,0.,1.));
#3210=DIRECTION('',(1.,0.,-3.46944695195361E-15));
#3211=DIRECTION('',(-3.46944695195361E-15,0.,-1.));
#3212=DIRECTION('',(1.,0.,0.));
#3213=DIRECTION('',(0.,0.,-1.));
#3214=DIRECTION('',(1.,0.,0.));
#3215=DIRECTION('',(0.,0.,-1.));
#3216=DIRECTION('',(0.,0.,1.));
#3217=DIRECTION('',(1.,0.,0.));
#3218=DIRECTION('',(0.210956996662584,-0.97749534298589,0.));
#3219=DIRECTION('',(0.97749534298589,0.210956996662584,0.));
#3220=DIRECTION('',(0.210956996662579,0.977495342985891,0.));
#3221=DIRECTION('',(-0.977495342985891,0.210956996662579,0.));
#3222=DIRECTION('',(-6.93889390390723E-15,1.,0.));
#3223=DIRECTION('',(-1.,-6.93889390390723E-15,0.));
#3224=DIRECTION('',(-0.670488293281008,1.28702623088959E-15,-0.741920109292854));
#3225=DIRECTION('',(-0.741920109292855,0.,0.670488293281008));
#3226=DIRECTION('',(3.46944695195361E-15,-1.,0.));
#3227=DIRECTION('',(1.,3.46944695195361E-15,0.));
#3228=DIRECTION('',(-0.670488293281005,0.,-0.741920109292857));
#3229=DIRECTION('',(-0.741920109292857,0.,0.670488293281005));
#3230=DIRECTION('',(0.,-1.,0.));
#3231=DIRECTION('',(0.,0.,-1.));
#3232=DIRECTION('',(0.,-1.,0.));
#3233=DIRECTION('',(0.,0.,-1.));
#3234=DIRECTION('',(0.,0.,1.));
#3235=DIRECTION('',(1.,0.,0.));
#3236=DIRECTION('',(0.258819045102521,0.,0.965925826289068));
#3237=DIRECTION('',(0.965925826289068,0.,-0.258819045102521));
#3238=DIRECTION('',(-0.43616154122481,0.,-0.899868384796576));
#3239=DIRECTION('',(-0.899868384796576,0.,0.43616154122481));
#3240=DIRECTION('',(-0.258819045102521,0.,0.965925826289068));
#3241=DIRECTION('',(0.965925826289068,0.,0.258819045102521));
#3242=DIRECTION('',(0.436161541224813,0.,-0.899868384796574));
#3243=DIRECTION('',(-0.899868384796574,0.,-0.436161541224813));
#3244=DIRECTION('',(-0.982093026746291,0.,-0.188396621032093));
#3245=DIRECTION('',(-0.188396621032093,0.,0.982093026746291));
#3246=DIRECTION('',(0.982093026746291,0.,-0.188396621032093));
#3247=DIRECTION('',(-0.188396621032093,0.,-0.982093026746291));
#3248=DIRECTION('',(-1.,0.,0.));
#3249=DIRECTION('',(0.,0.,1.));
#3250=DIRECTION('',(-1.,0.,0.));
#3251=DIRECTION('',(0.,0.,1.));
#3252=DIRECTION('',(0.,-1.,0.));
#3253=DIRECTION('',(0.,0.,-1.));
#3254=DIRECTION('',(-0.258819045102521,0.,-0.965925826289068));
#3255=DIRECTION('',(-0.965925826289068,0.,0.258819045102521));
#3256=DIRECTION('',(-0.436161541224813,0.,-0.899868384796574));
#3257=DIRECTION('',(0.899868384796574,0.,-0.436161541224813));
#3258=DIRECTION('',(0.258819045102521,0.,-0.965925826289068));
#3259=DIRECTION('',(-0.965925826289068,0.,-0.258819045102521));
#3260=DIRECTION('',(-0.43616154122481,0.,0.899868384796576));
#3261=DIRECTION('',(-0.899868384796576,0.,-0.43616154122481));
#3262=DIRECTION('',(-0.982093026746291,0.,-0.188396621032093));
#3263=DIRECTION('',(0.188396621032093,0.,-0.982093026746291));
#3264=DIRECTION('',(-0.982093026746291,0.,0.188396621032093));
#3265=DIRECTION('',(-0.188396621032093,0.,-0.982093026746291));
#3266=DIRECTION('',(1.,0.,0.));
#3267=DIRECTION('',(0.,0.,-1.));
#3268=DIRECTION('',(1.,0.,0.));
#3269=DIRECTION('',(0.,0.,-1.));
#3270=DIRECTION('',(0.,-1.,0.));
#3271=DIRECTION('',(0.,0.,-1.));
#3272=DIRECTION('',(0.,-1.,0.));
#3273=DIRECTION('',(0.,0.,-1.));
#3274=DIRECTION('',(0.,-1.,0.));
#3275=DIRECTION('',(0.,0.,-1.));
#3276=DIRECTION('',(0.,-1.,0.));
#3277=DIRECTION('',(0.,0.,-1.));
#3278=DIRECTION('',(0.,-1.,0.));
#3279=DIRECTION('',(0.,0.,-1.));
#3280=DIRECTION('',(0.,-1.,0.));
#3281=DIRECTION('',(0.,0.,-1.));
#3282=DIRECTION('',(0.,-1.,0.));
#3283=DIRECTION('',(0.,0.,-1.));
#3284=DIRECTION('',(0.,-1.,0.));
#3285=DIRECTION('',(0.,0.,-1.));
#3286=DIRECTION('',(0.,-1.,0.));
#3287=DIRECTION('',(0.,0.,-1.));
#3288=DIRECTION('',(0.,0.,-1.));
#3289=DIRECTION('',(-1.,0.,0.));
#3290=CARTESIAN_POINT('',(0.,0.,0.));
#3291=CARTESIAN_POINT('',(-0.0666192596079883,-1.02725327639263E-17,-0.0219058666578588));
#3292=CARTESIAN_POINT('',(-0.0720034664096183,-1.1102764758442E-17,-0.042));
#3293=CARTESIAN_POINT('',(-0.0720034664096183,-0.00799999999999977,-0.042));
#3294=CARTESIAN_POINT('',(-0.0720034664096183,0.008,-0.042));
#3295=CARTESIAN_POINT('',(-0.0676122537995388,0.008,-0.0256117714323462));
#3296=CARTESIAN_POINT('',(-0.0676122537995388,0.008,-0.0256117714323462));
#3297=CARTESIAN_POINT('',(-0.0676122537995388,-1.042565012709E-17,-0.0256117714323462));
#3298=CARTESIAN_POINT('',(-0.0676122537995388,-0.00799999999999978,-0.0256117714323462));
#3299=CARTESIAN_POINT('',(-0.0666192596079883,-0.00799999999999977,-0.0219058666578588));
#3300=CARTESIAN_POINT('',(-0.0666192596079883,-1.02725327639263E-17,-0.0219058666578588));
#3301=CARTESIAN_POINT('',(-0.0720034664096183,-1.1102764758442E-17,-0.042));
#3302=CARTESIAN_POINT('',(-0.0720034664096183,-0.0312034230365864,-0.042));
#3303=CARTESIAN_POINT('',(-0.0720034664096183,-0.0159999999999998,-0.042));
#3304=CARTESIAN_POINT('',(-0.0676122537995388,-0.0159999999999998,-0.0256117714323462));
#3305=CARTESIAN_POINT('',(-0.0676122537995388,-0.016,-0.0256117714323462));
#3306=CARTESIAN_POINT('',(-0.0676122537995388,-1.042565012709E-17,-0.0256117714323462));
#3307=CARTESIAN_POINT('',(-0.0676122537995388,-0.0310318624198387,-0.0256117714323462));
#3308=CARTESIAN_POINT('',(-0.0676122537995388,-0.0310318624198387,-0.0256117714323462));
#3309=CARTESIAN_POINT('',(-0.0676122537995388,-0.0311013435592002,-0.0256117714323462));
#3310=CARTESIAN_POINT('',(-0.0676135336602036,-0.0311704701886842,-0.0256165479373739));
#3311=CARTESIAN_POINT('',(-0.0676161016655523,-0.0312392400136917,-0.0256261318638094));
#3312=CARTESIAN_POINT('',(-0.0676161016655523,-0.0312392400136916,-0.0256261318638094));
#3313=CARTESIAN_POINT('',(-0.0698977774788672,-0.042,-0.0341414619255016));
#3314=CARTESIAN_POINT('',(0.0666192596079883,1.02725327639263E-17,-0.0219058666578588));
#3315=CARTESIAN_POINT('',(0.0720034664096183,1.1102764758442E-17,-0.042));
#3316=CARTESIAN_POINT('',(0.0720034664096183,-0.00799999999999977,-0.042));
#3317=CARTESIAN_POINT('',(0.0720034664096183,0.008,-0.042));
#3318=CARTESIAN_POINT('',(0.0676122537995388,-0.00799999999999977,-0.0256117714323462));
#3319=CARTESIAN_POINT('',(0.0676122537995388,-0.00799999999999978,-0.0256117714323462));
#3320=CARTESIAN_POINT('',(0.0676122537995388,1.042565012709E-17,-0.0256117714323462));
#3321=CARTESIAN_POINT('',(0.0676122537995388,0.008,-0.0256117714323462));
#3322=CARTESIAN_POINT('',(0.0666192596079883,0.008,-0.0219058666578588));
#3323=CARTESIAN_POINT('',(0.0666192596079883,1.02725327639263E-17,-0.0219058666578588));
#3324=CARTESIAN_POINT('',(0.0676122537995388,1.042565012709E-17,-0.0256117714323462));
#3325=CARTESIAN_POINT('',(0.0676122537995388,-0.016,-0.0256117714323462));
#3326=CARTESIAN_POINT('',(0.0676122537995388,-0.0310318624198387,-0.0256117714323462));
#3327=CARTESIAN_POINT('',(0.0666192596079883,-0.0159999999999998,-0.0219058666578588));
#3328=CARTESIAN_POINT('',(0.0720034664096183,-0.0159999999999998,-0.042));
#3329=CARTESIAN_POINT('',(0.0720034664096183,1.1102764758442E-17,-0.042));
#3330=CARTESIAN_POINT('',(0.0720034664096183,-0.0312034230365865,-0.042));
#3331=CARTESIAN_POINT('',(0.0698977774788672,-0.042,-0.0341414619255015));
#3332=CARTESIAN_POINT('',(0.0676161016655523,-0.0312392400136917,-0.0256261318638094));
#3333=CARTESIAN_POINT('',(0.0676161016655523,-0.0312392400136917,-0.0256261318638094));
#3334=CARTESIAN_POINT('',(0.0676135336602036,-0.0311704701886842,-0.025616547937374));
#3335=CARTESIAN_POINT('',(0.0676122537995388,-0.0311013435592003,-0.0256117714323462));
#3336=CARTESIAN_POINT('',(0.0676122537995388,-0.0310318624198387,-0.0256117714323462));
#3337=CARTESIAN_POINT('',(2.77555756156289E-17,0.,-0.0245));
#3338=CARTESIAN_POINT('',(0.0661633650601052,0.,-0.0245));
#3339=CARTESIAN_POINT('',(0.0661633650601052,-0.00799999999999977,-0.0245));
#3340=CARTESIAN_POINT('',(0.0661633650601052,0.008,-0.0245));
#3341=CARTESIAN_POINT('',(0.0356329903319944,-0.00799999999999977,-0.0245));
#3342=CARTESIAN_POINT('',(0.037068989735357,-0.00799999999999977,-0.0245));
#3343=CARTESIAN_POINT('',(0.,0.,-0.0245));
#3344=CARTESIAN_POINT('',(0.037068989735357,0.008,-0.0245));
#3345=CARTESIAN_POINT('',(2.77555756156289E-17,0.008,-0.0245));
#3346=CARTESIAN_POINT('',(2.77555756156289E-17,0.,-0.0245));
#3347=CARTESIAN_POINT('',(-0.0661633650601052,0.,-0.0245));
#3348=CARTESIAN_POINT('',(-0.0661633650601052,0.008,-0.0245));
#3349=CARTESIAN_POINT('',(-0.0661633650601052,-0.00799999999999977,-0.0245));
#3350=CARTESIAN_POINT('',(2.77555756156289E-17,0.008,-0.0245));
#3351=CARTESIAN_POINT('',(-0.037068989735357,0.008,-0.0245));
#3352=CARTESIAN_POINT('',(0.,0.,-0.0245));
#3353=CARTESIAN_POINT('',(-0.037068989735357,-0.00799999999999977,-0.0245));
#3354=CARTESIAN_POINT('',(-0.0661633650601052,-0.00799999999999977,-0.0245));
#3355=CARTESIAN_POINT('',(2.77555756156289E-17,0.,-0.0245));
#3356=CARTESIAN_POINT('',(-0.0661633650601052,0.,-0.0245));
#3357=CARTESIAN_POINT('',(-0.0661633650601052,-0.0159999999999998,-0.0245));
#3358=CARTESIAN_POINT('',(-0.0661633650601052,-0.0310318624198387,-0.0245));
#3359=CARTESIAN_POINT('',(2.77555756156289E-17,-0.0159999999999998,-0.0245));
#3360=CARTESIAN_POINT('',(-0.0333722938977829,-0.016,-0.0245));
#3361=CARTESIAN_POINT('',(0.,0.,-0.0245));
#3362=CARTESIAN_POINT('',(0.0333722938977831,-0.0159999999999998,-0.0245));
#3363=CARTESIAN_POINT('',(2.77555756156289E-17,-0.0159999999999998,-0.0245));
#3364=CARTESIAN_POINT('',(0.0661633650601052,-0.0159999999999998,-0.0245));
#3365=CARTESIAN_POINT('',(0.0661633650601052,0.,-0.0245));
#3366=CARTESIAN_POINT('',(0.0661633650601052,-0.0310318624198387,-0.0245));
#3367=CARTESIAN_POINT('',(0.067,-0.042,-0.0245));
#3368=CARTESIAN_POINT('',(0.0560318624198387,-0.0411633650601052,-0.0245));
#3369=CARTESIAN_POINT('',(2.77555756156289E-17,-0.0411633650601052,-0.0245));
#3370=CARTESIAN_POINT('',(-0.0560318624198387,-0.0411633650601052,-0.0245));
#3371=CARTESIAN_POINT('',(-0.067,-0.042,-0.0245));
#3372=CARTESIAN_POINT('',(0.,0.,0.007));
#3373=CARTESIAN_POINT('',(0.,0.,-0.0399686667728927));
#3374=CARTESIAN_POINT('',(-0.00984193294912328,0.00768379446640312,-0.0399686667728927));
#3375=CARTESIAN_POINT('',(-0.00984193294912342,-0.00768379446640294,-0.0399686667728927));
#3376=CARTESIAN_POINT('',(0.,-0.00768379446640294,0.007));
#3377=CARTESIAN_POINT('',(-0.0356038122754615,-0.00768379446640294,-0.0251758893280633));
#3378=CARTESIAN_POINT('',(0.,0.,-0.0251758893280633));
#3379=CARTESIAN_POINT('',(-0.0356038122754615,0.00768379446640312,-0.0251758893280633));
#3380=CARTESIAN_POINT('',(0.,0.00768379446640312,0.007));
#3381=CARTESIAN_POINT('',(0.,0.,0.007));
#3382=CARTESIAN_POINT('',(0.,0.,-0.0251758893280633));
#3383=CARTESIAN_POINT('',(0.0356038122754615,0.00768379446640312,-0.0251758893280633));
#3384=CARTESIAN_POINT('',(0.0356038122754615,-0.00768379446640294,-0.0251758893280633));
#3385=CARTESIAN_POINT('',(0.,-0.00768379446640294,0.007));
#3386=CARTESIAN_POINT('',(0.00984193294912342,-0.00768379446640294,-0.0399686667728927));
#3387=CARTESIAN_POINT('',(0.,0.,-0.0399686667728927));
#3388=CARTESIAN_POINT('',(0.00984193294912328,0.00768379446640312,-0.0399686667728927));
#3389=CARTESIAN_POINT('',(0.,0.00768379446640312,0.007));
#3390=CARTESIAN_POINT('',(0.,0.,0.007));
#3391=CARTESIAN_POINT('',(-0.0333722938977822,-0.0159999999999998,-0.0245));
#3392=CARTESIAN_POINT('',(-0.0334703496204087,-0.015795478475384,-0.0245));
#3393=CARTESIAN_POINT('',(-0.0335411234940081,-0.0155812424793924,-0.0245314062972449));
#3394=CARTESIAN_POINT('',(-0.033571888673387,-0.0153675889328061,-0.0246026185828645));
#3395=CARTESIAN_POINT('',(-0.0335718886733869,-0.0153675889328061,-0.0246026185828645));
#3396=CARTESIAN_POINT('',(0.,-0.0153675889328061,0.007));
#3397=CARTESIAN_POINT('',(0.0335718886733869,-0.0153675889328061,-0.0246026185828645));
#3398=CARTESIAN_POINT('',(0.0335718886733869,-0.0153675889328061,-0.0246026185828645));
#3399=CARTESIAN_POINT('',(0.0335410854155921,-0.0155815069208408,-0.0245313181569812));
#3400=CARTESIAN_POINT('',(0.0334704786779169,-0.0157952092913178,-0.0245));
#3401=CARTESIAN_POINT('',(0.0333722938977831,-0.016,-0.0245));
#3402=CARTESIAN_POINT('',(-0.0661633650601052,-1.02022348995012E-17,-0.026));
#3403=CARTESIAN_POINT('',(-0.0661633650601052,0.008,-0.026));
#3404=CARTESIAN_POINT('',(-0.0661633650601052,-0.00799999999999977,-0.026));
#3405=CARTESIAN_POINT('',(-0.0661633650601052,-1.02022348995012E-17,-0.026));
#3406=CARTESIAN_POINT('',(-0.0661633650601052,-0.0159999999999998,-0.026));
#3407=CARTESIAN_POINT('',(-0.0661633650601052,-0.0310318624198387,-0.026));
#3408=CARTESIAN_POINT('',(0.0661633650601052,1.02022348995012E-17,-0.026));
#3409=CARTESIAN_POINT('',(0.0661633650601052,-0.00799999999999977,-0.026));
#3410=CARTESIAN_POINT('',(0.0661633650601052,0.008,-0.026));
#3411=CARTESIAN_POINT('',(0.0661633650601052,1.02022348995012E-17,-0.026));
#3412=CARTESIAN_POINT('',(0.0661633650601052,-0.0159999999999998,-0.026));
#3413=CARTESIAN_POINT('',(0.0661633650601052,-0.0310318624198387,-0.026));
#3414=CARTESIAN_POINT('',(0.,-6.73555739531044E-19,-0.020998));
#3415=CARTESIAN_POINT('',(0.,-6.73555739531044E-19,-0.042));
#3416=CARTESIAN_POINT('',(-0.0048665301064749,-0.00986493206883724,-0.042));
#3417=CARTESIAN_POINT('',(-0.00486653010647454,0.00986493206883742,-0.042));
#3418=CARTESIAN_POINT('',(-0.0048665301064749,-0.00986493206883724,-0.042));
#3419=CARTESIAN_POINT('',(-0.00489091302120085,-0.00985290358371748,-0.0419663780965434));
#3420=CARTESIAN_POINT('',(-0.00491613019434426,-0.00984035087801769,-0.0419335962564899));
#3421=CARTESIAN_POINT('',(-0.00494204612861894,-0.00982731805034328,-0.0419015337182793));
#3422=CARTESIAN_POINT('',(-0.00494204612861893,-0.00982731805034327,-0.0419015337182793));
#3423=CARTESIAN_POINT('',(0.,-6.73555739531044E-19,-0.0419015337182793));
#3424=CARTESIAN_POINT('',(-0.00494204612861857,0.00982731805034345,-0.0419015337182793));
#3425=CARTESIAN_POINT('',(-0.00494204612861857,0.00982731805034345,-0.0419015337182793));
#3426=CARTESIAN_POINT('',(-0.00491613019434389,0.00984035087801786,-0.0419335962564899));
#3427=CARTESIAN_POINT('',(-0.00489091302120046,0.0098529035837177,-0.0419663780965434));
#3428=CARTESIAN_POINT('',(-0.00486653010647451,0.00986493206883746,-0.042));
#3429=CARTESIAN_POINT('',(0.,-6.73555739531044E-19,-0.020998));
#3430=CARTESIAN_POINT('',(0.,-6.73555739531044E-19,-0.0419015337182793));
#3431=CARTESIAN_POINT('',(0.00494204612861857,0.00982731805034345,-0.0419015337182793));
#3432=CARTESIAN_POINT('',(0.00494204612861893,-0.00982731805034327,-0.0419015337182793));
#3433=CARTESIAN_POINT('',(0.00494204612861893,-0.00982731805034327,-0.0419015337182793));
#3434=CARTESIAN_POINT('',(0.00491613019434425,-0.00984035087801768,-0.0419335962564899));
#3435=CARTESIAN_POINT('',(0.00489091302120083,-0.00985290358371752,-0.0419663780965434));
#3436=CARTESIAN_POINT('',(0.00486653010647488,-0.00986493206883728,-0.042));
#3437=CARTESIAN_POINT('',(0.0048665301064749,-0.00986493206883724,-0.042));
#3438=CARTESIAN_POINT('',(0.,-6.73555739531044E-19,-0.042));
#3439=CARTESIAN_POINT('',(0.00486653010647453,0.00986493206883742,-0.042));
#3440=CARTESIAN_POINT('',(0.00486653010647453,0.00986493206883742,-0.042));
#3441=CARTESIAN_POINT('',(0.00489091302120048,0.00985290358371766,-0.0419663780965434));
#3442=CARTESIAN_POINT('',(0.0049161301943439,0.00984035087801787,-0.0419335962564899));
#3443=CARTESIAN_POINT('',(0.00494204612861858,0.00982731805034346,-0.0419015337182793));
#3444=CARTESIAN_POINT('',(-0.0666192596079883,-1.02725327639263E-17,-0.0219058666578588));
#3445=CARTESIAN_POINT('',(-0.0676122537995388,-1.042565012709E-17,-0.0256117714323462));
#3446=CARTESIAN_POINT('',(-0.0676122537995388,0.016,-0.0256117714323462));
#3447=CARTESIAN_POINT('',(-0.0676122537995388,0.0310318624198387,-0.0256117714323462));
#3448=CARTESIAN_POINT('',(-0.0666192596079883,0.016,-0.0219058666578588));
#3449=CARTESIAN_POINT('',(-0.0720034664096183,0.016,-0.042));
#3450=CARTESIAN_POINT('',(-0.0720034664096183,-1.1102764758442E-17,-0.042));
#3451=CARTESIAN_POINT('',(-0.0720034664096183,0.0312034230365865,-0.042));
#3452=CARTESIAN_POINT('',(-0.0698977774788672,0.042,-0.0341414619255015));
#3453=CARTESIAN_POINT('',(-0.0676161016655523,0.0312392400136917,-0.0256261318638094));
#3454=CARTESIAN_POINT('',(-0.0676161016655523,0.0312392400136917,-0.0256261318638094));
#3455=CARTESIAN_POINT('',(-0.0676135336602036,0.0311704701886842,-0.025616547937374));
#3456=CARTESIAN_POINT('',(-0.0676122537995388,0.0311013435592003,-0.0256117714323462));
#3457=CARTESIAN_POINT('',(-0.0676122537995388,0.0310318624198387,-0.0256117714323462));
#3458=CARTESIAN_POINT('',(2.77555756156289E-17,-0.0416192596079883,-0.0219058666578588));
#3459=CARTESIAN_POINT('',(0.0560318624198387,-0.0426122537995388,-0.0256117714323462));
#3460=CARTESIAN_POINT('',(0.0561013435592003,-0.0426122537995388,-0.0256117714323462));
#3461=CARTESIAN_POINT('',(0.0561704701886842,-0.0426135336602037,-0.0256165479373739));
#3462=CARTESIAN_POINT('',(0.0562392400136917,-0.0426161016655523,-0.0256261318638094));
#3463=CARTESIAN_POINT('',(0.0560318624198387,-0.0426122537995388,-0.0256117714323462));
#3464=CARTESIAN_POINT('',(0.0562392400136917,-0.0426161016655523,-0.0256261318638094));
#3465=CARTESIAN_POINT('',(0.067,-0.0448977774788673,-0.0341414619255016));
#3466=CARTESIAN_POINT('',(0.0562034230365864,-0.0470034664096183,-0.042));
#3467=CARTESIAN_POINT('',(2.77555756156289E-17,-0.0470034664096183,-0.042));
#3468=CARTESIAN_POINT('',(-0.0562034230365864,-0.0470034664096183,-0.042));
#3469=CARTESIAN_POINT('',(-0.067,-0.0448977774788672,-0.0341414619255015));
#3470=CARTESIAN_POINT('',(-0.0562392400136917,-0.0426161016655523,-0.0256261318638094));
#3471=CARTESIAN_POINT('',(-0.0562392400136917,-0.0426161016655523,-0.0256261318638094));
#3472=CARTESIAN_POINT('',(-0.0561704701886842,-0.0426135336602037,-0.025616547937374));
#3473=CARTESIAN_POINT('',(-0.0561013435592003,-0.0426122537995388,-0.0256117714323462));
#3474=CARTESIAN_POINT('',(-0.0560318624198387,-0.0426122537995388,-0.0256117714323462));
#3475=CARTESIAN_POINT('',(-0.0560318624198387,-0.0426122537995388,-0.0256117714323462));
#3476=CARTESIAN_POINT('',(2.77555756156289E-17,-0.0426122537995388,-0.0256117714323462));
#3477=CARTESIAN_POINT('',(0.0666192596079883,1.02725327639263E-17,-0.0219058666578588));
#3478=CARTESIAN_POINT('',(0.0720034664096183,1.1102764758442E-17,-0.042));
#3479=CARTESIAN_POINT('',(0.0720034664096183,0.016,-0.042));
#3480=CARTESIAN_POINT('',(0.0720034664096183,0.0312034230365864,-0.042));
#3481=CARTESIAN_POINT('',(0.0676122537995388,0.016,-0.0256117714323462));
#3482=CARTESIAN_POINT('',(0.0676122537995388,0.016,-0.0256117714323462));
#3483=CARTESIAN_POINT('',(0.0676122537995388,1.042565012709E-17,-0.0256117714323462));
#3484=CARTESIAN_POINT('',(0.0676122537995388,0.0310318624198387,-0.0256117714323462));
#3485=CARTESIAN_POINT('',(0.0676122537995388,0.0310318624198387,-0.0256117714323462));
#3486=CARTESIAN_POINT('',(0.0676122537995388,0.0311013435592002,-0.0256117714323462));
#3487=CARTESIAN_POINT('',(0.0676135336602036,0.0311704701886842,-0.0256165479373739));
#3488=CARTESIAN_POINT('',(0.0676161016655523,0.0312392400136917,-0.0256261318638094));
#3489=CARTESIAN_POINT('',(0.0676161016655523,0.0312392400136916,-0.0256261318638094));
#3490=CARTESIAN_POINT('',(0.0698977774788672,0.042,-0.0341414619255016));
#3491=CARTESIAN_POINT('',(2.77555756156289E-17,0.0416192596079882,-0.0219058666578588));
#3492=CARTESIAN_POINT('',(0.067,0.0448977774788672,-0.0341414619255016));
#3493=CARTESIAN_POINT('',(0.0562034230365864,0.0470034664096183,-0.042));
#3494=CARTESIAN_POINT('',(0.0562392400136917,0.0426161016655523,-0.0256261318638094));
#3495=CARTESIAN_POINT('',(0.0562392400136917,0.0426161016655523,-0.0256261318638094));
#3496=CARTESIAN_POINT('',(0.0561704701886842,0.0426135336602036,-0.025616547937374));
#3497=CARTESIAN_POINT('',(0.0561013435592003,0.0426122537995388,-0.0256117714323462));
#3498=CARTESIAN_POINT('',(0.0560318624198387,0.0426122537995388,-0.0256117714323462));
#3499=CARTESIAN_POINT('',(0.0560318624198387,0.0426122537995388,-0.0256117714323463));
#3500=CARTESIAN_POINT('',(2.77555756156289E-17,0.0426122537995388,-0.0256117714323463));
#3501=CARTESIAN_POINT('',(-0.0560318624198387,0.0426122537995388,-0.0256117714323463));
#3502=CARTESIAN_POINT('',(-0.0560318624198387,0.0426122537995388,-0.0256117714323462));
#3503=CARTESIAN_POINT('',(-0.0561013435592003,0.0426122537995388,-0.0256117714323462));
#3504=CARTESIAN_POINT('',(-0.0561704701886842,0.0426135336602036,-0.0256165479373739));
#3505=CARTESIAN_POINT('',(-0.0562392400136917,0.0426161016655523,-0.0256261318638094));
#3506=CARTESIAN_POINT('',(-0.0562392400136917,0.0426161016655523,-0.0256261318638094));
#3507=CARTESIAN_POINT('',(-0.067,0.0448977774788672,-0.0341414619255016));
#3508=CARTESIAN_POINT('',(-0.0562034230365864,0.0470034664096183,-0.042));
#3509=CARTESIAN_POINT('',(2.77555756156289E-17,0.0470034664096183,-0.042));
#3510=CARTESIAN_POINT('',(2.77555756156289E-17,0.,-0.0245));
#3511=CARTESIAN_POINT('',(0.,0.,-0.0245));
#3512=CARTESIAN_POINT('',(0.0333722938977829,0.016,-0.0245));
#3513=CARTESIAN_POINT('',(-0.0333722938977829,0.016,-0.0245));
#3514=CARTESIAN_POINT('',(-0.0661633650601052,0.016,-0.0245));
#3515=CARTESIAN_POINT('',(-0.0661633650601052,0.016,-0.0245));
#3516=CARTESIAN_POINT('',(-0.0661633650601052,0.,-0.0245));
#3517=CARTESIAN_POINT('',(-0.0661633650601052,0.0310318624198387,-0.0245));
#3518=CARTESIAN_POINT('',(-0.067,0.042,-0.0245));
#3519=CARTESIAN_POINT('',(-0.0560318624198387,0.0411633650601052,-0.0245));
#3520=CARTESIAN_POINT('',(2.77555756156289E-17,0.0411633650601052,-0.0245));
#3521=CARTESIAN_POINT('',(0.0560318624198387,0.0411633650601052,-0.0245));
#3522=CARTESIAN_POINT('',(0.067,0.042,-0.0245));
#3523=CARTESIAN_POINT('',(0.0661633650601052,0.0310318624198387,-0.0245));
#3524=CARTESIAN_POINT('',(0.0661633650601052,0.,-0.0245));
#3525=CARTESIAN_POINT('',(0.0661633650601052,0.016,-0.0245));
#3526=CARTESIAN_POINT('',(0.0342594512507133,0.016,-0.0245));
#3527=CARTESIAN_POINT('',(0.,0.,0.007));
#3528=CARTESIAN_POINT('',(0.,0.,-0.0379901655791162));
#3529=CARTESIAN_POINT('',(-0.00314563207697663,0.,-0.0379901655791162));
#3530=CARTESIAN_POINT('',(0.,0.,-0.021));
#3531=CARTESIAN_POINT('',(0.0353554804804008,0.,-0.021));
#3532=CARTESIAN_POINT('',(-0.07,-1.07938349616335E-17,-0.021));
#3533=CARTESIAN_POINT('',(-0.0674780350119968,0.0376484058805514,-0.0115878985298621));
#3534=CARTESIAN_POINT('',(-0.0709929941915506,0.0411633650601052,-0.0247059047744874));
#3535=CARTESIAN_POINT('',(-0.0752896334945015,0.0454600043630561,-0.0407411809548975));
#3536=CARTESIAN_POINT('',(-0.0752896334945015,-1.16094839751646E-17,-0.0407411809548975));
#3537=CARTESIAN_POINT('',(-0.0752896334945014,-0.0454600043630561,-0.0407411809548975));
#3538=CARTESIAN_POINT('',(-0.0703032124252574,-0.0404735832938121,-0.022131604176547));
#3539=CARTESIAN_POINT('',(-0.0709929941915505,-0.0411633650601052,-0.0247059047744874));
#3540=CARTESIAN_POINT('',(-0.0709929941915506,0.045,-0.0247059047744874));
#3541=CARTESIAN_POINT('',(2.77555756156289E-17,-0.045,-0.021));
#3542=CARTESIAN_POINT('',(-0.0711005163348657,-0.050930145466311,-0.043131604176547));
#3543=CARTESIAN_POINT('',(-0.0661633650601052,-0.0459929941915506,-0.0247059047744874));
#3544=CARTESIAN_POINT('',(-0.0704600043630561,-0.0502896334945015,-0.0407411809548975));
#3545=CARTESIAN_POINT('',(0.0707973039096082,-0.0502896334945015,-0.0407411809548975));
#3546=CARTESIAN_POINT('',(0.0704600043630561,-0.0502896334945015,-0.0407411809548975));
#3547=CARTESIAN_POINT('',(0.0610788628731844,-0.0409084920046297,-0.00573028428170391));
#3548=CARTESIAN_POINT('',(0.0661633650601052,-0.0459929941915506,-0.0247059047744874));
#3549=CARTESIAN_POINT('',(2.77555756156289E-17,-0.0459929941915506,-0.0247059047744874));
#3550=CARTESIAN_POINT('',(0.07,1.07938349616335E-17,-0.021));
#3551=CARTESIAN_POINT('',(0.0674780350119968,-0.0376484058805514,-0.0115878985298621));
#3552=CARTESIAN_POINT('',(0.0709929941915506,-0.0411633650601052,-0.0247059047744874));
#3553=CARTESIAN_POINT('',(0.0752896334945015,-0.0454600043630561,-0.0407411809548975));
#3554=CARTESIAN_POINT('',(0.0752896334945014,0.0457973039096082,-0.0407411809548975));
#3555=CARTESIAN_POINT('',(0.0752896334945014,0.0454600043630561,-0.0407411809548975));
#3556=CARTESIAN_POINT('',(0.0703032124252574,0.0404735832938121,-0.022131604176547));
#3557=CARTESIAN_POINT('',(0.0709929941915505,0.0411633650601052,-0.0247059047744874));
#3558=CARTESIAN_POINT('',(0.0709929941915505,1.09469523247971E-17,-0.0247059047744874));
#3559=CARTESIAN_POINT('',(2.77555756156289E-17,0.045,-0.021));
#3560=CARTESIAN_POINT('',(0.0711005163348657,0.050930145466311,-0.043131604176547));
#3561=CARTESIAN_POINT('',(0.0661633650601052,0.0459929941915506,-0.0247059047744874));
#3562=CARTESIAN_POINT('',(0.0704600043630561,0.0502896334945014,-0.0407411809548975));
#3563=CARTESIAN_POINT('',(2.77555756156289E-17,0.0502896334945015,-0.0407411809548975));
#3564=CARTESIAN_POINT('',(-0.0704600043630561,0.0502896334945015,-0.0407411809548975));
#3565=CARTESIAN_POINT('',(-0.0610788628731844,0.0409084920046297,-0.0057302842817039));
#3566=CARTESIAN_POINT('',(-0.0661633650601052,0.0459929941915506,-0.0247059047744874));
#3567=CARTESIAN_POINT('',(0.07,0.0459929941915506,-0.0247059047744874));
#3568=CARTESIAN_POINT('',(2.77555756156289E-17,0.,-0.042));
#3569=CARTESIAN_POINT('',(-0.0699329140487981,0.016,-0.042));
#3570=CARTESIAN_POINT('',(-0.0699329140487981,0.014,-0.042));
#3571=CARTESIAN_POINT('',(0.,0.014,-0.042));
#3572=CARTESIAN_POINT('',(0.0699329140487981,0.014,-0.042));
#3573=CARTESIAN_POINT('',(0.0699329140487981,0.016,-0.042));
#3574=CARTESIAN_POINT('',(0.0720034664096183,0.0312034230365865,-0.042));
#3575=CARTESIAN_POINT('',(0.0720034664096183,0.0320948171983022,-0.042));
#3576=CARTESIAN_POINT('',(0.0711278999662898,0.0338195992312037,-0.042));
#3577=CARTESIAN_POINT('',(0.0692572946781125,0.0342735717788164,-0.042));
#3578=CARTESIAN_POINT('',(0.0683801002679186,0.0341199414183338,-0.042));
#3579=CARTESIAN_POINT('',(0.0683801002679186,0.0341199414183338,-0.042));
#3580=CARTESIAN_POINT('',(0.067,0.042,-0.042));
#3581=CARTESIAN_POINT('',(0.0591199414183338,0.0433801002679186,-0.042));
#3582=CARTESIAN_POINT('',(0.0591199414183338,0.0433801002679186,-0.042));
#3583=CARTESIAN_POINT('',(0.0592737932249341,0.0442585590850696,-0.042));
#3584=CARTESIAN_POINT('',(0.0588203959171605,0.0461252345152386,-0.042));
#3585=CARTESIAN_POINT('',(0.0570962073763344,0.0470034664096183,-0.042));
#3586=CARTESIAN_POINT('',(0.0562034230365865,0.0470034664096183,-0.042));
#3587=CARTESIAN_POINT('',(-0.0562034230365864,0.0470034664096183,-0.042));
#3588=CARTESIAN_POINT('',(-0.0570948171983022,0.0470034664096183,-0.042));
#3589=CARTESIAN_POINT('',(-0.0588195992312037,0.0461278999662899,-0.042));
#3590=CARTESIAN_POINT('',(-0.0592735717788164,0.0442572946781125,-0.042));
#3591=CARTESIAN_POINT('',(-0.0591199414183338,0.0433801002679186,-0.042));
#3592=CARTESIAN_POINT('',(-0.0591199414183338,0.0433801002679186,-0.042));
#3593=CARTESIAN_POINT('',(-0.067,0.042,-0.042));
#3594=CARTESIAN_POINT('',(-0.0683801002679186,0.0341199414183338,-0.042));
#3595=CARTESIAN_POINT('',(-0.0683801002679186,0.0341199414183338,-0.042));
#3596=CARTESIAN_POINT('',(-0.0692585590850696,0.0342737932249341,-0.042));
#3597=CARTESIAN_POINT('',(-0.0711252345152385,0.0338203959171606,-0.042));
#3598=CARTESIAN_POINT('',(-0.0720034664096183,0.0320962073763344,-0.042));
#3599=CARTESIAN_POINT('',(-0.0720034664096183,0.0312034230365865,-0.042));
#3600=CARTESIAN_POINT('',(-0.0699329140487981,-0.00799999999999977,-0.042));
#3601=CARTESIAN_POINT('',(-0.0699329140487981,-0.00999999999999977,-0.042));
#3602=CARTESIAN_POINT('',(0.,-0.00999999999999977,-0.042));
#3603=CARTESIAN_POINT('',(-0.00976524449258714,-0.00999999999999977,-0.042));
#3604=CARTESIAN_POINT('',(-0.00976524449258714,-0.00999999999999977,-0.042));
#3605=CARTESIAN_POINT('',(-0.00813120953254516,-0.00999999999999976,-0.042));
#3606=CARTESIAN_POINT('',(-0.0064990010641795,-0.00992743802794867,-0.042));
#3607=CARTESIAN_POINT('',(-0.0048665301064749,-0.00986493206883724,-0.042));
#3608=CARTESIAN_POINT('',(-0.00486653010647454,0.00986493206883742,-0.042));
#3609=CARTESIAN_POINT('',(-0.0064989272090068,0.00992743520009554,-0.042));
#3610=CARTESIAN_POINT('',(-0.00813143920048351,0.01,-0.042));
#3611=CARTESIAN_POINT('',(-0.00976524449258701,0.01,-0.042));
#3612=CARTESIAN_POINT('',(-0.00976524449258701,0.01,-0.042));
#3613=CARTESIAN_POINT('',(0.,0.01,-0.042));
#3614=CARTESIAN_POINT('',(-0.0699329140487981,0.01,-0.042));
#3615=CARTESIAN_POINT('',(-0.0699329140487981,0.008,-0.042));
#3616=CARTESIAN_POINT('',(0.0699329140487981,-0.0159999999999998,-0.042));
#3617=CARTESIAN_POINT('',(0.0699329140487981,-0.0139999999999998,-0.042));
#3618=CARTESIAN_POINT('',(0.,-0.0139999999999998,-0.042));
#3619=CARTESIAN_POINT('',(-0.0699329140487981,-0.0139999999999998,-0.042));
#3620=CARTESIAN_POINT('',(-0.0699329140487981,-0.0159999999999998,-0.042));
#3621=CARTESIAN_POINT('',(-0.0720034664096183,-0.0312034230365865,-0.042));
#3622=CARTESIAN_POINT('',(-0.0720034664096183,-0.0320948171983022,-0.042));
#3623=CARTESIAN_POINT('',(-0.0711278999662899,-0.0338195992312038,-0.042));
#3624=CARTESIAN_POINT('',(-0.0692572946781125,-0.0342735717788164,-0.042));
#3625=CARTESIAN_POINT('',(-0.0683801002679186,-0.0341199414183338,-0.042));
#3626=CARTESIAN_POINT('',(-0.0683801002679186,-0.0341199414183338,-0.042));
#3627=CARTESIAN_POINT('',(-0.067,-0.042,-0.042));
#3628=CARTESIAN_POINT('',(-0.0591199414183338,-0.0433801002679186,-0.042));
#3629=CARTESIAN_POINT('',(-0.0591199414183338,-0.0433801002679186,-0.042));
#3630=CARTESIAN_POINT('',(-0.0592737932249341,-0.0442585590850696,-0.042));
#3631=CARTESIAN_POINT('',(-0.0588203959171605,-0.0461252345152386,-0.042));
#3632=CARTESIAN_POINT('',(-0.0570962073763344,-0.0470034664096183,-0.042));
#3633=CARTESIAN_POINT('',(-0.0562034230365865,-0.0470034664096183,-0.042));
#3634=CARTESIAN_POINT('',(0.0562034230365864,-0.0470034664096183,-0.042));
#3635=CARTESIAN_POINT('',(0.0570948171983022,-0.0470034664096183,-0.042));
#3636=CARTESIAN_POINT('',(0.0588195992312038,-0.0461278999662899,-0.042));
#3637=CARTESIAN_POINT('',(0.0592735717788164,-0.0442572946781125,-0.042));
#3638=CARTESIAN_POINT('',(0.0591199414183338,-0.0433801002679186,-0.042));
#3639=CARTESIAN_POINT('',(0.0591199414183338,-0.0433801002679186,-0.042));
#3640=CARTESIAN_POINT('',(0.067,-0.042,-0.042));
#3641=CARTESIAN_POINT('',(0.0683801002679186,-0.0341199414183338,-0.042));
#3642=CARTESIAN_POINT('',(0.0683801002679186,-0.0341199414183338,-0.042));
#3643=CARTESIAN_POINT('',(0.0692585590850696,-0.0342737932249341,-0.042));
#3644=CARTESIAN_POINT('',(0.0711252345152386,-0.0338203959171606,-0.042));
#3645=CARTESIAN_POINT('',(0.0720034664096183,-0.0320962073763344,-0.042));
#3646=CARTESIAN_POINT('',(0.0720034664096183,-0.0312034230365865,-0.042));
#3647=CARTESIAN_POINT('',(-0.0743237076682124,-1.14605404901054E-17,-0.042));
#3648=CARTESIAN_POINT('',(-0.0743237076682124,-0.0454600043630561,-0.042));
#3649=CARTESIAN_POINT('',(-0.0743237076682124,0.0454600043630561,-0.042));
#3650=CARTESIAN_POINT('',(-0.0701826029465721,0.0451826029465721,-0.042));
#3651=CARTESIAN_POINT('',(-0.0704600043630561,0.0493237076682124,-0.042));
#3652=CARTESIAN_POINT('',(2.77555756156289E-17,0.0493237076682124,-0.042));
#3653=CARTESIAN_POINT('',(0.0704600043630561,0.0493237076682124,-0.042));
#3654=CARTESIAN_POINT('',(0.070182602946572,0.045182602946572,-0.042));
#3655=CARTESIAN_POINT('',(0.0743237076682124,0.0454600043630561,-0.042));
#3656=CARTESIAN_POINT('',(0.0743237076682124,-0.0457973039096082,-0.042));
#3657=CARTESIAN_POINT('',(0.0743237076682124,-0.0454600043630561,-0.042));
#3658=CARTESIAN_POINT('',(0.0701826029465721,-0.0451826029465721,-0.042));
#3659=CARTESIAN_POINT('',(0.0704600043630561,-0.0493237076682124,-0.042));
#3660=CARTESIAN_POINT('',(-0.0707973039096082,-0.0493237076682124,-0.042));
#3661=CARTESIAN_POINT('',(-0.0704600043630561,-0.0493237076682124,-0.042));
#3662=CARTESIAN_POINT('',(-0.070182602946572,-0.0451826029465721,-0.042));
#3663=CARTESIAN_POINT('',(0.067,-0.042,-0.042));
#3664=CARTESIAN_POINT('',(0.0615,-0.042,-0.042));
#3665=CARTESIAN_POINT('',(-0.067,0.042,-0.042));
#3666=CARTESIAN_POINT('',(-0.0725,0.042,-0.042));
#3667=CARTESIAN_POINT('',(0.067,0.042,-0.042));
#3668=CARTESIAN_POINT('',(0.0615,0.042,-0.042));
#3669=CARTESIAN_POINT('',(-0.067,-0.042,-0.042));
#3670=CARTESIAN_POINT('',(-0.0725,-0.042,-0.042));
#3671=CARTESIAN_POINT('',(0.,-0.00999999999999977,-0.042));
#3672=CARTESIAN_POINT('',(0.0699329140487981,-0.00999999999999977,-0.042));
#3673=CARTESIAN_POINT('',(0.00976524449258714,-0.00999999999999977,-0.042));
#3674=CARTESIAN_POINT('',(0.0699329140487981,-0.00799999999999977,-0.042));
#3675=CARTESIAN_POINT('',(0.0699329140487981,0.008,-0.042));
#3676=CARTESIAN_POINT('',(0.0699329140487981,0.01,-0.042));
#3677=CARTESIAN_POINT('',(0.,0.01,-0.042));
#3678=CARTESIAN_POINT('',(0.00976524449258701,0.01,-0.042));
#3679=CARTESIAN_POINT('',(0.00976524449258701,0.01,-0.042));
#3680=CARTESIAN_POINT('',(0.00813120953254495,0.01,-0.042));
#3681=CARTESIAN_POINT('',(0.00649900106417921,0.00992743802794883,-0.042));
#3682=CARTESIAN_POINT('',(0.00486653010647453,0.00986493206883741,-0.042));
#3683=CARTESIAN_POINT('',(0.0048665301064749,-0.00986493206883724,-0.042));
#3684=CARTESIAN_POINT('',(0.00649892720900708,-0.00992743520009537,-0.042));
#3685=CARTESIAN_POINT('',(0.00813143920048372,-0.00999999999999976,-0.042));
#3686=CARTESIAN_POINT('',(0.00976524449258714,-0.00999999999999977,-0.042));
#3687=CARTESIAN_POINT('',(0.,0.,-0.042));
#3688=CARTESIAN_POINT('',(0.00672,0.,-0.042));
#3689=CARTESIAN_POINT('',(2.77555756156289E-17,0.,-0.021));
#3690=CARTESIAN_POINT('',(0.0661633650601052,1.02022348995012E-17,-0.021));
#3691=CARTESIAN_POINT('',(0.0661633650601052,-0.0411633650601052,-0.021));
#3692=CARTESIAN_POINT('',(0.0661633650601052,0.0411633650601052,-0.021));
#3693=CARTESIAN_POINT('',(-0.07,0.0411633650601052,-0.021));
#3694=CARTESIAN_POINT('',(-0.0661633650601052,0.0411633650601052,-0.021));
#3695=CARTESIAN_POINT('',(-0.0661633650601052,-0.045,-0.021));
#3696=CARTESIAN_POINT('',(-0.0661633650601052,-0.0411633650601052,-0.021));
#3697=CARTESIAN_POINT('',(2.77555756156289E-17,-0.0411633650601052,-0.021));
#3698=CARTESIAN_POINT('',(-0.0626484058805514,-0.0376484058805514,-0.0128819937553747));
#3699=CARTESIAN_POINT('',(-0.070182602946572,-0.0451826029465721,-0.041));
#3700=CARTESIAN_POINT('',(-0.0661633650601052,-0.0411633650601052,-0.026));
#3701=CARTESIAN_POINT('',(0.0610788628731844,-0.0360788628731844,-0.00702437950721651));
#3702=CARTESIAN_POINT('',(0.0701826029465721,-0.0451826029465721,-0.041));
#3703=CARTESIAN_POINT('',(0.0661633650601052,-0.0411633650601052,-0.026));
#3704=CARTESIAN_POINT('',(2.77555756156289E-17,-0.0411633650601052,-0.026));
#3705=CARTESIAN_POINT('',(-0.0661633650601052,-0.0411633650601052,-0.026));
#3706=CARTESIAN_POINT('',(0.0661633650601052,-0.0411633650601052,-0.026));
#3707=CARTESIAN_POINT('',(-0.0661633650601052,-0.0411633650601052,-0.026));
#3708=CARTESIAN_POINT('',(-0.0661633650601052,-0.0411633650601052,-0.026));
#3709=CARTESIAN_POINT('',(0.0661633650601052,-0.0411633650601052,-0.026));
#3710=CARTESIAN_POINT('',(0.0661633650601052,-0.0411633650601052,-0.026));
#3711=CARTESIAN_POINT('',(-0.0661633650601052,-1.02022348995012E-17,-0.026));
#3712=CARTESIAN_POINT('',(-0.0661633650601052,0.0411633650601052,-0.026));
#3713=CARTESIAN_POINT('',(-0.0610788628731844,0.0360788628731844,-0.0070243795072165));
#3714=CARTESIAN_POINT('',(-0.0701826029465721,0.0451826029465721,-0.041));
#3715=CARTESIAN_POINT('',(-0.0661633650601052,0.0411633650601052,-0.026));
#3716=CARTESIAN_POINT('',(0.0626484058805514,0.0376484058805514,-0.0128819937553747));
#3717=CARTESIAN_POINT('',(0.070182602946572,0.045182602946572,-0.041));
#3718=CARTESIAN_POINT('',(0.0661633650601052,0.0411633650601052,-0.026));
#3719=CARTESIAN_POINT('',(0.0661633650601052,1.02022348995012E-17,-0.026));
#3720=CARTESIAN_POINT('',(0.0661633650601052,0.0411633650601052,-0.026));
#3721=CARTESIAN_POINT('',(-0.0661633650601052,0.0411633650601052,-0.026));
#3722=CARTESIAN_POINT('',(-0.0661633650601052,0.0411633650601052,-0.026));
#3723=CARTESIAN_POINT('',(0.0661633650601052,0.0411633650601052,-0.026));
#3724=CARTESIAN_POINT('',(0.0661633650601052,0.0411633650601052,-0.026));
#3725=CARTESIAN_POINT('',(2.77555756156289E-17,0.0411633650601052,-0.026));
#3726=CARTESIAN_POINT('',(0.,0.,0.007));
#3727=CARTESIAN_POINT('',(0.,0.0153675889328063,0.007));
#3728=CARTESIAN_POINT('',(0.0335718886733868,0.0153675889328063,-0.0246026185828645));
#3729=CARTESIAN_POINT('',(-0.0335718886733868,0.0153675889328063,-0.0246026185828645));
#3730=CARTESIAN_POINT('',(-0.0335718886733868,0.0153675889328063,-0.0246026185828645));
#3731=CARTESIAN_POINT('',(-0.0335410854155921,0.0155815069208411,-0.0245313181569812));
#3732=CARTESIAN_POINT('',(-0.0334704786779168,0.0157952092913178,-0.0245));
#3733=CARTESIAN_POINT('',(-0.033372293897783,0.016,-0.0245));
#3734=CARTESIAN_POINT('',(0.0333722938977829,0.016,-0.0245));
#3735=CARTESIAN_POINT('',(0.0334703496204095,0.0157954784753842,-0.0245));
#3736=CARTESIAN_POINT('',(0.033541123494008,0.0155812424793925,-0.0245314062972449));
#3737=CARTESIAN_POINT('',(0.0335718886733869,0.0153675889328063,-0.0246026185828645));
#3738=CARTESIAN_POINT('',(2.77555756156289E-17,-0.0411633650601052,-0.026));
#3739=CARTESIAN_POINT('',(0.0560318624198387,-0.0411633650601052,-0.026));
#3740=CARTESIAN_POINT('',(-0.0560318624198387,-0.0411633650601052,-0.026));
#3741=CARTESIAN_POINT('',(-0.0661633650601052,-1.02022348995012E-17,-0.026));
#3742=CARTESIAN_POINT('',(-0.0661633650601052,0.016,-0.026));
#3743=CARTESIAN_POINT('',(-0.0661633650601052,0.0310318624198387,-0.026));
#3744=CARTESIAN_POINT('',(0.0661633650601052,1.02022348995012E-17,-0.026));
#3745=CARTESIAN_POINT('',(0.0661633650601052,0.016,-0.026));
#3746=CARTESIAN_POINT('',(0.0661633650601052,0.0310318624198387,-0.026));
#3747=CARTESIAN_POINT('',(2.77555756156289E-17,0.0411633650601052,-0.026));
#3748=CARTESIAN_POINT('',(0.0560318624198387,0.0411633650601052,-0.026));
#3749=CARTESIAN_POINT('',(-0.0560318624198387,0.0411633650601052,-0.026));
#3750=CARTESIAN_POINT('',(0.,0.,-0.042));
#3751=CARTESIAN_POINT('',(0.,0.,-0.0387335533905933));
#3752=CARTESIAN_POINT('',(0.00345355339059328,0.,-0.0387335533905933));
#3753=CARTESIAN_POINT('',(-0.067,0.042,-0.020998));
#3754=CARTESIAN_POINT('',(-0.067,0.042,-0.0275));
#3755=CARTESIAN_POINT('',(-0.0591316839506901,0.0405544542386449,-0.0275));
#3756=CARTESIAN_POINT('',(-0.0655544542386449,0.0341316839506901,-0.0275));
#3757=CARTESIAN_POINT('',(-0.067,0.042,-0.0349179190608091));
#3758=CARTESIAN_POINT('',(-0.067,0.042,-0.0349179190608092));
#3759=CARTESIAN_POINT('',(0.067,0.042,-0.020998));
#3760=CARTESIAN_POINT('',(0.067,0.042,-0.0349179190608092));
#3761=CARTESIAN_POINT('',(0.0655544542386449,0.0341316839506901,-0.0275));
#3762=CARTESIAN_POINT('',(0.067,0.042,-0.0275));
#3763=CARTESIAN_POINT('',(0.0591316839506901,0.0405544542386449,-0.0275));
#3764=CARTESIAN_POINT('',(0.067,0.042,-0.0349179190608091));
#3765=CARTESIAN_POINT('',(0.067,-0.042,-0.020998));
#3766=CARTESIAN_POINT('',(0.067,-0.042,-0.0349179190608091));
#3767=CARTESIAN_POINT('',(0.0591316839506901,-0.0405544542386449,-0.0275));
#3768=CARTESIAN_POINT('',(0.067,-0.042,-0.0275));
#3769=CARTESIAN_POINT('',(0.0655544542386449,-0.0341316839506901,-0.0275));
#3770=CARTESIAN_POINT('',(0.067,-0.042,-0.0349179190608091));
#3771=CARTESIAN_POINT('',(-0.067,-0.042,-0.020998));
#3772=CARTESIAN_POINT('',(-0.067,-0.042,-0.0275));
#3773=CARTESIAN_POINT('',(-0.0655544542386449,-0.0341316839506901,-0.0275));
#3774=CARTESIAN_POINT('',(-0.0591316839506901,-0.0405544542386449,-0.0275));
#3775=CARTESIAN_POINT('',(-0.067,-0.042,-0.0349179190608091));
#3776=CARTESIAN_POINT('',(-0.067,-0.042,-0.0349179190608092));
#3777=CARTESIAN_POINT('',(0.0720341925230426,-0.0312094610533569,-0.0421146714164183));
#3778=CARTESIAN_POINT('',(0.0719861486909003,-0.0348319134654226,-0.041935369393873));
#3779=CARTESIAN_POINT('',(0.0685537563957639,-0.0341523353115323,-0.0428911285517259));
#3780=CARTESIAN_POINT('',(0.0705798952396547,-0.0309215252411746,-0.0366871600655054));
#3781=CARTESIAN_POINT('',(0.0706751484449184,-0.0341266445902959,-0.0370426498667322));
#3782=CARTESIAN_POINT('',(0.0674960856442145,-0.0339429274481654,-0.037463617200811));
#3783=CARTESIAN_POINT('',(0.069037548456361,-0.0309342517562344,-0.030931043507363));
#3784=CARTESIAN_POINT('',(0.0691340284589839,-0.033702438901683,-0.0312911117787079));
#3785=CARTESIAN_POINT('',(0.0663743788927481,-0.0339521830954973,-0.0317075006426626));
#3786=CARTESIAN_POINT('',(0.067590351161608,-0.0312447322771388,-0.0255300296747683));
#3787=CARTESIAN_POINT('',(0.0676254038247417,-0.0336837892325074,-0.0256608479945241));
#3788=CARTESIAN_POINT('',(0.065321871769266,-0.0341779871106464,-0.0263064868100759));
#3789=CARTESIAN_POINT('',(0.0676161016655523,-0.0312392400136917,-0.0256261318638094));
#3790=CARTESIAN_POINT('',(0.0676348397610267,-0.031967083561905,-0.0256960633881569));
#3791=CARTESIAN_POINT('',(0.0671927201240555,-0.0333583179255652,-0.0261806022450673));
#3792=CARTESIAN_POINT('',(0.0661219295492573,-0.0340274289201615,-0.0270650967452941));
#3793=CARTESIAN_POINT('',(0.0655544542386449,-0.0341316839506901,-0.0275));
#3794=CARTESIAN_POINT('',(0.0661831899824162,-0.0314456856628824,-0.0245287208629264));
#3795=CARTESIAN_POINT('',(0.0673237197257373,-0.0314022281848515,-0.0245349476092043));
#3796=CARTESIAN_POINT('',(0.0676161016655523,-0.0312392400136917,-0.0256261318638095));
#3797=CARTESIAN_POINT('',(0.0662064379635454,-0.0318484588654532,-0.0245849405620738));
#3798=CARTESIAN_POINT('',(0.0673305534009872,-0.0319171241715723,-0.0246128314394702));
#3799=CARTESIAN_POINT('',(0.0676265126411535,-0.0316436331968523,-0.0256649861537093));
#3800=CARTESIAN_POINT('',(0.0661891483730002,-0.0326114777423682,-0.0248611866577593));
#3801=CARTESIAN_POINT('',(0.0671480252957354,-0.0328101632020336,-0.0250062607482586));
#3802=CARTESIAN_POINT('',(0.0675015968847036,-0.0324182034467606,-0.0258452553561638));
#3803=CARTESIAN_POINT('',(0.0660420948098438,-0.0334632485811988,-0.0256116784432002));
#3804=CARTESIAN_POINT('',(0.0666293494188353,-0.0335810807854662,-0.0258618981535203));
#3805=CARTESIAN_POINT('',(0.0670016790032313,-0.0333116185419954,-0.0263208051436303));
#3806=CARTESIAN_POINT('',(0.0658288058748437,-0.0339776944275598,-0.0265227343121591));
#3807=CARTESIAN_POINT('',(0.0660958311807615,-0.0339753381797082,-0.026695180752347));
#3808=CARTESIAN_POINT('',(0.0663309519162263,-0.0338904426835869,-0.0268913072271643));
#3809=CARTESIAN_POINT('',(0.0656517443124771,-0.0341138100812409,-0.027175221197856));
#3810=CARTESIAN_POINT('',(0.0657350344841963,-0.0340984343269101,-0.027236487992554));
#3811=CARTESIAN_POINT('',(0.0658183509459806,-0.034083201560769,-0.0272977547537284));
#3812=CARTESIAN_POINT('',(0.065554454238645,-0.0341316839506901,-0.0275));
#3813=CARTESIAN_POINT('',(0.065554454238645,-0.0341316839506901,-0.0274999999999999));
#3814=CARTESIAN_POINT('',(0.065554454238645,-0.0341316839506901,-0.0274999999999999));
#3815=CARTESIAN_POINT('',(0.0661672129261187,-0.0312392400136917,-0.0260143604314632));
#3816=CARTESIAN_POINT('',(0.0661831899824162,-0.0314456856628824,-0.0245287208629264));
#3817=CARTESIAN_POINT('',(0.0661831899824162,-0.0314456856628824,-0.0245287208629264));
#3818=CARTESIAN_POINT('',(0.0662253832585011,-0.0321766867229824,-0.0246307551086271));
#3819=CARTESIAN_POINT('',(0.0661051253363925,-0.0335300295876994,-0.0253857507963514));
#3820=CARTESIAN_POINT('',(0.0657637441537487,-0.0340932337730693,-0.0268013386796078));
#3821=CARTESIAN_POINT('',(0.0655544542386449,-0.0341316839506901,-0.0275));
#3822=CARTESIAN_POINT('',(0.0661633650601052,-0.0310318624198387,-0.0245));
#3823=CARTESIAN_POINT('',(0.0673143555420736,-0.0310318624198387,-0.0245));
#3824=CARTESIAN_POINT('',(0.0676122537995388,-0.0310318624198387,-0.0256117714323462));
#3825=CARTESIAN_POINT('',(0.0661686713049586,-0.031171394991152,-0.0245));
#3826=CARTESIAN_POINT('',(0.0673154450536139,-0.031156922596239,-0.0245040661123983));
#3827=CARTESIAN_POINT('',(0.067612253800823,-0.0311018310820871,-0.0256117714371387));
#3828=CARTESIAN_POINT('',(0.0661753186401172,-0.0313093142040314,-0.0245096859261681));
#3829=CARTESIAN_POINT('',(0.0673185941090367,-0.0312803312189543,-0.0245158185472676));
#3830=CARTESIAN_POINT('',(0.0676135514674581,-0.0311709470610237,-0.025616614394952));
#3831=CARTESIAN_POINT('',(0.0661831899824163,-0.0314456856628824,-0.0245287208629264));
#3832=CARTESIAN_POINT('',(0.0673237197257374,-0.0314022281848515,-0.0245349476092043));
#3833=CARTESIAN_POINT('',(0.0676161016655524,-0.0312392400136917,-0.0256261318638094));
#3834=CARTESIAN_POINT('',(0.0661633650601052,-0.0310318624198387,-0.0245));
#3835=CARTESIAN_POINT('',(0.0661686384801255,-0.0311705318956453,-0.0245));
#3836=CARTESIAN_POINT('',(0.0661752700425015,-0.0313084722248467,-0.02450956840144));
#3837=CARTESIAN_POINT('',(0.0661831899824162,-0.0314456856628824,-0.0245287208629263));
#3838=CARTESIAN_POINT('',(0.067,-0.042,-0.0275));
#3839=CARTESIAN_POINT('',(0.0560318624198387,-0.0411633650601052,-0.0245));
#3840=CARTESIAN_POINT('',(0.0561705318956453,-0.0411686384801255,-0.0245));
#3841=CARTESIAN_POINT('',(0.0563084722248467,-0.0411752700425015,-0.02450956840144));
#3842=CARTESIAN_POINT('',(0.0564456856628824,-0.0411831899824162,-0.0245287208629263));
#3843=CARTESIAN_POINT('',(0.0564456856628824,-0.0411831899824162,-0.0245287208629264));
#3844=CARTESIAN_POINT('',(0.0564456856628824,-0.0411831899824162,-0.0245287208629264));
#3845=CARTESIAN_POINT('',(0.0571766867229824,-0.0412253832585012,-0.0246307551086271));
#3846=CARTESIAN_POINT('',(0.0585300295877031,-0.0411051253363721,-0.0253857507963451));
#3847=CARTESIAN_POINT('',(0.0590932337730618,-0.0407637441537893,-0.0268013386796204));
#3848=CARTESIAN_POINT('',(0.0591316839506901,-0.0405544542386449,-0.0275));
#3849=CARTESIAN_POINT('',(0.0560318624198387,-0.0426122537995388,-0.0256117714323462));
#3850=CARTESIAN_POINT('',(0.0560318624198387,-0.0423143555420736,-0.0245));
#3851=CARTESIAN_POINT('',(0.0560318624198387,-0.0411633650601052,-0.0245));
#3852=CARTESIAN_POINT('',(0.0561018310820866,-0.0426122538008228,-0.0256117714371382));
#3853=CARTESIAN_POINT('',(0.0561569225962376,-0.0423154450536119,-0.0245040661123987));
#3854=CARTESIAN_POINT('',(0.0561713949911512,-0.0411686713049564,-0.0245));
#3855=CARTESIAN_POINT('',(0.056170947061028,-0.0426135514674582,-0.0256166143949528));
#3856=CARTESIAN_POINT('',(0.0562803312189618,-0.0423185941090399,-0.0245158185472687));
#3857=CARTESIAN_POINT('',(0.0563093142040409,-0.0411753186401181,-0.0245096859261694));
#3858=CARTESIAN_POINT('',(0.0562392400136917,-0.0426161016655524,-0.0256261318638094));
#3859=CARTESIAN_POINT('',(0.0564022281848515,-0.0423237197257374,-0.0245349476092043));
#3860=CARTESIAN_POINT('',(0.0564456856628824,-0.0411831899824162,-0.0245287208629263));
#3861=CARTESIAN_POINT('',(0.0562392400136917,-0.0411672129261188,-0.0260143604314632));
#3862=CARTESIAN_POINT('',(0.0562392400136917,-0.0426161016655524,-0.0256261318638095));
#3863=CARTESIAN_POINT('',(0.0564022281848515,-0.0423237197257374,-0.0245349476092043));
#3864=CARTESIAN_POINT('',(0.0564456856628824,-0.0411831899824162,-0.0245287208629264));
#3865=CARTESIAN_POINT('',(0.0566436331968428,-0.0426265126411504,-0.0256649861536979));
#3866=CARTESIAN_POINT('',(0.0569171241715575,-0.0423305534009519,-0.0246128314394644));
#3867=CARTESIAN_POINT('',(0.0568484588654425,-0.0412064379635186,-0.024584940562072));
#3868=CARTESIAN_POINT('',(0.057418203446765,-0.0425015968847052,-0.0258452553561712));
#3869=CARTESIAN_POINT('',(0.057810163202263,-0.0421480252957805,-0.0250062607482539));
#3870=CARTESIAN_POINT('',(0.0576114777423732,-0.0411891483730124,-0.0248611866577598));
#3871=CARTESIAN_POINT('',(0.0583116185419944,-0.04200167900323,-0.0263208051436219));
#3872=CARTESIAN_POINT('',(0.0585810807847564,-0.0416293494187376,-0.0258618981535429));
#3873=CARTESIAN_POINT('',(0.0584632485811974,-0.0410420948098413,-0.0256116784432012));
#3874=CARTESIAN_POINT('',(0.0588904426835867,-0.0413309519162296,-0.0268913072271908));
#3875=CARTESIAN_POINT('',(0.0589753381821726,-0.0410958311810894,-0.0266951807522661));
#3876=CARTESIAN_POINT('',(0.0589776944275608,-0.0408288058748414,-0.0265227343121545));
#3877=CARTESIAN_POINT('',(0.0590832015607704,-0.0408183509459734,-0.0272977547536723));
#3878=CARTESIAN_POINT('',(0.0590984343216824,-0.0407350344835024,-0.0272364879927262));
#3879=CARTESIAN_POINT('',(0.0591138100812397,-0.0406517443124838,-0.0271752211978661));
#3880=CARTESIAN_POINT('',(0.0591316839506901,-0.040554454238645,-0.0275000000000001));
#3881=CARTESIAN_POINT('',(0.0591316839506901,-0.0405544542386449,-0.0275000000000001));
#3882=CARTESIAN_POINT('',(0.0591316839506901,-0.0405544542386449,-0.0275));
#3883=CARTESIAN_POINT('',(0.0562392400136917,-0.0426161016655523,-0.0256261318638094));
#3884=CARTESIAN_POINT('',(0.056967083561905,-0.0426348397610267,-0.0256960633881569));
#3885=CARTESIAN_POINT('',(0.0583583179255685,-0.0421927201240377,-0.0261806022450433));
#3886=CARTESIAN_POINT('',(0.059027428920155,-0.0411219295492929,-0.0270650967453421));
#3887=CARTESIAN_POINT('',(0.0591316839506901,-0.0405544542386449,-0.0275));
#3888=CARTESIAN_POINT('',(0.0562447322131883,-0.0425903514596909,-0.0255300307872289));
#3889=CARTESIAN_POINT('',(0.0586837892361458,-0.0426254041190593,-0.0256608490929323));
#3890=CARTESIAN_POINT('',(0.059177987064137,-0.0403218719860536,-0.0263064879225365));
#3891=CARTESIAN_POINT('',(0.0559342553269025,-0.044037532008445,-0.0309309821229046));
#3892=CARTESIAN_POINT('',(0.0587024387269521,-0.0441340103236845,-0.0312910440970594));
#3893=CARTESIAN_POINT('',(0.0589521856923643,-0.0413743669305769,-0.0317074392582147));
#3894=CARTESIAN_POINT('',(0.0559215252693179,-0.0455798598531455,-0.0366870280012554));
#3895=CARTESIAN_POINT('',(0.0591266338031356,-0.0456751110881042,-0.0370425104497085));
#3896=CARTESIAN_POINT('',(0.0589429274686101,-0.0424960599084611,-0.037463485136622));
#3897=CARTESIAN_POINT('',(0.0562094511096866,-0.0470341422992474,-0.0421144839786632));
#3898=CARTESIAN_POINT('',(0.0598318871949788,-0.0469860998573464,-0.0419351871445688));
#3899=CARTESIAN_POINT('',(0.0591523280797721,-0.0435537198693675,-0.0428909411139707));
#3900=CARTESIAN_POINT('',(-0.0685537198693674,-0.0341523280797721,-0.0428909411139706));
#3901=CARTESIAN_POINT('',(-0.0719860998573464,-0.0348318871949788,-0.0419351871445687));
#3902=CARTESIAN_POINT('',(-0.0720341422992474,-0.0312094511096867,-0.042114483978663));
#3903=CARTESIAN_POINT('',(-0.0674960599085348,-0.0339429274686247,-0.0374634851366341));
#3904=CARTESIAN_POINT('',(-0.0706751110880628,-0.0341266338031883,-0.0370425104495631));
#3905=CARTESIAN_POINT('',(-0.0705798598531627,-0.0309215252692862,-0.0366870280013196));
#3906=CARTESIAN_POINT('',(-0.0663743669306455,-0.0339521856923496,-0.0317074392581828));
#3907=CARTESIAN_POINT('',(-0.0691340103237462,-0.0337024387268765,-0.0312910440969767));
#3908=CARTESIAN_POINT('',(-0.0690375320084378,-0.030934255326929,-0.0309309821228779));
#3909=CARTESIAN_POINT('',(-0.0653218719860536,-0.034177987064137,-0.0263064879225365));
#3910=CARTESIAN_POINT('',(-0.0676254041190593,-0.0336837892361458,-0.0256608490929323));
#3911=CARTESIAN_POINT('',(-0.0675903514596908,-0.0312447322131883,-0.0255300307872289));
#3912=CARTESIAN_POINT('',(-0.0676161016655523,-0.0312392400136916,-0.0256261318638094));
#3913=CARTESIAN_POINT('',(-0.0676348397610267,-0.031967083561905,-0.0256960633881569));
#3914=CARTESIAN_POINT('',(-0.0671927201240238,-0.033358317925571,-0.0261806022450244));
#3915=CARTESIAN_POINT('',(-0.0661219295493208,-0.0340274289201498,-0.0270650967453798));
#3916=CARTESIAN_POINT('',(-0.0655544542386449,-0.0341316839506901,-0.0275));
#3917=CARTESIAN_POINT('',(-0.0676122537995388,-0.0310318624198387,-0.0256117714323462));
#3918=CARTESIAN_POINT('',(-0.0673143555420736,-0.0310318624198386,-0.0245));
#3919=CARTESIAN_POINT('',(-0.0661633650601052,-0.0310318624198386,-0.0245));
#3920=CARTESIAN_POINT('',(-0.0676122538008229,-0.0311018310820871,-0.0256117714371384));
#3921=CARTESIAN_POINT('',(-0.0673154450536133,-0.0311569225962385,-0.0245040661123983));
#3922=CARTESIAN_POINT('',(-0.0661686713049571,-0.0311713949911521,-0.0245));
#3923=CARTESIAN_POINT('',(-0.0676135514674583,-0.0311709470610256,-0.0256166143949529));
#3924=CARTESIAN_POINT('',(-0.0673185941090371,-0.0312803312189588,-0.0245158185472683));
#3925=CARTESIAN_POINT('',(-0.0661753186401177,-0.0313093142040362,-0.0245096859261688));
#3926=CARTESIAN_POINT('',(-0.0676161016655524,-0.0312392400136916,-0.0256261318638094));
#3927=CARTESIAN_POINT('',(-0.0673237197257374,-0.0314022281848514,-0.0245349476092043));
#3928=CARTESIAN_POINT('',(-0.0661831899824163,-0.0314456856628823,-0.0245287208629263));
#3929=CARTESIAN_POINT('',(-0.0661672129261187,-0.0312392400136916,-0.0260143604314632));
#3930=CARTESIAN_POINT('',(-0.0661831899824162,-0.0314456856628824,-0.0245287208629264));
#3931=CARTESIAN_POINT('',(-0.0661831899824162,-0.0314456856628824,-0.0245287208629264));
#3932=CARTESIAN_POINT('',(-0.0661752700425015,-0.0313084722248466,-0.0245095684014401));
#3933=CARTESIAN_POINT('',(-0.0661686384801255,-0.0311705318956453,-0.0245));
#3934=CARTESIAN_POINT('',(-0.0661633650601052,-0.0310318624198387,-0.0245));
#3935=CARTESIAN_POINT('',(-0.0676161016655523,-0.0312392400136917,-0.0256261318638094));
#3936=CARTESIAN_POINT('',(-0.0673237197257373,-0.0314022281848515,-0.0245349476092043));
#3937=CARTESIAN_POINT('',(-0.0661831899824162,-0.0314456856628824,-0.0245287208629264));
#3938=CARTESIAN_POINT('',(-0.0676265126411569,-0.0316436331968145,-0.025664986153722));
#3939=CARTESIAN_POINT('',(-0.0673305534009878,-0.0319171241715332,-0.0246128314394611));
#3940=CARTESIAN_POINT('',(-0.0662064379635312,-0.0318484588654172,-0.0245849405620686));
#3941=CARTESIAN_POINT('',(-0.0675015968847022,-0.032418203446778,-0.0258452553561598));
#3942=CARTESIAN_POINT('',(-0.0671480252956823,-0.0328101632018344,-0.0250062607482524));
#3943=CARTESIAN_POINT('',(-0.0661891483730066,-0.0326114777423848,-0.0248611866577611));
#3944=CARTESIAN_POINT('',(-0.0670016790032308,-0.0333116185419908,-0.0263208051436253));
#3945=CARTESIAN_POINT('',(-0.0666293494190047,-0.0335810807861435,-0.0258618981535491));
#3946=CARTESIAN_POINT('',(-0.0660420948098426,-0.0334632485811942,-0.0256116784432012));
#3947=CARTESIAN_POINT('',(-0.0663309519162298,-0.0338904426835876,-0.0268913072271883));
#3948=CARTESIAN_POINT('',(-0.066095831180171,-0.0339753381773415,-0.026695180752246));
#3949=CARTESIAN_POINT('',(-0.0658288058748419,-0.0339776944275615,-0.0265227343121529));
#3950=CARTESIAN_POINT('',(-0.0658183509459729,-0.0340832015607704,-0.0272977547536757));
#3951=CARTESIAN_POINT('',(-0.0657350344854494,-0.0340984343319333,-0.0272364879927679));
#3952=CARTESIAN_POINT('',(-0.065651744312482,-0.03411381008124,-0.0271752211978696));
#3953=CARTESIAN_POINT('',(-0.0655544542386451,-0.0341316839506901,-0.0275000000000001));
#3954=CARTESIAN_POINT('',(-0.065554454238645,-0.0341316839506901,-0.0275));
#3955=CARTESIAN_POINT('',(-0.065554454238645,-0.0341316839506901,-0.0275));
#3956=CARTESIAN_POINT('',(-0.0661831899824162,-0.0314456856628824,-0.0245287208629264));
#3957=CARTESIAN_POINT('',(-0.0662253832585011,-0.0321766867229824,-0.0246307551086271));
#3958=CARTESIAN_POINT('',(-0.0661051253364235,-0.0335300295876937,-0.025385750796361));
#3959=CARTESIAN_POINT('',(-0.0657637441536867,-0.0340932337730806,-0.0268013386795886));
#3960=CARTESIAN_POINT('',(-0.0655544542386449,-0.0341316839506901,-0.0275));
#3961=CARTESIAN_POINT('',(-0.0560318624198387,-0.0411633650601052,-0.0245));
#3962=CARTESIAN_POINT('',(-0.0560318624198387,-0.0423143555420736,-0.0245));
#3963=CARTESIAN_POINT('',(-0.0560318624198387,-0.0426122537995388,-0.0256117714323462));
#3964=CARTESIAN_POINT('',(-0.0561713949911512,-0.0411686713049564,-0.0245));
#3965=CARTESIAN_POINT('',(-0.0561569225962376,-0.0423154450536119,-0.0245040661123981));
#3966=CARTESIAN_POINT('',(-0.0561018310820865,-0.0426122538008228,-0.0256117714371382));
#3967=CARTESIAN_POINT('',(-0.0563093142040392,-0.0411753186401181,-0.0245096859261692));
#3968=CARTESIAN_POINT('',(-0.0562803312189606,-0.0423185941090399,-0.0245158185472687));
#3969=CARTESIAN_POINT('',(-0.0561709470610273,-0.0426135514674582,-0.0256166143949528));
#3970=CARTESIAN_POINT('',(-0.0564456856628824,-0.0411831899824162,-0.0245287208629263));
#3971=CARTESIAN_POINT('',(-0.0564022281848515,-0.0423237197257374,-0.0245349476092043));
#3972=CARTESIAN_POINT('',(-0.0562392400136917,-0.0426161016655524,-0.0256261318638094));
#3973=CARTESIAN_POINT('',(-0.0560318624198387,-0.0411633650601052,-0.0245));
#3974=CARTESIAN_POINT('',(-0.0561705318956453,-0.0411686384801255,-0.0245));
#3975=CARTESIAN_POINT('',(-0.0563084722248467,-0.0411752700425015,-0.02450956840144));
#3976=CARTESIAN_POINT('',(-0.0564456856628824,-0.0411831899824162,-0.0245287208629263));
#3977=CARTESIAN_POINT('',(-0.0564456856628824,-0.0411831899824162,-0.0245287208629264));
#3978=CARTESIAN_POINT('',(-0.0562392400136917,-0.0411672129261188,-0.0260143604314632));
#3979=CARTESIAN_POINT('',(-0.067,-0.042,-0.0275));
#3980=CARTESIAN_POINT('',(-0.0564456856628824,-0.0411831899824162,-0.0245287208629264));
#3981=CARTESIAN_POINT('',(-0.0571766867229824,-0.0412253832585012,-0.0246307551086271));
#3982=CARTESIAN_POINT('',(-0.0585300295876932,-0.0411051253364258,-0.0253857507963618));
#3983=CARTESIAN_POINT('',(-0.0590932337730816,-0.0407637441536819,-0.0268013386795871));
#3984=CARTESIAN_POINT('',(-0.0591316839506901,-0.0405544542386449,-0.0275));
#3985=CARTESIAN_POINT('',(-0.0564456856628825,-0.0411831899824163,-0.0245287208629264));
#3986=CARTESIAN_POINT('',(-0.0564022281848515,-0.0423237197257375,-0.0245349476092043));
#3987=CARTESIAN_POINT('',(-0.0562392400136917,-0.0426161016655524,-0.0256261318638095));
#3988=CARTESIAN_POINT('',(-0.0568484588654425,-0.0412064379635278,-0.0245849405620721));
#3989=CARTESIAN_POINT('',(-0.0569171241715586,-0.0423305534009578,-0.0246128314394651));
#3990=CARTESIAN_POINT('',(-0.0566436331968449,-0.0426265126411493,-0.0256649861536937));
#3991=CARTESIAN_POINT('',(-0.0576114777423731,-0.0411891483730084,-0.02486118665776));
#3992=CARTESIAN_POINT('',(-0.0578101632025468,-0.0421480252958336,-0.0250062607482552));
#3993=CARTESIAN_POINT('',(-0.057418203446764,-0.0425015968847059,-0.0258452553561713));
#3994=CARTESIAN_POINT('',(-0.0584632485811976,-0.0410420948098415,-0.0256116784432002));
#3995=CARTESIAN_POINT('',(-0.0585810807838544,-0.0416293494185609,-0.0258618981535386));
#3996=CARTESIAN_POINT('',(-0.0583116185419948,-0.0420016790032294,-0.0263208051436276));
#3997=CARTESIAN_POINT('',(-0.0589776944275601,-0.0408288058748445,-0.0265227343121586));
#3998=CARTESIAN_POINT('',(-0.0589753381853106,-0.0410958311817066,-0.0266951807522806));
#3999=CARTESIAN_POINT('',(-0.0588904426835863,-0.0413309519162315,-0.0268913072271679));
#4000=CARTESIAN_POINT('',(-0.0591138100812411,-0.0406517443124765,-0.0271752211978574));
#4001=CARTESIAN_POINT('',(-0.0590984343150244,-0.0407350344821924,-0.0272364879926955));
#4002=CARTESIAN_POINT('',(-0.0590832015607711,-0.0408183509459695,-0.0272977547537218));
#4003=CARTESIAN_POINT('',(-0.0591316839506901,-0.0405544542386449,-0.0275));
#4004=CARTESIAN_POINT('',(-0.0591316839506901,-0.0405544542386449,-0.0275));
#4005=CARTESIAN_POINT('',(-0.0591316839506901,-0.0405544542386449,-0.0274999999999999));
#4006=CARTESIAN_POINT('',(-0.0562392400136917,-0.0426161016655523,-0.0256261318638094));
#4007=CARTESIAN_POINT('',(-0.056967083561905,-0.0426348397610267,-0.0256960633881569));
#4008=CARTESIAN_POINT('',(-0.0583583179255664,-0.0421927201240487,-0.0261806022450582));
#4009=CARTESIAN_POINT('',(-0.0590274289201591,-0.0411219295492707,-0.0270650967453122));
#4010=CARTESIAN_POINT('',(-0.0591316839506901,-0.0405544542386449,-0.0275));
#4011=CARTESIAN_POINT('',(-0.0562094610533569,-0.0470341925230425,-0.0421146714164183));
#4012=CARTESIAN_POINT('',(-0.0598319134654226,-0.0469861486909003,-0.041935369393873));
#4013=CARTESIAN_POINT('',(-0.0591523353115323,-0.0435537563957639,-0.0428911285517258));
#4014=CARTESIAN_POINT('',(-0.0559215252411063,-0.0455798952396571,-0.0366871600655147));
#4015=CARTESIAN_POINT('',(-0.0591266445903507,-0.0456751484447949,-0.0370426498665971));
#4016=CARTESIAN_POINT('',(-0.0589429274481728,-0.042496085644252,-0.037463617200869));
#4017=CARTESIAN_POINT('',(-0.0559342517562344,-0.0440375484563425,-0.030931043507294));
#4018=CARTESIAN_POINT('',(-0.0587024389017229,-0.0441340284587674,-0.0312911117786554));
#4019=CARTESIAN_POINT('',(-0.0589521830955005,-0.0413743788927336,-0.0317075006426729));
#4020=CARTESIAN_POINT('',(-0.0562447322771388,-0.042590351161608,-0.0255300296747684));
#4021=CARTESIAN_POINT('',(-0.0586837892325074,-0.0426254038247418,-0.0256608479945242));
#4022=CARTESIAN_POINT('',(-0.0591779871106464,-0.040321871769266,-0.026306486810076));
#4023=CARTESIAN_POINT('',(0.0591779871106464,0.040321871769266,-0.026306486810076));
#4024=CARTESIAN_POINT('',(0.0586837892325074,0.0426254038247417,-0.0256608479945242));
#4025=CARTESIAN_POINT('',(0.0562447322771388,0.0425903511616079,-0.0255300296747684));
#4026=CARTESIAN_POINT('',(0.0589521830954988,0.0413743788927413,-0.0317075006426914));
#4027=CARTESIAN_POINT('',(0.0587024389016443,0.0441340284589073,-0.0312911117787868));
#4028=CARTESIAN_POINT('',(0.0559342517561762,0.0440375484563644,-0.0309310435073759));
#4029=CARTESIAN_POINT('',(0.0589429274481631,0.0424960856442032,-0.0374636172007919));
#4030=CARTESIAN_POINT('',(0.0591266445904797,0.0456751484447579,-0.0370426498666425));
#4031=CARTESIAN_POINT('',(0.0559215252411648,0.0455798952396534,-0.036687160065501));
#4032=CARTESIAN_POINT('',(0.0591523353115323,0.0435537563957638,-0.0428911285517258));
#4033=CARTESIAN_POINT('',(0.0598319134654226,0.0469861486909003,-0.041935369393873));
#4034=CARTESIAN_POINT('',(0.0562094610533568,0.0470341925230425,-0.0421146714164183));
#4035=CARTESIAN_POINT('',(0.0562392400136917,0.0426161016655523,-0.0256261318638094));
#4036=CARTESIAN_POINT('',(0.0569667804393813,0.0426348319572359,-0.0256960342640131));
#4037=CARTESIAN_POINT('',(0.058358500057085,0.042192324606529,-0.0261809178747587));
#4038=CARTESIAN_POINT('',(0.059027268768352,0.0411228012788748,-0.0270644286667935));
#4039=CARTESIAN_POINT('',(0.0591316839506901,0.0405544542386449,-0.0275));
#4040=CARTESIAN_POINT('',(0.0564456856628824,0.0411831899824162,-0.0245287208629264));
#4041=CARTESIAN_POINT('',(0.0564022281848515,0.0423237197257373,-0.0245349476092043));
#4042=CARTESIAN_POINT('',(0.0562392400136917,0.0426161016655523,-0.0256261318638095));
#4043=CARTESIAN_POINT('',(0.0568480617521387,0.0412064150435192,-0.0245848851324041));
#4044=CARTESIAN_POINT('',(0.0569166198522119,0.0423305467118259,-0.0246127551500031));
#4045=CARTESIAN_POINT('',(0.0566432344866224,0.042626502376141,-0.0256649478441614));
#4046=CARTESIAN_POINT('',(0.0576124365022914,0.04118909986961,-0.0248616357760293));
#4047=CARTESIAN_POINT('',(0.0578111985519398,0.0421477198157366,-0.0250068546997971));
#4048=CARTESIAN_POINT('',(0.0574191823407648,0.0425013580009036,-0.0258455448543731));
#4049=CARTESIAN_POINT('',(0.0584627195271395,0.0410421049696865,-0.0256114930023665));
#4050=CARTESIAN_POINT('',(0.0585806270134162,0.0416294581606911,-0.0258616775620897));
#4051=CARTESIAN_POINT('',(0.0583110872187358,0.042001761057932,-0.0263206839725586));
#4052=CARTESIAN_POINT('',(0.058977004659083,0.0408293016095141,-0.026520776652099));
#4053=CARTESIAN_POINT('',(0.0589748166742611,0.0410969231302379,-0.0266935153492808));
#4054=CARTESIAN_POINT('',(0.0588895982127673,0.0413324482444725,-0.0268900857809138));
#4055=CARTESIAN_POINT('',(0.0591137805755551,0.0406519049162212,-0.0271746850621182));
#4056=CARTESIAN_POINT('',(0.0590983794273858,0.0407353325793789,-0.027236052994705));
#4057=CARTESIAN_POINT('',(0.0590831215273957,0.0408187865792849,-0.0272974208928901));
#4058=CARTESIAN_POINT('',(0.0591316839506901,0.0405544542386449,-0.0275));
#4059=CARTESIAN_POINT('',(0.0591316839506901,0.0405544542386449,-0.0275));
#4060=CARTESIAN_POINT('',(0.0591316839506901,0.040554454238645,-0.0275000000000001));
#4061=CARTESIAN_POINT('',(0.0562392400136917,0.0411672129261187,-0.0260143604314632));
#4062=CARTESIAN_POINT('',(0.0564456856628824,0.0411831899824162,-0.0245287208629264));
#4063=CARTESIAN_POINT('',(0.0564456856628824,0.0411831899824162,-0.0245287208629264));
#4064=CARTESIAN_POINT('',(0.0571763320638438,0.0412253627876266,-0.0246307056047622));
#4065=CARTESIAN_POINT('',(0.0585299879635757,0.041105043010353,-0.025386003192528));
#4066=CARTESIAN_POINT('',(0.0590931779480294,0.0407640480175692,-0.0268003243070979));
#4067=CARTESIAN_POINT('',(0.0591316839506901,0.0405544542386449,-0.0275));
#4068=CARTESIAN_POINT('',(0.0560318624198387,0.0411633650601052,-0.0245));
#4069=CARTESIAN_POINT('',(0.0560318624198387,0.0423143555420736,-0.0245));
#4070=CARTESIAN_POINT('',(0.0560318624198387,0.0426122537995388,-0.0256117714323462));
#4071=CARTESIAN_POINT('',(0.0561713949911505,0.0411686713049513,-0.0245));
#4072=CARTESIAN_POINT('',(0.0561569225962367,0.0423154450536061,-0.0245040661123981));
#4073=CARTESIAN_POINT('',(0.0561018310820865,0.0426122538008225,-0.0256117714371369));
#4074=CARTESIAN_POINT('',(0.0563093142040324,0.0411753186401174,-0.0245096859261682));
#4075=CARTESIAN_POINT('',(0.0562803312189556,0.0423185941090401,-0.0245158185472673));
#4076=CARTESIAN_POINT('',(0.0561709470610237,0.0426135514674581,-0.0256166143949524));
#4077=CARTESIAN_POINT('',(0.0564456856628824,0.0411831899824162,-0.0245287208629263));
#4078=CARTESIAN_POINT('',(0.0564022281848515,0.0423237197257373,-0.0245349476092043));
#4079=CARTESIAN_POINT('',(0.0562392400136917,0.0426161016655523,-0.0256261318638094));
#4080=CARTESIAN_POINT('',(0.0560318624198387,0.0411633650601052,-0.0245));
#4081=CARTESIAN_POINT('',(0.0561705318956453,0.0411686384801255,-0.0245));
#4082=CARTESIAN_POINT('',(0.0563084722248467,0.0411752700425015,-0.02450956840144));
#4083=CARTESIAN_POINT('',(0.0564456856628824,0.0411831899824162,-0.0245287208629263));
#4084=CARTESIAN_POINT('',(0.067,0.042,-0.0275));
#4085=CARTESIAN_POINT('',(0.0661633650601052,0.0310318624198387,-0.0245));
#4086=CARTESIAN_POINT('',(0.0661686384801255,0.0311705318956453,-0.0245));
#4087=CARTESIAN_POINT('',(0.0661752700425015,0.0313084722248466,-0.02450956840144));
#4088=CARTESIAN_POINT('',(0.0661831899824162,0.0314456856628824,-0.0245287208629263));
#4089=CARTESIAN_POINT('',(0.0661831899824162,0.0314456856628824,-0.0245287208629264));
#4090=CARTESIAN_POINT('',(0.0661831899824162,0.0314456856628824,-0.0245287208629264));
#4091=CARTESIAN_POINT('',(0.0662253832585011,0.0321766867229824,-0.0246307551086271));
#4092=CARTESIAN_POINT('',(0.0661051253364235,0.0335300295876937,-0.025385750796361));
#4093=CARTESIAN_POINT('',(0.0657637441536867,0.0340932337730806,-0.0268013386795886));
#4094=CARTESIAN_POINT('',(0.0655544542386449,0.0341316839506901,-0.0275));
#4095=CARTESIAN_POINT('',(0.0676122537995388,0.0310318624198387,-0.0256117714323462));
#4096=CARTESIAN_POINT('',(0.0673143555420736,0.0310318624198386,-0.0245));
#4097=CARTESIAN_POINT('',(0.0661633650601052,0.0310318624198386,-0.0245));
#4098=CARTESIAN_POINT('',(0.0676122538008229,0.0311018310820871,-0.0256117714371384));
#4099=CARTESIAN_POINT('',(0.0673154450536133,0.0311569225962385,-0.0245040661123983));
#4100=CARTESIAN_POINT('',(0.0661686713049571,0.0311713949911521,-0.0245));
#4101=CARTESIAN_POINT('',(0.0676135514674582,0.0311709470610241,-0.0256166143949526));
#4102=CARTESIAN_POINT('',(0.0673185941090371,0.0312803312189561,-0.0245158185472675));
#4103=CARTESIAN_POINT('',(0.0661753186401177,0.0313093142040333,-0.0245096859261684));
#4104=CARTESIAN_POINT('',(0.0676161016655524,0.0312392400136917,-0.0256261318638094));
#4105=CARTESIAN_POINT('',(0.0673237197257374,0.0314022281848514,-0.0245349476092043));
#4106=CARTESIAN_POINT('',(0.0661831899824163,0.0314456856628824,-0.0245287208629263));
#4107=CARTESIAN_POINT('',(0.0661672129261187,0.0312392400136916,-0.0260143604314632));
#4108=CARTESIAN_POINT('',(0.0676161016655523,0.0312392400136917,-0.0256261318638094));
#4109=CARTESIAN_POINT('',(0.0673237197257373,0.0314022281848515,-0.0245349476092043));
#4110=CARTESIAN_POINT('',(0.0661831899824162,0.0314456856628824,-0.0245287208629264));
#4111=CARTESIAN_POINT('',(0.0676265126411569,0.0316436331968145,-0.025664986153722));
#4112=CARTESIAN_POINT('',(0.0673305534009878,0.0319171241715332,-0.0246128314394611));
#4113=CARTESIAN_POINT('',(0.0662064379635312,0.0318484588654172,-0.0245849405620686));
#4114=CARTESIAN_POINT('',(0.0675015968847022,0.032418203446778,-0.0258452553561598));
#4115=CARTESIAN_POINT('',(0.0671480252956823,0.0328101632018344,-0.0250062607482524));
#4116=CARTESIAN_POINT('',(0.0661891483730066,0.0326114777423848,-0.0248611866577611));
#4117=CARTESIAN_POINT('',(0.0670016790032308,0.0333116185419908,-0.0263208051436253));
#4118=CARTESIAN_POINT('',(0.0666293494190047,0.0335810807861435,-0.0258618981535491));
#4119=CARTESIAN_POINT('',(0.0660420948098426,0.0334632485811942,-0.0256116784432012));
#4120=CARTESIAN_POINT('',(0.0663309519162298,0.0338904426835876,-0.0268913072271883));
#4121=CARTESIAN_POINT('',(0.066095831180171,0.0339753381773415,-0.026695180752246));
#4122=CARTESIAN_POINT('',(0.0658288058748419,0.0339776944275615,-0.0265227343121529));
#4123=CARTESIAN_POINT('',(0.0658183509459729,0.0340832015607704,-0.0272977547536757));
#4124=CARTESIAN_POINT('',(0.0657350344854494,0.0340984343319333,-0.0272364879927679));
#4125=CARTESIAN_POINT('',(0.065651744312482,0.03411381008124,-0.0271752211978696));
#4126=CARTESIAN_POINT('',(0.0655544542386451,0.0341316839506901,-0.0275000000000001));
#4127=CARTESIAN_POINT('',(0.065554454238645,0.0341316839506901,-0.0275));
#4128=CARTESIAN_POINT('',(0.065554454238645,0.0341316839506901,-0.0275));
#4129=CARTESIAN_POINT('',(0.0676161016655523,0.0312392400136916,-0.0256261318638094));
#4130=CARTESIAN_POINT('',(0.0676348397610267,0.031967083561905,-0.0256960633881569));
#4131=CARTESIAN_POINT('',(0.0671927201240237,0.033358317925571,-0.0261806022450244));
#4132=CARTESIAN_POINT('',(0.0661219295493208,0.0340274289201498,-0.0270650967453798));
#4133=CARTESIAN_POINT('',(0.0655544542386449,0.0341316839506901,-0.0275));
#4134=CARTESIAN_POINT('',(0.0675903514596908,0.0312447322131883,-0.0255300307872289));
#4135=CARTESIAN_POINT('',(0.0676254041190593,0.0336837892361458,-0.0256608490929322));
#4136=CARTESIAN_POINT('',(0.0653218719860536,0.034177987064137,-0.0263064879225364));
#4137=CARTESIAN_POINT('',(0.0690375320084892,0.0309342553268928,-0.0309309821230697));
#4138=CARTESIAN_POINT('',(0.0691340103239195,0.0337024387267412,-0.0312910440972439));
#4139=CARTESIAN_POINT('',(0.06637436693076,0.033952185692325,-0.0317074392583215));
#4140=CARTESIAN_POINT('',(0.0705798598531403,0.0309215252692886,-0.0366870280012358));
#4141=CARTESIAN_POINT('',(0.0706751110879257,0.034126633803051,-0.0370425104496275));
#4142=CARTESIAN_POINT('',(0.0674960599085174,0.0339429274686213,-0.0374634851365438));
#4143=CARTESIAN_POINT('',(0.0720341422992474,0.0312094511096867,-0.0421144839786631));
#4144=CARTESIAN_POINT('',(0.0719860998573464,0.0348318871949788,-0.0419351871445687));
#4145=CARTESIAN_POINT('',(0.0685537198693674,0.0341523280797721,-0.0428909411139707));
#4146=CARTESIAN_POINT('',(-0.0591523280797721,0.0435537198693674,-0.0428909411139706));
#4147=CARTESIAN_POINT('',(-0.0598318871949788,0.0469860998573464,-0.0419351871445687));
#4148=CARTESIAN_POINT('',(-0.0562094511096866,0.0470341422992473,-0.042114483978663));
#4149=CARTESIAN_POINT('',(-0.0589429274686493,0.0424960599086586,-0.0374634851368098));
#4150=CARTESIAN_POINT('',(-0.0591266338031308,0.0456751110881407,-0.0370425104495893));
#4151=CARTESIAN_POINT('',(-0.0559215252693154,0.0455798598532105,-0.0366870280014982));
#4152=CARTESIAN_POINT('',(-0.0589521856923615,0.0413743669305898,-0.0317074392581342));
#4153=CARTESIAN_POINT('',(-0.058702438726885,0.0441340103237258,-0.0312910440969639));
#4154=CARTESIAN_POINT('',(-0.0559342553268999,0.0440375320084294,-0.0309309821228466));
#4155=CARTESIAN_POINT('',(-0.059177987064137,0.0403218719860535,-0.0263064879225365));
#4156=CARTESIAN_POINT('',(-0.0586837892361458,0.0426254041190593,-0.0256608490929323));
#4157=CARTESIAN_POINT('',(-0.0562447322131883,0.0425903514596908,-0.0255300307872289));
#4158=CARTESIAN_POINT('',(-0.0562392400136917,0.0426161016655523,-0.0256261318638094));
#4159=CARTESIAN_POINT('',(-0.056967083561905,0.0426348397610267,-0.0256960633881569));
#4160=CARTESIAN_POINT('',(-0.0583583179255674,0.0421927201240436,-0.0261806022450513));
#4161=CARTESIAN_POINT('',(-0.0590274289201572,0.0411219295492809,-0.027065096745326));
#4162=CARTESIAN_POINT('',(-0.0591316839506901,0.0405544542386449,-0.0275));
#4163=CARTESIAN_POINT('',(-0.0560318624198387,0.0426122537995388,-0.0256117714323462));
#4164=CARTESIAN_POINT('',(-0.0560318624198387,0.0423143555420736,-0.0245));
#4165=CARTESIAN_POINT('',(-0.0560318624198387,0.0411633650601052,-0.0245));
#4166=CARTESIAN_POINT('',(-0.0561018310820865,0.0426122538008225,-0.0256117714371369));
#4167=CARTESIAN_POINT('',(-0.0561569225962367,0.0423154450536061,-0.0245040661123987));
#4168=CARTESIAN_POINT('',(-0.0561713949911505,0.0411686713049513,-0.0245));
#4169=CARTESIAN_POINT('',(-0.0561709470610244,0.0426135514674581,-0.0256166143949524));
#4170=CARTESIAN_POINT('',(-0.0562803312189565,0.0423185941090399,-0.0245158185472674));
#4171=CARTESIAN_POINT('',(-0.0563093142040338,0.0411753186401174,-0.0245096859261684));
#4172=CARTESIAN_POINT('',(-0.0562392400136917,0.0426161016655523,-0.0256261318638094));
#4173=CARTESIAN_POINT('',(-0.0564022281848515,0.0423237197257373,-0.0245349476092043));
#4174=CARTESIAN_POINT('',(-0.0564456856628824,0.0411831899824162,-0.0245287208629263));
#4175=CARTESIAN_POINT('',(-0.0562392400136917,0.0411672129261188,-0.0260143604314632));
#4176=CARTESIAN_POINT('',(-0.0564456856628824,0.0411831899824162,-0.0245287208629264));
#4177=CARTESIAN_POINT('',(-0.0564456856628824,0.0411831899824162,-0.0245287208629264));
#4178=CARTESIAN_POINT('',(-0.0563084722248467,0.0411752700425015,-0.0245095684014401));
#4179=CARTESIAN_POINT('',(-0.0561705318956453,0.0411686384801255,-0.0245));
#4180=CARTESIAN_POINT('',(-0.0560318624198387,0.0411633650601052,-0.0245));
#4181=CARTESIAN_POINT('',(-0.0562392400136917,0.0426161016655523,-0.0256261318638094));
#4182=CARTESIAN_POINT('',(-0.0564022281848515,0.0423237197257373,-0.0245349476092043));
#4183=CARTESIAN_POINT('',(-0.0564456856628824,0.0411831899824162,-0.0245287208629264));
#4184=CARTESIAN_POINT('',(-0.0566436331968484,0.042626512641154,-0.0256649861537113));
#4185=CARTESIAN_POINT('',(-0.0569171241715682,0.0423305534009707,-0.0246128314394656));
#4186=CARTESIAN_POINT('',(-0.0568484588654503,0.0412064379635348,-0.0245849405620733));
#4187=CARTESIAN_POINT('',(-0.0574182034467624,0.0425015968847034,-0.0258452553561649));
#4188=CARTESIAN_POINT('',(-0.0578101632018209,0.0421480252956832,-0.0250062607482469));
#4189=CARTESIAN_POINT('',(-0.0576114777423695,0.0411891483730048,-0.024861186657759));
#4190=CARTESIAN_POINT('',(-0.058311618541995,0.042001679003231,-0.0263208051436238));
#4191=CARTESIAN_POINT('',(-0.0585810807861457,0.0416293494190229,-0.0258618981535627));
#4192=CARTESIAN_POINT('',(-0.0584632485811983,0.0410420948098433,-0.0256116784432021));
#4193=CARTESIAN_POINT('',(-0.0588904426835869,0.0413309519162277,-0.0268913072271893));
#4194=CARTESIAN_POINT('',(-0.0589753381773438,0.0410958311801025,-0.0266951807521985));
#4195=CARTESIAN_POINT('',(-0.0589776944275606,0.0408288058748408,-0.0265227343121519));
#4196=CARTESIAN_POINT('',(-0.0590832015607696,0.0408183509459774,-0.0272977547536743));
#4197=CARTESIAN_POINT('',(-0.0590984343319269,0.0407350344855954,-0.0272364879928691));
#4198=CARTESIAN_POINT('',(-0.0591138100812396,0.040651744312484,-0.0271752211978717));
#4199=CARTESIAN_POINT('',(-0.05913168395069,0.040554454238645,-0.0275000000000001));
#4200=CARTESIAN_POINT('',(-0.05913168395069,0.040554454238645,-0.0275));
#4201=CARTESIAN_POINT('',(-0.05913168395069,0.0405544542386449,-0.0275));
#4202=CARTESIAN_POINT('',(-0.0564456856628824,0.0411831899824162,-0.0245287208629264));
#4203=CARTESIAN_POINT('',(-0.0571766867229824,0.0412253832585011,-0.0246307551086271));
#4204=CARTESIAN_POINT('',(-0.0585300295877006,0.0411051253363857,-0.0253857507963493));
#4205=CARTESIAN_POINT('',(-0.0590932337730668,0.0407637441537623,-0.026801338679612));
#4206=CARTESIAN_POINT('',(-0.0591316839506901,0.0405544542386449,-0.0275));
#4207=CARTESIAN_POINT('',(-0.0661633650601052,0.0310318624198386,-0.0245));
#4208=CARTESIAN_POINT('',(-0.0673143555420736,0.0310318624198386,-0.0245));
#4209=CARTESIAN_POINT('',(-0.0676122537995388,0.0310318624198387,-0.0256117714323462));
#4210=CARTESIAN_POINT('',(-0.0661686713049586,0.0311713949911521,-0.0245));
#4211=CARTESIAN_POINT('',(-0.0673154450536139,0.0311569225962385,-0.0245040661123983));
#4212=CARTESIAN_POINT('',(-0.067612253800823,0.0311018310820871,-0.0256117714371387));
#4213=CARTESIAN_POINT('',(-0.0661753186401172,0.031309314204039,-0.0245096859261692));
#4214=CARTESIAN_POINT('',(-0.0673185941090365,0.0312803312189612,-0.0245158185472681));
#4215=CARTESIAN_POINT('',(-0.0676135514674582,0.0311709470610275,-0.0256166143949527));
#4216=CARTESIAN_POINT('',(-0.0661831899824163,0.0314456856628824,-0.0245287208629263));
#4217=CARTESIAN_POINT('',(-0.0673237197257374,0.0314022281848514,-0.0245349476092043));
#4218=CARTESIAN_POINT('',(-0.0676161016655524,0.0312392400136917,-0.0256261318638094));
#4219=CARTESIAN_POINT('',(-0.0661633650601052,0.0310318624198387,-0.0245));
#4220=CARTESIAN_POINT('',(-0.0661686384801255,0.0311705318956453,-0.0245));
#4221=CARTESIAN_POINT('',(-0.0661752700425015,0.0313084722248467,-0.02450956840144));
#4222=CARTESIAN_POINT('',(-0.0661831899824162,0.0314456856628824,-0.0245287208629263));
#4223=CARTESIAN_POINT('',(-0.0661831899824162,0.0314456856628824,-0.0245287208629264));
#4224=CARTESIAN_POINT('',(-0.0661672129261187,0.0312392400136917,-0.0260143604314632));
#4225=CARTESIAN_POINT('',(-0.067,0.042,-0.0275));
#4226=CARTESIAN_POINT('',(-0.0661831899824162,0.0314456856628824,-0.0245287208629264));
#4227=CARTESIAN_POINT('',(-0.0662253832585011,0.0321766867229824,-0.0246307551086271));
#4228=CARTESIAN_POINT('',(-0.06610512533638,0.0335300295877017,-0.0253857507963476));
#4229=CARTESIAN_POINT('',(-0.0657637441537737,0.0340932337730647,-0.0268013386796156));
#4230=CARTESIAN_POINT('',(-0.0655544542386449,0.0341316839506901,-0.0275));
#4231=CARTESIAN_POINT('',(-0.0661831899824162,0.0314456856628824,-0.0245287208629264));
#4232=CARTESIAN_POINT('',(-0.0673237197257372,0.0314022281848515,-0.0245349476092043));
#4233=CARTESIAN_POINT('',(-0.0676161016655523,0.0312392400136917,-0.0256261318638093));
#4234=CARTESIAN_POINT('',(-0.0662064379635496,0.0318484588654525,-0.0245849405620738));
#4235=CARTESIAN_POINT('',(-0.0673305534010334,0.0319171241715801,-0.0246128314394717));
#4236=CARTESIAN_POINT('',(-0.0676265126411684,0.0316436331968484,-0.0256649861537652));
#4237=CARTESIAN_POINT('',(-0.0661891483729982,0.0326114777423685,-0.0248611866577589));
#4238=CARTESIAN_POINT('',(-0.0671480252957933,0.0328101632025318,-0.0250062607482434));
#4239=CARTESIAN_POINT('',(-0.0675015968846967,0.0324182034467624,-0.0258452553561383));
#4240=CARTESIAN_POINT('',(-0.0660420948098445,0.0334632485811987,-0.0256116784432017));
#4241=CARTESIAN_POINT('',(-0.0666293494185936,0.0335810807838563,-0.0258618981535606));
#4242=CARTESIAN_POINT('',(-0.0670016790032328,0.033311618541995,-0.026320805143636));
#4243=CARTESIAN_POINT('',(-0.0658288058748429,0.03397769442756,-0.0265227343121533));
#4244=CARTESIAN_POINT('',(-0.0660958311816153,0.0339753381853207,-0.026695180752213));
#4245=CARTESIAN_POINT('',(-0.0663309519162271,0.0338904426835868,-0.0268913072271671));
#4246=CARTESIAN_POINT('',(-0.0656517443124784,0.0341138100812407,-0.0271752211978685));
#4247=CARTESIAN_POINT('',(-0.0657350344823828,0.0340984343149995,-0.0272364879928363));
#4248=CARTESIAN_POINT('',(-0.0658183509459776,0.0340832015607696,-0.027297754753718));
#4249=CARTESIAN_POINT('',(-0.065554454238645,0.0341316839506901,-0.0275));
#4250=CARTESIAN_POINT('',(-0.065554454238645,0.0341316839506901,-0.0275));
#4251=CARTESIAN_POINT('',(-0.065554454238645,0.0341316839506901,-0.0274999999999999));
#4252=CARTESIAN_POINT('',(-0.0676161016655523,0.0312392400136917,-0.0256261318638094));
#4253=CARTESIAN_POINT('',(-0.0676348397610267,0.031967083561905,-0.0256960633881569));
#4254=CARTESIAN_POINT('',(-0.0671927201240469,0.0333583179255668,-0.0261806022450556));
#4255=CARTESIAN_POINT('',(-0.0661219295492744,0.0340274289201583,-0.0270650967453172));
#4256=CARTESIAN_POINT('',(-0.0655544542386449,0.0341316839506901,-0.0275));
#4257=CARTESIAN_POINT('',(-0.065321871769266,0.0341779871106464,-0.026306486810076));
#4258=CARTESIAN_POINT('',(-0.0676254038247417,0.0336837892325074,-0.0256608479945241));
#4259=CARTESIAN_POINT('',(-0.067590351161608,0.0312447322771388,-0.0255300296747684));
#4260=CARTESIAN_POINT('',(-0.0663743788927108,0.0339521830955053,-0.0317075006426817));
#4261=CARTESIAN_POINT('',(-0.06913402845886,0.0337024389017125,-0.0312911117787604));
#4262=CARTESIAN_POINT('',(-0.069037548456368,0.0309342517562053,-0.0309310435073892));
#4263=CARTESIAN_POINT('',(-0.0674960856442109,0.0339429274481646,-0.0374636172007529));
#4264=CARTESIAN_POINT('',(-0.0706751484446935,0.0341266445902568,-0.0370426498665542));
#4265=CARTESIAN_POINT('',(-0.0705798952396255,0.0309215252411356,-0.0366871600653966));
#4266=CARTESIAN_POINT('',(-0.0685537563957639,0.0341523353115323,-0.0428911285517259));
#4267=CARTESIAN_POINT('',(-0.0719861486909003,0.0348319134654226,-0.0419353693938731));
#4268=CARTESIAN_POINT('',(-0.0720341925230426,0.0312094610533569,-0.0421146714164183));
#4269=CARTESIAN_POINT('',(-0.067,-0.042,-0.041));
#4270=CARTESIAN_POINT('',(-0.067,-0.042,-0.041));
#4271=CARTESIAN_POINT('',(-0.0725,-0.042,-0.041));
#4272=CARTESIAN_POINT('',(0.,0.,-0.041));
#4273=CARTESIAN_POINT('',(-0.067,-0.042,-0.041));
#4274=CARTESIAN_POINT('',(-0.06975,-0.042,-0.041));
#4275=CARTESIAN_POINT('',(0.067,0.042,-0.041));
#4276=CARTESIAN_POINT('',(0.067,0.042,-0.041));
#4277=CARTESIAN_POINT('',(0.0615,0.042,-0.041));
#4278=CARTESIAN_POINT('',(0.,0.,-0.041));
#4279=CARTESIAN_POINT('',(0.067,0.042,-0.041));
#4280=CARTESIAN_POINT('',(0.06425,0.042,-0.041));
#4281=CARTESIAN_POINT('',(-0.067,0.042,-0.041));
#4282=CARTESIAN_POINT('',(-0.067,0.042,-0.041));
#4283=CARTESIAN_POINT('',(-0.0725,0.042,-0.041));
#4284=CARTESIAN_POINT('',(0.,0.,-0.041));
#4285=CARTESIAN_POINT('',(-0.067,0.042,-0.041));
#4286=CARTESIAN_POINT('',(-0.06975,0.042,-0.041));
#4287=CARTESIAN_POINT('',(0.067,-0.042,-0.041));
#4288=CARTESIAN_POINT('',(0.067,-0.042,-0.041));
#4289=CARTESIAN_POINT('',(0.0615,-0.042,-0.041));
#4290=CARTESIAN_POINT('',(0.,0.,-0.041));
#4291=CARTESIAN_POINT('',(0.067,-0.042,-0.041));
#4292=CARTESIAN_POINT('',(0.06425,-0.042,-0.041));
#4293=CARTESIAN_POINT('',(0.0704600043630561,-0.0493237076682124,-0.042));
#4294=CARTESIAN_POINT('',(0.0704600043630561,-0.0506269330410536,-0.042));
#4295=CARTESIAN_POINT('',(0.0704600043630561,-0.0502896334945015,-0.0407411809548975));
#4296=CARTESIAN_POINT('',(0.0709777739876458,-0.0493237076682124,-0.042));
#4297=CARTESIAN_POINT('',(0.0711556866019738,-0.050670181142973,-0.0419999999999888));
#4298=CARTESIAN_POINT('',(0.0710990897768541,-0.0502815068775646,-0.0407108520075955));
#4299=CARTESIAN_POINT('',(0.0719998877097858,-0.0491263088926662,-0.042));
#4300=CARTESIAN_POINT('',(0.0725599225968507,-0.0504717809134818,-0.0420000000000055));
#4301=CARTESIAN_POINT('',(0.0723637876737572,-0.0500218141523565,-0.0406625433873762));
#4302=CARTESIAN_POINT('',(0.0732793899517313,-0.0482793899517304,-0.042));
#4303=CARTESIAN_POINT('',(0.0743413462500716,-0.0493413462500744,-0.0419999999999982));
#4304=CARTESIAN_POINT('',(0.0739563758952359,-0.0489563758952356,-0.0406372043263017));
#4305=CARTESIAN_POINT('',(0.074126308892666,-0.0469998877097892,-0.042));
#4306=CARTESIAN_POINT('',(0.075471780913482,-0.0475599225968463,-0.0420000000000016));
#4307=CARTESIAN_POINT('',(0.0750218141523562,-0.047363787673758,-0.0406625433873754));
#4308=CARTESIAN_POINT('',(0.0743237076682124,-0.0459777739876386,-0.042));
#4309=CARTESIAN_POINT('',(0.0756701811429754,-0.046155686601975,-0.0419999999999975));
#4310=CARTESIAN_POINT('',(0.0752815068775651,-0.0460990897768523,-0.0407108520075973));
#4311=CARTESIAN_POINT('',(0.0743237076682124,-0.0454600043630561,-0.042));
#4312=CARTESIAN_POINT('',(0.0756269330410536,-0.0454600043630561,-0.042));
#4313=CARTESIAN_POINT('',(0.0752896334945015,-0.0454600043630561,-0.0407411809548975));
#4314=CARTESIAN_POINT('',(0.0743237076682124,-0.0454600043630561,-0.041));
#4315=CARTESIAN_POINT('',(0.0704600043630561,-0.0493237076682124,-0.041));
#4316=CARTESIAN_POINT('',(2.77555756156289E-17,-0.0493237076682124,-0.041));
#4317=CARTESIAN_POINT('',(-0.0704600043630561,-0.0493237076682124,-0.041));
#4318=CARTESIAN_POINT('',(0.0743237076682124,1.14605404901054E-17,-0.041));
#4319=CARTESIAN_POINT('',(0.0743237076682124,0.0454600043630561,-0.041));
#4320=CARTESIAN_POINT('',(-0.0743237076682123,-0.0454600043630561,-0.042));
#4321=CARTESIAN_POINT('',(-0.0756269330410535,-0.0454600043630561,-0.042));
#4322=CARTESIAN_POINT('',(-0.0752896334945014,-0.0454600043630561,-0.0407411809548975));
#4323=CARTESIAN_POINT('',(-0.0743237076682123,-0.0459777739876439,-0.042));
#4324=CARTESIAN_POINT('',(-0.0756701811429873,-0.0461556866019735,-0.0419999999999975));
#4325=CARTESIAN_POINT('',(-0.075281506877565,-0.0460990897768505,-0.0407108520075973));
#4326=CARTESIAN_POINT('',(-0.0741263088926659,-0.0469998877097866,-0.042));
#4327=CARTESIAN_POINT('',(-0.075471780913476,-0.0475599225968472,-0.0420000000000015));
#4328=CARTESIAN_POINT('',(-0.0750218141523561,-0.0473637876737588,-0.0406625433873754));
#4329=CARTESIAN_POINT('',(-0.0732793899517312,-0.048279389951731,-0.042));
#4330=CARTESIAN_POINT('',(-0.0743413462500732,-0.0493413462500736,-0.0419999999999985));
#4331=CARTESIAN_POINT('',(-0.0739563758952358,-0.0489563758952353,-0.0406372043263017));
#4332=CARTESIAN_POINT('',(-0.0719998877097858,-0.049126308892666,-0.042));
#4333=CARTESIAN_POINT('',(-0.0725599225968501,-0.0504717809134838,-0.0420000000000045));
#4334=CARTESIAN_POINT('',(-0.0723637876737571,-0.0500218141523565,-0.0406625433873762));
#4335=CARTESIAN_POINT('',(-0.0709777739876458,-0.0493237076682124,-0.042));
#4336=CARTESIAN_POINT('',(-0.0711556866019737,-0.050670181142969,-0.0419999999999909));
#4337=CARTESIAN_POINT('',(-0.0710990897768541,-0.0502815068775646,-0.0407108520075955));
#4338=CARTESIAN_POINT('',(-0.0704600043630561,-0.0493237076682124,-0.042));
#4339=CARTESIAN_POINT('',(-0.0704600043630561,-0.0506269330410537,-0.042));
#4340=CARTESIAN_POINT('',(-0.0704600043630561,-0.0502896334945015,-0.0407411809548975));
#4341=CARTESIAN_POINT('',(-0.0743237076682124,-0.0454600043630561,-0.041));
#4342=CARTESIAN_POINT('',(0.0743237076682123,0.0454600043630561,-0.042));
#4343=CARTESIAN_POINT('',(0.0756269330410535,0.0454600043630561,-0.042));
#4344=CARTESIAN_POINT('',(0.0752896334945014,0.0454600043630561,-0.0407411809548975));
#4345=CARTESIAN_POINT('',(0.0743237076682123,0.0459777739876439,-0.042));
#4346=CARTESIAN_POINT('',(0.0756701811429874,0.046155686601981,-0.0419999999999975));
#4347=CARTESIAN_POINT('',(0.075281506877565,0.0460990897768505,-0.0407108520075973));
#4348=CARTESIAN_POINT('',(0.0741263088926663,0.0469998877097866,-0.042));
#4349=CARTESIAN_POINT('',(0.0754717809134764,0.0475599225968435,-0.0420000000000013));
#4350=CARTESIAN_POINT('',(0.0750218141523566,0.0473637876737588,-0.0406625433873754));
#4351=CARTESIAN_POINT('',(0.0732793899517294,0.048279389951731,-0.042));
#4352=CARTESIAN_POINT('',(0.0743413462500716,0.0493413462500745,-0.0419999999999993));
#4353=CARTESIAN_POINT('',(0.073956375895234,0.0489563758952353,-0.0406372043263018));
#4354=CARTESIAN_POINT('',(0.0719998877097924,0.0491263088926659,-0.042));
#4355=CARTESIAN_POINT('',(0.0725599225968558,0.0504717809134834,-0.0420000000000016));
#4356=CARTESIAN_POINT('',(0.0723637876737638,0.0500218141523564,-0.0406625433873762));
#4357=CARTESIAN_POINT('',(0.0709777739876314,0.0493237076682123,-0.042));
#4358=CARTESIAN_POINT('',(0.0711556866019616,0.0506701811429689,-0.0419999999999969));
#4359=CARTESIAN_POINT('',(0.0710990897768397,0.0502815068775645,-0.0407108520075955));
#4360=CARTESIAN_POINT('',(0.0704600043630561,0.0493237076682123,-0.042));
#4361=CARTESIAN_POINT('',(0.0704600043630561,0.0506269330410535,-0.042));
#4362=CARTESIAN_POINT('',(0.0704600043630561,0.0502896334945014,-0.0407411809548975));
#4363=CARTESIAN_POINT('',(0.0704600043630561,0.0493237076682124,-0.041));
#4364=CARTESIAN_POINT('',(-0.0743237076682124,-1.14605404901054E-17,-0.041));
#4365=CARTESIAN_POINT('',(-0.0743237076682124,0.0454600043630561,-0.041));
#4366=CARTESIAN_POINT('',(2.77555756156289E-17,0.0493237076682124,-0.041));
#4367=CARTESIAN_POINT('',(-0.0704600043630561,0.0493237076682124,-0.041));
#4368=CARTESIAN_POINT('',(-0.0704600043630561,0.0493237076682124,-0.042));
#4369=CARTESIAN_POINT('',(-0.0704600043630561,0.0506269330410536,-0.042));
#4370=CARTESIAN_POINT('',(-0.0704600043630561,0.0502896334945015,-0.0407411809548975));
#4371=CARTESIAN_POINT('',(-0.0709777739876458,0.0493237076682124,-0.042));
#4372=CARTESIAN_POINT('',(-0.0711556866019738,0.050670181142973,-0.0419999999999888));
#4373=CARTESIAN_POINT('',(-0.0710990897768541,0.0502815068775646,-0.0407108520075955));
#4374=CARTESIAN_POINT('',(-0.0719998877097858,0.0491263088926662,-0.042));
#4375=CARTESIAN_POINT('',(-0.0725599225968507,0.0504717809134818,-0.0420000000000055));
#4376=CARTESIAN_POINT('',(-0.0723637876737572,0.0500218141523565,-0.0406625433873762));
#4377=CARTESIAN_POINT('',(-0.0732793899517313,0.0482793899517304,-0.042));
#4378=CARTESIAN_POINT('',(-0.0743413462500716,0.0493413462500744,-0.0419999999999982));
#4379=CARTESIAN_POINT('',(-0.0739563758952359,0.0489563758952356,-0.0406372043263017));
#4380=CARTESIAN_POINT('',(-0.074126308892666,0.0469998877097892,-0.042));
#4381=CARTESIAN_POINT('',(-0.075471780913482,0.0475599225968463,-0.0420000000000016));
#4382=CARTESIAN_POINT('',(-0.0750218141523562,0.047363787673758,-0.0406625433873754));
#4383=CARTESIAN_POINT('',(-0.0743237076682124,0.0459777739876386,-0.042));
#4384=CARTESIAN_POINT('',(-0.0756701811429754,0.046155686601975,-0.0419999999999975));
#4385=CARTESIAN_POINT('',(-0.0752815068775651,0.0460990897768523,-0.0407108520075973));
#4386=CARTESIAN_POINT('',(-0.0743237076682124,0.0454600043630561,-0.042));
#4387=CARTESIAN_POINT('',(-0.0756269330410536,0.0454600043630561,-0.042));
#4388=CARTESIAN_POINT('',(-0.0752896334945015,0.0454600043630561,-0.0407411809548975));
#4389=CARTESIAN_POINT('',(0.067,-0.042,-0.036));
#4390=CARTESIAN_POINT('',(0.067,-0.042,-0.036));
#4391=CARTESIAN_POINT('',(0.06425,-0.042,-0.036));
#4392=CARTESIAN_POINT('',(0.00137499999999999,0.00137499999999998,-0.036));
#4393=CARTESIAN_POINT('',(-0.067,0.042,-0.036));
#4394=CARTESIAN_POINT('',(-0.067,0.042,-0.036));
#4395=CARTESIAN_POINT('',(-0.06975,0.042,-0.036));
#4396=CARTESIAN_POINT('',(0.00137499999999999,0.00137499999999998,-0.036));
#4397=CARTESIAN_POINT('',(0.067,0.042,-0.036));
#4398=CARTESIAN_POINT('',(0.067,0.042,-0.036));
#4399=CARTESIAN_POINT('',(0.06425,0.042,-0.036));
#4400=CARTESIAN_POINT('',(0.00137499999999999,0.00137499999999998,-0.036));
#4401=CARTESIAN_POINT('',(-0.067,-0.042,-0.036));
#4402=CARTESIAN_POINT('',(-0.067,-0.042,-0.036));
#4403=CARTESIAN_POINT('',(-0.06975,-0.042,-0.036));
#4404=CARTESIAN_POINT('',(0.00137499999999999,0.00137499999999998,-0.036));
#4405=CARTESIAN_POINT('',(0.,-0.00999999999999977,-0.020998));
#4406=CARTESIAN_POINT('',(0.055,-0.00999999999999977,-0.0347411809548975));
#4407=CARTESIAN_POINT('',(0.055,-0.00999999999999977,-0.0397411809548975));
#4408=CARTESIAN_POINT('',(0.04,-0.00999999999999977,-0.0347411809548974));
#4409=CARTESIAN_POINT('',(0.04,-0.00999999999999977,-0.0397411809548974));
#4410=CARTESIAN_POINT('',(0.,-0.00999999999999977,0.007));
#4411=CARTESIAN_POINT('',(0.037068989735357,-0.00999999999999977,-0.0265));
#4412=CARTESIAN_POINT('',(0.0661633650601052,-0.00999999999999977,-0.0265));
#4413=CARTESIAN_POINT('',(0.0657797015661157,-0.00999999999999977,-0.0265));
#4414=CARTESIAN_POINT('',(0.0700716147570402,-0.00999999999999977,-0.0425176380902051));
#4415=CARTESIAN_POINT('',(0.,-0.0139999999999998,-0.020998));
#4416=CARTESIAN_POINT('',(-0.055,-0.0139999999999998,-0.0347411809548974));
#4417=CARTESIAN_POINT('',(-0.055,-0.0139999999999998,-0.0397411809548974));
#4418=CARTESIAN_POINT('',(0.055,-0.0139999999999998,-0.0347411809548975));
#4419=CARTESIAN_POINT('',(0.055,-0.0139999999999998,-0.0397411809548975));
#4420=CARTESIAN_POINT('',(-0.04,-0.0139999999999998,-0.0347411809548974));
#4421=CARTESIAN_POINT('',(-0.04,-0.0139999999999998,-0.0397411809548974));
#4422=CARTESIAN_POINT('',(0.04,-0.0139999999999998,-0.0347411809548974));
#4423=CARTESIAN_POINT('',(0.04,-0.0139999999999998,-0.0397411809548974));
#4424=CARTESIAN_POINT('',(0.,-0.0139999999999998,-0.0265));
#4425=CARTESIAN_POINT('',(-0.0343818265948743,-0.0139999999999998,-0.0265));
#4426=CARTESIAN_POINT('',(-0.0657797015661157,-0.0139999999999998,-0.0265));
#4427=CARTESIAN_POINT('',(-0.0700716147570402,-0.0139999999999998,-0.0425176380902051));
#4428=CARTESIAN_POINT('',(0.0599977970878655,-0.0139999999999998,-0.00492163872266008));
#4429=CARTESIAN_POINT('',(0.0657797015661157,-0.0139999999999998,-0.0265));
#4430=CARTESIAN_POINT('',(0.,-0.0139999999999998,-0.0265));
#4431=CARTESIAN_POINT('',(0.0343818265948743,-0.0139999999999998,-0.0265));
#4432=CARTESIAN_POINT('',(0.,-0.0139999999999998,0.007));
#4433=CARTESIAN_POINT('',(0.,-0.00999999999999977,-0.020998));
#4434=CARTESIAN_POINT('',(-0.055,-0.00999999999999977,-0.0347411809548974));
#4435=CARTESIAN_POINT('',(-0.055,-0.00999999999999977,-0.0397411809548974));
#4436=CARTESIAN_POINT('',(-0.04,-0.00999999999999977,-0.0347411809548974));
#4437=CARTESIAN_POINT('',(-0.04,-0.00999999999999977,-0.0397411809548974));
#4438=CARTESIAN_POINT('',(-0.0356329903319944,-0.00999999999999977,-0.0265));
#4439=CARTESIAN_POINT('',(-0.0657797015661157,-0.00999999999999977,-0.0265));
#4440=CARTESIAN_POINT('',(-0.037068989735357,-0.00999999999999977,-0.0265));
#4441=CARTESIAN_POINT('',(0.,-0.00999999999999977,0.007));
#4442=CARTESIAN_POINT('',(-0.0599977970878655,-0.00999999999999977,-0.00492163872266008));
#4443=CARTESIAN_POINT('',(0.,0.01,-0.020998));
#4444=CARTESIAN_POINT('',(-0.055,0.01,-0.0347411809548974));
#4445=CARTESIAN_POINT('',(-0.055,0.01,-0.0397411809548974));
#4446=CARTESIAN_POINT('',(-0.04,0.01,-0.0347411809548974));
#4447=CARTESIAN_POINT('',(-0.04,0.01,-0.0397411809548974));
#4448=CARTESIAN_POINT('',(0.,0.01,0.007));
#4449=CARTESIAN_POINT('',(-0.037068989735357,0.01,-0.0265));
#4450=CARTESIAN_POINT('',(0.,0.01,-0.0265));
#4451=CARTESIAN_POINT('',(-0.0657797015661157,0.01,-0.0265));
#4452=CARTESIAN_POINT('',(-0.0700716147570402,0.01,-0.0425176380902051));
#4453=CARTESIAN_POINT('',(0.,0.014,-0.020998));
#4454=CARTESIAN_POINT('',(-0.055,0.014,-0.0347411809548974));
#4455=CARTESIAN_POINT('',(-0.055,0.014,-0.0397411809548974));
#4456=CARTESIAN_POINT('',(0.055,0.014,-0.0347411809548975));
#4457=CARTESIAN_POINT('',(0.055,0.014,-0.0397411809548975));
#4458=CARTESIAN_POINT('',(-0.04,0.014,-0.0347411809548974));
#4459=CARTESIAN_POINT('',(-0.04,0.014,-0.0397411809548974));
#4460=CARTESIAN_POINT('',(0.04,0.014,-0.0347411809548974));
#4461=CARTESIAN_POINT('',(0.04,0.014,-0.0397411809548974));
#4462=CARTESIAN_POINT('',(-0.0599977970878655,0.014,-0.00492163872266008));
#4463=CARTESIAN_POINT('',(-0.0657797015661157,0.014,-0.0265));
#4464=CARTESIAN_POINT('',(-0.0342594512507133,0.014,-0.0265));
#4465=CARTESIAN_POINT('',(-0.0343818265948742,0.014,-0.0265));
#4466=CARTESIAN_POINT('',(0.,0.014,0.007));
#4467=CARTESIAN_POINT('',(0.0343818265948742,0.014,-0.0265));
#4468=CARTESIAN_POINT('',(0.0661633650601052,0.014,-0.0265));
#4469=CARTESIAN_POINT('',(0.0657797015661157,0.014,-0.0265));
#4470=CARTESIAN_POINT('',(0.0700716147570402,0.014,-0.0425176380902051));
#4471=CARTESIAN_POINT('',(0.,0.01,-0.020998));
#4472=CARTESIAN_POINT('',(0.055,0.01,-0.0347411809548975));
#4473=CARTESIAN_POINT('',(0.055,0.01,-0.0397411809548975));
#4474=CARTESIAN_POINT('',(0.04,0.01,-0.0347411809548974));
#4475=CARTESIAN_POINT('',(0.04,0.01,-0.0397411809548974));
#4476=CARTESIAN_POINT('',(0.,0.01,-0.0265));
#4477=CARTESIAN_POINT('',(0.0657797015661157,0.01,-0.0265));
#4478=CARTESIAN_POINT('',(0.037068989735357,0.01,-0.0265));
#4479=CARTESIAN_POINT('',(0.,0.01,0.007));
#4480=CARTESIAN_POINT('',(0.0599977970878655,0.01,-0.00492163872266008));
#4481=CARTESIAN_POINT('',(-0.0599977970878655,-0.00799999999999977,-0.00492163872266008));
#4482=CARTESIAN_POINT('',(-0.0657797015661157,-0.00799999999999977,-0.0265));
#4483=CARTESIAN_POINT('',(-0.0646874079554101,0.008,-0.0224235047480639));
#4484=CARTESIAN_POINT('',(-0.0657797015661157,0.008,-0.0265));
#4485=CARTESIAN_POINT('',(-0.0676122537995388,-0.00799999999999977,-0.0256117714323462));
#4486=CARTESIAN_POINT('',(-0.0673143555420736,-0.00799999999999977,-0.0245));
#4487=CARTESIAN_POINT('',(-0.0661633650601052,-0.00799999999999977,-0.0245));
#4488=CARTESIAN_POINT('',(-0.0676122537995653,-0.008261799736864,-0.0256117714324452));
#4489=CARTESIAN_POINT('',(-0.0673143555382926,-0.00837740925609827,-0.0245000000049323));
#4490=CARTESIAN_POINT('',(-0.0661633650600053,-0.008261799736864,-0.0245));
#4491=CARTESIAN_POINT('',(-0.0675168350744583,-0.00878527595619988,-0.0256580203936935));
#4492=CARTESIAN_POINT('',(-0.067161680457244,-0.00909053066053827,-0.0246989700443496));
#4493=CARTESIAN_POINT('',(-0.0661433881772099,-0.00878527595619981,-0.0246041375228797));
#4494=CARTESIAN_POINT('',(-0.0671092509410466,-0.00945103573638444,-0.0258555743103221));
#4495=CARTESIAN_POINT('',(-0.0666942609599459,-0.00970227108284018,-0.0253081229929873));
#4496=CARTESIAN_POINT('',(-0.0660580562832637,-0.00945103573638434,-0.0250489642797856));
#4497=CARTESIAN_POINT('',(-0.066499231224841,-0.00989586247250007,-0.0261512477044286));
#4498=CARTESIAN_POINT('',(-0.0662235426560589,-0.00995478869373393,-0.0259215750300877));
#4499=CARTESIAN_POINT('',(-0.0659303424361916,-0.00989586247250002,-0.0257147239837394));
#4500=CARTESIAN_POINT('',(-0.0660195822938343,-0.0099999999999998,-0.0263837310548075));
#4501=CARTESIAN_POINT('',(-0.065924752626397,-0.00999999999825202,-0.0263109657778599));
#4502=CARTESIAN_POINT('',(-0.0658299230421855,-0.00999999999999977,-0.026238200392497));
#4503=CARTESIAN_POINT('',(-0.0657797015661156,-0.00999999999999977,-0.0265000000000001));
#4504=CARTESIAN_POINT('',(-0.0657797015661156,-0.00999999999999977,-0.0265));
#4505=CARTESIAN_POINT('',(-0.0657797015661157,-0.00999999999999977,-0.0265));
#4506=CARTESIAN_POINT('',(-0.0657797015661157,-0.00799999999999977,-0.0265));
#4507=CARTESIAN_POINT('',(-0.0657797015661157,0.01,-0.0265));
#4508=CARTESIAN_POINT('',(-0.0657797015661157,0.01,-0.0265));
#4509=CARTESIAN_POINT('',(-0.0657797015661157,0.01,-0.0265));
#4510=CARTESIAN_POINT('',(-0.0660195822938361,0.01,-0.0263837310548069));
#4511=CARTESIAN_POINT('',(-0.0659247526264103,0.0100000000030645,-0.0263109657778606));
#4512=CARTESIAN_POINT('',(-0.0658299230421855,0.01,-0.0262382003924947));
#4513=CARTESIAN_POINT('',(-0.0664992312248404,0.00989586247250021,-0.0261512477044289));
#4514=CARTESIAN_POINT('',(-0.0662235426560528,0.00995478869145485,-0.0259215750300873));
#4515=CARTESIAN_POINT('',(-0.0659303424361916,0.00989586247250022,-0.0257147239837404));
#4516=CARTESIAN_POINT('',(-0.0671092509410468,0.00945103573638469,-0.0258555743103217));
#4517=CARTESIAN_POINT('',(-0.0666942609599476,0.00970227108350575,-0.0253081229929873));
#4518=CARTESIAN_POINT('',(-0.0660580562832637,0.00945103573638469,-0.0250489642797853));
#4519=CARTESIAN_POINT('',(-0.0675168350744586,0.00878527595619961,-0.0256580203936946));
#4520=CARTESIAN_POINT('',(-0.0671616804572446,0.0090905306603284,-0.0246989700443496));
#4521=CARTESIAN_POINT('',(-0.0661433881772099,0.00878527595619963,-0.0246041375228798));
#4522=CARTESIAN_POINT('',(-0.0676122537995647,0.00826179973686513,-0.0256117714324428));
#4523=CARTESIAN_POINT('',(-0.0673143555382898,0.00837740925609943,-0.0245000000049323));
#4524=CARTESIAN_POINT('',(-0.0661633650600053,0.00826179973686513,-0.0245));
#4525=CARTESIAN_POINT('',(-0.0676122537995388,0.00799999999999999,-0.0256117714323462));
#4526=CARTESIAN_POINT('',(-0.0673143555420736,0.00799999999999999,-0.0245));
#4527=CARTESIAN_POINT('',(-0.0661633650601052,0.00799999999999999,-0.0245));
#4528=CARTESIAN_POINT('',(-0.0657797015661157,0.008,-0.0265));
#4529=CARTESIAN_POINT('',(2.77555756156289E-17,-0.00799999999999977,-0.0265));
#4530=CARTESIAN_POINT('',(-0.037068989735357,-0.00799999999999977,-0.0265));
#4531=CARTESIAN_POINT('',(0.,0.008,-0.0265));
#4532=CARTESIAN_POINT('',(-0.037068989735357,0.008,-0.0265));
#4533=CARTESIAN_POINT('',(0.,0.,-0.0265));
#4534=CARTESIAN_POINT('',(-0.037068989735357,-0.00799999999999977,-0.0265));
#4535=CARTESIAN_POINT('',(-0.037068989735357,0.008,-0.0265));
#4536=CARTESIAN_POINT('',(-0.037068989735357,-0.00799999999999977,-0.0265));
#4537=CARTESIAN_POINT('',(-0.037068989735357,-0.00799999999999977,-0.0265));
#4538=CARTESIAN_POINT('',(-0.037068989735357,0.008,-0.0265));
#4539=CARTESIAN_POINT('',(-0.037068989735357,0.008,-0.0265));
#4540=CARTESIAN_POINT('',(0.,-0.00799999999999977,0.007));
#4541=CARTESIAN_POINT('',(-0.00494204612861893,-0.00982731805034327,-0.0419015337182793));
#4542=CARTESIAN_POINT('',(-0.00508963977747758,-0.00975309488821358,-0.0417189345900354));
#4543=CARTESIAN_POINT('',(-0.00545733554872299,-0.00960513571892178,-0.0414477301505721));
#4544=CARTESIAN_POINT('',(-0.00625948781446213,-0.00929061291794945,-0.0410041782127061));
#4545=CARTESIAN_POINT('',(-0.00729430929987281,-0.00887097299576991,-0.0405829252978639));
#4546=CARTESIAN_POINT('',(-0.00855572374012955,-0.00830904758644821,-0.0401942823326222));
#4547=CARTESIAN_POINT('',(-0.00941442585455819,-0.00789509335469746,-0.0400236804470905));
#4548=CARTESIAN_POINT('',(-0.00984193294912342,-0.00768379446640295,-0.0399686667728927));
#4549=CARTESIAN_POINT('',(0.,0.008,0.007));
#4550=CARTESIAN_POINT('',(-0.00494204612861857,0.00982731805034345,-0.0419015337182793));
#4551=CARTESIAN_POINT('',(-0.00508963977747723,0.00975309488821377,-0.0417189345900354));
#4552=CARTESIAN_POINT('',(-0.00545733554872259,0.00960513571892199,-0.041447730150572));
#4553=CARTESIAN_POINT('',(-0.00625948781446194,0.00929061291794982,-0.041004178212706));
#4554=CARTESIAN_POINT('',(-0.00729430929987202,0.00887097299576897,-0.0405829252978642));
#4555=CARTESIAN_POINT('',(-0.0085557237401314,0.0083090475864529,-0.040194282332621));
#4556=CARTESIAN_POINT('',(-0.00941442585455379,0.00789509335468842,-0.0400236804470929));
#4557=CARTESIAN_POINT('',(-0.00984193294912328,0.00768379446640312,-0.0399686667728927));
#4558=CARTESIAN_POINT('',(0.,-6.73555739531044E-19,-0.0419015337182793));
#4559=CARTESIAN_POINT('',(0.0599977970878655,0.008,-0.00492163872266008));
#4560=CARTESIAN_POINT('',(0.0657797015661157,0.008,-0.0265));
#4561=CARTESIAN_POINT('',(0.0646874079554101,-0.00799999999999977,-0.0224235047480639));
#4562=CARTESIAN_POINT('',(0.0657797015661157,-0.00799999999999977,-0.0265));
#4563=CARTESIAN_POINT('',(0.0676122537995388,0.008,-0.0256117714323462));
#4564=CARTESIAN_POINT('',(0.0673143555420736,0.008,-0.0245));
#4565=CARTESIAN_POINT('',(0.0661633650601052,0.008,-0.0245));
#4566=CARTESIAN_POINT('',(0.0676122537995653,0.00826179973686423,-0.0256117714324452));
#4567=CARTESIAN_POINT('',(0.0673143555382926,0.0083774092560985,-0.0245000000049323));
#4568=CARTESIAN_POINT('',(0.0661633650600053,0.00826179973686423,-0.0245));
#4569=CARTESIAN_POINT('',(0.0675168350744583,0.00878527595620011,-0.0256580203936935));
#4570=CARTESIAN_POINT('',(0.067161680457244,0.00909053066053851,-0.0246989700443496));
#4571=CARTESIAN_POINT('',(0.0661433881772099,0.00878527595620004,-0.0246041375228797));
#4572=CARTESIAN_POINT('',(0.0671092509410466,0.00945103573638467,-0.0258555743103221));
#4573=CARTESIAN_POINT('',(0.0666942609599459,0.00970227108284041,-0.0253081229929873));
#4574=CARTESIAN_POINT('',(0.0660580562832637,0.00945103573638457,-0.0250489642797856));
#4575=CARTESIAN_POINT('',(0.066499231224841,0.0098958624725003,-0.0261512477044286));
#4576=CARTESIAN_POINT('',(0.0662235426560589,0.00995478869373416,-0.0259215750300877));
#4577=CARTESIAN_POINT('',(0.0659303424361916,0.00989586247250025,-0.0257147239837394));
#4578=CARTESIAN_POINT('',(0.0660195822938343,0.01,-0.0263837310548075));
#4579=CARTESIAN_POINT('',(0.065924752626397,0.00999999999825225,-0.0263109657778599));
#4580=CARTESIAN_POINT('',(0.0658299230421855,0.01,-0.026238200392497));
#4581=CARTESIAN_POINT('',(0.0657797015661156,0.01,-0.0265000000000001));
#4582=CARTESIAN_POINT('',(0.0657797015661156,0.01,-0.0265));
#4583=CARTESIAN_POINT('',(0.0657797015661157,0.01,-0.0265));
#4584=CARTESIAN_POINT('',(0.0657797015661157,0.008,-0.0265));
#4585=CARTESIAN_POINT('',(0.0661633650601052,-0.00799999999999977,-0.0245));
#4586=CARTESIAN_POINT('',(0.0673143555420736,-0.00799999999999977,-0.0245));
#4587=CARTESIAN_POINT('',(0.0676122537995388,-0.00799999999999977,-0.0256117714323462));
#4588=CARTESIAN_POINT('',(0.0661633650600053,-0.008261799736864,-0.0245));
#4589=CARTESIAN_POINT('',(0.0673143555382899,-0.00837740925609806,-0.0245000000049317));
#4590=CARTESIAN_POINT('',(0.0676122537995647,-0.008261799736864,-0.0256117714324428));
#4591=CARTESIAN_POINT('',(0.0661433881772099,-0.00878527595619981,-0.0246041375228797));
#4592=CARTESIAN_POINT('',(0.0671616804572446,-0.00909053066032869,-0.0246989700443498));
#4593=CARTESIAN_POINT('',(0.0675168350744586,-0.0087852759561998,-0.0256580203936946));
#4594=CARTESIAN_POINT('',(0.0660580562832637,-0.00945103573638434,-0.0250489642797856));
#4595=CARTESIAN_POINT('',(0.0666942609599476,-0.00970227108350539,-0.0253081229929874));
#4596=CARTESIAN_POINT('',(0.0671092509410468,-0.00945103573638434,-0.0258555743103218));
#4597=CARTESIAN_POINT('',(0.0659303424361916,-0.00989586247250002,-0.0257147239837394));
#4598=CARTESIAN_POINT('',(0.0662235426560528,-0.00995478869145466,-0.0259215750300868));
#4599=CARTESIAN_POINT('',(0.0664992312248404,-0.00989586247250001,-0.0261512477044286));
#4600=CARTESIAN_POINT('',(0.0658299230421855,-0.00999999999999977,-0.026238200392497));
#4601=CARTESIAN_POINT('',(0.0659247526264103,-0.0100000000030643,-0.0263109657778617));
#4602=CARTESIAN_POINT('',(0.0660195822938361,-0.00999999999999977,-0.0263837310548075));
#4603=CARTESIAN_POINT('',(0.0657797015661157,-0.00999999999999977,-0.0265));
#4604=CARTESIAN_POINT('',(0.0657797015661157,-0.00999999999999977,-0.0265));
#4605=CARTESIAN_POINT('',(0.0657797015661157,-0.00999999999999977,-0.0265));
#4606=CARTESIAN_POINT('',(0.0657797015661157,-0.00799999999999977,-0.0265));
#4607=CARTESIAN_POINT('',(0.,0.008,-0.0265));
#4608=CARTESIAN_POINT('',(0.037068989735357,0.008,-0.0265));
#4609=CARTESIAN_POINT('',(2.77555756156289E-17,-0.00799999999999977,-0.0265));
#4610=CARTESIAN_POINT('',(0.037068989735357,-0.00799999999999977,-0.0265));
#4611=CARTESIAN_POINT('',(0.,0.,-0.0265));
#4612=CARTESIAN_POINT('',(0.037068989735357,0.008,-0.0265));
#4613=CARTESIAN_POINT('',(0.037068989735357,-0.00799999999999977,-0.0265));
#4614=CARTESIAN_POINT('',(0.037068989735357,0.008,-0.0265));
#4615=CARTESIAN_POINT('',(0.037068989735357,0.008,-0.0265));
#4616=CARTESIAN_POINT('',(0.037068989735357,-0.00799999999999977,-0.0265));
#4617=CARTESIAN_POINT('',(0.037068989735357,-0.00799999999999977,-0.0265));
#4618=CARTESIAN_POINT('',(0.,0.008,0.007));
#4619=CARTESIAN_POINT('',(0.00494204612861857,0.00982731805034345,-0.0419015337182793));
#4620=CARTESIAN_POINT('',(0.00508963977747723,0.00975309488821377,-0.0417189345900354));
#4621=CARTESIAN_POINT('',(0.00545733554872259,0.00960513571892199,-0.041447730150572));
#4622=CARTESIAN_POINT('',(0.00625948781446194,0.00929061291794982,-0.041004178212706));
#4623=CARTESIAN_POINT('',(0.00729430929987202,0.00887097299576897,-0.0405829252978642));
#4624=CARTESIAN_POINT('',(0.0085557237401314,0.0083090475864529,-0.040194282332621));
#4625=CARTESIAN_POINT('',(0.00941442585455379,0.00789509335468842,-0.0400236804470929));
#4626=CARTESIAN_POINT('',(0.00984193294912328,0.00768379446640312,-0.0399686667728927));
#4627=CARTESIAN_POINT('',(0.,-0.00799999999999977,0.007));
#4628=CARTESIAN_POINT('',(0.00494204612861893,-0.00982731805034327,-0.0419015337182793));
#4629=CARTESIAN_POINT('',(0.00508963977747758,-0.00975309488821358,-0.0417189345900354));
#4630=CARTESIAN_POINT('',(0.00545733554872299,-0.00960513571892178,-0.0414477301505721));
#4631=CARTESIAN_POINT('',(0.00625948781446213,-0.00929061291794945,-0.0410041782127061));
#4632=CARTESIAN_POINT('',(0.00729430929987281,-0.00887097299576991,-0.0405829252978639));
#4633=CARTESIAN_POINT('',(0.00855572374012956,-0.00830904758644821,-0.0401942823326222));
#4634=CARTESIAN_POINT('',(0.00941442585455819,-0.00789509335469746,-0.0400236804470905));
#4635=CARTESIAN_POINT('',(0.00984193294912342,-0.00768379446640295,-0.0399686667728927));
#4636=CARTESIAN_POINT('',(0.,-6.73555739531044E-19,-0.0419015337182793));
#4637=CARTESIAN_POINT('',(-0.0646874079554101,-0.0159999999999998,-0.0224235047480639));
#4638=CARTESIAN_POINT('',(-0.0657797015661157,-0.0159999999999998,-0.0265));
#4639=CARTESIAN_POINT('',(0.0599977970878655,-0.0159999999999998,-0.00492163872266008));
#4640=CARTESIAN_POINT('',(0.0657797015661157,-0.0159999999999998,-0.0265));
#4641=CARTESIAN_POINT('',(-0.0657797015661157,-0.0139999999999998,-0.0265));
#4642=CARTESIAN_POINT('',(-0.0657797015661157,-0.0139999999999997,-0.0265));
#4643=CARTESIAN_POINT('',(-0.0657797015661157,-0.0139999999999998,-0.0265));
#4644=CARTESIAN_POINT('',(-0.0660195822938361,-0.0139999999999998,-0.0263837310548069));
#4645=CARTESIAN_POINT('',(-0.0659247526264103,-0.0139999999969352,-0.0263109657778606));
#4646=CARTESIAN_POINT('',(-0.0658299230421855,-0.0139999999999998,-0.0262382003924947));
#4647=CARTESIAN_POINT('',(-0.0664992312248404,-0.0141041375274995,-0.0261512477044289));
#4648=CARTESIAN_POINT('',(-0.0662235426560528,-0.0140452113085449,-0.0259215750300873));
#4649=CARTESIAN_POINT('',(-0.0659303424361916,-0.0141041375274995,-0.0257147239837404));
#4650=CARTESIAN_POINT('',(-0.0671092509410468,-0.0145489642636152,-0.0258555743103217));
#4651=CARTESIAN_POINT('',(-0.0666942609599476,-0.0142977289164941,-0.0253081229929873));
#4652=CARTESIAN_POINT('',(-0.0660580562832637,-0.0145489642636152,-0.0250489642797853));
#4653=CARTESIAN_POINT('',(-0.0675168350744586,-0.0152147240437997,-0.0256580203936946));
#4654=CARTESIAN_POINT('',(-0.0671616804572446,-0.0149094693396708,-0.0246989700443496));
#4655=CARTESIAN_POINT('',(-0.0661433881772099,-0.0152147240437997,-0.0246041375228798));
#4656=CARTESIAN_POINT('',(-0.0676122537995647,-0.0157382002631355,-0.0256117714324428));
#4657=CARTESIAN_POINT('',(-0.0673143555382898,-0.0156225907439016,-0.0245000000049323));
#4658=CARTESIAN_POINT('',(-0.0661633650600053,-0.0157382002631355,-0.0245));
#4659=CARTESIAN_POINT('',(-0.0676122537995388,-0.0159999999999998,-0.0256117714323462));
#4660=CARTESIAN_POINT('',(-0.0673143555420736,-0.0159999999999998,-0.0245));
#4661=CARTESIAN_POINT('',(-0.0661633650601052,-0.0159999999999998,-0.0245));
#4662=CARTESIAN_POINT('',(-0.0657797015661157,-0.0159999999999998,-0.0265));
#4663=CARTESIAN_POINT('',(0.0676122537995388,-0.0159999999999998,-0.0256117714323462));
#4664=CARTESIAN_POINT('',(0.0673143555420736,-0.0159999999999998,-0.0245));
#4665=CARTESIAN_POINT('',(0.0661633650601052,-0.0159999999999998,-0.0245));
#4666=CARTESIAN_POINT('',(0.0676122537995653,-0.0157382002631355,-0.0256117714324452));
#4667=CARTESIAN_POINT('',(0.0673143555382926,-0.015622590743901,-0.0245000000049323));
#4668=CARTESIAN_POINT('',(0.0661633650600053,-0.0157382002631355,-0.0245));
#4669=CARTESIAN_POINT('',(0.0675168350744583,-0.0152147240437996,-0.0256580203936935));
#4670=CARTESIAN_POINT('',(0.067161680457244,-0.0149094693394613,-0.0246989700443496));
#4671=CARTESIAN_POINT('',(0.0661433881772099,-0.0152147240437997,-0.0246041375228797));
#4672=CARTESIAN_POINT('',(0.0671092509410466,-0.0145489642636151,-0.0258555743103221));
#4673=CARTESIAN_POINT('',(0.066694260959946,-0.0142977289171593,-0.0253081229929873));
#4674=CARTESIAN_POINT('',(0.0660580562832637,-0.0145489642636152,-0.0250489642797856));
#4675=CARTESIAN_POINT('',(0.066499231224841,-0.0141041375274995,-0.0261512477044286));
#4676=CARTESIAN_POINT('',(0.0662235426560589,-0.0140452113062656,-0.0259215750300877));
#4677=CARTESIAN_POINT('',(0.0659303424361916,-0.0141041375274995,-0.0257147239837394));
#4678=CARTESIAN_POINT('',(0.0660195822938343,-0.0139999999999997,-0.0263837310548075));
#4679=CARTESIAN_POINT('',(0.065924752626397,-0.0140000000017475,-0.0263109657778599));
#4680=CARTESIAN_POINT('',(0.0658299230421855,-0.0139999999999998,-0.026238200392497));
#4681=CARTESIAN_POINT('',(0.0657797015661156,-0.0139999999999998,-0.0265000000000001));
#4682=CARTESIAN_POINT('',(0.0657797015661156,-0.0139999999999997,-0.0265));
#4683=CARTESIAN_POINT('',(0.0657797015661157,-0.0139999999999998,-0.0265));
#4684=CARTESIAN_POINT('',(0.0657797015661157,-0.0159999999999998,-0.0265));
#4685=CARTESIAN_POINT('',(0.,-0.0159999999999998,-0.0265));
#4686=CARTESIAN_POINT('',(-0.0335718886733869,-0.0153675889328061,-0.0246026185828645));
#4687=CARTESIAN_POINT('',(-0.0336918504310132,-0.0145344959527212,-0.0248802945503052));
#4688=CARTESIAN_POINT('',(-0.0340425501509186,-0.0139999999999998,-0.0256957771533309));
#4689=CARTESIAN_POINT('',(-0.0343818265948743,-0.0139999999999998,-0.0265));
#4690=CARTESIAN_POINT('',(0.,-0.0159999999999998,-0.0265));
#4691=CARTESIAN_POINT('',(0.0335718886733869,-0.0153675889328061,-0.0246026185828645));
#4692=CARTESIAN_POINT('',(0.0336918504310132,-0.0145344959527212,-0.0248802945503052));
#4693=CARTESIAN_POINT('',(0.0340425501509186,-0.0139999999999998,-0.0256957771533309));
#4694=CARTESIAN_POINT('',(0.0343818265948743,-0.0139999999999998,-0.0265));
#4695=CARTESIAN_POINT('',(0.,-0.0159999999999998,0.007));
#4696=CARTESIAN_POINT('',(-0.0599977970878655,0.016,-0.00492163872266008));
#4697=CARTESIAN_POINT('',(-0.0657797015661157,0.016,-0.0265));
#4698=CARTESIAN_POINT('',(0.0646874079554101,0.016,-0.0224235047480639));
#4699=CARTESIAN_POINT('',(0.0657797015661157,0.016,-0.0265));
#4700=CARTESIAN_POINT('',(-0.0676122537995388,0.016,-0.0256117714323462));
#4701=CARTESIAN_POINT('',(-0.0673143555420736,0.016,-0.0245));
#4702=CARTESIAN_POINT('',(-0.0661633650601052,0.016,-0.0245));
#4703=CARTESIAN_POINT('',(-0.0676122537995653,0.0157382002631358,-0.0256117714324452));
#4704=CARTESIAN_POINT('',(-0.0673143555382926,0.0156225907439016,-0.0245000000049323));
#4705=CARTESIAN_POINT('',(-0.0661633650600053,0.0157382002631358,-0.0245));
#4706=CARTESIAN_POINT('',(-0.0675168350744583,0.0152147240437999,-0.0256580203936935));
#4707=CARTESIAN_POINT('',(-0.067161680457244,0.0149094693394615,-0.0246989700443496));
#4708=CARTESIAN_POINT('',(-0.0661433881772099,0.0152147240438,-0.0246041375228797));
#4709=CARTESIAN_POINT('',(-0.0671092509410466,0.0145489642636153,-0.0258555743103221));
#4710=CARTESIAN_POINT('',(-0.066694260959946,0.0142977289171596,-0.0253081229929873));
#4711=CARTESIAN_POINT('',(-0.0660580562832637,0.0145489642636154,-0.0250489642797856));
#4712=CARTESIAN_POINT('',(-0.066499231224841,0.0141041375274997,-0.0261512477044286));
#4713=CARTESIAN_POINT('',(-0.0662235426560589,0.0140452113062659,-0.0259215750300877));
#4714=CARTESIAN_POINT('',(-0.0659303424361916,0.0141041375274998,-0.0257147239837394));
#4715=CARTESIAN_POINT('',(-0.0660195822938343,0.014,-0.0263837310548075));
#4716=CARTESIAN_POINT('',(-0.065924752626397,0.0140000000017477,-0.0263109657778599));
#4717=CARTESIAN_POINT('',(-0.0658299230421855,0.014,-0.026238200392497));
#4718=CARTESIAN_POINT('',(-0.0657797015661156,0.014,-0.0265000000000001));
#4719=CARTESIAN_POINT('',(-0.0657797015661156,0.014,-0.0265));
#4720=CARTESIAN_POINT('',(-0.0657797015661157,0.014,-0.0265));
#4721=CARTESIAN_POINT('',(-0.0657797015661157,0.016,-0.0265));
#4722=CARTESIAN_POINT('',(0.0661633650601052,0.016,-0.0245));
#4723=CARTESIAN_POINT('',(0.0673143555420736,0.016,-0.0245));
#4724=CARTESIAN_POINT('',(0.0676122537995388,0.016,-0.0256117714323462));
#4725=CARTESIAN_POINT('',(0.0661633650600053,0.0157382002631358,-0.0245));
#4726=CARTESIAN_POINT('',(0.0673143555382899,0.0156225907439016,-0.0245000000049317));
#4727=CARTESIAN_POINT('',(0.0676122537995647,0.0157382002631358,-0.0256117714324428));
#4728=CARTESIAN_POINT('',(0.0661433881772099,0.0152147240438,-0.0246041375228797));
#4729=CARTESIAN_POINT('',(0.0671616804572445,0.0149094693396711,-0.0246989700443498));
#4730=CARTESIAN_POINT('',(0.0675168350744586,0.0152147240438,-0.0256580203936946));
#4731=CARTESIAN_POINT('',(0.0660580562832637,0.0145489642636154,-0.0250489642797856));
#4732=CARTESIAN_POINT('',(0.0666942609599476,0.0142977289164944,-0.0253081229929874));
#4733=CARTESIAN_POINT('',(0.0671092509410468,0.0145489642636154,-0.0258555743103218));
#4734=CARTESIAN_POINT('',(0.0659303424361916,0.0141041375274998,-0.0257147239837394));
#4735=CARTESIAN_POINT('',(0.0662235426560528,0.0140452113085451,-0.0259215750300868));
#4736=CARTESIAN_POINT('',(0.0664992312248404,0.0141041375274998,-0.0261512477044286));
#4737=CARTESIAN_POINT('',(0.0658299230421855,0.014,-0.026238200392497));
#4738=CARTESIAN_POINT('',(0.0659247526264103,0.0139999999969355,-0.0263109657778617));
#4739=CARTESIAN_POINT('',(0.0660195822938361,0.014,-0.0263837310548075));
#4740=CARTESIAN_POINT('',(0.0657797015661157,0.014,-0.0265));
#4741=CARTESIAN_POINT('',(0.0657797015661157,0.014,-0.0265));
#4742=CARTESIAN_POINT('',(0.0657797015661157,0.014,-0.0265));
#4743=CARTESIAN_POINT('',(0.0657797015661157,0.016,-0.0265));
#4744=CARTESIAN_POINT('',(2.77555756156289E-17,0.016,-0.0265));
#4745=CARTESIAN_POINT('',(-0.0335718886733868,0.0153675889328063,-0.0246026185828645));
#4746=CARTESIAN_POINT('',(-0.0336918504310131,0.0145344959527214,-0.0248802945503052));
#4747=CARTESIAN_POINT('',(-0.0340425501509258,0.014,-0.0256957771533278));
#4748=CARTESIAN_POINT('',(-0.0343818265948742,0.014,-0.0265));
#4749=CARTESIAN_POINT('',(2.77555756156289E-17,0.016,-0.0265));
#4750=CARTESIAN_POINT('',(0.0335718886733868,0.0153675889328063,-0.0246026185828645));
#4751=CARTESIAN_POINT('',(0.0336918504310132,0.0145344959527214,-0.0248802945503052));
#4752=CARTESIAN_POINT('',(0.0340425501509219,0.014,-0.0256957771533295));
#4753=CARTESIAN_POINT('',(0.0343818265948742,0.014,-0.0265));
#4754=CARTESIAN_POINT('',(0.,0.016,0.007));
#4755=CARTESIAN_POINT('',(-0.04,0.016,-0.0347411809548974));
#4756=CARTESIAN_POINT('',(-0.055,0.016,-0.0347411809548974));
#4757=CARTESIAN_POINT('',(0.04,0.016,-0.0347411809548974));
#4758=CARTESIAN_POINT('',(0.055,0.016,-0.0347411809548975));
#4759=CARTESIAN_POINT('',(0.04,0.016,-0.0347411809548974));
#4760=CARTESIAN_POINT('',(0.055,0.016,-0.0347411809548975));
#4761=CARTESIAN_POINT('',(-0.04,0.016,-0.0347411809548974));
#4762=CARTESIAN_POINT('',(-0.055,0.016,-0.0347411809548974));
#4763=CARTESIAN_POINT('',(0.,0.,-0.0387335533905933));
#4764=MECHANICAL_DESIGN_GEOMETRIC_PRESENTATION_REPRESENTATION('',(#2305),
#4765);
#4765=(
GEOMETRIC_REPRESENTATION_CONTEXT(3)
GLOBAL_UNCERTAINTY_ASSIGNED_CONTEXT((#4766))
GLOBAL_UNIT_ASSIGNED_CONTEXT((#4769,#4768,#4767))
REPRESENTATION_CONTEXT('Bot','TOP_LEVEL_ASSEMBLY_PART')
);
#4766=UNCERTAINTY_MEASURE_WITH_UNIT(LENGTH_MEASURE(2.E-5),#4769,
'DISTANCE_ACCURACY_VALUE','Maximum Tolerance applied to model');
#4767=(
NAMED_UNIT(*)
SI_UNIT($,.STERADIAN.)
SOLID_ANGLE_UNIT()
);
#4768=(
NAMED_UNIT(*)
PLANE_ANGLE_UNIT()
SI_UNIT($,.RADIAN.)
);
#4769=(
LENGTH_UNIT()
NAMED_UNIT(*)
SI_UNIT($,.METRE.)
);
#4770=PRODUCT_DEFINITION_SHAPE('','',#4771);
#4771=PRODUCT_DEFINITION('','',#4773,#4772);
#4772=PRODUCT_DEFINITION_CONTEXT('',#4779,'design');
#4773=PRODUCT_DEFINITION_FORMATION_WITH_SPECIFIED_SOURCE('','',#4775,
 .NOT_KNOWN.);
#4774=PRODUCT_RELATED_PRODUCT_CATEGORY('','',(#4775));
#4775=PRODUCT('Bot','Bot','Bot',(#4777));
#4776=PRODUCT_CATEGORY('','');
#4777=PRODUCT_CONTEXT('',#4779,'mechanical');
#4778=APPLICATION_PROTOCOL_DEFINITION('international standard',
'ap242_managed_model_based_3d_engineering',2020,#4779);
#4779=APPLICATION_CONTEXT('managed model based 3d engineering');
ENDSEC;
END-ISO-10303-21;
