ISO-10303-21;
HEADER;
/* Generated by software containing ST-Developer
 * from STEP Tools, Inc. (www.steptools.com) 
 */
/* OPTION: using custom renumber hook */

FILE_DESCRIPTION(
/* description */ ('STEP AP242 Edition 2',
'CAx-IF Rec.Pracs.---Representation and Presentation of Product Manufa
cturing Information (PMI)---4.0---2014-10-13',
'CAx-IF Rec.Pracs.---3D Tessellated Geometry---0.4---2014-09-14','2;1',
'CAx-IF Rec.Pracs.---User Defined Attributes---1.5---2016-08-15'),
/* implementation_level */ '2;1');

FILE_NAME(
/* name */ '9.7in IPS - IO Cover Plate (rear)',
/* time_stamp */ '2026-07-13T15:43:20Z',
/* author */ (''),
/* organization */ (''),
/* preprocessor_version */ 'ST-DEVELOPER v20',
/* originating_system */ 'ONSHAPE BY PTC INC, 1.217',
/* authorisation */ '  ');

FILE_SCHEMA (('AP242_MANAGED_MODEL_BASED_3D_ENGINEERING_MIM_LF { 1 0 10303 442 3 1 4 }'));
ENDSEC;

DATA;
#10=SHAPE_REPRESENTATION_RELATIONSHIP('','',#11469,#11);
#11=ADVANCED_BREP_SHAPE_REPRESENTATION('',(#11467),#19415);
#12=ELLIPSE('',#11569,0.00424264068711928,0.003);
#13=ELLIPSE('',#11572,0.00424264068711928,0.003);
#14=ELLIPSE('',#11575,0.00424264068711928,0.003);
#15=CYLINDRICAL_SURFACE('',#11555,0.0085);
#16=CYLINDRICAL_SURFACE('',#11564,0.006);
#17=CYLINDRICAL_SURFACE('',#11565,0.006);
#18=CYLINDRICAL_SURFACE('',#11566,0.003);
#19=CYLINDRICAL_SURFACE('',#11567,0.003);
#20=CYLINDRICAL_SURFACE('',#11568,0.003);
#21=CYLINDRICAL_SURFACE('',#11570,0.003);
#22=CYLINDRICAL_SURFACE('',#11571,0.003);
#23=CYLINDRICAL_SURFACE('',#11573,0.003);
#24=CYLINDRICAL_SURFACE('',#11574,0.003);
#25=CYLINDRICAL_SURFACE('',#11576,0.003);
#26=CYLINDRICAL_SURFACE('',#11577,0.00155);
#27=CYLINDRICAL_SURFACE('',#11578,0.00155);
#28=CYLINDRICAL_SURFACE('',#11579,0.00155);
#29=CYLINDRICAL_SURFACE('',#11580,0.00155);
#30=CYLINDRICAL_SURFACE('',#11581,0.00155);
#31=CYLINDRICAL_SURFACE('',#11582,0.00155);
#32=CYLINDRICAL_SURFACE('',#11583,0.00155);
#33=CYLINDRICAL_SURFACE('',#11584,0.00155);
#34=CYLINDRICAL_SURFACE('',#11585,0.00155);
#35=CYLINDRICAL_SURFACE('',#11637,0.00119213582473525);
#36=CYLINDRICAL_SURFACE('',#11663,0.000557367428910348);
#37=CYLINDRICAL_SURFACE('',#11666,0.000605150736128821);
#38=CYLINDRICAL_SURFACE('',#11670,0.000562035650655033);
#39=CYLINDRICAL_SURFACE('',#11673,0.00061623352138041);
#40=CYLINDRICAL_SURFACE('',#11676,0.000968963473599641);
#41=CYLINDRICAL_SURFACE('',#11687,0.000967245557320674);
#42=CYLINDRICAL_SURFACE('',#11689,0.000813744938253216);
#43=CYLINDRICAL_SURFACE('',#11692,0.000864278795287861);
#44=CYLINDRICAL_SURFACE('',#11695,0.000409671520427871);
#45=CYLINDRICAL_SURFACE('',#11701,0.00200820072591873);
#46=CYLINDRICAL_SURFACE('',#11704,0.00199234171118627);
#47=CYLINDRICAL_SURFACE('',#11716,0.000683764959121525);
#48=CYLINDRICAL_SURFACE('',#11719,0.000368895902956413);
#49=CYLINDRICAL_SURFACE('',#11724,0.00150965563973468);
#50=CYLINDRICAL_SURFACE('',#11729,0.000955454347946206);
#51=CYLINDRICAL_SURFACE('',#11733,0.0018077930337095);
#52=CYLINDRICAL_SURFACE('',#11735,0.00221718648279535);
#53=CYLINDRICAL_SURFACE('',#11740,0.000641175164494219);
#54=CYLINDRICAL_SURFACE('',#11742,0.000856189043356871);
#55=CYLINDRICAL_SURFACE('',#11746,0.00102342118893815);
#56=CYLINDRICAL_SURFACE('',#11748,0.00110252442764688);
#57=CYLINDRICAL_SURFACE('',#11750,0.00111982298551541);
#58=CYLINDRICAL_SURFACE('',#11752,0.000636826226623408);
#59=CYLINDRICAL_SURFACE('',#11775,0.000557367428910679);
#60=CYLINDRICAL_SURFACE('',#11778,0.000605150736121999);
#61=CYLINDRICAL_SURFACE('',#11782,0.000562035650655561);
#62=CYLINDRICAL_SURFACE('',#11785,0.00061623352138);
#63=CYLINDRICAL_SURFACE('',#11788,0.000968963473600338);
#64=CYLINDRICAL_SURFACE('',#11799,0.000967245557325081);
#65=CYLINDRICAL_SURFACE('',#11801,0.000813744938246299);
#66=CYLINDRICAL_SURFACE('',#11804,0.0008642787952878);
#67=CYLINDRICAL_SURFACE('',#11860,0.00057548588391035);
#68=CYLINDRICAL_SURFACE('',#11862,0.000614885042189578);
#69=CYLINDRICAL_SURFACE('',#11871,0.000934896554340889);
#70=CYLINDRICAL_SURFACE('',#11873,0.00107803802460281);
#71=CYLINDRICAL_SURFACE('',#11881,0.000988545160050712);
#72=CYLINDRICAL_SURFACE('',#11892,0.000560271823342639);
#73=CYLINDRICAL_SURFACE('',#11894,0.000797603856310745);
#74=CYLINDRICAL_SURFACE('',#11901,0.000983910191104596);
#75=CYLINDRICAL_SURFACE('',#11982,0.00119213582473681);
#76=CYLINDRICAL_SURFACE('',#12006,0.00182996255499315);
#77=CYLINDRICAL_SURFACE('',#12008,0.00189387222891086);
#78=CYLINDRICAL_SURFACE('',#12011,0.00143240247105939);
#79=CYLINDRICAL_SURFACE('',#12013,0.00128323511536968);
#80=CYLINDRICAL_SURFACE('',#12015,0.000251133000109822);
#81=CYLINDRICAL_SURFACE('',#12022,0.000988545160050829);
#82=CYLINDRICAL_SURFACE('',#12033,0.000560271823343897);
#83=CYLINDRICAL_SURFACE('',#12035,0.000797603856275929);
#84=CYLINDRICAL_SURFACE('',#12042,0.000983910191104655);
#85=B_SPLINE_SURFACE_WITH_KNOTS('',3,1,((#15615,#15616),(#15617,#15618),
(#15619,#15620),(#15621,#15622),(#15623,#15624)),
 .SURF_OF_LINEAR_EXTRUSION.,.F.,.F.,.F.,(4,1,4),(2,2),(0.,0.5,1.),(0.,1.),
 .UNSPECIFIED.);
#86=B_SPLINE_SURFACE_WITH_KNOTS('',3,1,((#15638,#15639),(#15640,#15641),
(#15642,#15643),(#15644,#15645),(#15646,#15647)),
 .SURF_OF_LINEAR_EXTRUSION.,.F.,.F.,.F.,(4,1,4),(2,2),(0.,0.5,1.),(0.,1.),
 .UNSPECIFIED.);
#87=B_SPLINE_SURFACE_WITH_KNOTS('',3,1,((#15987,#15988),(#15989,#15990),
(#15991,#15992),(#15993,#15994)),.SURF_OF_LINEAR_EXTRUSION.,.F.,.F.,.F.,
(4,4),(2,2),(0.,1.),(0.,1.),.PIECEWISE_BEZIER_KNOTS.);
#88=B_SPLINE_SURFACE_WITH_KNOTS('',3,1,((#16004,#16005),(#16006,#16007),
(#16008,#16009),(#16010,#16011)),.SURF_OF_LINEAR_EXTRUSION.,.F.,.F.,.F.,
(4,4),(2,2),(0.,1.),(0.,1.),.PIECEWISE_BEZIER_KNOTS.);
#89=B_SPLINE_SURFACE_WITH_KNOTS('',3,1,((#16017,#16018),(#16019,#16020),
(#16021,#16022),(#16023,#16024)),.SURF_OF_LINEAR_EXTRUSION.,.F.,.F.,.F.,
(4,4),(2,2),(0.,1.),(0.,1.),.PIECEWISE_BEZIER_KNOTS.);
#90=B_SPLINE_SURFACE_WITH_KNOTS('',3,1,((#16030,#16031),(#16032,#16033),
(#16034,#16035),(#16036,#16037)),.SURF_OF_LINEAR_EXTRUSION.,.F.,.F.,.F.,
(4,4),(2,2),(0.,1.),(0.,1.),.PIECEWISE_BEZIER_KNOTS.);
#91=B_SPLINE_SURFACE_WITH_KNOTS('',3,1,((#16043,#16044),(#16045,#16046),
(#16047,#16048),(#16049,#16050)),.SURF_OF_LINEAR_EXTRUSION.,.F.,.F.,.F.,
(4,4),(2,2),(0.,1.),(0.,1.),.PIECEWISE_BEZIER_KNOTS.);
#92=B_SPLINE_SURFACE_WITH_KNOTS('',3,1,((#16064,#16065),(#16066,#16067),
(#16068,#16069),(#16070,#16071)),.SURF_OF_LINEAR_EXTRUSION.,.F.,.F.,.F.,
(4,4),(2,2),(0.,1.),(0.,1.),.PIECEWISE_BEZIER_KNOTS.);
#93=B_SPLINE_SURFACE_WITH_KNOTS('',3,1,((#16077,#16078),(#16079,#16080),
(#16081,#16082),(#16083,#16084)),.SURF_OF_LINEAR_EXTRUSION.,.F.,.F.,.F.,
(4,4),(2,2),(0.,1.),(0.,1.),.PIECEWISE_BEZIER_KNOTS.);
#94=B_SPLINE_SURFACE_WITH_KNOTS('',3,1,((#16090,#16091),(#16092,#16093),
(#16094,#16095),(#16096,#16097)),.SURF_OF_LINEAR_EXTRUSION.,.F.,.F.,.F.,
(4,4),(2,2),(0.,1.),(0.,1.),.PIECEWISE_BEZIER_KNOTS.);
#95=B_SPLINE_SURFACE_WITH_KNOTS('',3,1,((#16103,#16104),(#16105,#16106),
(#16107,#16108),(#16109,#16110)),.SURF_OF_LINEAR_EXTRUSION.,.F.,.F.,.F.,
(4,4),(2,2),(0.,1.),(0.,1.),.PIECEWISE_BEZIER_KNOTS.);
#96=B_SPLINE_SURFACE_WITH_KNOTS('',3,1,((#16116,#16117),(#16118,#16119),
(#16120,#16121),(#16122,#16123)),.SURF_OF_LINEAR_EXTRUSION.,.F.,.F.,.F.,
(4,4),(2,2),(0.,1.),(0.,1.),.PIECEWISE_BEZIER_KNOTS.);
#97=B_SPLINE_SURFACE_WITH_KNOTS('',3,1,((#16129,#16130),(#16131,#16132),
(#16133,#16134),(#16135,#16136)),.SURF_OF_LINEAR_EXTRUSION.,.F.,.F.,.F.,
(4,4),(2,2),(0.,1.),(0.,1.),.PIECEWISE_BEZIER_KNOTS.);
#98=B_SPLINE_SURFACE_WITH_KNOTS('',3,1,((#16218,#16219),(#16220,#16221),
(#16222,#16223),(#16224,#16225)),.SURF_OF_LINEAR_EXTRUSION.,.F.,.F.,.F.,
(4,4),(2,2),(0.,1.),(0.,1.),.PIECEWISE_BEZIER_KNOTS.);
#99=B_SPLINE_SURFACE_WITH_KNOTS('',3,1,((#16244,#16245),(#16246,#16247),
(#16248,#16249),(#16250,#16251)),.SURF_OF_LINEAR_EXTRUSION.,.F.,.F.,.F.,
(4,4),(2,2),(0.,1.),(0.,1.),.PIECEWISE_BEZIER_KNOTS.);
#100=B_SPLINE_SURFACE_WITH_KNOTS('',3,1,((#16261,#16262),(#16263,#16264),
(#16265,#16266),(#16267,#16268)),.SURF_OF_LINEAR_EXTRUSION.,.F.,.F.,.F.,
(4,4),(2,2),(0.,1.),(0.,1.),.PIECEWISE_BEZIER_KNOTS.);
#101=B_SPLINE_SURFACE_WITH_KNOTS('',3,1,((#16358,#16359),(#16360,#16361),
(#16362,#16363),(#16364,#16365)),.SURF_OF_LINEAR_EXTRUSION.,.F.,.F.,.F.,
(4,4),(2,2),(0.,1.),(0.,1.),.PIECEWISE_BEZIER_KNOTS.);
#102=B_SPLINE_SURFACE_WITH_KNOTS('',3,1,((#16371,#16372),(#16373,#16374),
(#16375,#16376),(#16377,#16378)),.SURF_OF_LINEAR_EXTRUSION.,.F.,.F.,.F.,
(4,4),(2,2),(0.,1.),(0.,1.),.PIECEWISE_BEZIER_KNOTS.);
#103=B_SPLINE_SURFACE_WITH_KNOTS('',3,1,((#16388,#16389),(#16390,#16391),
(#16392,#16393),(#16394,#16395)),.SURF_OF_LINEAR_EXTRUSION.,.F.,.F.,.F.,
(4,4),(2,2),(0.,1.),(0.,1.),.PIECEWISE_BEZIER_KNOTS.);
#104=B_SPLINE_SURFACE_WITH_KNOTS('',3,1,((#16401,#16402),(#16403,#16404),
(#16405,#16406),(#16407,#16408)),.SURF_OF_LINEAR_EXTRUSION.,.F.,.F.,.F.,
(4,4),(2,2),(0.,1.),(0.,1.),.PIECEWISE_BEZIER_KNOTS.);
#105=B_SPLINE_SURFACE_WITH_KNOTS('',3,1,((#16416,#16417),(#16418,#16419),
(#16420,#16421),(#16422,#16423)),.SURF_OF_LINEAR_EXTRUSION.,.F.,.F.,.F.,
(4,4),(2,2),(0.,1.),(0.,1.),.PIECEWISE_BEZIER_KNOTS.);
#106=B_SPLINE_SURFACE_WITH_KNOTS('',3,1,((#16440,#16441),(#16442,#16443),
(#16444,#16445),(#16446,#16447)),.SURF_OF_LINEAR_EXTRUSION.,.F.,.F.,.F.,
(4,4),(2,2),(0.,1.),(0.,1.),.PIECEWISE_BEZIER_KNOTS.);
#107=B_SPLINE_SURFACE_WITH_KNOTS('',3,1,((#16457,#16458),(#16459,#16460),
(#16461,#16462),(#16463,#16464)),.SURF_OF_LINEAR_EXTRUSION.,.F.,.F.,.F.,
(4,4),(2,2),(0.,1.),(0.,1.),.PIECEWISE_BEZIER_KNOTS.);
#108=B_SPLINE_SURFACE_WITH_KNOTS('',3,1,((#16492,#16493),(#16494,#16495),
(#16496,#16497),(#16498,#16499)),.SURF_OF_LINEAR_EXTRUSION.,.F.,.F.,.F.,
(4,4),(2,2),(0.,1.),(0.,1.),.PIECEWISE_BEZIER_KNOTS.);
#109=B_SPLINE_SURFACE_WITH_KNOTS('',3,1,((#16511,#16512),(#16513,#16514),
(#16515,#16516),(#16517,#16518)),.SURF_OF_LINEAR_EXTRUSION.,.F.,.F.,.F.,
(4,4),(2,2),(0.,1.),(0.,1.),.PIECEWISE_BEZIER_KNOTS.);
#110=B_SPLINE_SURFACE_WITH_KNOTS('',3,1,((#16532,#16533),(#16534,#16535),
(#16536,#16537),(#16538,#16539)),.SURF_OF_LINEAR_EXTRUSION.,.F.,.F.,.F.,
(4,4),(2,2),(0.,1.),(0.,1.),.PIECEWISE_BEZIER_KNOTS.);
#111=B_SPLINE_SURFACE_WITH_KNOTS('',3,1,((#16545,#16546),(#16547,#16548),
(#16549,#16550),(#16551,#16552)),.SURF_OF_LINEAR_EXTRUSION.,.F.,.F.,.F.,
(4,4),(2,2),(0.,1.),(0.,1.),.PIECEWISE_BEZIER_KNOTS.);
#112=B_SPLINE_SURFACE_WITH_KNOTS('',3,1,((#16558,#16559),(#16560,#16561),
(#16562,#16563),(#16564,#16565)),.SURF_OF_LINEAR_EXTRUSION.,.F.,.F.,.F.,
(4,4),(2,2),(0.,1.),(0.,1.),.PIECEWISE_BEZIER_KNOTS.);
#113=B_SPLINE_SURFACE_WITH_KNOTS('',3,1,((#16583,#16584),(#16585,#16586),
(#16587,#16588),(#16589,#16590)),.SURF_OF_LINEAR_EXTRUSION.,.F.,.F.,.F.,
(4,4),(2,2),(0.,1.),(0.,1.),.PIECEWISE_BEZIER_KNOTS.);
#114=B_SPLINE_SURFACE_WITH_KNOTS('',3,1,((#16596,#16597),(#16598,#16599),
(#16600,#16601),(#16602,#16603)),.SURF_OF_LINEAR_EXTRUSION.,.F.,.F.,.F.,
(4,4),(2,2),(0.,1.),(0.,1.),.PIECEWISE_BEZIER_KNOTS.);
#115=B_SPLINE_SURFACE_WITH_KNOTS('',3,1,((#16609,#16610),(#16611,#16612),
(#16613,#16614),(#16615,#16616)),.SURF_OF_LINEAR_EXTRUSION.,.F.,.F.,.F.,
(4,4),(2,2),(0.,1.),(0.,1.),.PIECEWISE_BEZIER_KNOTS.);
#116=B_SPLINE_SURFACE_WITH_KNOTS('',3,1,((#16622,#16623),(#16624,#16625),
(#16626,#16627),(#16628,#16629)),.SURF_OF_LINEAR_EXTRUSION.,.F.,.F.,.F.,
(4,4),(2,2),(0.,1.),(0.,1.),.PIECEWISE_BEZIER_KNOTS.);
#117=B_SPLINE_SURFACE_WITH_KNOTS('',3,1,((#16639,#16640),(#16641,#16642),
(#16643,#16644),(#16645,#16646)),.SURF_OF_LINEAR_EXTRUSION.,.F.,.F.,.F.,
(4,4),(2,2),(0.,1.),(0.,1.),.PIECEWISE_BEZIER_KNOTS.);
#118=B_SPLINE_SURFACE_WITH_KNOTS('',3,1,((#16650,#16651),(#16652,#16653),
(#16654,#16655),(#16656,#16657)),.SURF_OF_LINEAR_EXTRUSION.,.F.,.F.,.F.,
(4,4),(2,2),(0.,1.),(0.,1.),.PIECEWISE_BEZIER_KNOTS.);
#119=B_SPLINE_SURFACE_WITH_KNOTS('',3,1,((#16665,#16666),(#16667,#16668),
(#16669,#16670),(#16671,#16672)),.SURF_OF_LINEAR_EXTRUSION.,.F.,.F.,.F.,
(4,4),(2,2),(0.,1.),(0.,1.),.PIECEWISE_BEZIER_KNOTS.);
#120=B_SPLINE_SURFACE_WITH_KNOTS('',3,1,((#16691,#16692),(#16693,#16694),
(#16695,#16696),(#16697,#16698)),.SURF_OF_LINEAR_EXTRUSION.,.F.,.F.,.F.,
(4,4),(2,2),(0.,1.),(0.,1.),.PIECEWISE_BEZIER_KNOTS.);
#121=B_SPLINE_SURFACE_WITH_KNOTS('',3,1,((#16708,#16709),(#16710,#16711),
(#16712,#16713),(#16714,#16715)),.SURF_OF_LINEAR_EXTRUSION.,.F.,.F.,.F.,
(4,4),(2,2),(0.,1.),(0.,1.),.PIECEWISE_BEZIER_KNOTS.);
#122=B_SPLINE_SURFACE_WITH_KNOTS('',3,1,((#16725,#16726),(#16727,#16728),
(#16729,#16730),(#16731,#16732)),.SURF_OF_LINEAR_EXTRUSION.,.F.,.F.,.F.,
(4,4),(2,2),(0.,1.),(0.,1.),.PIECEWISE_BEZIER_KNOTS.);
#123=B_SPLINE_SURFACE_WITH_KNOTS('',3,1,((#16742,#16743),(#16744,#16745),
(#16746,#16747),(#16748,#16749)),.SURF_OF_LINEAR_EXTRUSION.,.F.,.F.,.F.,
(4,4),(2,2),(0.,1.),(0.,1.),.PIECEWISE_BEZIER_KNOTS.);
#124=B_SPLINE_SURFACE_WITH_KNOTS('',3,1,((#16765,#16766),(#16767,#16768),
(#16769,#16770),(#16771,#16772)),.SURF_OF_LINEAR_EXTRUSION.,.F.,.F.,.F.,
(4,4),(2,2),(0.,1.),(0.,1.),.PIECEWISE_BEZIER_KNOTS.);
#125=B_SPLINE_SURFACE_WITH_KNOTS('',3,1,((#16782,#16783),(#16784,#16785),
(#16786,#16787),(#16788,#16789)),.SURF_OF_LINEAR_EXTRUSION.,.F.,.F.,.F.,
(4,4),(2,2),(0.,1.),(0.,1.),.PIECEWISE_BEZIER_KNOTS.);
#126=B_SPLINE_SURFACE_WITH_KNOTS('',3,1,((#16799,#16800),(#16801,#16802),
(#16803,#16804),(#16805,#16806)),.SURF_OF_LINEAR_EXTRUSION.,.F.,.F.,.F.,
(4,4),(2,2),(0.,1.),(0.,1.),.PIECEWISE_BEZIER_KNOTS.);
#127=B_SPLINE_SURFACE_WITH_KNOTS('',3,1,((#16818,#16819),(#16820,#16821),
(#16822,#16823),(#16824,#16825)),.SURF_OF_LINEAR_EXTRUSION.,.F.,.F.,.F.,
(4,4),(2,2),(0.,1.),(0.,1.),.PIECEWISE_BEZIER_KNOTS.);
#128=B_SPLINE_SURFACE_WITH_KNOTS('',3,1,((#16831,#16832),(#16833,#16834),
(#16835,#16836),(#16837,#16838)),.SURF_OF_LINEAR_EXTRUSION.,.F.,.F.,.F.,
(4,4),(2,2),(0.,1.),(0.,1.),.PIECEWISE_BEZIER_KNOTS.);
#129=B_SPLINE_SURFACE_WITH_KNOTS('',3,1,((#16844,#16845),(#16846,#16847),
(#16848,#16849),(#16850,#16851)),.SURF_OF_LINEAR_EXTRUSION.,.F.,.F.,.F.,
(4,4),(2,2),(0.,1.),(0.,1.),.PIECEWISE_BEZIER_KNOTS.);
#130=B_SPLINE_SURFACE_WITH_KNOTS('',3,1,((#16857,#16858),(#16859,#16860),
(#16861,#16862),(#16863,#16864)),.SURF_OF_LINEAR_EXTRUSION.,.F.,.F.,.F.,
(4,4),(2,2),(0.,1.),(0.,1.),.PIECEWISE_BEZIER_KNOTS.);
#131=B_SPLINE_SURFACE_WITH_KNOTS('',3,1,((#16874,#16875),(#16876,#16877),
(#16878,#16879),(#16880,#16881)),.SURF_OF_LINEAR_EXTRUSION.,.F.,.F.,.F.,
(4,4),(2,2),(0.,1.),(0.,1.),.PIECEWISE_BEZIER_KNOTS.);
#132=B_SPLINE_SURFACE_WITH_KNOTS('',3,1,((#16887,#16888),(#16889,#16890),
(#16891,#16892),(#16893,#16894)),.SURF_OF_LINEAR_EXTRUSION.,.F.,.F.,.F.,
(4,4),(2,2),(0.,1.),(0.,1.),.PIECEWISE_BEZIER_KNOTS.);
#133=B_SPLINE_SURFACE_WITH_KNOTS('',3,1,((#16900,#16901),(#16902,#16903),
(#16904,#16905),(#16906,#16907)),.SURF_OF_LINEAR_EXTRUSION.,.F.,.F.,.F.,
(4,4),(2,2),(0.,1.),(0.,1.),.PIECEWISE_BEZIER_KNOTS.);
#134=B_SPLINE_SURFACE_WITH_KNOTS('',3,1,((#16911,#16912),(#16913,#16914),
(#16915,#16916),(#16917,#16918)),.SURF_OF_LINEAR_EXTRUSION.,.F.,.F.,.F.,
(4,4),(2,2),(0.,1.),(0.,1.),.PIECEWISE_BEZIER_KNOTS.);
#135=B_SPLINE_SURFACE_WITH_KNOTS('',3,1,((#16935,#16936),(#16937,#16938),
(#16939,#16940),(#16941,#16942)),.SURF_OF_LINEAR_EXTRUSION.,.F.,.F.,.F.,
(4,4),(2,2),(0.,1.),(0.,1.),.PIECEWISE_BEZIER_KNOTS.);
#136=B_SPLINE_SURFACE_WITH_KNOTS('',3,1,((#16952,#16953),(#16954,#16955),
(#16956,#16957),(#16958,#16959)),.SURF_OF_LINEAR_EXTRUSION.,.F.,.F.,.F.,
(4,4),(2,2),(0.,1.),(0.,1.),.PIECEWISE_BEZIER_KNOTS.);
#137=B_SPLINE_SURFACE_WITH_KNOTS('',3,1,((#16975,#16976),(#16977,#16978),
(#16979,#16980),(#16981,#16982)),.SURF_OF_LINEAR_EXTRUSION.,.F.,.F.,.F.,
(4,4),(2,2),(0.,1.),(0.,1.),.PIECEWISE_BEZIER_KNOTS.);
#138=B_SPLINE_SURFACE_WITH_KNOTS('',3,1,((#17034,#17035),(#17036,#17037),
(#17038,#17039),(#17040,#17041)),.SURF_OF_LINEAR_EXTRUSION.,.F.,.F.,.F.,
(4,4),(2,2),(0.,1.),(0.,1.),.PIECEWISE_BEZIER_KNOTS.);
#139=B_SPLINE_SURFACE_WITH_KNOTS('',3,1,((#17047,#17048),(#17049,#17050),
(#17051,#17052),(#17053,#17054)),.SURF_OF_LINEAR_EXTRUSION.,.F.,.F.,.F.,
(4,4),(2,2),(0.,1.),(0.,1.),.PIECEWISE_BEZIER_KNOTS.);
#140=B_SPLINE_SURFACE_WITH_KNOTS('',3,1,((#17088,#17089),(#17090,#17091),
(#17092,#17093),(#17094,#17095)),.SURF_OF_LINEAR_EXTRUSION.,.F.,.F.,.F.,
(4,4),(2,2),(0.,1.),(0.,1.),.PIECEWISE_BEZIER_KNOTS.);
#141=B_SPLINE_SURFACE_WITH_KNOTS('',3,1,((#17101,#17102),(#17103,#17104),
(#17105,#17106),(#17107,#17108)),.SURF_OF_LINEAR_EXTRUSION.,.F.,.F.,.F.,
(4,4),(2,2),(0.,1.),(0.,1.),.PIECEWISE_BEZIER_KNOTS.);
#142=B_SPLINE_SURFACE_WITH_KNOTS('',3,1,((#17122,#17123),(#17124,#17125),
(#17126,#17127),(#17128,#17129)),.SURF_OF_LINEAR_EXTRUSION.,.F.,.F.,.F.,
(4,4),(2,2),(0.,1.),(0.,1.),.PIECEWISE_BEZIER_KNOTS.);
#143=B_SPLINE_SURFACE_WITH_KNOTS('',3,1,((#17135,#17136),(#17137,#17138),
(#17139,#17140),(#17141,#17142)),.SURF_OF_LINEAR_EXTRUSION.,.F.,.F.,.F.,
(4,4),(2,2),(0.,1.),(0.,1.),.PIECEWISE_BEZIER_KNOTS.);
#144=B_SPLINE_SURFACE_WITH_KNOTS('',3,1,((#17148,#17149),(#17150,#17151),
(#17152,#17153),(#17154,#17155)),.SURF_OF_LINEAR_EXTRUSION.,.F.,.F.,.F.,
(4,4),(2,2),(0.,1.),(0.,1.),.PIECEWISE_BEZIER_KNOTS.);
#145=B_SPLINE_SURFACE_WITH_KNOTS('',3,1,((#17161,#17162),(#17163,#17164),
(#17165,#17166),(#17167,#17168)),.SURF_OF_LINEAR_EXTRUSION.,.F.,.F.,.F.,
(4,4),(2,2),(0.,1.),(0.,1.),.PIECEWISE_BEZIER_KNOTS.);
#146=B_SPLINE_SURFACE_WITH_KNOTS('',3,1,((#17254,#17255),(#17256,#17257),
(#17258,#17259),(#17260,#17261)),.SURF_OF_LINEAR_EXTRUSION.,.F.,.F.,.F.,
(4,4),(2,2),(0.,1.),(0.,1.),.PIECEWISE_BEZIER_KNOTS.);
#147=B_SPLINE_SURFACE_WITH_KNOTS('',3,1,((#17280,#17281),(#17282,#17283),
(#17284,#17285),(#17286,#17287)),.SURF_OF_LINEAR_EXTRUSION.,.F.,.F.,.F.,
(4,4),(2,2),(0.,1.),(0.,1.),.PIECEWISE_BEZIER_KNOTS.);
#148=B_SPLINE_SURFACE_WITH_KNOTS('',3,1,((#17297,#17298),(#17299,#17300),
(#17301,#17302),(#17303,#17304)),.SURF_OF_LINEAR_EXTRUSION.,.F.,.F.,.F.,
(4,4),(2,2),(0.,1.),(0.,1.),.PIECEWISE_BEZIER_KNOTS.);
#149=B_SPLINE_SURFACE_WITH_KNOTS('',3,1,((#17394,#17395),(#17396,#17397),
(#17398,#17399),(#17400,#17401)),.SURF_OF_LINEAR_EXTRUSION.,.F.,.F.,.F.,
(4,4),(2,2),(0.,1.),(0.,1.),.PIECEWISE_BEZIER_KNOTS.);
#150=B_SPLINE_SURFACE_WITH_KNOTS('',3,1,((#17407,#17408),(#17409,#17410),
(#17411,#17412),(#17413,#17414)),.SURF_OF_LINEAR_EXTRUSION.,.F.,.F.,.F.,
(4,4),(2,2),(0.,1.),(0.,1.),.PIECEWISE_BEZIER_KNOTS.);
#151=B_SPLINE_SURFACE_WITH_KNOTS('',3,1,((#17424,#17425),(#17426,#17427),
(#17428,#17429),(#17430,#17431)),.SURF_OF_LINEAR_EXTRUSION.,.F.,.F.,.F.,
(4,4),(2,2),(0.,1.),(0.,1.),.PIECEWISE_BEZIER_KNOTS.);
#152=B_SPLINE_SURFACE_WITH_KNOTS('',3,1,((#17437,#17438),(#17439,#17440),
(#17441,#17442),(#17443,#17444)),.SURF_OF_LINEAR_EXTRUSION.,.F.,.F.,.F.,
(4,4),(2,2),(0.,1.),(0.,1.),.PIECEWISE_BEZIER_KNOTS.);
#153=B_SPLINE_SURFACE_WITH_KNOTS('',3,1,((#17452,#17453),(#17454,#17455),
(#17456,#17457),(#17458,#17459)),.SURF_OF_LINEAR_EXTRUSION.,.F.,.F.,.F.,
(4,4),(2,2),(0.,1.),(0.,1.),.PIECEWISE_BEZIER_KNOTS.);
#154=B_SPLINE_SURFACE_WITH_KNOTS('',3,1,((#17467,#17468),(#17469,#17470),
(#17471,#17472),(#17473,#17474)),.SURF_OF_LINEAR_EXTRUSION.,.F.,.F.,.F.,
(4,4),(2,2),(0.,1.),(0.,1.),.PIECEWISE_BEZIER_KNOTS.);
#155=B_SPLINE_SURFACE_WITH_KNOTS('',3,1,((#17493,#17494),(#17495,#17496),
(#17497,#17498),(#17499,#17500)),.SURF_OF_LINEAR_EXTRUSION.,.F.,.F.,.F.,
(4,4),(2,2),(0.,1.),(0.,1.),.PIECEWISE_BEZIER_KNOTS.);
#156=B_SPLINE_SURFACE_WITH_KNOTS('',3,1,((#17510,#17511),(#17512,#17513),
(#17514,#17515),(#17516,#17517)),.SURF_OF_LINEAR_EXTRUSION.,.F.,.F.,.F.,
(4,4),(2,2),(0.,1.),(0.,1.),.PIECEWISE_BEZIER_KNOTS.);
#157=B_SPLINE_SURFACE_WITH_KNOTS('',3,1,((#17527,#17528),(#17529,#17530),
(#17531,#17532),(#17533,#17534)),.SURF_OF_LINEAR_EXTRUSION.,.F.,.F.,.F.,
(4,4),(2,2),(0.,1.),(0.,1.),.PIECEWISE_BEZIER_KNOTS.);
#158=B_SPLINE_SURFACE_WITH_KNOTS('',3,1,((#17544,#17545),(#17546,#17547),
(#17548,#17549),(#17550,#17551)),.SURF_OF_LINEAR_EXTRUSION.,.F.,.F.,.F.,
(4,4),(2,2),(0.,1.),(0.,1.),.PIECEWISE_BEZIER_KNOTS.);
#159=B_SPLINE_SURFACE_WITH_KNOTS('',3,1,((#17567,#17568),(#17569,#17570),
(#17571,#17572),(#17573,#17574)),.SURF_OF_LINEAR_EXTRUSION.,.F.,.F.,.F.,
(4,4),(2,2),(0.,1.),(0.,1.),.PIECEWISE_BEZIER_KNOTS.);
#160=B_SPLINE_SURFACE_WITH_KNOTS('',3,1,((#17584,#17585),(#17586,#17587),
(#17588,#17589),(#17590,#17591)),.SURF_OF_LINEAR_EXTRUSION.,.F.,.F.,.F.,
(4,4),(2,2),(0.,1.),(0.,1.),.PIECEWISE_BEZIER_KNOTS.);
#161=B_SPLINE_SURFACE_WITH_KNOTS('',3,1,((#17601,#17602),(#17603,#17604),
(#17605,#17606),(#17607,#17608)),.SURF_OF_LINEAR_EXTRUSION.,.F.,.F.,.F.,
(4,4),(2,2),(0.,1.),(0.,1.),.PIECEWISE_BEZIER_KNOTS.);
#162=B_SPLINE_SURFACE_WITH_KNOTS('',3,1,((#17620,#17621),(#17622,#17623),
(#17624,#17625),(#17626,#17627)),.SURF_OF_LINEAR_EXTRUSION.,.F.,.F.,.F.,
(4,4),(2,2),(0.,1.),(0.,1.),.PIECEWISE_BEZIER_KNOTS.);
#163=B_SPLINE_SURFACE_WITH_KNOTS('',3,1,((#17633,#17634),(#17635,#17636),
(#17637,#17638),(#17639,#17640)),.SURF_OF_LINEAR_EXTRUSION.,.F.,.F.,.F.,
(4,4),(2,2),(0.,1.),(0.,1.),.PIECEWISE_BEZIER_KNOTS.);
#164=B_SPLINE_SURFACE_WITH_KNOTS('',3,1,((#17646,#17647),(#17648,#17649),
(#17650,#17651),(#17652,#17653)),.SURF_OF_LINEAR_EXTRUSION.,.F.,.F.,.F.,
(4,4),(2,2),(0.,1.),(0.,1.),.PIECEWISE_BEZIER_KNOTS.);
#165=B_SPLINE_SURFACE_WITH_KNOTS('',3,1,((#17659,#17660),(#17661,#17662),
(#17663,#17664),(#17665,#17666)),.SURF_OF_LINEAR_EXTRUSION.,.F.,.F.,.F.,
(4,4),(2,2),(0.,1.),(0.,1.),.PIECEWISE_BEZIER_KNOTS.);
#166=B_SPLINE_SURFACE_WITH_KNOTS('',3,1,((#17676,#17677),(#17678,#17679),
(#17680,#17681),(#17682,#17683)),.SURF_OF_LINEAR_EXTRUSION.,.F.,.F.,.F.,
(4,4),(2,2),(0.,1.),(0.,1.),.PIECEWISE_BEZIER_KNOTS.);
#167=B_SPLINE_SURFACE_WITH_KNOTS('',3,1,((#17689,#17690),(#17691,#17692),
(#17693,#17694),(#17695,#17696)),.SURF_OF_LINEAR_EXTRUSION.,.F.,.F.,.F.,
(4,4),(2,2),(0.,1.),(0.,1.),.PIECEWISE_BEZIER_KNOTS.);
#168=B_SPLINE_SURFACE_WITH_KNOTS('',3,1,((#17702,#17703),(#17704,#17705),
(#17706,#17707),(#17708,#17709)),.SURF_OF_LINEAR_EXTRUSION.,.F.,.F.,.F.,
(4,4),(2,2),(0.,1.),(0.,1.),.PIECEWISE_BEZIER_KNOTS.);
#169=B_SPLINE_SURFACE_WITH_KNOTS('',3,1,((#17713,#17714),(#17715,#17716),
(#17717,#17718),(#17719,#17720)),.SURF_OF_LINEAR_EXTRUSION.,.F.,.F.,.F.,
(4,4),(2,2),(0.,1.),(0.,1.),.PIECEWISE_BEZIER_KNOTS.);
#170=B_SPLINE_SURFACE_WITH_KNOTS('',3,1,((#17728,#17729),(#17730,#17731),
(#17732,#17733),(#17734,#17735)),.SURF_OF_LINEAR_EXTRUSION.,.F.,.F.,.F.,
(4,4),(2,2),(0.,1.),(0.,1.),.PIECEWISE_BEZIER_KNOTS.);
#171=B_SPLINE_SURFACE_WITH_KNOTS('',3,1,((#17754,#17755),(#17756,#17757),
(#17758,#17759),(#17760,#17761)),.SURF_OF_LINEAR_EXTRUSION.,.F.,.F.,.F.,
(4,4),(2,2),(0.,1.),(0.,1.),.PIECEWISE_BEZIER_KNOTS.);
#172=B_SPLINE_SURFACE_WITH_KNOTS('',3,1,((#17771,#17772),(#17773,#17774),
(#17775,#17776),(#17777,#17778)),.SURF_OF_LINEAR_EXTRUSION.,.F.,.F.,.F.,
(4,4),(2,2),(0.,1.),(0.,1.),.PIECEWISE_BEZIER_KNOTS.);
#173=B_SPLINE_SURFACE_WITH_KNOTS('',3,1,((#17788,#17789),(#17790,#17791),
(#17792,#17793),(#17794,#17795)),.SURF_OF_LINEAR_EXTRUSION.,.F.,.F.,.F.,
(4,4),(2,2),(0.,1.),(0.,1.),.PIECEWISE_BEZIER_KNOTS.);
#174=B_SPLINE_SURFACE_WITH_KNOTS('',3,1,((#17805,#17806),(#17807,#17808),
(#17809,#17810),(#17811,#17812)),.SURF_OF_LINEAR_EXTRUSION.,.F.,.F.,.F.,
(4,4),(2,2),(0.,1.),(0.,1.),.PIECEWISE_BEZIER_KNOTS.);
#175=B_SPLINE_SURFACE_WITH_KNOTS('',3,1,((#17828,#17829),(#17830,#17831),
(#17832,#17833),(#17834,#17835)),.SURF_OF_LINEAR_EXTRUSION.,.F.,.F.,.F.,
(4,4),(2,2),(0.,1.),(0.,1.),.PIECEWISE_BEZIER_KNOTS.);
#176=B_SPLINE_SURFACE_WITH_KNOTS('',3,1,((#17845,#17846),(#17847,#17848),
(#17849,#17850),(#17851,#17852)),.SURF_OF_LINEAR_EXTRUSION.,.F.,.F.,.F.,
(4,4),(2,2),(0.,1.),(0.,1.),.PIECEWISE_BEZIER_KNOTS.);
#177=B_SPLINE_SURFACE_WITH_KNOTS('',3,1,((#17862,#17863),(#17864,#17865),
(#17866,#17867),(#17868,#17869)),.SURF_OF_LINEAR_EXTRUSION.,.F.,.F.,.F.,
(4,4),(2,2),(0.,1.),(0.,1.),.PIECEWISE_BEZIER_KNOTS.);
#178=B_SPLINE_SURFACE_WITH_KNOTS('',3,1,((#17881,#17882),(#17883,#17884),
(#17885,#17886),(#17887,#17888)),.SURF_OF_LINEAR_EXTRUSION.,.F.,.F.,.F.,
(4,4),(2,2),(0.,1.),(0.,1.),.PIECEWISE_BEZIER_KNOTS.);
#179=B_SPLINE_SURFACE_WITH_KNOTS('',3,1,((#17894,#17895),(#17896,#17897),
(#17898,#17899),(#17900,#17901)),.SURF_OF_LINEAR_EXTRUSION.,.F.,.F.,.F.,
(4,4),(2,2),(0.,1.),(0.,1.),.PIECEWISE_BEZIER_KNOTS.);
#180=B_SPLINE_SURFACE_WITH_KNOTS('',3,1,((#17907,#17908),(#17909,#17910),
(#17911,#17912),(#17913,#17914)),.SURF_OF_LINEAR_EXTRUSION.,.F.,.F.,.F.,
(4,4),(2,2),(0.,1.),(0.,1.),.PIECEWISE_BEZIER_KNOTS.);
#181=B_SPLINE_SURFACE_WITH_KNOTS('',3,1,((#17920,#17921),(#17922,#17923),
(#17924,#17925),(#17926,#17927)),.SURF_OF_LINEAR_EXTRUSION.,.F.,.F.,.F.,
(4,4),(2,2),(0.,1.),(0.,1.),.PIECEWISE_BEZIER_KNOTS.);
#182=B_SPLINE_SURFACE_WITH_KNOTS('',3,1,((#17937,#17938),(#17939,#17940),
(#17941,#17942),(#17943,#17944)),.SURF_OF_LINEAR_EXTRUSION.,.F.,.F.,.F.,
(4,4),(2,2),(0.,1.),(0.,1.),.PIECEWISE_BEZIER_KNOTS.);
#183=B_SPLINE_SURFACE_WITH_KNOTS('',3,1,((#17950,#17951),(#17952,#17953),
(#17954,#17955),(#17956,#17957)),.SURF_OF_LINEAR_EXTRUSION.,.F.,.F.,.F.,
(4,4),(2,2),(0.,1.),(0.,1.),.PIECEWISE_BEZIER_KNOTS.);
#184=B_SPLINE_SURFACE_WITH_KNOTS('',3,1,((#17963,#17964),(#17965,#17966),
(#17967,#17968),(#17969,#17970)),.SURF_OF_LINEAR_EXTRUSION.,.F.,.F.,.F.,
(4,4),(2,2),(0.,1.),(0.,1.),.PIECEWISE_BEZIER_KNOTS.);
#185=B_SPLINE_SURFACE_WITH_KNOTS('',3,1,((#17974,#17975),(#17976,#17977),
(#17978,#17979),(#17980,#17981)),.SURF_OF_LINEAR_EXTRUSION.,.F.,.F.,.F.,
(4,4),(2,2),(0.,1.),(0.,1.),.PIECEWISE_BEZIER_KNOTS.);
#186=B_SPLINE_SURFACE_WITH_KNOTS('',3,1,((#17989,#17990),(#17991,#17992),
(#17993,#17994),(#17995,#17996)),.SURF_OF_LINEAR_EXTRUSION.,.F.,.F.,.F.,
(4,4),(2,2),(0.,1.),(0.,1.),.PIECEWISE_BEZIER_KNOTS.);
#187=B_SPLINE_SURFACE_WITH_KNOTS('',3,1,((#18015,#18016),(#18017,#18018),
(#18019,#18020),(#18021,#18022)),.SURF_OF_LINEAR_EXTRUSION.,.F.,.F.,.F.,
(4,4),(2,2),(0.,1.),(0.,1.),.PIECEWISE_BEZIER_KNOTS.);
#188=B_SPLINE_SURFACE_WITH_KNOTS('',3,1,((#18032,#18033),(#18034,#18035),
(#18036,#18037),(#18038,#18039)),.SURF_OF_LINEAR_EXTRUSION.,.F.,.F.,.F.,
(4,4),(2,2),(0.,1.),(0.,1.),.PIECEWISE_BEZIER_KNOTS.);
#189=B_SPLINE_SURFACE_WITH_KNOTS('',3,1,((#18049,#18050),(#18051,#18052),
(#18053,#18054),(#18055,#18056)),.SURF_OF_LINEAR_EXTRUSION.,.F.,.F.,.F.,
(4,4),(2,2),(0.,1.),(0.,1.),.PIECEWISE_BEZIER_KNOTS.);
#190=B_SPLINE_SURFACE_WITH_KNOTS('',3,1,((#18066,#18067),(#18068,#18069),
(#18070,#18071),(#18072,#18073)),.SURF_OF_LINEAR_EXTRUSION.,.F.,.F.,.F.,
(4,4),(2,2),(0.,1.),(0.,1.),.PIECEWISE_BEZIER_KNOTS.);
#191=B_SPLINE_SURFACE_WITH_KNOTS('',3,1,((#18089,#18090),(#18091,#18092),
(#18093,#18094),(#18095,#18096)),.SURF_OF_LINEAR_EXTRUSION.,.F.,.F.,.F.,
(4,4),(2,2),(0.,1.),(0.,1.),.PIECEWISE_BEZIER_KNOTS.);
#192=B_SPLINE_SURFACE_WITH_KNOTS('',3,1,((#18106,#18107),(#18108,#18109),
(#18110,#18111),(#18112,#18113)),.SURF_OF_LINEAR_EXTRUSION.,.F.,.F.,.F.,
(4,4),(2,2),(0.,1.),(0.,1.),.PIECEWISE_BEZIER_KNOTS.);
#193=B_SPLINE_SURFACE_WITH_KNOTS('',3,1,((#18123,#18124),(#18125,#18126),
(#18127,#18128),(#18129,#18130)),.SURF_OF_LINEAR_EXTRUSION.,.F.,.F.,.F.,
(4,4),(2,2),(0.,1.),(0.,1.),.PIECEWISE_BEZIER_KNOTS.);
#194=B_SPLINE_SURFACE_WITH_KNOTS('',3,1,((#18142,#18143),(#18144,#18145),
(#18146,#18147),(#18148,#18149)),.SURF_OF_LINEAR_EXTRUSION.,.F.,.F.,.F.,
(4,4),(2,2),(0.,1.),(0.,1.),.PIECEWISE_BEZIER_KNOTS.);
#195=B_SPLINE_SURFACE_WITH_KNOTS('',3,1,((#18155,#18156),(#18157,#18158),
(#18159,#18160),(#18161,#18162)),.SURF_OF_LINEAR_EXTRUSION.,.F.,.F.,.F.,
(4,4),(2,2),(0.,1.),(0.,1.),.PIECEWISE_BEZIER_KNOTS.);
#196=B_SPLINE_SURFACE_WITH_KNOTS('',3,1,((#18168,#18169),(#18170,#18171),
(#18172,#18173),(#18174,#18175)),.SURF_OF_LINEAR_EXTRUSION.,.F.,.F.,.F.,
(4,4),(2,2),(0.,1.),(0.,1.),.PIECEWISE_BEZIER_KNOTS.);
#197=B_SPLINE_SURFACE_WITH_KNOTS('',3,1,((#18181,#18182),(#18183,#18184),
(#18185,#18186),(#18187,#18188)),.SURF_OF_LINEAR_EXTRUSION.,.F.,.F.,.F.,
(4,4),(2,2),(0.,1.),(0.,1.),.PIECEWISE_BEZIER_KNOTS.);
#198=B_SPLINE_SURFACE_WITH_KNOTS('',3,1,((#18198,#18199),(#18200,#18201),
(#18202,#18203),(#18204,#18205)),.SURF_OF_LINEAR_EXTRUSION.,.F.,.F.,.F.,
(4,4),(2,2),(0.,1.),(0.,1.),.PIECEWISE_BEZIER_KNOTS.);
#199=B_SPLINE_SURFACE_WITH_KNOTS('',3,1,((#18211,#18212),(#18213,#18214),
(#18215,#18216),(#18217,#18218)),.SURF_OF_LINEAR_EXTRUSION.,.F.,.F.,.F.,
(4,4),(2,2),(0.,1.),(0.,1.),.PIECEWISE_BEZIER_KNOTS.);
#200=B_SPLINE_SURFACE_WITH_KNOTS('',3,1,((#18224,#18225),(#18226,#18227),
(#18228,#18229),(#18230,#18231)),.SURF_OF_LINEAR_EXTRUSION.,.F.,.F.,.F.,
(4,4),(2,2),(0.,1.),(0.,1.),.PIECEWISE_BEZIER_KNOTS.);
#201=B_SPLINE_SURFACE_WITH_KNOTS('',3,1,((#18235,#18236),(#18237,#18238),
(#18239,#18240),(#18241,#18242)),.SURF_OF_LINEAR_EXTRUSION.,.F.,.F.,.F.,
(4,4),(2,2),(0.,1.),(0.,1.),.PIECEWISE_BEZIER_KNOTS.);
#202=B_SPLINE_SURFACE_WITH_KNOTS('',3,1,((#18400,#18401),(#18402,#18403),
(#18404,#18405),(#18406,#18407)),.SURF_OF_LINEAR_EXTRUSION.,.F.,.F.,.F.,
(4,4),(2,2),(0.,1.),(0.,1.),.PIECEWISE_BEZIER_KNOTS.);
#203=B_SPLINE_SURFACE_WITH_KNOTS('',3,1,((#18413,#18414),(#18415,#18416),
(#18417,#18418),(#18419,#18420)),.SURF_OF_LINEAR_EXTRUSION.,.F.,.F.,.F.,
(4,4),(2,2),(0.,1.),(0.,1.),.PIECEWISE_BEZIER_KNOTS.);
#204=B_SPLINE_SURFACE_WITH_KNOTS('',3,1,((#18454,#18455),(#18456,#18457),
(#18458,#18459),(#18460,#18461)),.SURF_OF_LINEAR_EXTRUSION.,.F.,.F.,.F.,
(4,4),(2,2),(0.,1.),(0.,1.),.PIECEWISE_BEZIER_KNOTS.);
#205=B_SPLINE_SURFACE_WITH_KNOTS('',3,1,((#18467,#18468),(#18469,#18470),
(#18471,#18472),(#18473,#18474)),.SURF_OF_LINEAR_EXTRUSION.,.F.,.F.,.F.,
(4,4),(2,2),(0.,1.),(0.,1.),.PIECEWISE_BEZIER_KNOTS.);
#206=B_SPLINE_SURFACE_WITH_KNOTS('',3,1,((#18557,#18558),(#18559,#18560),
(#18561,#18562),(#18563,#18564)),.SURF_OF_LINEAR_EXTRUSION.,.F.,.F.,.F.,
(4,4),(2,2),(0.,1.),(0.,1.),.PIECEWISE_BEZIER_KNOTS.);
#207=B_SPLINE_SURFACE_WITH_KNOTS('',3,1,((#18570,#18571),(#18572,#18573),
(#18574,#18575),(#18576,#18577)),.SURF_OF_LINEAR_EXTRUSION.,.F.,.F.,.F.,
(4,4),(2,2),(0.,1.),(0.,1.),.PIECEWISE_BEZIER_KNOTS.);
#208=B_SPLINE_SURFACE_WITH_KNOTS('',3,1,((#18603,#18604),(#18605,#18606),
(#18607,#18608),(#18609,#18610)),.SURF_OF_LINEAR_EXTRUSION.,.F.,.F.,.F.,
(4,4),(2,2),(0.,1.),(0.,1.),.PIECEWISE_BEZIER_KNOTS.);
#209=B_SPLINE_SURFACE_WITH_KNOTS('',3,1,((#18616,#18617),(#18618,#18619),
(#18620,#18621),(#18622,#18623)),.SURF_OF_LINEAR_EXTRUSION.,.F.,.F.,.F.,
(4,4),(2,2),(0.,1.),(0.,1.),.PIECEWISE_BEZIER_KNOTS.);
#210=B_SPLINE_SURFACE_WITH_KNOTS('',3,1,((#18928,#18929),(#18930,#18931),
(#18932,#18933),(#18934,#18935)),.SURF_OF_LINEAR_EXTRUSION.,.F.,.F.,.F.,
(4,4),(2,2),(0.,1.),(0.,1.),.PIECEWISE_BEZIER_KNOTS.);
#211=B_SPLINE_SURFACE_WITH_KNOTS('',3,1,((#18945,#18946),(#18947,#18948),
(#18949,#18950),(#18951,#18952)),.SURF_OF_LINEAR_EXTRUSION.,.F.,.F.,.F.,
(4,4),(2,2),(0.,1.),(0.,1.),.PIECEWISE_BEZIER_KNOTS.);
#212=B_SPLINE_SURFACE_WITH_KNOTS('',3,1,((#18958,#18959),(#18960,#18961),
(#18962,#18963),(#18964,#18965)),.SURF_OF_LINEAR_EXTRUSION.,.F.,.F.,.F.,
(4,4),(2,2),(0.,1.),(0.,1.),.PIECEWISE_BEZIER_KNOTS.);
#213=B_SPLINE_SURFACE_WITH_KNOTS('',3,1,((#18971,#18972),(#18973,#18974),
(#18975,#18976),(#18977,#18978)),.SURF_OF_LINEAR_EXTRUSION.,.F.,.F.,.F.,
(4,4),(2,2),(0.,1.),(0.,1.),.PIECEWISE_BEZIER_KNOTS.);
#214=B_SPLINE_SURFACE_WITH_KNOTS('',3,1,((#18984,#18985),(#18986,#18987),
(#18988,#18989),(#18990,#18991)),.SURF_OF_LINEAR_EXTRUSION.,.F.,.F.,.F.,
(4,4),(2,2),(0.,1.),(0.,1.),.PIECEWISE_BEZIER_KNOTS.);
#215=B_SPLINE_SURFACE_WITH_KNOTS('',3,1,((#19005,#19006),(#19007,#19008),
(#19009,#19010),(#19011,#19012)),.SURF_OF_LINEAR_EXTRUSION.,.F.,.F.,.F.,
(4,4),(2,2),(0.,1.),(0.,1.),.PIECEWISE_BEZIER_KNOTS.);
#216=B_SPLINE_SURFACE_WITH_KNOTS('',3,1,((#19018,#19019),(#19020,#19021),
(#19022,#19023),(#19024,#19025)),.SURF_OF_LINEAR_EXTRUSION.,.F.,.F.,.F.,
(4,4),(2,2),(0.,1.),(0.,1.),.PIECEWISE_BEZIER_KNOTS.);
#217=B_SPLINE_SURFACE_WITH_KNOTS('',3,1,((#19031,#19032),(#19033,#19034),
(#19035,#19036),(#19037,#19038)),.SURF_OF_LINEAR_EXTRUSION.,.F.,.F.,.F.,
(4,4),(2,2),(0.,1.),(0.,1.),.PIECEWISE_BEZIER_KNOTS.);
#218=B_SPLINE_SURFACE_WITH_KNOTS('',3,1,((#19044,#19045),(#19046,#19047),
(#19048,#19049),(#19050,#19051)),.SURF_OF_LINEAR_EXTRUSION.,.F.,.F.,.F.,
(4,4),(2,2),(0.,1.),(0.,1.),.PIECEWISE_BEZIER_KNOTS.);
#219=B_SPLINE_SURFACE_WITH_KNOTS('',3,1,((#19057,#19058),(#19059,#19060),
(#19061,#19062),(#19063,#19064)),.SURF_OF_LINEAR_EXTRUSION.,.F.,.F.,.F.,
(4,4),(2,2),(0.,1.),(0.,1.),.PIECEWISE_BEZIER_KNOTS.);
#220=B_SPLINE_SURFACE_WITH_KNOTS('',3,1,((#19070,#19071),(#19072,#19073),
(#19074,#19075),(#19076,#19077)),.SURF_OF_LINEAR_EXTRUSION.,.F.,.F.,.F.,
(4,4),(2,2),(0.,1.),(0.,1.),.PIECEWISE_BEZIER_KNOTS.);
#221=B_SPLINE_SURFACE_WITH_KNOTS('',3,1,((#19157,#19158),(#19159,#19160),
(#19161,#19162),(#19163,#19164)),.SURF_OF_LINEAR_EXTRUSION.,.F.,.F.,.F.,
(4,4),(2,2),(0.,1.),(0.,1.),.PIECEWISE_BEZIER_KNOTS.);
#222=B_SPLINE_SURFACE_WITH_KNOTS('',3,1,((#19170,#19171),(#19172,#19173),
(#19174,#19175),(#19176,#19177)),.SURF_OF_LINEAR_EXTRUSION.,.F.,.F.,.F.,
(4,4),(2,2),(0.,1.),(0.,1.),.PIECEWISE_BEZIER_KNOTS.);
#223=B_SPLINE_SURFACE_WITH_KNOTS('',3,1,((#19207,#19208),(#19209,#19210),
(#19211,#19212),(#19213,#19214)),.SURF_OF_LINEAR_EXTRUSION.,.F.,.F.,.F.,
(4,4),(2,2),(0.,1.),(0.,1.),.PIECEWISE_BEZIER_KNOTS.);
#224=B_SPLINE_SURFACE_WITH_KNOTS('',3,1,((#19285,#19286),(#19287,#19288),
(#19289,#19290),(#19291,#19292)),.SURF_OF_LINEAR_EXTRUSION.,.F.,.F.,.F.,
(4,4),(2,2),(0.,1.),(0.,1.),.PIECEWISE_BEZIER_KNOTS.);
#225=B_SPLINE_SURFACE_WITH_KNOTS('',3,1,((#19298,#19299),(#19300,#19301),
(#19302,#19303),(#19304,#19305)),.SURF_OF_LINEAR_EXTRUSION.,.F.,.F.,.F.,
(4,4),(2,2),(0.,1.),(0.,1.),.PIECEWISE_BEZIER_KNOTS.);
#226=B_SPLINE_SURFACE_WITH_KNOTS('',3,1,((#19331,#19332),(#19333,#19334),
(#19335,#19336),(#19337,#19338)),.SURF_OF_LINEAR_EXTRUSION.,.F.,.F.,.F.,
(4,4),(2,2),(0.,1.),(0.,1.),.PIECEWISE_BEZIER_KNOTS.);
#227=B_SPLINE_SURFACE_WITH_KNOTS('',3,1,((#19344,#19345),(#19346,#19347),
(#19348,#19349),(#19350,#19351)),.SURF_OF_LINEAR_EXTRUSION.,.F.,.F.,.F.,
(4,4),(2,2),(0.,1.),(0.,1.),.PIECEWISE_BEZIER_KNOTS.);
#228=CIRCLE('',#11472,0.000968963473600338);
#229=CIRCLE('',#11473,0.0008642787952878);
#230=CIRCLE('',#11474,0.000813744938246299);
#231=CIRCLE('',#11475,0.000967245557325081);
#232=CIRCLE('',#11476,0.000968963473599641);
#233=CIRCLE('',#11477,0.000864278795287861);
#234=CIRCLE('',#11478,0.000813744938253216);
#235=CIRCLE('',#11479,0.000967245557320674);
#236=CIRCLE('',#11480,0.00155);
#237=CIRCLE('',#11481,0.00155);
#238=CIRCLE('',#11482,0.00155);
#239=CIRCLE('',#11483,0.00155);
#240=CIRCLE('',#11484,0.00155);
#241=CIRCLE('',#11485,0.00155);
#242=CIRCLE('',#11486,0.00155);
#243=CIRCLE('',#11487,0.00155);
#244=CIRCLE('',#11488,0.00155);
#245=CIRCLE('',#11489,0.006);
#246=CIRCLE('',#11490,0.006);
#247=CIRCLE('',#11491,0.003);
#248=CIRCLE('',#11492,0.003);
#249=CIRCLE('',#11493,0.003);
#250=CIRCLE('',#11494,0.003);
#251=CIRCLE('',#11495,0.003);
#252=CIRCLE('',#11496,0.003);
#253=CIRCLE('',#11497,0.003);
#254=CIRCLE('',#11498,0.003);
#255=CIRCLE('',#11499,0.0085);
#256=CIRCLE('',#11500,0.00119213582473525);
#257=CIRCLE('',#11501,0.00200820072591873);
#258=CIRCLE('',#11502,0.00199234171118627);
#259=CIRCLE('',#11503,0.00150982272942001);
#260=CIRCLE('',#11504,0.00111982298551541);
#261=CIRCLE('',#11505,0.00110252442764688);
#262=CIRCLE('',#11506,0.00102342118893815);
#263=CIRCLE('',#11507,0.000856189043356871);
#264=CIRCLE('',#11508,0.000641175164494219);
#265=CIRCLE('',#11509,0.00221718648279535);
#266=CIRCLE('',#11510,0.0018077930337095);
#267=CIRCLE('',#11511,0.000955454347946206);
#268=CIRCLE('',#11512,0.00107803802460281);
#269=CIRCLE('',#11513,0.000934896554340889);
#270=CIRCLE('',#11514,0.000614885042189578);
#271=CIRCLE('',#11515,0.00057548588391035);
#272=CIRCLE('',#11516,0.000988545160050712);
#273=CIRCLE('',#11517,0.000983910191104596);
#274=CIRCLE('',#11518,0.000797603856310745);
#275=CIRCLE('',#11519,0.000560271823342639);
#276=CIRCLE('',#11520,0.00119213582473681);
#277=CIRCLE('',#11521,0.000251133000109822);
#278=CIRCLE('',#11522,0.00128323511536968);
#279=CIRCLE('',#11523,0.00143240247105939);
#280=CIRCLE('',#11524,0.00189387222891086);
#281=CIRCLE('',#11525,0.00182996255499315);
#282=CIRCLE('',#11526,0.000988545160050829);
#283=CIRCLE('',#11527,0.000983910191104655);
#284=CIRCLE('',#11528,0.000797603856275929);
#285=CIRCLE('',#11529,0.000560271823343897);
#286=CIRCLE('',#11535,0.00155);
#287=CIRCLE('',#11536,0.00155);
#288=CIRCLE('',#11537,0.00155);
#289=CIRCLE('',#11538,0.00155);
#290=CIRCLE('',#11539,0.00155);
#291=CIRCLE('',#11540,0.00155);
#292=CIRCLE('',#11541,0.00155);
#293=CIRCLE('',#11542,0.00155);
#294=CIRCLE('',#11543,0.00155);
#295=CIRCLE('',#11544,0.006);
#296=CIRCLE('',#11545,0.006);
#297=CIRCLE('',#11546,0.003);
#298=CIRCLE('',#11547,0.003);
#299=CIRCLE('',#11548,0.003);
#300=CIRCLE('',#11549,0.003);
#301=CIRCLE('',#11550,0.003);
#302=CIRCLE('',#11551,0.003);
#303=CIRCLE('',#11552,0.003);
#304=CIRCLE('',#11553,0.003);
#305=CIRCLE('',#11554,0.0085);
#306=CIRCLE('',#11638,0.00119213582473525);
#307=CIRCLE('',#11664,0.000557367428910348);
#308=CIRCLE('',#11665,0.000557367428910348);
#309=CIRCLE('',#11667,0.000605150736128821);
#310=CIRCLE('',#11668,0.000605150736128821);
#311=CIRCLE('',#11671,0.000562035650655033);
#312=CIRCLE('',#11672,0.000562035650655033);
#313=CIRCLE('',#11674,0.00061623352138041);
#314=CIRCLE('',#11675,0.00061623352138041);
#315=CIRCLE('',#11677,0.000968963473599641);
#316=CIRCLE('',#11688,0.000967245557320674);
#317=CIRCLE('',#11690,0.000813744938253216);
#318=CIRCLE('',#11693,0.000864278795287861);
#319=CIRCLE('',#11696,0.000409671520427871);
#320=CIRCLE('',#11697,0.000409671520427871);
#321=CIRCLE('',#11702,0.00200820072591873);
#322=CIRCLE('',#11705,0.00199234171118627);
#323=CIRCLE('',#11717,0.000683764959121525);
#324=CIRCLE('',#11718,0.000683764959121525);
#325=CIRCLE('',#11720,0.000368895902956413);
#326=CIRCLE('',#11721,0.000368895902956413);
#327=CIRCLE('',#11725,0.00150982272942001);
#328=CIRCLE('',#11730,0.000955454347946206);
#329=CIRCLE('',#11734,0.0018077930337095);
#330=CIRCLE('',#11736,0.00221718648279535);
#331=CIRCLE('',#11741,0.000641175164494219);
#332=CIRCLE('',#11743,0.000856189043356871);
#333=CIRCLE('',#11747,0.00102342118893815);
#334=CIRCLE('',#11749,0.00110252442764688);
#335=CIRCLE('',#11751,0.00111982298551541);
#336=CIRCLE('',#11753,0.000636826226623408);
#337=CIRCLE('',#11754,0.000636826226623408);
#338=CIRCLE('',#11776,0.000557367428910679);
#339=CIRCLE('',#11777,0.000557367428910679);
#340=CIRCLE('',#11779,0.000605150736121999);
#341=CIRCLE('',#11780,0.000605150736121999);
#342=CIRCLE('',#11783,0.000562035650655561);
#343=CIRCLE('',#11784,0.000562035650655561);
#344=CIRCLE('',#11786,0.00061623352138);
#345=CIRCLE('',#11787,0.00061623352138);
#346=CIRCLE('',#11789,0.000968963473600338);
#347=CIRCLE('',#11800,0.000967245557325081);
#348=CIRCLE('',#11802,0.000813744938246299);
#349=CIRCLE('',#11805,0.0008642787952878);
#350=CIRCLE('',#11861,0.00057548588391035);
#351=CIRCLE('',#11863,0.000614885042189578);
#352=CIRCLE('',#11872,0.000934896554340889);
#353=CIRCLE('',#11874,0.00107803802460281);
#354=CIRCLE('',#11882,0.000988545160050712);
#355=CIRCLE('',#11893,0.000560271823342639);
#356=CIRCLE('',#11895,0.000797603856310745);
#357=CIRCLE('',#11902,0.000983910191104596);
#358=CIRCLE('',#11983,0.00119213582473681);
#359=CIRCLE('',#12007,0.00182996255499315);
#360=CIRCLE('',#12009,0.00189387222891086);
#361=CIRCLE('',#12012,0.00143240247105939);
#362=CIRCLE('',#12014,0.00128323511536968);
#363=CIRCLE('',#12016,0.000251133000109822);
#364=CIRCLE('',#12023,0.000988545160050829);
#365=CIRCLE('',#12034,0.000560271823343897);
#366=CIRCLE('',#12036,0.000797603856275929);
#367=CIRCLE('',#12043,0.000983910191104655);
#368=B_SPLINE_CURVE_WITH_KNOTS('',2,(#14478,#14479,#14480),
 .UNSPECIFIED.,.F.,.F.,(3,3),(0.,1.),.PIECEWISE_BEZIER_KNOTS.);
#369=B_SPLINE_CURVE_WITH_KNOTS('',2,(#14482,#14483,#14484),
 .UNSPECIFIED.,.F.,.F.,(3,3),(0.,1.),.PIECEWISE_BEZIER_KNOTS.);
#370=B_SPLINE_CURVE_WITH_KNOTS('',2,(#14486,#14487,#14488),
 .UNSPECIFIED.,.F.,.F.,(3,3),(0.,1.),.PIECEWISE_BEZIER_KNOTS.);
#371=B_SPLINE_CURVE_WITH_KNOTS('',2,(#14490,#14491,#14492),
 .UNSPECIFIED.,.F.,.F.,(3,3),(0.,1.),.PIECEWISE_BEZIER_KNOTS.);
#372=B_SPLINE_CURVE_WITH_KNOTS('',2,(#14496,#14497,#14498),
 .UNSPECIFIED.,.F.,.F.,(3,3),(0.,1.),.PIECEWISE_BEZIER_KNOTS.);
#373=B_SPLINE_CURVE_WITH_KNOTS('',2,(#14500,#14501,#14502),
 .UNSPECIFIED.,.F.,.F.,(3,3),(0.,1.),.PIECEWISE_BEZIER_KNOTS.);
#374=B_SPLINE_CURVE_WITH_KNOTS('',2,(#14504,#14505,#14506),
 .UNSPECIFIED.,.F.,.F.,(3,3),(0.,1.),.PIECEWISE_BEZIER_KNOTS.);
#375=B_SPLINE_CURVE_WITH_KNOTS('',2,(#14508,#14509,#14510),
 .UNSPECIFIED.,.F.,.F.,(3,3),(0.,1.),.PIECEWISE_BEZIER_KNOTS.);
#376=B_SPLINE_CURVE_WITH_KNOTS('',2,(#14518,#14519,#14520),
 .UNSPECIFIED.,.F.,.F.,(3,3),(0.,1.),.PIECEWISE_BEZIER_KNOTS.);
#377=B_SPLINE_CURVE_WITH_KNOTS('',2,(#14522,#14523,#14524),
 .UNSPECIFIED.,.F.,.F.,(3,3),(0.,1.),.PIECEWISE_BEZIER_KNOTS.);
#378=B_SPLINE_CURVE_WITH_KNOTS('',2,(#14528,#14529,#14530),
 .UNSPECIFIED.,.F.,.F.,(3,3),(0.,1.),.PIECEWISE_BEZIER_KNOTS.);
#379=B_SPLINE_CURVE_WITH_KNOTS('',2,(#14532,#14533,#14534),
 .UNSPECIFIED.,.F.,.F.,(3,3),(0.,1.),.PIECEWISE_BEZIER_KNOTS.);
#380=B_SPLINE_CURVE_WITH_KNOTS('',2,(#14574,#14575,#14576),
 .UNSPECIFIED.,.F.,.F.,(3,3),(0.,1.),.PIECEWISE_BEZIER_KNOTS.);
#381=B_SPLINE_CURVE_WITH_KNOTS('',2,(#14578,#14579,#14580),
 .UNSPECIFIED.,.F.,.F.,(3,3),(0.,1.),.PIECEWISE_BEZIER_KNOTS.);
#382=B_SPLINE_CURVE_WITH_KNOTS('',2,(#14582,#14583,#14584),
 .UNSPECIFIED.,.F.,.F.,(3,3),(0.,1.),.PIECEWISE_BEZIER_KNOTS.);
#383=B_SPLINE_CURVE_WITH_KNOTS('',2,(#14586,#14587,#14588),
 .UNSPECIFIED.,.F.,.F.,(3,3),(0.,1.),.PIECEWISE_BEZIER_KNOTS.);
#384=B_SPLINE_CURVE_WITH_KNOTS('',2,(#14592,#14593,#14594),
 .UNSPECIFIED.,.F.,.F.,(3,3),(0.,1.),.PIECEWISE_BEZIER_KNOTS.);
#385=B_SPLINE_CURVE_WITH_KNOTS('',2,(#14596,#14597,#14598),
 .UNSPECIFIED.,.F.,.F.,(3,3),(0.,1.),.PIECEWISE_BEZIER_KNOTS.);
#386=B_SPLINE_CURVE_WITH_KNOTS('',2,(#14600,#14601,#14602),
 .UNSPECIFIED.,.F.,.F.,(3,3),(0.,1.),.PIECEWISE_BEZIER_KNOTS.);
#387=B_SPLINE_CURVE_WITH_KNOTS('',2,(#14604,#14605,#14606),
 .UNSPECIFIED.,.F.,.F.,(3,3),(0.,1.),.PIECEWISE_BEZIER_KNOTS.);
#388=B_SPLINE_CURVE_WITH_KNOTS('',2,(#14614,#14615,#14616),
 .UNSPECIFIED.,.F.,.F.,(3,3),(0.,1.),.PIECEWISE_BEZIER_KNOTS.);
#389=B_SPLINE_CURVE_WITH_KNOTS('',2,(#14618,#14619,#14620),
 .UNSPECIFIED.,.F.,.F.,(3,3),(0.,1.),.PIECEWISE_BEZIER_KNOTS.);
#390=B_SPLINE_CURVE_WITH_KNOTS('',2,(#14624,#14625,#14626),
 .UNSPECIFIED.,.F.,.F.,(3,3),(0.,1.),.PIECEWISE_BEZIER_KNOTS.);
#391=B_SPLINE_CURVE_WITH_KNOTS('',2,(#14628,#14629,#14630),
 .UNSPECIFIED.,.F.,.F.,(3,3),(0.,1.),.PIECEWISE_BEZIER_KNOTS.);
#392=B_SPLINE_CURVE_WITH_KNOTS('',3,(#14710,#14711,#14712,#14713,#14714,
#14715,#14716),.UNSPECIFIED.,.F.,.F.,(4,1,1,1,4),(0.,0.25,0.5,0.75,1.),
 .QUASI_UNIFORM_KNOTS.);
#393=B_SPLINE_CURVE_WITH_KNOTS('',3,(#14720,#14721,#14722,#14723,#14724,
#14725,#14726),.UNSPECIFIED.,.F.,.F.,(4,1,1,1,4),(0.,0.25,0.5,0.75,1.),
 .QUASI_UNIFORM_KNOTS.);
#394=B_SPLINE_CURVE_WITH_KNOTS('',2,(#14818,#14819,#14820),
 .UNSPECIFIED.,.F.,.F.,(3,3),(0.,1.),.PIECEWISE_BEZIER_KNOTS.);
#395=B_SPLINE_CURVE_WITH_KNOTS('',2,(#14822,#14823,#14824),
 .UNSPECIFIED.,.F.,.F.,(3,3),(0.,1.),.PIECEWISE_BEZIER_KNOTS.);
#396=B_SPLINE_CURVE_WITH_KNOTS('',2,(#14826,#14827,#14828),
 .UNSPECIFIED.,.F.,.F.,(3,3),(0.,1.),.PIECEWISE_BEZIER_KNOTS.);
#397=B_SPLINE_CURVE_WITH_KNOTS('',2,(#14830,#14831,#14832),
 .UNSPECIFIED.,.F.,.F.,(3,3),(0.,1.),.PIECEWISE_BEZIER_KNOTS.);
#398=B_SPLINE_CURVE_WITH_KNOTS('',2,(#14834,#14835,#14836),
 .UNSPECIFIED.,.F.,.F.,(3,3),(0.,1.),.PIECEWISE_BEZIER_KNOTS.);
#399=B_SPLINE_CURVE_WITH_KNOTS('',2,(#14838,#14839,#14840),
 .UNSPECIFIED.,.F.,.F.,(3,3),(0.,1.),.PIECEWISE_BEZIER_KNOTS.);
#400=B_SPLINE_CURVE_WITH_KNOTS('',2,(#14846,#14847,#14848),
 .UNSPECIFIED.,.F.,.F.,(3,3),(0.,1.),.PIECEWISE_BEZIER_KNOTS.);
#401=B_SPLINE_CURVE_WITH_KNOTS('',2,(#14850,#14851,#14852),
 .UNSPECIFIED.,.F.,.F.,(3,3),(0.,1.),.PIECEWISE_BEZIER_KNOTS.);
#402=B_SPLINE_CURVE_WITH_KNOTS('',2,(#14854,#14855,#14856),
 .UNSPECIFIED.,.F.,.F.,(3,3),(0.,1.),.PIECEWISE_BEZIER_KNOTS.);
#403=B_SPLINE_CURVE_WITH_KNOTS('',2,(#14858,#14859,#14860),
 .UNSPECIFIED.,.F.,.F.,(3,3),(0.,1.),.PIECEWISE_BEZIER_KNOTS.);
#404=B_SPLINE_CURVE_WITH_KNOTS('',2,(#14864,#14865,#14866),
 .UNSPECIFIED.,.F.,.F.,(3,3),(0.,1.),.PIECEWISE_BEZIER_KNOTS.);
#405=B_SPLINE_CURVE_WITH_KNOTS('',2,(#14918,#14919,#14920),
 .UNSPECIFIED.,.F.,.F.,(3,3),(0.,1.),.PIECEWISE_BEZIER_KNOTS.);
#406=B_SPLINE_CURVE_WITH_KNOTS('',2,(#14922,#14923,#14924),
 .UNSPECIFIED.,.F.,.F.,(3,3),(0.,1.),.PIECEWISE_BEZIER_KNOTS.);
#407=B_SPLINE_CURVE_WITH_KNOTS('',2,(#14928,#14929,#14930),
 .UNSPECIFIED.,.F.,.F.,(3,3),(0.,1.),.PIECEWISE_BEZIER_KNOTS.);
#408=B_SPLINE_CURVE_WITH_KNOTS('',2,(#14932,#14933,#14934),
 .UNSPECIFIED.,.F.,.F.,(3,3),(0.,1.),.PIECEWISE_BEZIER_KNOTS.);
#409=B_SPLINE_CURVE_WITH_KNOTS('',2,(#14936,#14937,#14938),
 .UNSPECIFIED.,.F.,.F.,(3,3),(0.,1.),.PIECEWISE_BEZIER_KNOTS.);
#410=B_SPLINE_CURVE_WITH_KNOTS('',2,(#14940,#14941,#14942),
 .UNSPECIFIED.,.F.,.F.,(3,3),(0.,1.),.PIECEWISE_BEZIER_KNOTS.);
#411=B_SPLINE_CURVE_WITH_KNOTS('',2,(#14950,#14951,#14952),
 .UNSPECIFIED.,.F.,.F.,(3,3),(0.,1.),.PIECEWISE_BEZIER_KNOTS.);
#412=B_SPLINE_CURVE_WITH_KNOTS('',2,(#14954,#14955,#14956),
 .UNSPECIFIED.,.F.,.F.,(3,3),(0.,1.),.PIECEWISE_BEZIER_KNOTS.);
#413=B_SPLINE_CURVE_WITH_KNOTS('',2,(#14958,#14959,#14960),
 .UNSPECIFIED.,.F.,.F.,(3,3),(0.,1.),.PIECEWISE_BEZIER_KNOTS.);
#414=B_SPLINE_CURVE_WITH_KNOTS('',2,(#14966,#14967,#14968),
 .UNSPECIFIED.,.F.,.F.,(3,3),(0.,1.),.PIECEWISE_BEZIER_KNOTS.);
#415=B_SPLINE_CURVE_WITH_KNOTS('',2,(#14980,#14981,#14982),
 .UNSPECIFIED.,.F.,.F.,(3,3),(0.,1.),.PIECEWISE_BEZIER_KNOTS.);
#416=B_SPLINE_CURVE_WITH_KNOTS('',2,(#14984,#14985,#14986),
 .UNSPECIFIED.,.F.,.F.,(3,3),(0.,1.),.PIECEWISE_BEZIER_KNOTS.);
#417=B_SPLINE_CURVE_WITH_KNOTS('',2,(#14988,#14989,#14990),
 .UNSPECIFIED.,.F.,.F.,(3,3),(0.,1.),.PIECEWISE_BEZIER_KNOTS.);
#418=B_SPLINE_CURVE_WITH_KNOTS('',2,(#14992,#14993,#14994),
 .UNSPECIFIED.,.F.,.F.,(3,3),(0.,1.),.PIECEWISE_BEZIER_KNOTS.);
#419=B_SPLINE_CURVE_WITH_KNOTS('',2,(#15000,#15001,#15002),
 .UNSPECIFIED.,.F.,.F.,(3,3),(0.,1.),.PIECEWISE_BEZIER_KNOTS.);
#420=B_SPLINE_CURVE_WITH_KNOTS('',2,(#15004,#15005,#15006),
 .UNSPECIFIED.,.F.,.F.,(3,3),(0.,1.),.PIECEWISE_BEZIER_KNOTS.);
#421=B_SPLINE_CURVE_WITH_KNOTS('',2,(#15022,#15023,#15024),
 .UNSPECIFIED.,.F.,.F.,(3,3),(0.,1.),.PIECEWISE_BEZIER_KNOTS.);
#422=B_SPLINE_CURVE_WITH_KNOTS('',2,(#15026,#15027,#15028),
 .UNSPECIFIED.,.F.,.F.,(3,3),(0.,1.),.PIECEWISE_BEZIER_KNOTS.);
#423=B_SPLINE_CURVE_WITH_KNOTS('',2,(#15058,#15059,#15060),
 .UNSPECIFIED.,.F.,.F.,(3,3),(0.,1.),.PIECEWISE_BEZIER_KNOTS.);
#424=B_SPLINE_CURVE_WITH_KNOTS('',2,(#15062,#15063,#15064),
 .UNSPECIFIED.,.F.,.F.,(3,3),(0.,1.),.PIECEWISE_BEZIER_KNOTS.);
#425=B_SPLINE_CURVE_WITH_KNOTS('',2,(#15066,#15067,#15068),
 .UNSPECIFIED.,.F.,.F.,(3,3),(0.,1.),.PIECEWISE_BEZIER_KNOTS.);
#426=B_SPLINE_CURVE_WITH_KNOTS('',2,(#15070,#15071,#15072),
 .UNSPECIFIED.,.F.,.F.,(3,3),(0.,1.),.PIECEWISE_BEZIER_KNOTS.);
#427=B_SPLINE_CURVE_WITH_KNOTS('',2,(#15076,#15077,#15078),
 .UNSPECIFIED.,.F.,.F.,(3,3),(0.,1.),.PIECEWISE_BEZIER_KNOTS.);
#428=B_SPLINE_CURVE_WITH_KNOTS('',2,(#15080,#15081,#15082),
 .UNSPECIFIED.,.F.,.F.,(3,3),(0.,1.),.PIECEWISE_BEZIER_KNOTS.);
#429=B_SPLINE_CURVE_WITH_KNOTS('',2,(#15084,#15085,#15086),
 .UNSPECIFIED.,.F.,.F.,(3,3),(0.,1.),.PIECEWISE_BEZIER_KNOTS.);
#430=B_SPLINE_CURVE_WITH_KNOTS('',2,(#15088,#15089,#15090),
 .UNSPECIFIED.,.F.,.F.,(3,3),(0.,1.),.PIECEWISE_BEZIER_KNOTS.);
#431=B_SPLINE_CURVE_WITH_KNOTS('',2,(#15094,#15095,#15096),
 .UNSPECIFIED.,.F.,.F.,(3,3),(0.,1.),.PIECEWISE_BEZIER_KNOTS.);
#432=B_SPLINE_CURVE_WITH_KNOTS('',2,(#15098,#15099,#15100),
 .UNSPECIFIED.,.F.,.F.,(3,3),(0.,1.),.PIECEWISE_BEZIER_KNOTS.);
#433=B_SPLINE_CURVE_WITH_KNOTS('',2,(#15102,#15103,#15104),
 .UNSPECIFIED.,.F.,.F.,(3,3),(0.,1.),.PIECEWISE_BEZIER_KNOTS.);
#434=B_SPLINE_CURVE_WITH_KNOTS('',2,(#15106,#15107,#15108),
 .UNSPECIFIED.,.F.,.F.,(3,3),(0.,1.),.PIECEWISE_BEZIER_KNOTS.);
#435=B_SPLINE_CURVE_WITH_KNOTS('',2,(#15112,#15113,#15114),
 .UNSPECIFIED.,.F.,.F.,(3,3),(0.,1.),.PIECEWISE_BEZIER_KNOTS.);
#436=B_SPLINE_CURVE_WITH_KNOTS('',2,(#15116,#15117,#15118),
 .UNSPECIFIED.,.F.,.F.,(3,3),(0.,1.),.PIECEWISE_BEZIER_KNOTS.);
#437=B_SPLINE_CURVE_WITH_KNOTS('',2,(#15120,#15121,#15122),
 .UNSPECIFIED.,.F.,.F.,(3,3),(0.,1.),.PIECEWISE_BEZIER_KNOTS.);
#438=B_SPLINE_CURVE_WITH_KNOTS('',2,(#15124,#15125,#15126),
 .UNSPECIFIED.,.F.,.F.,(3,3),(0.,1.),.PIECEWISE_BEZIER_KNOTS.);
#439=B_SPLINE_CURVE_WITH_KNOTS('',2,(#15202,#15203,#15204),
 .UNSPECIFIED.,.F.,.F.,(3,3),(0.,1.),.PIECEWISE_BEZIER_KNOTS.);
#440=B_SPLINE_CURVE_WITH_KNOTS('',2,(#15206,#15207,#15208),
 .UNSPECIFIED.,.F.,.F.,(3,3),(0.,1.),.PIECEWISE_BEZIER_KNOTS.);
#441=B_SPLINE_CURVE_WITH_KNOTS('',2,(#15224,#15225,#15226),
 .UNSPECIFIED.,.F.,.F.,(3,3),(0.,1.),.PIECEWISE_BEZIER_KNOTS.);
#442=B_SPLINE_CURVE_WITH_KNOTS('',2,(#15228,#15229,#15230),
 .UNSPECIFIED.,.F.,.F.,(3,3),(0.,1.),.PIECEWISE_BEZIER_KNOTS.);
#443=B_SPLINE_CURVE_WITH_KNOTS('',2,(#15250,#15251,#15252),
 .UNSPECIFIED.,.F.,.F.,(3,3),(0.,1.),.PIECEWISE_BEZIER_KNOTS.);
#444=B_SPLINE_CURVE_WITH_KNOTS('',2,(#15254,#15255,#15256),
 .UNSPECIFIED.,.F.,.F.,(3,3),(0.,1.),.PIECEWISE_BEZIER_KNOTS.);
#445=B_SPLINE_CURVE_WITH_KNOTS('',2,(#15268,#15269,#15270),
 .UNSPECIFIED.,.F.,.F.,(3,3),(0.,1.),.PIECEWISE_BEZIER_KNOTS.);
#446=B_SPLINE_CURVE_WITH_KNOTS('',2,(#15272,#15273,#15274),
 .UNSPECIFIED.,.F.,.F.,(3,3),(0.,1.),.PIECEWISE_BEZIER_KNOTS.);
#447=B_SPLINE_CURVE_WITH_KNOTS('',2,(#15430,#15431,#15432),
 .UNSPECIFIED.,.F.,.F.,(3,3),(0.,1.),.PIECEWISE_BEZIER_KNOTS.);
#448=B_SPLINE_CURVE_WITH_KNOTS('',2,(#15434,#15435,#15436),
 .UNSPECIFIED.,.F.,.F.,(3,3),(0.,1.),.PIECEWISE_BEZIER_KNOTS.);
#449=B_SPLINE_CURVE_WITH_KNOTS('',2,(#15438,#15439,#15440),
 .UNSPECIFIED.,.F.,.F.,(3,3),(0.,1.),.PIECEWISE_BEZIER_KNOTS.);
#450=B_SPLINE_CURVE_WITH_KNOTS('',2,(#15442,#15443,#15444),
 .UNSPECIFIED.,.F.,.F.,(3,3),(0.,1.),.PIECEWISE_BEZIER_KNOTS.);
#451=B_SPLINE_CURVE_WITH_KNOTS('',2,(#15446,#15447,#15448),
 .UNSPECIFIED.,.F.,.F.,(3,3),(0.,1.),.PIECEWISE_BEZIER_KNOTS.);
#452=B_SPLINE_CURVE_WITH_KNOTS('',2,(#15450,#15451,#15452),
 .UNSPECIFIED.,.F.,.F.,(3,3),(0.,1.),.PIECEWISE_BEZIER_KNOTS.);
#453=B_SPLINE_CURVE_WITH_KNOTS('',2,(#15458,#15459,#15460),
 .UNSPECIFIED.,.F.,.F.,(3,3),(0.,1.),.PIECEWISE_BEZIER_KNOTS.);
#454=B_SPLINE_CURVE_WITH_KNOTS('',2,(#15462,#15463,#15464),
 .UNSPECIFIED.,.F.,.F.,(3,3),(0.,1.),.PIECEWISE_BEZIER_KNOTS.);
#455=B_SPLINE_CURVE_WITH_KNOTS('',2,(#15466,#15467,#15468),
 .UNSPECIFIED.,.F.,.F.,(3,3),(0.,1.),.PIECEWISE_BEZIER_KNOTS.);
#456=B_SPLINE_CURVE_WITH_KNOTS('',2,(#15470,#15471,#15472),
 .UNSPECIFIED.,.F.,.F.,(3,3),(0.,1.),.PIECEWISE_BEZIER_KNOTS.);
#457=B_SPLINE_CURVE_WITH_KNOTS('',2,(#15476,#15477,#15478),
 .UNSPECIFIED.,.F.,.F.,(3,3),(0.,1.),.PIECEWISE_BEZIER_KNOTS.);
#458=B_SPLINE_CURVE_WITH_KNOTS('',2,(#15524,#15525,#15526),
 .UNSPECIFIED.,.F.,.F.,(3,3),(0.,1.),.PIECEWISE_BEZIER_KNOTS.);
#459=B_SPLINE_CURVE_WITH_KNOTS('',2,(#15540,#15541,#15542),
 .UNSPECIFIED.,.F.,.F.,(3,3),(0.,1.),.PIECEWISE_BEZIER_KNOTS.);
#460=B_SPLINE_CURVE_WITH_KNOTS('',2,(#15544,#15545,#15546),
 .UNSPECIFIED.,.F.,.F.,(3,3),(0.,1.),.PIECEWISE_BEZIER_KNOTS.);
#461=B_SPLINE_CURVE_WITH_KNOTS('',2,(#15564,#15565,#15566),
 .UNSPECIFIED.,.F.,.F.,(3,3),(0.,1.),.PIECEWISE_BEZIER_KNOTS.);
#462=B_SPLINE_CURVE_WITH_KNOTS('',2,(#15568,#15569,#15570),
 .UNSPECIFIED.,.F.,.F.,(3,3),(0.,1.),.PIECEWISE_BEZIER_KNOTS.);
#463=B_SPLINE_CURVE_WITH_KNOTS('',2,(#15582,#15583,#15584),
 .UNSPECIFIED.,.F.,.F.,(3,3),(0.,1.),.PIECEWISE_BEZIER_KNOTS.);
#464=B_SPLINE_CURVE_WITH_KNOTS('',2,(#15586,#15587,#15588),
 .UNSPECIFIED.,.F.,.F.,(3,3),(0.,1.),.PIECEWISE_BEZIER_KNOTS.);
#465=B_SPLINE_CURVE_WITH_KNOTS('',3,(#15625,#15626,#15627,#15628,#15629,
#15630,#15631),.UNSPECIFIED.,.F.,.F.,(4,1,1,1,4),(0.,0.25,0.5,0.75,1.),
 .QUASI_UNIFORM_KNOTS.);
#466=B_SPLINE_CURVE_WITH_KNOTS('',3,(#15648,#15649,#15650,#15651,#15652,
#15653,#15654),.UNSPECIFIED.,.F.,.F.,(4,1,1,1,4),(0.,0.25,0.5,0.75,1.),
 .QUASI_UNIFORM_KNOTS.);
#467=B_SPLINE_CURVE_WITH_KNOTS('',2,(#15997,#15998,#15999),
 .UNSPECIFIED.,.F.,.F.,(3,3),(0.,1.),.PIECEWISE_BEZIER_KNOTS.);
#468=B_SPLINE_CURVE_WITH_KNOTS('',2,(#16014,#16015,#16016),
 .UNSPECIFIED.,.F.,.F.,(3,3),(0.,1.),.PIECEWISE_BEZIER_KNOTS.);
#469=B_SPLINE_CURVE_WITH_KNOTS('',2,(#16027,#16028,#16029),
 .UNSPECIFIED.,.F.,.F.,(3,3),(0.,1.),.PIECEWISE_BEZIER_KNOTS.);
#470=B_SPLINE_CURVE_WITH_KNOTS('',2,(#16040,#16041,#16042),
 .UNSPECIFIED.,.F.,.F.,(3,3),(0.,1.),.PIECEWISE_BEZIER_KNOTS.);
#471=B_SPLINE_CURVE_WITH_KNOTS('',2,(#16053,#16054,#16055),
 .UNSPECIFIED.,.F.,.F.,(3,3),(0.,1.),.PIECEWISE_BEZIER_KNOTS.);
#472=B_SPLINE_CURVE_WITH_KNOTS('',2,(#16074,#16075,#16076),
 .UNSPECIFIED.,.F.,.F.,(3,3),(0.,1.),.PIECEWISE_BEZIER_KNOTS.);
#473=B_SPLINE_CURVE_WITH_KNOTS('',2,(#16087,#16088,#16089),
 .UNSPECIFIED.,.F.,.F.,(3,3),(0.,1.),.PIECEWISE_BEZIER_KNOTS.);
#474=B_SPLINE_CURVE_WITH_KNOTS('',2,(#16100,#16101,#16102),
 .UNSPECIFIED.,.F.,.F.,(3,3),(0.,1.),.PIECEWISE_BEZIER_KNOTS.);
#475=B_SPLINE_CURVE_WITH_KNOTS('',2,(#16113,#16114,#16115),
 .UNSPECIFIED.,.F.,.F.,(3,3),(0.,1.),.PIECEWISE_BEZIER_KNOTS.);
#476=B_SPLINE_CURVE_WITH_KNOTS('',2,(#16126,#16127,#16128),
 .UNSPECIFIED.,.F.,.F.,(3,3),(0.,1.),.PIECEWISE_BEZIER_KNOTS.);
#477=B_SPLINE_CURVE_WITH_KNOTS('',2,(#16139,#16140,#16141),
 .UNSPECIFIED.,.F.,.F.,(3,3),(0.,1.),.PIECEWISE_BEZIER_KNOTS.);
#478=B_SPLINE_CURVE_WITH_KNOTS('',2,(#16226,#16227,#16228),
 .UNSPECIFIED.,.F.,.F.,(3,3),(0.,1.),.PIECEWISE_BEZIER_KNOTS.);
#479=B_SPLINE_CURVE_WITH_KNOTS('',2,(#16233,#16234,#16235),
 .UNSPECIFIED.,.F.,.F.,(3,3),(0.,1.),.PIECEWISE_BEZIER_KNOTS.);
#480=B_SPLINE_CURVE_WITH_KNOTS('',2,(#16252,#16253,#16254),
 .UNSPECIFIED.,.F.,.F.,(3,3),(0.,1.),.PIECEWISE_BEZIER_KNOTS.);
#481=B_SPLINE_CURVE_WITH_KNOTS('',2,(#16258,#16259,#16260),
 .UNSPECIFIED.,.F.,.F.,(3,3),(0.,1.),.PIECEWISE_BEZIER_KNOTS.);
#482=B_SPLINE_CURVE_WITH_KNOTS('',2,(#16269,#16270,#16271),
 .UNSPECIFIED.,.F.,.F.,(3,3),(0.,1.),.PIECEWISE_BEZIER_KNOTS.);
#483=B_SPLINE_CURVE_WITH_KNOTS('',2,(#16275,#16276,#16277),
 .UNSPECIFIED.,.F.,.F.,(3,3),(0.,1.),.PIECEWISE_BEZIER_KNOTS.);
#484=B_SPLINE_CURVE_WITH_KNOTS('',2,(#16368,#16369,#16370),
 .UNSPECIFIED.,.F.,.F.,(3,3),(0.,1.),.PIECEWISE_BEZIER_KNOTS.);
#485=B_SPLINE_CURVE_WITH_KNOTS('',2,(#16381,#16382,#16383),
 .UNSPECIFIED.,.F.,.F.,(3,3),(0.,1.),.PIECEWISE_BEZIER_KNOTS.);
#486=B_SPLINE_CURVE_WITH_KNOTS('',2,(#16398,#16399,#16400),
 .UNSPECIFIED.,.F.,.F.,(3,3),(0.,1.),.PIECEWISE_BEZIER_KNOTS.);
#487=B_SPLINE_CURVE_WITH_KNOTS('',2,(#16411,#16412,#16413),
 .UNSPECIFIED.,.F.,.F.,(3,3),(0.,1.),.PIECEWISE_BEZIER_KNOTS.);
#488=B_SPLINE_CURVE_WITH_KNOTS('',2,(#16424,#16425,#16426),
 .UNSPECIFIED.,.F.,.F.,(3,3),(0.,1.),.PIECEWISE_BEZIER_KNOTS.);
#489=B_SPLINE_CURVE_WITH_KNOTS('',2,(#16427,#16428,#16429),
 .UNSPECIFIED.,.F.,.F.,(3,3),(0.,1.),.PIECEWISE_BEZIER_KNOTS.);
#490=B_SPLINE_CURVE_WITH_KNOTS('',2,(#16448,#16449,#16450),
 .UNSPECIFIED.,.F.,.F.,(3,3),(0.,1.),.PIECEWISE_BEZIER_KNOTS.);
#491=B_SPLINE_CURVE_WITH_KNOTS('',2,(#16454,#16455,#16456),
 .UNSPECIFIED.,.F.,.F.,(3,3),(0.,1.),.PIECEWISE_BEZIER_KNOTS.);
#492=B_SPLINE_CURVE_WITH_KNOTS('',2,(#16465,#16466,#16467),
 .UNSPECIFIED.,.F.,.F.,(3,3),(0.,1.),.PIECEWISE_BEZIER_KNOTS.);
#493=B_SPLINE_CURVE_WITH_KNOTS('',2,(#16471,#16472,#16473),
 .UNSPECIFIED.,.F.,.F.,(3,3),(0.,1.),.PIECEWISE_BEZIER_KNOTS.);
#494=B_SPLINE_CURVE_WITH_KNOTS('',2,(#16502,#16503,#16504),
 .UNSPECIFIED.,.F.,.F.,(3,3),(0.,1.),.PIECEWISE_BEZIER_KNOTS.);
#495=B_SPLINE_CURVE_WITH_KNOTS('',2,(#16521,#16522,#16523),
 .UNSPECIFIED.,.F.,.F.,(3,3),(0.,1.),.PIECEWISE_BEZIER_KNOTS.);
#496=B_SPLINE_CURVE_WITH_KNOTS('',2,(#16542,#16543,#16544),
 .UNSPECIFIED.,.F.,.F.,(3,3),(0.,1.),.PIECEWISE_BEZIER_KNOTS.);
#497=B_SPLINE_CURVE_WITH_KNOTS('',2,(#16555,#16556,#16557),
 .UNSPECIFIED.,.F.,.F.,(3,3),(0.,1.),.PIECEWISE_BEZIER_KNOTS.);
#498=B_SPLINE_CURVE_WITH_KNOTS('',2,(#16568,#16569,#16570),
 .UNSPECIFIED.,.F.,.F.,(3,3),(0.,1.),.PIECEWISE_BEZIER_KNOTS.);
#499=B_SPLINE_CURVE_WITH_KNOTS('',2,(#16593,#16594,#16595),
 .UNSPECIFIED.,.F.,.F.,(3,3),(0.,1.),.PIECEWISE_BEZIER_KNOTS.);
#500=B_SPLINE_CURVE_WITH_KNOTS('',2,(#16606,#16607,#16608),
 .UNSPECIFIED.,.F.,.F.,(3,3),(0.,1.),.PIECEWISE_BEZIER_KNOTS.);
#501=B_SPLINE_CURVE_WITH_KNOTS('',2,(#16619,#16620,#16621),
 .UNSPECIFIED.,.F.,.F.,(3,3),(0.,1.),.PIECEWISE_BEZIER_KNOTS.);
#502=B_SPLINE_CURVE_WITH_KNOTS('',2,(#16632,#16633,#16634),
 .UNSPECIFIED.,.F.,.F.,(3,3),(0.,1.),.PIECEWISE_BEZIER_KNOTS.);
#503=B_SPLINE_CURVE_WITH_KNOTS('',2,(#16647,#16648,#16649),
 .UNSPECIFIED.,.F.,.F.,(3,3),(0.,1.),.PIECEWISE_BEZIER_KNOTS.);
#504=B_SPLINE_CURVE_WITH_KNOTS('',2,(#16658,#16659,#16660),
 .UNSPECIFIED.,.F.,.F.,(3,3),(0.,1.),.PIECEWISE_BEZIER_KNOTS.);
#505=B_SPLINE_CURVE_WITH_KNOTS('',2,(#16661,#16662,#16663),
 .UNSPECIFIED.,.F.,.F.,(3,3),(0.,1.),.PIECEWISE_BEZIER_KNOTS.);
#506=B_SPLINE_CURVE_WITH_KNOTS('',2,(#16673,#16674,#16675),
 .UNSPECIFIED.,.F.,.F.,(3,3),(0.,1.),.PIECEWISE_BEZIER_KNOTS.);
#507=B_SPLINE_CURVE_WITH_KNOTS('',2,(#16680,#16681,#16682),
 .UNSPECIFIED.,.F.,.F.,(3,3),(0.,1.),.PIECEWISE_BEZIER_KNOTS.);
#508=B_SPLINE_CURVE_WITH_KNOTS('',2,(#16699,#16700,#16701),
 .UNSPECIFIED.,.F.,.F.,(3,3),(0.,1.),.PIECEWISE_BEZIER_KNOTS.);
#509=B_SPLINE_CURVE_WITH_KNOTS('',2,(#16705,#16706,#16707),
 .UNSPECIFIED.,.F.,.F.,(3,3),(0.,1.),.PIECEWISE_BEZIER_KNOTS.);
#510=B_SPLINE_CURVE_WITH_KNOTS('',2,(#16716,#16717,#16718),
 .UNSPECIFIED.,.F.,.F.,(3,3),(0.,1.),.PIECEWISE_BEZIER_KNOTS.);
#511=B_SPLINE_CURVE_WITH_KNOTS('',2,(#16722,#16723,#16724),
 .UNSPECIFIED.,.F.,.F.,(3,3),(0.,1.),.PIECEWISE_BEZIER_KNOTS.);
#512=B_SPLINE_CURVE_WITH_KNOTS('',2,(#16733,#16734,#16735),
 .UNSPECIFIED.,.F.,.F.,(3,3),(0.,1.),.PIECEWISE_BEZIER_KNOTS.);
#513=B_SPLINE_CURVE_WITH_KNOTS('',2,(#16739,#16740,#16741),
 .UNSPECIFIED.,.F.,.F.,(3,3),(0.,1.),.PIECEWISE_BEZIER_KNOTS.);
#514=B_SPLINE_CURVE_WITH_KNOTS('',2,(#16750,#16751,#16752),
 .UNSPECIFIED.,.F.,.F.,(3,3),(0.,1.),.PIECEWISE_BEZIER_KNOTS.);
#515=B_SPLINE_CURVE_WITH_KNOTS('',2,(#16756,#16757,#16758),
 .UNSPECIFIED.,.F.,.F.,(3,3),(0.,1.),.PIECEWISE_BEZIER_KNOTS.);
#516=B_SPLINE_CURVE_WITH_KNOTS('',2,(#16773,#16774,#16775),
 .UNSPECIFIED.,.F.,.F.,(3,3),(0.,1.),.PIECEWISE_BEZIER_KNOTS.);
#517=B_SPLINE_CURVE_WITH_KNOTS('',2,(#16779,#16780,#16781),
 .UNSPECIFIED.,.F.,.F.,(3,3),(0.,1.),.PIECEWISE_BEZIER_KNOTS.);
#518=B_SPLINE_CURVE_WITH_KNOTS('',2,(#16790,#16791,#16792),
 .UNSPECIFIED.,.F.,.F.,(3,3),(0.,1.),.PIECEWISE_BEZIER_KNOTS.);
#519=B_SPLINE_CURVE_WITH_KNOTS('',2,(#16796,#16797,#16798),
 .UNSPECIFIED.,.F.,.F.,(3,3),(0.,1.),.PIECEWISE_BEZIER_KNOTS.);
#520=B_SPLINE_CURVE_WITH_KNOTS('',2,(#16809,#16810,#16811),
 .UNSPECIFIED.,.F.,.F.,(3,3),(0.,1.),.PIECEWISE_BEZIER_KNOTS.);
#521=B_SPLINE_CURVE_WITH_KNOTS('',2,(#16828,#16829,#16830),
 .UNSPECIFIED.,.F.,.F.,(3,3),(0.,1.),.PIECEWISE_BEZIER_KNOTS.);
#522=B_SPLINE_CURVE_WITH_KNOTS('',2,(#16841,#16842,#16843),
 .UNSPECIFIED.,.F.,.F.,(3,3),(0.,1.),.PIECEWISE_BEZIER_KNOTS.);
#523=B_SPLINE_CURVE_WITH_KNOTS('',2,(#16854,#16855,#16856),
 .UNSPECIFIED.,.F.,.F.,(3,3),(0.,1.),.PIECEWISE_BEZIER_KNOTS.);
#524=B_SPLINE_CURVE_WITH_KNOTS('',2,(#16867,#16868,#16869),
 .UNSPECIFIED.,.F.,.F.,(3,3),(0.,1.),.PIECEWISE_BEZIER_KNOTS.);
#525=B_SPLINE_CURVE_WITH_KNOTS('',2,(#16884,#16885,#16886),
 .UNSPECIFIED.,.F.,.F.,(3,3),(0.,1.),.PIECEWISE_BEZIER_KNOTS.);
#526=B_SPLINE_CURVE_WITH_KNOTS('',2,(#16897,#16898,#16899),
 .UNSPECIFIED.,.F.,.F.,(3,3),(0.,1.),.PIECEWISE_BEZIER_KNOTS.);
#527=B_SPLINE_CURVE_WITH_KNOTS('',2,(#16908,#16909,#16910),
 .UNSPECIFIED.,.F.,.F.,(3,3),(0.,1.),.PIECEWISE_BEZIER_KNOTS.);
#528=B_SPLINE_CURVE_WITH_KNOTS('',2,(#16919,#16920,#16921),
 .UNSPECIFIED.,.F.,.F.,(3,3),(0.,1.),.PIECEWISE_BEZIER_KNOTS.);
#529=B_SPLINE_CURVE_WITH_KNOTS('',2,(#16922,#16923,#16924),
 .UNSPECIFIED.,.F.,.F.,(3,3),(0.,1.),.PIECEWISE_BEZIER_KNOTS.);
#530=B_SPLINE_CURVE_WITH_KNOTS('',2,(#16943,#16944,#16945),
 .UNSPECIFIED.,.F.,.F.,(3,3),(0.,1.),.PIECEWISE_BEZIER_KNOTS.);
#531=B_SPLINE_CURVE_WITH_KNOTS('',2,(#16949,#16950,#16951),
 .UNSPECIFIED.,.F.,.F.,(3,3),(0.,1.),.PIECEWISE_BEZIER_KNOTS.);
#532=B_SPLINE_CURVE_WITH_KNOTS('',2,(#16960,#16961,#16962),
 .UNSPECIFIED.,.F.,.F.,(3,3),(0.,1.),.PIECEWISE_BEZIER_KNOTS.);
#533=B_SPLINE_CURVE_WITH_KNOTS('',2,(#16966,#16967,#16968),
 .UNSPECIFIED.,.F.,.F.,(3,3),(0.,1.),.PIECEWISE_BEZIER_KNOTS.);
#534=B_SPLINE_CURVE_WITH_KNOTS('',2,(#16983,#16984,#16985),
 .UNSPECIFIED.,.F.,.F.,(3,3),(0.,1.),.PIECEWISE_BEZIER_KNOTS.);
#535=B_SPLINE_CURVE_WITH_KNOTS('',2,(#16989,#16990,#16991),
 .UNSPECIFIED.,.F.,.F.,(3,3),(0.,1.),.PIECEWISE_BEZIER_KNOTS.);
#536=B_SPLINE_CURVE_WITH_KNOTS('',2,(#17044,#17045,#17046),
 .UNSPECIFIED.,.F.,.F.,(3,3),(0.,1.),.PIECEWISE_BEZIER_KNOTS.);
#537=B_SPLINE_CURVE_WITH_KNOTS('',2,(#17057,#17058,#17059),
 .UNSPECIFIED.,.F.,.F.,(3,3),(0.,1.),.PIECEWISE_BEZIER_KNOTS.);
#538=B_SPLINE_CURVE_WITH_KNOTS('',2,(#17098,#17099,#17100),
 .UNSPECIFIED.,.F.,.F.,(3,3),(0.,1.),.PIECEWISE_BEZIER_KNOTS.);
#539=B_SPLINE_CURVE_WITH_KNOTS('',2,(#17111,#17112,#17113),
 .UNSPECIFIED.,.F.,.F.,(3,3),(0.,1.),.PIECEWISE_BEZIER_KNOTS.);
#540=B_SPLINE_CURVE_WITH_KNOTS('',2,(#17132,#17133,#17134),
 .UNSPECIFIED.,.F.,.F.,(3,3),(0.,1.),.PIECEWISE_BEZIER_KNOTS.);
#541=B_SPLINE_CURVE_WITH_KNOTS('',2,(#17145,#17146,#17147),
 .UNSPECIFIED.,.F.,.F.,(3,3),(0.,1.),.PIECEWISE_BEZIER_KNOTS.);
#542=B_SPLINE_CURVE_WITH_KNOTS('',2,(#17158,#17159,#17160),
 .UNSPECIFIED.,.F.,.F.,(3,3),(0.,1.),.PIECEWISE_BEZIER_KNOTS.);
#543=B_SPLINE_CURVE_WITH_KNOTS('',2,(#17171,#17172,#17173),
 .UNSPECIFIED.,.F.,.F.,(3,3),(0.,1.),.PIECEWISE_BEZIER_KNOTS.);
#544=B_SPLINE_CURVE_WITH_KNOTS('',2,(#17262,#17263,#17264),
 .UNSPECIFIED.,.F.,.F.,(3,3),(0.,1.),.PIECEWISE_BEZIER_KNOTS.);
#545=B_SPLINE_CURVE_WITH_KNOTS('',2,(#17269,#17270,#17271),
 .UNSPECIFIED.,.F.,.F.,(3,3),(0.,1.),.PIECEWISE_BEZIER_KNOTS.);
#546=B_SPLINE_CURVE_WITH_KNOTS('',2,(#17288,#17289,#17290),
 .UNSPECIFIED.,.F.,.F.,(3,3),(0.,1.),.PIECEWISE_BEZIER_KNOTS.);
#547=B_SPLINE_CURVE_WITH_KNOTS('',2,(#17294,#17295,#17296),
 .UNSPECIFIED.,.F.,.F.,(3,3),(0.,1.),.PIECEWISE_BEZIER_KNOTS.);
#548=B_SPLINE_CURVE_WITH_KNOTS('',2,(#17305,#17306,#17307),
 .UNSPECIFIED.,.F.,.F.,(3,3),(0.,1.),.PIECEWISE_BEZIER_KNOTS.);
#549=B_SPLINE_CURVE_WITH_KNOTS('',2,(#17311,#17312,#17313),
 .UNSPECIFIED.,.F.,.F.,(3,3),(0.,1.),.PIECEWISE_BEZIER_KNOTS.);
#550=B_SPLINE_CURVE_WITH_KNOTS('',2,(#17404,#17405,#17406),
 .UNSPECIFIED.,.F.,.F.,(3,3),(0.,1.),.PIECEWISE_BEZIER_KNOTS.);
#551=B_SPLINE_CURVE_WITH_KNOTS('',2,(#17417,#17418,#17419),
 .UNSPECIFIED.,.F.,.F.,(3,3),(0.,1.),.PIECEWISE_BEZIER_KNOTS.);
#552=B_SPLINE_CURVE_WITH_KNOTS('',2,(#17434,#17435,#17436),
 .UNSPECIFIED.,.F.,.F.,(3,3),(0.,1.),.PIECEWISE_BEZIER_KNOTS.);
#553=B_SPLINE_CURVE_WITH_KNOTS('',2,(#17447,#17448,#17449),
 .UNSPECIFIED.,.F.,.F.,(3,3),(0.,1.),.PIECEWISE_BEZIER_KNOTS.);
#554=B_SPLINE_CURVE_WITH_KNOTS('',2,(#17460,#17461,#17462),
 .UNSPECIFIED.,.F.,.F.,(3,3),(0.,1.),.PIECEWISE_BEZIER_KNOTS.);
#555=B_SPLINE_CURVE_WITH_KNOTS('',2,(#17463,#17464,#17465),
 .UNSPECIFIED.,.F.,.F.,(3,3),(0.,1.),.PIECEWISE_BEZIER_KNOTS.);
#556=B_SPLINE_CURVE_WITH_KNOTS('',2,(#17475,#17476,#17477),
 .UNSPECIFIED.,.F.,.F.,(3,3),(0.,1.),.PIECEWISE_BEZIER_KNOTS.);
#557=B_SPLINE_CURVE_WITH_KNOTS('',2,(#17482,#17483,#17484),
 .UNSPECIFIED.,.F.,.F.,(3,3),(0.,1.),.PIECEWISE_BEZIER_KNOTS.);
#558=B_SPLINE_CURVE_WITH_KNOTS('',2,(#17501,#17502,#17503),
 .UNSPECIFIED.,.F.,.F.,(3,3),(0.,1.),.PIECEWISE_BEZIER_KNOTS.);
#559=B_SPLINE_CURVE_WITH_KNOTS('',2,(#17507,#17508,#17509),
 .UNSPECIFIED.,.F.,.F.,(3,3),(0.,1.),.PIECEWISE_BEZIER_KNOTS.);
#560=B_SPLINE_CURVE_WITH_KNOTS('',2,(#17518,#17519,#17520),
 .UNSPECIFIED.,.F.,.F.,(3,3),(0.,1.),.PIECEWISE_BEZIER_KNOTS.);
#561=B_SPLINE_CURVE_WITH_KNOTS('',2,(#17524,#17525,#17526),
 .UNSPECIFIED.,.F.,.F.,(3,3),(0.,1.),.PIECEWISE_BEZIER_KNOTS.);
#562=B_SPLINE_CURVE_WITH_KNOTS('',2,(#17535,#17536,#17537),
 .UNSPECIFIED.,.F.,.F.,(3,3),(0.,1.),.PIECEWISE_BEZIER_KNOTS.);
#563=B_SPLINE_CURVE_WITH_KNOTS('',2,(#17541,#17542,#17543),
 .UNSPECIFIED.,.F.,.F.,(3,3),(0.,1.),.PIECEWISE_BEZIER_KNOTS.);
#564=B_SPLINE_CURVE_WITH_KNOTS('',2,(#17552,#17553,#17554),
 .UNSPECIFIED.,.F.,.F.,(3,3),(0.,1.),.PIECEWISE_BEZIER_KNOTS.);
#565=B_SPLINE_CURVE_WITH_KNOTS('',2,(#17558,#17559,#17560),
 .UNSPECIFIED.,.F.,.F.,(3,3),(0.,1.),.PIECEWISE_BEZIER_KNOTS.);
#566=B_SPLINE_CURVE_WITH_KNOTS('',2,(#17575,#17576,#17577),
 .UNSPECIFIED.,.F.,.F.,(3,3),(0.,1.),.PIECEWISE_BEZIER_KNOTS.);
#567=B_SPLINE_CURVE_WITH_KNOTS('',2,(#17581,#17582,#17583),
 .UNSPECIFIED.,.F.,.F.,(3,3),(0.,1.),.PIECEWISE_BEZIER_KNOTS.);
#568=B_SPLINE_CURVE_WITH_KNOTS('',2,(#17592,#17593,#17594),
 .UNSPECIFIED.,.F.,.F.,(3,3),(0.,1.),.PIECEWISE_BEZIER_KNOTS.);
#569=B_SPLINE_CURVE_WITH_KNOTS('',2,(#17598,#17599,#17600),
 .UNSPECIFIED.,.F.,.F.,(3,3),(0.,1.),.PIECEWISE_BEZIER_KNOTS.);
#570=B_SPLINE_CURVE_WITH_KNOTS('',2,(#17611,#17612,#17613),
 .UNSPECIFIED.,.F.,.F.,(3,3),(0.,1.),.PIECEWISE_BEZIER_KNOTS.);
#571=B_SPLINE_CURVE_WITH_KNOTS('',2,(#17630,#17631,#17632),
 .UNSPECIFIED.,.F.,.F.,(3,3),(0.,1.),.PIECEWISE_BEZIER_KNOTS.);
#572=B_SPLINE_CURVE_WITH_KNOTS('',2,(#17643,#17644,#17645),
 .UNSPECIFIED.,.F.,.F.,(3,3),(0.,1.),.PIECEWISE_BEZIER_KNOTS.);
#573=B_SPLINE_CURVE_WITH_KNOTS('',2,(#17656,#17657,#17658),
 .UNSPECIFIED.,.F.,.F.,(3,3),(0.,1.),.PIECEWISE_BEZIER_KNOTS.);
#574=B_SPLINE_CURVE_WITH_KNOTS('',2,(#17669,#17670,#17671),
 .UNSPECIFIED.,.F.,.F.,(3,3),(0.,1.),.PIECEWISE_BEZIER_KNOTS.);
#575=B_SPLINE_CURVE_WITH_KNOTS('',2,(#17686,#17687,#17688),
 .UNSPECIFIED.,.F.,.F.,(3,3),(0.,1.),.PIECEWISE_BEZIER_KNOTS.);
#576=B_SPLINE_CURVE_WITH_KNOTS('',2,(#17699,#17700,#17701),
 .UNSPECIFIED.,.F.,.F.,(3,3),(0.,1.),.PIECEWISE_BEZIER_KNOTS.);
#577=B_SPLINE_CURVE_WITH_KNOTS('',2,(#17710,#17711,#17712),
 .UNSPECIFIED.,.F.,.F.,(3,3),(0.,1.),.PIECEWISE_BEZIER_KNOTS.);
#578=B_SPLINE_CURVE_WITH_KNOTS('',2,(#17721,#17722,#17723),
 .UNSPECIFIED.,.F.,.F.,(3,3),(0.,1.),.PIECEWISE_BEZIER_KNOTS.);
#579=B_SPLINE_CURVE_WITH_KNOTS('',2,(#17724,#17725,#17726),
 .UNSPECIFIED.,.F.,.F.,(3,3),(0.,1.),.PIECEWISE_BEZIER_KNOTS.);
#580=B_SPLINE_CURVE_WITH_KNOTS('',2,(#17736,#17737,#17738),
 .UNSPECIFIED.,.F.,.F.,(3,3),(0.,1.),.PIECEWISE_BEZIER_KNOTS.);
#581=B_SPLINE_CURVE_WITH_KNOTS('',2,(#17743,#17744,#17745),
 .UNSPECIFIED.,.F.,.F.,(3,3),(0.,1.),.PIECEWISE_BEZIER_KNOTS.);
#582=B_SPLINE_CURVE_WITH_KNOTS('',2,(#17762,#17763,#17764),
 .UNSPECIFIED.,.F.,.F.,(3,3),(0.,1.),.PIECEWISE_BEZIER_KNOTS.);
#583=B_SPLINE_CURVE_WITH_KNOTS('',2,(#17768,#17769,#17770),
 .UNSPECIFIED.,.F.,.F.,(3,3),(0.,1.),.PIECEWISE_BEZIER_KNOTS.);
#584=B_SPLINE_CURVE_WITH_KNOTS('',2,(#17779,#17780,#17781),
 .UNSPECIFIED.,.F.,.F.,(3,3),(0.,1.),.PIECEWISE_BEZIER_KNOTS.);
#585=B_SPLINE_CURVE_WITH_KNOTS('',2,(#17785,#17786,#17787),
 .UNSPECIFIED.,.F.,.F.,(3,3),(0.,1.),.PIECEWISE_BEZIER_KNOTS.);
#586=B_SPLINE_CURVE_WITH_KNOTS('',2,(#17796,#17797,#17798),
 .UNSPECIFIED.,.F.,.F.,(3,3),(0.,1.),.PIECEWISE_BEZIER_KNOTS.);
#587=B_SPLINE_CURVE_WITH_KNOTS('',2,(#17802,#17803,#17804),
 .UNSPECIFIED.,.F.,.F.,(3,3),(0.,1.),.PIECEWISE_BEZIER_KNOTS.);
#588=B_SPLINE_CURVE_WITH_KNOTS('',2,(#17813,#17814,#17815),
 .UNSPECIFIED.,.F.,.F.,(3,3),(0.,1.),.PIECEWISE_BEZIER_KNOTS.);
#589=B_SPLINE_CURVE_WITH_KNOTS('',2,(#17819,#17820,#17821),
 .UNSPECIFIED.,.F.,.F.,(3,3),(0.,1.),.PIECEWISE_BEZIER_KNOTS.);
#590=B_SPLINE_CURVE_WITH_KNOTS('',2,(#17836,#17837,#17838),
 .UNSPECIFIED.,.F.,.F.,(3,3),(0.,1.),.PIECEWISE_BEZIER_KNOTS.);
#591=B_SPLINE_CURVE_WITH_KNOTS('',2,(#17842,#17843,#17844),
 .UNSPECIFIED.,.F.,.F.,(3,3),(0.,1.),.PIECEWISE_BEZIER_KNOTS.);
#592=B_SPLINE_CURVE_WITH_KNOTS('',2,(#17853,#17854,#17855),
 .UNSPECIFIED.,.F.,.F.,(3,3),(0.,1.),.PIECEWISE_BEZIER_KNOTS.);
#593=B_SPLINE_CURVE_WITH_KNOTS('',2,(#17859,#17860,#17861),
 .UNSPECIFIED.,.F.,.F.,(3,3),(0.,1.),.PIECEWISE_BEZIER_KNOTS.);
#594=B_SPLINE_CURVE_WITH_KNOTS('',2,(#17872,#17873,#17874),
 .UNSPECIFIED.,.F.,.F.,(3,3),(0.,1.),.PIECEWISE_BEZIER_KNOTS.);
#595=B_SPLINE_CURVE_WITH_KNOTS('',2,(#17891,#17892,#17893),
 .UNSPECIFIED.,.F.,.F.,(3,3),(0.,1.),.PIECEWISE_BEZIER_KNOTS.);
#596=B_SPLINE_CURVE_WITH_KNOTS('',2,(#17904,#17905,#17906),
 .UNSPECIFIED.,.F.,.F.,(3,3),(0.,1.),.PIECEWISE_BEZIER_KNOTS.);
#597=B_SPLINE_CURVE_WITH_KNOTS('',2,(#17917,#17918,#17919),
 .UNSPECIFIED.,.F.,.F.,(3,3),(0.,1.),.PIECEWISE_BEZIER_KNOTS.);
#598=B_SPLINE_CURVE_WITH_KNOTS('',2,(#17930,#17931,#17932),
 .UNSPECIFIED.,.F.,.F.,(3,3),(0.,1.),.PIECEWISE_BEZIER_KNOTS.);
#599=B_SPLINE_CURVE_WITH_KNOTS('',2,(#17947,#17948,#17949),
 .UNSPECIFIED.,.F.,.F.,(3,3),(0.,1.),.PIECEWISE_BEZIER_KNOTS.);
#600=B_SPLINE_CURVE_WITH_KNOTS('',2,(#17960,#17961,#17962),
 .UNSPECIFIED.,.F.,.F.,(3,3),(0.,1.),.PIECEWISE_BEZIER_KNOTS.);
#601=B_SPLINE_CURVE_WITH_KNOTS('',2,(#17971,#17972,#17973),
 .UNSPECIFIED.,.F.,.F.,(3,3),(0.,1.),.PIECEWISE_BEZIER_KNOTS.);
#602=B_SPLINE_CURVE_WITH_KNOTS('',2,(#17982,#17983,#17984),
 .UNSPECIFIED.,.F.,.F.,(3,3),(0.,1.),.PIECEWISE_BEZIER_KNOTS.);
#603=B_SPLINE_CURVE_WITH_KNOTS('',2,(#17985,#17986,#17987),
 .UNSPECIFIED.,.F.,.F.,(3,3),(0.,1.),.PIECEWISE_BEZIER_KNOTS.);
#604=B_SPLINE_CURVE_WITH_KNOTS('',2,(#17997,#17998,#17999),
 .UNSPECIFIED.,.F.,.F.,(3,3),(0.,1.),.PIECEWISE_BEZIER_KNOTS.);
#605=B_SPLINE_CURVE_WITH_KNOTS('',2,(#18004,#18005,#18006),
 .UNSPECIFIED.,.F.,.F.,(3,3),(0.,1.),.PIECEWISE_BEZIER_KNOTS.);
#606=B_SPLINE_CURVE_WITH_KNOTS('',2,(#18023,#18024,#18025),
 .UNSPECIFIED.,.F.,.F.,(3,3),(0.,1.),.PIECEWISE_BEZIER_KNOTS.);
#607=B_SPLINE_CURVE_WITH_KNOTS('',2,(#18029,#18030,#18031),
 .UNSPECIFIED.,.F.,.F.,(3,3),(0.,1.),.PIECEWISE_BEZIER_KNOTS.);
#608=B_SPLINE_CURVE_WITH_KNOTS('',2,(#18040,#18041,#18042),
 .UNSPECIFIED.,.F.,.F.,(3,3),(0.,1.),.PIECEWISE_BEZIER_KNOTS.);
#609=B_SPLINE_CURVE_WITH_KNOTS('',2,(#18046,#18047,#18048),
 .UNSPECIFIED.,.F.,.F.,(3,3),(0.,1.),.PIECEWISE_BEZIER_KNOTS.);
#610=B_SPLINE_CURVE_WITH_KNOTS('',2,(#18057,#18058,#18059),
 .UNSPECIFIED.,.F.,.F.,(3,3),(0.,1.),.PIECEWISE_BEZIER_KNOTS.);
#611=B_SPLINE_CURVE_WITH_KNOTS('',2,(#18063,#18064,#18065),
 .UNSPECIFIED.,.F.,.F.,(3,3),(0.,1.),.PIECEWISE_BEZIER_KNOTS.);
#612=B_SPLINE_CURVE_WITH_KNOTS('',2,(#18074,#18075,#18076),
 .UNSPECIFIED.,.F.,.F.,(3,3),(0.,1.),.PIECEWISE_BEZIER_KNOTS.);
#613=B_SPLINE_CURVE_WITH_KNOTS('',2,(#18080,#18081,#18082),
 .UNSPECIFIED.,.F.,.F.,(3,3),(0.,1.),.PIECEWISE_BEZIER_KNOTS.);
#614=B_SPLINE_CURVE_WITH_KNOTS('',2,(#18097,#18098,#18099),
 .UNSPECIFIED.,.F.,.F.,(3,3),(0.,1.),.PIECEWISE_BEZIER_KNOTS.);
#615=B_SPLINE_CURVE_WITH_KNOTS('',2,(#18103,#18104,#18105),
 .UNSPECIFIED.,.F.,.F.,(3,3),(0.,1.),.PIECEWISE_BEZIER_KNOTS.);
#616=B_SPLINE_CURVE_WITH_KNOTS('',2,(#18114,#18115,#18116),
 .UNSPECIFIED.,.F.,.F.,(3,3),(0.,1.),.PIECEWISE_BEZIER_KNOTS.);
#617=B_SPLINE_CURVE_WITH_KNOTS('',2,(#18120,#18121,#18122),
 .UNSPECIFIED.,.F.,.F.,(3,3),(0.,1.),.PIECEWISE_BEZIER_KNOTS.);
#618=B_SPLINE_CURVE_WITH_KNOTS('',2,(#18133,#18134,#18135),
 .UNSPECIFIED.,.F.,.F.,(3,3),(0.,1.),.PIECEWISE_BEZIER_KNOTS.);
#619=B_SPLINE_CURVE_WITH_KNOTS('',2,(#18152,#18153,#18154),
 .UNSPECIFIED.,.F.,.F.,(3,3),(0.,1.),.PIECEWISE_BEZIER_KNOTS.);
#620=B_SPLINE_CURVE_WITH_KNOTS('',2,(#18165,#18166,#18167),
 .UNSPECIFIED.,.F.,.F.,(3,3),(0.,1.),.PIECEWISE_BEZIER_KNOTS.);
#621=B_SPLINE_CURVE_WITH_KNOTS('',2,(#18178,#18179,#18180),
 .UNSPECIFIED.,.F.,.F.,(3,3),(0.,1.),.PIECEWISE_BEZIER_KNOTS.);
#622=B_SPLINE_CURVE_WITH_KNOTS('',2,(#18191,#18192,#18193),
 .UNSPECIFIED.,.F.,.F.,(3,3),(0.,1.),.PIECEWISE_BEZIER_KNOTS.);
#623=B_SPLINE_CURVE_WITH_KNOTS('',2,(#18208,#18209,#18210),
 .UNSPECIFIED.,.F.,.F.,(3,3),(0.,1.),.PIECEWISE_BEZIER_KNOTS.);
#624=B_SPLINE_CURVE_WITH_KNOTS('',2,(#18221,#18222,#18223),
 .UNSPECIFIED.,.F.,.F.,(3,3),(0.,1.),.PIECEWISE_BEZIER_KNOTS.);
#625=B_SPLINE_CURVE_WITH_KNOTS('',2,(#18232,#18233,#18234),
 .UNSPECIFIED.,.F.,.F.,(3,3),(0.,1.),.PIECEWISE_BEZIER_KNOTS.);
#626=B_SPLINE_CURVE_WITH_KNOTS('',2,(#18243,#18244,#18245),
 .UNSPECIFIED.,.F.,.F.,(3,3),(0.,1.),.PIECEWISE_BEZIER_KNOTS.);
#627=B_SPLINE_CURVE_WITH_KNOTS('',2,(#18246,#18247,#18248),
 .UNSPECIFIED.,.F.,.F.,(3,3),(0.,1.),.PIECEWISE_BEZIER_KNOTS.);
#628=B_SPLINE_CURVE_WITH_KNOTS('',2,(#18410,#18411,#18412),
 .UNSPECIFIED.,.F.,.F.,(3,3),(0.,1.),.PIECEWISE_BEZIER_KNOTS.);
#629=B_SPLINE_CURVE_WITH_KNOTS('',2,(#18423,#18424,#18425),
 .UNSPECIFIED.,.F.,.F.,(3,3),(0.,1.),.PIECEWISE_BEZIER_KNOTS.);
#630=B_SPLINE_CURVE_WITH_KNOTS('',2,(#18464,#18465,#18466),
 .UNSPECIFIED.,.F.,.F.,(3,3),(0.,1.),.PIECEWISE_BEZIER_KNOTS.);
#631=B_SPLINE_CURVE_WITH_KNOTS('',2,(#18477,#18478,#18479),
 .UNSPECIFIED.,.F.,.F.,(3,3),(0.,1.),.PIECEWISE_BEZIER_KNOTS.);
#632=B_SPLINE_CURVE_WITH_KNOTS('',2,(#18567,#18568,#18569),
 .UNSPECIFIED.,.F.,.F.,(3,3),(0.,1.),.PIECEWISE_BEZIER_KNOTS.);
#633=B_SPLINE_CURVE_WITH_KNOTS('',2,(#18580,#18581,#18582),
 .UNSPECIFIED.,.F.,.F.,(3,3),(0.,1.),.PIECEWISE_BEZIER_KNOTS.);
#634=B_SPLINE_CURVE_WITH_KNOTS('',2,(#18613,#18614,#18615),
 .UNSPECIFIED.,.F.,.F.,(3,3),(0.,1.),.PIECEWISE_BEZIER_KNOTS.);
#635=B_SPLINE_CURVE_WITH_KNOTS('',2,(#18626,#18627,#18628),
 .UNSPECIFIED.,.F.,.F.,(3,3),(0.,1.),.PIECEWISE_BEZIER_KNOTS.);
#636=B_SPLINE_CURVE_WITH_KNOTS('',2,(#18938,#18939,#18940),
 .UNSPECIFIED.,.F.,.F.,(3,3),(0.,1.),.PIECEWISE_BEZIER_KNOTS.);
#637=B_SPLINE_CURVE_WITH_KNOTS('',2,(#18955,#18956,#18957),
 .UNSPECIFIED.,.F.,.F.,(3,3),(0.,1.),.PIECEWISE_BEZIER_KNOTS.);
#638=B_SPLINE_CURVE_WITH_KNOTS('',2,(#18968,#18969,#18970),
 .UNSPECIFIED.,.F.,.F.,(3,3),(0.,1.),.PIECEWISE_BEZIER_KNOTS.);
#639=B_SPLINE_CURVE_WITH_KNOTS('',2,(#18981,#18982,#18983),
 .UNSPECIFIED.,.F.,.F.,(3,3),(0.,1.),.PIECEWISE_BEZIER_KNOTS.);
#640=B_SPLINE_CURVE_WITH_KNOTS('',2,(#18994,#18995,#18996),
 .UNSPECIFIED.,.F.,.F.,(3,3),(0.,1.),.PIECEWISE_BEZIER_KNOTS.);
#641=B_SPLINE_CURVE_WITH_KNOTS('',2,(#19015,#19016,#19017),
 .UNSPECIFIED.,.F.,.F.,(3,3),(0.,1.),.PIECEWISE_BEZIER_KNOTS.);
#642=B_SPLINE_CURVE_WITH_KNOTS('',2,(#19028,#19029,#19030),
 .UNSPECIFIED.,.F.,.F.,(3,3),(0.,1.),.PIECEWISE_BEZIER_KNOTS.);
#643=B_SPLINE_CURVE_WITH_KNOTS('',2,(#19041,#19042,#19043),
 .UNSPECIFIED.,.F.,.F.,(3,3),(0.,1.),.PIECEWISE_BEZIER_KNOTS.);
#644=B_SPLINE_CURVE_WITH_KNOTS('',2,(#19054,#19055,#19056),
 .UNSPECIFIED.,.F.,.F.,(3,3),(0.,1.),.PIECEWISE_BEZIER_KNOTS.);
#645=B_SPLINE_CURVE_WITH_KNOTS('',2,(#19067,#19068,#19069),
 .UNSPECIFIED.,.F.,.F.,(3,3),(0.,1.),.PIECEWISE_BEZIER_KNOTS.);
#646=B_SPLINE_CURVE_WITH_KNOTS('',2,(#19080,#19081,#19082),
 .UNSPECIFIED.,.F.,.F.,(3,3),(0.,1.),.PIECEWISE_BEZIER_KNOTS.);
#647=B_SPLINE_CURVE_WITH_KNOTS('',2,(#19167,#19168,#19169),
 .UNSPECIFIED.,.F.,.F.,(3,3),(0.,1.),.PIECEWISE_BEZIER_KNOTS.);
#648=B_SPLINE_CURVE_WITH_KNOTS('',2,(#19180,#19181,#19182),
 .UNSPECIFIED.,.F.,.F.,(3,3),(0.,1.),.PIECEWISE_BEZIER_KNOTS.);
#649=B_SPLINE_CURVE_WITH_KNOTS('',2,(#19217,#19218,#19219),
 .UNSPECIFIED.,.F.,.F.,(3,3),(0.,1.),.PIECEWISE_BEZIER_KNOTS.);
#650=B_SPLINE_CURVE_WITH_KNOTS('',2,(#19295,#19296,#19297),
 .UNSPECIFIED.,.F.,.F.,(3,3),(0.,1.),.PIECEWISE_BEZIER_KNOTS.);
#651=B_SPLINE_CURVE_WITH_KNOTS('',2,(#19308,#19309,#19310),
 .UNSPECIFIED.,.F.,.F.,(3,3),(0.,1.),.PIECEWISE_BEZIER_KNOTS.);
#652=B_SPLINE_CURVE_WITH_KNOTS('',2,(#19341,#19342,#19343),
 .UNSPECIFIED.,.F.,.F.,(3,3),(0.,1.),.PIECEWISE_BEZIER_KNOTS.);
#653=B_SPLINE_CURVE_WITH_KNOTS('',2,(#19354,#19355,#19356),
 .UNSPECIFIED.,.F.,.F.,(3,3),(0.,1.),.PIECEWISE_BEZIER_KNOTS.);
#654=ORIENTED_EDGE('',*,*,#3948,.T.);
#655=ORIENTED_EDGE('',*,*,#3949,.T.);
#656=ORIENTED_EDGE('',*,*,#3950,.T.);
#657=ORIENTED_EDGE('',*,*,#3951,.T.);
#658=ORIENTED_EDGE('',*,*,#3952,.T.);
#659=ORIENTED_EDGE('',*,*,#3953,.T.);
#660=ORIENTED_EDGE('',*,*,#3954,.T.);
#661=ORIENTED_EDGE('',*,*,#3955,.T.);
#662=ORIENTED_EDGE('',*,*,#3956,.T.);
#663=ORIENTED_EDGE('',*,*,#3957,.T.);
#664=ORIENTED_EDGE('',*,*,#3958,.T.);
#665=ORIENTED_EDGE('',*,*,#3959,.T.);
#666=ORIENTED_EDGE('',*,*,#3960,.T.);
#667=ORIENTED_EDGE('',*,*,#3961,.T.);
#668=ORIENTED_EDGE('',*,*,#3962,.T.);
#669=ORIENTED_EDGE('',*,*,#3963,.T.);
#670=ORIENTED_EDGE('',*,*,#3964,.T.);
#671=ORIENTED_EDGE('',*,*,#3965,.T.);
#672=ORIENTED_EDGE('',*,*,#3966,.T.);
#673=ORIENTED_EDGE('',*,*,#3967,.T.);
#674=ORIENTED_EDGE('',*,*,#3968,.T.);
#675=ORIENTED_EDGE('',*,*,#3969,.T.);
#676=ORIENTED_EDGE('',*,*,#3970,.T.);
#677=ORIENTED_EDGE('',*,*,#3971,.T.);
#678=ORIENTED_EDGE('',*,*,#3972,.T.);
#679=ORIENTED_EDGE('',*,*,#3973,.T.);
#680=ORIENTED_EDGE('',*,*,#3974,.T.);
#681=ORIENTED_EDGE('',*,*,#3975,.T.);
#682=ORIENTED_EDGE('',*,*,#3976,.F.);
#683=ORIENTED_EDGE('',*,*,#3977,.T.);
#684=ORIENTED_EDGE('',*,*,#3978,.T.);
#685=ORIENTED_EDGE('',*,*,#3979,.T.);
#686=ORIENTED_EDGE('',*,*,#3980,.T.);
#687=ORIENTED_EDGE('',*,*,#3981,.F.);
#688=ORIENTED_EDGE('',*,*,#3982,.T.);
#689=ORIENTED_EDGE('',*,*,#3983,.F.);
#690=ORIENTED_EDGE('',*,*,#3984,.T.);
#691=ORIENTED_EDGE('',*,*,#3985,.T.);
#692=ORIENTED_EDGE('',*,*,#3986,.T.);
#693=ORIENTED_EDGE('',*,*,#3987,.T.);
#694=ORIENTED_EDGE('',*,*,#3988,.T.);
#695=ORIENTED_EDGE('',*,*,#3989,.T.);
#696=ORIENTED_EDGE('',*,*,#3990,.T.);
#697=ORIENTED_EDGE('',*,*,#3991,.T.);
#698=ORIENTED_EDGE('',*,*,#3992,.T.);
#699=ORIENTED_EDGE('',*,*,#3993,.T.);
#700=ORIENTED_EDGE('',*,*,#3994,.T.);
#701=ORIENTED_EDGE('',*,*,#3995,.T.);
#702=ORIENTED_EDGE('',*,*,#3996,.T.);
#703=ORIENTED_EDGE('',*,*,#3997,.T.);
#704=ORIENTED_EDGE('',*,*,#3998,.T.);
#705=ORIENTED_EDGE('',*,*,#3999,.T.);
#706=ORIENTED_EDGE('',*,*,#4000,.T.);
#707=ORIENTED_EDGE('',*,*,#4001,.T.);
#708=ORIENTED_EDGE('',*,*,#4002,.T.);
#709=ORIENTED_EDGE('',*,*,#4003,.T.);
#710=ORIENTED_EDGE('',*,*,#4004,.T.);
#711=ORIENTED_EDGE('',*,*,#4005,.T.);
#712=ORIENTED_EDGE('',*,*,#4006,.T.);
#713=ORIENTED_EDGE('',*,*,#4007,.T.);
#714=ORIENTED_EDGE('',*,*,#4008,.T.);
#715=ORIENTED_EDGE('',*,*,#4009,.T.);
#716=ORIENTED_EDGE('',*,*,#4010,.T.);
#717=ORIENTED_EDGE('',*,*,#4011,.T.);
#718=ORIENTED_EDGE('',*,*,#4012,.T.);
#719=ORIENTED_EDGE('',*,*,#4013,.T.);
#720=ORIENTED_EDGE('',*,*,#4014,.T.);
#721=ORIENTED_EDGE('',*,*,#4015,.T.);
#722=ORIENTED_EDGE('',*,*,#4016,.T.);
#723=ORIENTED_EDGE('',*,*,#4017,.T.);
#724=ORIENTED_EDGE('',*,*,#4018,.T.);
#725=ORIENTED_EDGE('',*,*,#4019,.T.);
#726=ORIENTED_EDGE('',*,*,#4020,.T.);
#727=ORIENTED_EDGE('',*,*,#4021,.F.);
#728=ORIENTED_EDGE('',*,*,#4022,.F.);
#729=ORIENTED_EDGE('',*,*,#4023,.F.);
#730=ORIENTED_EDGE('',*,*,#4024,.T.);
#731=ORIENTED_EDGE('',*,*,#4025,.T.);
#732=ORIENTED_EDGE('',*,*,#4026,.T.);
#733=ORIENTED_EDGE('',*,*,#4027,.T.);
#734=ORIENTED_EDGE('',*,*,#4028,.T.);
#735=ORIENTED_EDGE('',*,*,#4029,.F.);
#736=ORIENTED_EDGE('',*,*,#4030,.T.);
#737=ORIENTED_EDGE('',*,*,#4031,.F.);
#738=ORIENTED_EDGE('',*,*,#4032,.T.);
#739=ORIENTED_EDGE('',*,*,#4033,.T.);
#740=ORIENTED_EDGE('',*,*,#4034,.T.);
#741=ORIENTED_EDGE('',*,*,#4035,.T.);
#742=ORIENTED_EDGE('',*,*,#4036,.T.);
#743=ORIENTED_EDGE('',*,*,#4037,.F.);
#744=ORIENTED_EDGE('',*,*,#4038,.T.);
#745=ORIENTED_EDGE('',*,*,#4039,.F.);
#746=ORIENTED_EDGE('',*,*,#4040,.T.);
#747=ORIENTED_EDGE('',*,*,#4041,.T.);
#748=ORIENTED_EDGE('',*,*,#4042,.F.);
#749=ORIENTED_EDGE('',*,*,#4043,.T.);
#750=ORIENTED_EDGE('',*,*,#4044,.F.);
#751=ORIENTED_EDGE('',*,*,#4045,.T.);
#752=ORIENTED_EDGE('',*,*,#4046,.T.);
#753=ORIENTED_EDGE('',*,*,#4047,.T.);
#754=ORIENTED_EDGE('',*,*,#4048,.T.);
#755=ORIENTED_EDGE('',*,*,#4049,.T.);
#756=ORIENTED_EDGE('',*,*,#4050,.T.);
#757=ORIENTED_EDGE('',*,*,#4051,.T.);
#758=ORIENTED_EDGE('',*,*,#4052,.T.);
#759=ORIENTED_EDGE('',*,*,#4053,.T.);
#760=ORIENTED_EDGE('',*,*,#4054,.T.);
#761=ORIENTED_EDGE('',*,*,#4055,.T.);
#762=ORIENTED_EDGE('',*,*,#4056,.T.);
#763=ORIENTED_EDGE('',*,*,#4057,.T.);
#764=ORIENTED_EDGE('',*,*,#4058,.T.);
#765=ORIENTED_EDGE('',*,*,#4059,.T.);
#766=ORIENTED_EDGE('',*,*,#4060,.T.);
#767=ORIENTED_EDGE('',*,*,#4061,.T.);
#768=ORIENTED_EDGE('',*,*,#4062,.T.);
#769=ORIENTED_EDGE('',*,*,#4063,.T.);
#770=ORIENTED_EDGE('',*,*,#4064,.T.);
#771=ORIENTED_EDGE('',*,*,#4065,.T.);
#772=ORIENTED_EDGE('',*,*,#4066,.T.);
#773=ORIENTED_EDGE('',*,*,#4067,.T.);
#774=ORIENTED_EDGE('',*,*,#4068,.T.);
#775=ORIENTED_EDGE('',*,*,#4069,.T.);
#776=ORIENTED_EDGE('',*,*,#4070,.T.);
#777=ORIENTED_EDGE('',*,*,#4071,.T.);
#778=ORIENTED_EDGE('',*,*,#4072,.T.);
#779=ORIENTED_EDGE('',*,*,#4073,.T.);
#780=ORIENTED_EDGE('',*,*,#4074,.T.);
#781=ORIENTED_EDGE('',*,*,#4075,.T.);
#782=ORIENTED_EDGE('',*,*,#4076,.T.);
#783=ORIENTED_EDGE('',*,*,#4077,.T.);
#784=ORIENTED_EDGE('',*,*,#4078,.T.);
#785=ORIENTED_EDGE('',*,*,#4079,.T.);
#786=ORIENTED_EDGE('',*,*,#4080,.T.);
#787=ORIENTED_EDGE('',*,*,#4081,.T.);
#788=ORIENTED_EDGE('',*,*,#4082,.T.);
#789=ORIENTED_EDGE('',*,*,#4083,.T.);
#790=ORIENTED_EDGE('',*,*,#4084,.T.);
#791=ORIENTED_EDGE('',*,*,#4085,.T.);
#792=ORIENTED_EDGE('',*,*,#4086,.T.);
#793=ORIENTED_EDGE('',*,*,#4087,.T.);
#794=ORIENTED_EDGE('',*,*,#4088,.T.);
#795=ORIENTED_EDGE('',*,*,#4089,.T.);
#796=ORIENTED_EDGE('',*,*,#4090,.T.);
#797=ORIENTED_EDGE('',*,*,#4091,.T.);
#798=ORIENTED_EDGE('',*,*,#4092,.T.);
#799=ORIENTED_EDGE('',*,*,#4093,.T.);
#800=ORIENTED_EDGE('',*,*,#4094,.T.);
#801=ORIENTED_EDGE('',*,*,#4095,.T.);
#802=ORIENTED_EDGE('',*,*,#4096,.T.);
#803=ORIENTED_EDGE('',*,*,#4097,.T.);
#804=ORIENTED_EDGE('',*,*,#4098,.T.);
#805=ORIENTED_EDGE('',*,*,#4099,.T.);
#806=ORIENTED_EDGE('',*,*,#4100,.T.);
#807=ORIENTED_EDGE('',*,*,#4101,.T.);
#808=ORIENTED_EDGE('',*,*,#4102,.T.);
#809=ORIENTED_EDGE('',*,*,#4103,.T.);
#810=ORIENTED_EDGE('',*,*,#4104,.T.);
#811=ORIENTED_EDGE('',*,*,#4105,.T.);
#812=ORIENTED_EDGE('',*,*,#4106,.T.);
#813=ORIENTED_EDGE('',*,*,#4107,.T.);
#814=ORIENTED_EDGE('',*,*,#4108,.T.);
#815=ORIENTED_EDGE('',*,*,#4109,.T.);
#816=ORIENTED_EDGE('',*,*,#4110,.T.);
#817=ORIENTED_EDGE('',*,*,#4111,.T.);
#818=ORIENTED_EDGE('',*,*,#4112,.T.);
#819=ORIENTED_EDGE('',*,*,#4113,.T.);
#820=ORIENTED_EDGE('',*,*,#4114,.T.);
#821=ORIENTED_EDGE('',*,*,#4115,.T.);
#822=ORIENTED_EDGE('',*,*,#4116,.T.);
#823=ORIENTED_EDGE('',*,*,#4117,.T.);
#824=ORIENTED_EDGE('',*,*,#4118,.T.);
#825=ORIENTED_EDGE('',*,*,#4119,.T.);
#826=ORIENTED_EDGE('',*,*,#4120,.T.);
#827=ORIENTED_EDGE('',*,*,#4121,.T.);
#828=ORIENTED_EDGE('',*,*,#4122,.T.);
#829=ORIENTED_EDGE('',*,*,#4123,.T.);
#830=ORIENTED_EDGE('',*,*,#4124,.T.);
#831=ORIENTED_EDGE('',*,*,#4125,.T.);
#832=ORIENTED_EDGE('',*,*,#4126,.T.);
#833=ORIENTED_EDGE('',*,*,#4127,.T.);
#834=ORIENTED_EDGE('',*,*,#4128,.T.);
#835=ORIENTED_EDGE('',*,*,#4129,.T.);
#836=ORIENTED_EDGE('',*,*,#4130,.T.);
#837=ORIENTED_EDGE('',*,*,#4131,.T.);
#838=ORIENTED_EDGE('',*,*,#4132,.T.);
#839=ORIENTED_EDGE('',*,*,#4133,.T.);
#840=ORIENTED_EDGE('',*,*,#4134,.T.);
#841=ORIENTED_EDGE('',*,*,#4135,.T.);
#842=ORIENTED_EDGE('',*,*,#4136,.T.);
#843=ORIENTED_EDGE('',*,*,#4137,.T.);
#844=ORIENTED_EDGE('',*,*,#4138,.T.);
#845=ORIENTED_EDGE('',*,*,#4139,.T.);
#846=ORIENTED_EDGE('',*,*,#4140,.T.);
#847=ORIENTED_EDGE('',*,*,#4141,.T.);
#848=ORIENTED_EDGE('',*,*,#4142,.T.);
#849=ORIENTED_EDGE('',*,*,#4143,.T.);
#850=ORIENTED_EDGE('',*,*,#4144,.T.);
#851=ORIENTED_EDGE('',*,*,#4145,.T.);
#852=ORIENTED_EDGE('',*,*,#4146,.T.);
#853=ORIENTED_EDGE('',*,*,#4147,.T.);
#854=ORIENTED_EDGE('',*,*,#4148,.T.);
#855=ORIENTED_EDGE('',*,*,#4149,.T.);
#856=ORIENTED_EDGE('',*,*,#4150,.T.);
#857=ORIENTED_EDGE('',*,*,#4151,.T.);
#858=ORIENTED_EDGE('',*,*,#4152,.T.);
#859=ORIENTED_EDGE('',*,*,#4153,.T.);
#860=ORIENTED_EDGE('',*,*,#4154,.T.);
#861=ORIENTED_EDGE('',*,*,#4155,.T.);
#862=ORIENTED_EDGE('',*,*,#4156,.T.);
#863=ORIENTED_EDGE('',*,*,#4157,.T.);
#864=ORIENTED_EDGE('',*,*,#4158,.T.);
#865=ORIENTED_EDGE('',*,*,#4159,.T.);
#866=ORIENTED_EDGE('',*,*,#4160,.T.);
#867=ORIENTED_EDGE('',*,*,#4161,.T.);
#868=ORIENTED_EDGE('',*,*,#4162,.T.);
#869=ORIENTED_EDGE('',*,*,#4163,.T.);
#870=ORIENTED_EDGE('',*,*,#4164,.T.);
#871=ORIENTED_EDGE('',*,*,#4165,.T.);
#872=ORIENTED_EDGE('',*,*,#4166,.T.);
#873=ORIENTED_EDGE('',*,*,#4167,.T.);
#874=ORIENTED_EDGE('',*,*,#4168,.T.);
#875=ORIENTED_EDGE('',*,*,#4169,.T.);
#876=ORIENTED_EDGE('',*,*,#4170,.T.);
#877=ORIENTED_EDGE('',*,*,#4171,.F.);
#878=ORIENTED_EDGE('',*,*,#4172,.T.);
#879=ORIENTED_EDGE('',*,*,#4173,.T.);
#880=ORIENTED_EDGE('',*,*,#4174,.F.);
#881=ORIENTED_EDGE('',*,*,#4175,.T.);
#882=ORIENTED_EDGE('',*,*,#4176,.T.);
#883=ORIENTED_EDGE('',*,*,#4177,.F.);
#884=ORIENTED_EDGE('',*,*,#4178,.F.);
#885=ORIENTED_EDGE('',*,*,#4179,.T.);
#886=ORIENTED_EDGE('',*,*,#4180,.T.);
#887=ORIENTED_EDGE('',*,*,#4181,.T.);
#888=ORIENTED_EDGE('',*,*,#4182,.T.);
#889=ORIENTED_EDGE('',*,*,#4183,.T.);
#890=ORIENTED_EDGE('',*,*,#4184,.T.);
#891=ORIENTED_EDGE('',*,*,#4185,.T.);
#892=ORIENTED_EDGE('',*,*,#4186,.T.);
#893=ORIENTED_EDGE('',*,*,#4187,.T.);
#894=ORIENTED_EDGE('',*,*,#4188,.T.);
#895=ORIENTED_EDGE('',*,*,#4189,.T.);
#896=ORIENTED_EDGE('',*,*,#4190,.T.);
#897=ORIENTED_EDGE('',*,*,#4191,.T.);
#898=ORIENTED_EDGE('',*,*,#4192,.T.);
#899=ORIENTED_EDGE('',*,*,#4193,.T.);
#900=ORIENTED_EDGE('',*,*,#4194,.T.);
#901=ORIENTED_EDGE('',*,*,#4195,.T.);
#902=ORIENTED_EDGE('',*,*,#4196,.T.);
#903=ORIENTED_EDGE('',*,*,#4197,.T.);
#904=ORIENTED_EDGE('',*,*,#4198,.T.);
#905=ORIENTED_EDGE('',*,*,#4199,.T.);
#906=ORIENTED_EDGE('',*,*,#4200,.T.);
#907=ORIENTED_EDGE('',*,*,#4201,.T.);
#908=ORIENTED_EDGE('',*,*,#4202,.T.);
#909=ORIENTED_EDGE('',*,*,#4203,.T.);
#910=ORIENTED_EDGE('',*,*,#4204,.T.);
#911=ORIENTED_EDGE('',*,*,#4205,.T.);
#912=ORIENTED_EDGE('',*,*,#4206,.T.);
#913=ORIENTED_EDGE('',*,*,#4207,.T.);
#914=ORIENTED_EDGE('',*,*,#4208,.T.);
#915=ORIENTED_EDGE('',*,*,#4209,.T.);
#916=ORIENTED_EDGE('',*,*,#4210,.T.);
#917=ORIENTED_EDGE('',*,*,#4211,.T.);
#918=ORIENTED_EDGE('',*,*,#4212,.T.);
#919=ORIENTED_EDGE('',*,*,#4213,.T.);
#920=ORIENTED_EDGE('',*,*,#4214,.T.);
#921=ORIENTED_EDGE('',*,*,#4215,.T.);
#922=ORIENTED_EDGE('',*,*,#4216,.T.);
#923=ORIENTED_EDGE('',*,*,#4217,.T.);
#924=ORIENTED_EDGE('',*,*,#4218,.T.);
#925=ORIENTED_EDGE('',*,*,#4219,.T.);
#926=ORIENTED_EDGE('',*,*,#4220,.T.);
#927=ORIENTED_EDGE('',*,*,#4221,.T.);
#928=ORIENTED_EDGE('',*,*,#4222,.T.);
#929=ORIENTED_EDGE('',*,*,#4223,.T.);
#930=ORIENTED_EDGE('',*,*,#4224,.T.);
#931=ORIENTED_EDGE('',*,*,#4225,.T.);
#932=ORIENTED_EDGE('',*,*,#4226,.T.);
#933=ORIENTED_EDGE('',*,*,#4227,.T.);
#934=ORIENTED_EDGE('',*,*,#4228,.T.);
#935=ORIENTED_EDGE('',*,*,#4229,.T.);
#936=ORIENTED_EDGE('',*,*,#4230,.T.);
#937=ORIENTED_EDGE('',*,*,#4231,.T.);
#938=ORIENTED_EDGE('',*,*,#4232,.T.);
#939=ORIENTED_EDGE('',*,*,#4233,.T.);
#940=ORIENTED_EDGE('',*,*,#4234,.T.);
#941=ORIENTED_EDGE('',*,*,#4235,.T.);
#942=ORIENTED_EDGE('',*,*,#4236,.T.);
#943=ORIENTED_EDGE('',*,*,#4237,.T.);
#944=ORIENTED_EDGE('',*,*,#4238,.T.);
#945=ORIENTED_EDGE('',*,*,#4239,.T.);
#946=ORIENTED_EDGE('',*,*,#4240,.T.);
#947=ORIENTED_EDGE('',*,*,#4241,.T.);
#948=ORIENTED_EDGE('',*,*,#4242,.T.);
#949=ORIENTED_EDGE('',*,*,#4243,.T.);
#950=ORIENTED_EDGE('',*,*,#4244,.T.);
#951=ORIENTED_EDGE('',*,*,#4245,.T.);
#952=ORIENTED_EDGE('',*,*,#4246,.T.);
#953=ORIENTED_EDGE('',*,*,#4247,.T.);
#954=ORIENTED_EDGE('',*,*,#4248,.T.);
#955=ORIENTED_EDGE('',*,*,#4249,.T.);
#956=ORIENTED_EDGE('',*,*,#4250,.T.);
#957=ORIENTED_EDGE('',*,*,#4251,.T.);
#958=ORIENTED_EDGE('',*,*,#4252,.T.);
#959=ORIENTED_EDGE('',*,*,#4253,.T.);
#960=ORIENTED_EDGE('',*,*,#4254,.T.);
#961=ORIENTED_EDGE('',*,*,#4255,.T.);
#962=ORIENTED_EDGE('',*,*,#4256,.T.);
#963=ORIENTED_EDGE('',*,*,#4257,.T.);
#964=ORIENTED_EDGE('',*,*,#4258,.T.);
#965=ORIENTED_EDGE('',*,*,#4259,.T.);
#966=ORIENTED_EDGE('',*,*,#4260,.T.);
#967=ORIENTED_EDGE('',*,*,#4261,.T.);
#968=ORIENTED_EDGE('',*,*,#4262,.T.);
#969=ORIENTED_EDGE('',*,*,#4263,.T.);
#970=ORIENTED_EDGE('',*,*,#4264,.T.);
#971=ORIENTED_EDGE('',*,*,#4265,.T.);
#972=ORIENTED_EDGE('',*,*,#4266,.T.);
#973=ORIENTED_EDGE('',*,*,#4267,.T.);
#974=ORIENTED_EDGE('',*,*,#4268,.T.);
#975=ORIENTED_EDGE('',*,*,#4269,.T.);
#976=ORIENTED_EDGE('',*,*,#4270,.T.);
#977=ORIENTED_EDGE('',*,*,#4271,.T.);
#978=ORIENTED_EDGE('',*,*,#4272,.T.);
#979=ORIENTED_EDGE('',*,*,#4273,.T.);
#980=ORIENTED_EDGE('',*,*,#4274,.T.);
#981=ORIENTED_EDGE('',*,*,#4275,.T.);
#982=ORIENTED_EDGE('',*,*,#4276,.T.);
#983=ORIENTED_EDGE('',*,*,#4277,.T.);
#984=ORIENTED_EDGE('',*,*,#4278,.T.);
#985=ORIENTED_EDGE('',*,*,#4279,.T.);
#986=ORIENTED_EDGE('',*,*,#4280,.T.);
#987=ORIENTED_EDGE('',*,*,#4281,.T.);
#988=ORIENTED_EDGE('',*,*,#4282,.T.);
#989=ORIENTED_EDGE('',*,*,#4283,.T.);
#990=ORIENTED_EDGE('',*,*,#4284,.T.);
#991=ORIENTED_EDGE('',*,*,#4285,.T.);
#992=ORIENTED_EDGE('',*,*,#4286,.T.);
#993=ORIENTED_EDGE('',*,*,#4287,.T.);
#994=ORIENTED_EDGE('',*,*,#4288,.T.);
#995=ORIENTED_EDGE('',*,*,#4289,.T.);
#996=ORIENTED_EDGE('',*,*,#4290,.T.);
#997=ORIENTED_EDGE('',*,*,#4291,.T.);
#998=ORIENTED_EDGE('',*,*,#4292,.T.);
#999=ORIENTED_EDGE('',*,*,#4293,.T.);
#1000=ORIENTED_EDGE('',*,*,#4294,.T.);
#1001=ORIENTED_EDGE('',*,*,#4295,.T.);
#1002=ORIENTED_EDGE('',*,*,#4296,.T.);
#1003=ORIENTED_EDGE('',*,*,#4297,.T.);
#1004=ORIENTED_EDGE('',*,*,#4298,.T.);
#1005=ORIENTED_EDGE('',*,*,#4299,.T.);
#1006=ORIENTED_EDGE('',*,*,#4300,.T.);
#1007=ORIENTED_EDGE('',*,*,#4301,.T.);
#1008=ORIENTED_EDGE('',*,*,#4302,.T.);
#1009=ORIENTED_EDGE('',*,*,#4303,.T.);
#1010=ORIENTED_EDGE('',*,*,#4304,.T.);
#1011=ORIENTED_EDGE('',*,*,#4305,.T.);
#1012=ORIENTED_EDGE('',*,*,#4306,.T.);
#1013=ORIENTED_EDGE('',*,*,#4307,.T.);
#1014=ORIENTED_EDGE('',*,*,#4308,.T.);
#1015=ORIENTED_EDGE('',*,*,#4309,.T.);
#1016=ORIENTED_EDGE('',*,*,#4310,.T.);
#1017=ORIENTED_EDGE('',*,*,#4311,.T.);
#1018=ORIENTED_EDGE('',*,*,#4312,.T.);
#1019=ORIENTED_EDGE('',*,*,#4313,.T.);
#1020=ORIENTED_EDGE('',*,*,#4314,.T.);
#1021=ORIENTED_EDGE('',*,*,#4315,.T.);
#1022=ORIENTED_EDGE('',*,*,#4316,.T.);
#1023=ORIENTED_EDGE('',*,*,#4317,.T.);
#1024=ORIENTED_EDGE('',*,*,#4318,.T.);
#1025=ORIENTED_EDGE('',*,*,#4319,.T.);
#1026=ORIENTED_EDGE('',*,*,#4320,.T.);
#1027=ORIENTED_EDGE('',*,*,#4321,.T.);
#1028=ORIENTED_EDGE('',*,*,#4322,.T.);
#1029=ORIENTED_EDGE('',*,*,#4323,.T.);
#1030=ORIENTED_EDGE('',*,*,#4324,.T.);
#1031=ORIENTED_EDGE('',*,*,#4325,.T.);
#1032=ORIENTED_EDGE('',*,*,#4326,.T.);
#1033=ORIENTED_EDGE('',*,*,#4327,.T.);
#1034=ORIENTED_EDGE('',*,*,#4328,.T.);
#1035=ORIENTED_EDGE('',*,*,#4329,.T.);
#1036=ORIENTED_EDGE('',*,*,#4330,.T.);
#1037=ORIENTED_EDGE('',*,*,#4331,.T.);
#1038=ORIENTED_EDGE('',*,*,#4332,.T.);
#1039=ORIENTED_EDGE('',*,*,#4333,.T.);
#1040=ORIENTED_EDGE('',*,*,#4334,.T.);
#1041=ORIENTED_EDGE('',*,*,#4335,.T.);
#1042=ORIENTED_EDGE('',*,*,#4336,.T.);
#1043=ORIENTED_EDGE('',*,*,#4337,.T.);
#1044=ORIENTED_EDGE('',*,*,#4338,.T.);
#1045=ORIENTED_EDGE('',*,*,#4339,.T.);
#1046=ORIENTED_EDGE('',*,*,#4340,.T.);
#1047=ORIENTED_EDGE('',*,*,#4341,.T.);
#1048=ORIENTED_EDGE('',*,*,#4342,.T.);
#1049=ORIENTED_EDGE('',*,*,#4343,.T.);
#1050=ORIENTED_EDGE('',*,*,#4344,.T.);
#1051=ORIENTED_EDGE('',*,*,#4345,.T.);
#1052=ORIENTED_EDGE('',*,*,#4346,.T.);
#1053=ORIENTED_EDGE('',*,*,#4347,.T.);
#1054=ORIENTED_EDGE('',*,*,#4348,.T.);
#1055=ORIENTED_EDGE('',*,*,#4349,.T.);
#1056=ORIENTED_EDGE('',*,*,#4350,.T.);
#1057=ORIENTED_EDGE('',*,*,#4351,.T.);
#1058=ORIENTED_EDGE('',*,*,#4352,.T.);
#1059=ORIENTED_EDGE('',*,*,#4353,.T.);
#1060=ORIENTED_EDGE('',*,*,#4354,.T.);
#1061=ORIENTED_EDGE('',*,*,#4355,.T.);
#1062=ORIENTED_EDGE('',*,*,#4356,.T.);
#1063=ORIENTED_EDGE('',*,*,#4357,.T.);
#1064=ORIENTED_EDGE('',*,*,#4358,.T.);
#1065=ORIENTED_EDGE('',*,*,#4359,.T.);
#1066=ORIENTED_EDGE('',*,*,#4360,.T.);
#1067=ORIENTED_EDGE('',*,*,#4361,.T.);
#1068=ORIENTED_EDGE('',*,*,#4362,.T.);
#1069=ORIENTED_EDGE('',*,*,#4363,.T.);
#1070=ORIENTED_EDGE('',*,*,#4364,.T.);
#1071=ORIENTED_EDGE('',*,*,#4365,.T.);
#1072=ORIENTED_EDGE('',*,*,#4366,.T.);
#1073=ORIENTED_EDGE('',*,*,#4367,.T.);
#1074=ORIENTED_EDGE('',*,*,#4368,.T.);
#1075=ORIENTED_EDGE('',*,*,#4369,.T.);
#1076=ORIENTED_EDGE('',*,*,#4370,.T.);
#1077=ORIENTED_EDGE('',*,*,#4371,.T.);
#1078=ORIENTED_EDGE('',*,*,#4372,.T.);
#1079=ORIENTED_EDGE('',*,*,#4373,.T.);
#1080=ORIENTED_EDGE('',*,*,#4374,.T.);
#1081=ORIENTED_EDGE('',*,*,#4375,.T.);
#1082=ORIENTED_EDGE('',*,*,#4376,.T.);
#1083=ORIENTED_EDGE('',*,*,#4377,.T.);
#1084=ORIENTED_EDGE('',*,*,#4378,.T.);
#1085=ORIENTED_EDGE('',*,*,#4379,.T.);
#1086=ORIENTED_EDGE('',*,*,#4380,.T.);
#1087=ORIENTED_EDGE('',*,*,#4381,.T.);
#1088=ORIENTED_EDGE('',*,*,#4382,.T.);
#1089=ORIENTED_EDGE('',*,*,#4383,.T.);
#1090=ORIENTED_EDGE('',*,*,#4384,.T.);
#1091=ORIENTED_EDGE('',*,*,#4385,.T.);
#1092=ORIENTED_EDGE('',*,*,#4386,.T.);
#1093=ORIENTED_EDGE('',*,*,#4387,.T.);
#1094=ORIENTED_EDGE('',*,*,#4388,.T.);
#1095=ORIENTED_EDGE('',*,*,#4389,.T.);
#1096=ORIENTED_EDGE('',*,*,#4390,.T.);
#1097=ORIENTED_EDGE('',*,*,#4391,.T.);
#1098=ORIENTED_EDGE('',*,*,#4392,.T.);
#1099=ORIENTED_EDGE('',*,*,#4393,.T.);
#1100=ORIENTED_EDGE('',*,*,#4394,.T.);
#1101=ORIENTED_EDGE('',*,*,#4395,.T.);
#1102=ORIENTED_EDGE('',*,*,#4396,.T.);
#1103=ORIENTED_EDGE('',*,*,#4397,.T.);
#1104=ORIENTED_EDGE('',*,*,#4398,.T.);
#1105=ORIENTED_EDGE('',*,*,#4399,.T.);
#1106=ORIENTED_EDGE('',*,*,#4400,.T.);
#1107=ORIENTED_EDGE('',*,*,#4401,.T.);
#1108=ORIENTED_EDGE('',*,*,#4402,.T.);
#1109=ORIENTED_EDGE('',*,*,#4403,.T.);
#1110=ORIENTED_EDGE('',*,*,#4404,.T.);
#1111=ORIENTED_EDGE('',*,*,#4405,.T.);
#1112=ORIENTED_EDGE('',*,*,#4406,.T.);
#1113=ORIENTED_EDGE('',*,*,#4407,.T.);
#1114=ORIENTED_EDGE('',*,*,#4408,.T.);
#1115=ORIENTED_EDGE('',*,*,#4409,.T.);
#1116=ORIENTED_EDGE('',*,*,#4410,.T.);
#1117=ORIENTED_EDGE('',*,*,#4411,.T.);
#1118=ORIENTED_EDGE('',*,*,#4412,.T.);
#1119=ORIENTED_EDGE('',*,*,#4413,.T.);
#1120=ORIENTED_EDGE('',*,*,#4414,.T.);
#1121=ORIENTED_EDGE('',*,*,#4415,.F.);
#1122=ORIENTED_EDGE('',*,*,#4040,.F.);
#1123=ORIENTED_EDGE('',*,*,#4416,.T.);
#1124=ORIENTED_EDGE('',*,*,#4417,.T.);
#1125=ORIENTED_EDGE('',*,*,#4418,.F.);
#1126=ORIENTED_EDGE('',*,*,#4041,.F.);
#1127=ORIENTED_EDGE('',*,*,#4415,.T.);
#1128=ORIENTED_EDGE('',*,*,#4419,.F.);
#1129=ORIENTED_EDGE('',*,*,#4420,.F.);
#1130=ORIENTED_EDGE('',*,*,#4042,.T.);
#1131=ORIENTED_EDGE('',*,*,#4418,.T.);
#1132=ORIENTED_EDGE('',*,*,#4421,.T.);
#1133=ORIENTED_EDGE('',*,*,#4422,.F.);
#1134=ORIENTED_EDGE('',*,*,#4043,.F.);
#1135=ORIENTED_EDGE('',*,*,#4420,.T.);
#1136=ORIENTED_EDGE('',*,*,#4423,.F.);
#1137=ORIENTED_EDGE('',*,*,#4424,.F.);
#1138=ORIENTED_EDGE('',*,*,#4044,.T.);
#1139=ORIENTED_EDGE('',*,*,#4422,.T.);
#1140=ORIENTED_EDGE('',*,*,#4425,.T.);
#1141=ORIENTED_EDGE('',*,*,#4416,.F.);
#1142=ORIENTED_EDGE('',*,*,#4045,.F.);
#1143=ORIENTED_EDGE('',*,*,#4424,.T.);
#1144=ORIENTED_EDGE('',*,*,#4426,.T.);
#1145=ORIENTED_EDGE('',*,*,#4427,.T.);
#1146=ORIENTED_EDGE('',*,*,#4428,.T.);
#1147=ORIENTED_EDGE('',*,*,#4429,.T.);
#1148=ORIENTED_EDGE('',*,*,#4430,.F.);
#1149=ORIENTED_EDGE('',*,*,#4431,.F.);
#1150=ORIENTED_EDGE('',*,*,#4432,.F.);
#1151=ORIENTED_EDGE('',*,*,#4433,.F.);
#1152=ORIENTED_EDGE('',*,*,#4434,.F.);
#1153=ORIENTED_EDGE('',*,*,#4435,.F.);
#1154=ORIENTED_EDGE('',*,*,#4436,.F.);
#1155=ORIENTED_EDGE('',*,*,#4437,.F.);
#1156=ORIENTED_EDGE('',*,*,#4438,.F.);
#1157=ORIENTED_EDGE('',*,*,#4439,.F.);
#1158=ORIENTED_EDGE('',*,*,#4440,.F.);
#1159=ORIENTED_EDGE('',*,*,#4441,.T.);
#1160=ORIENTED_EDGE('',*,*,#4442,.T.);
#1161=ORIENTED_EDGE('',*,*,#4443,.T.);
#1162=ORIENTED_EDGE('',*,*,#4444,.T.);
#1163=ORIENTED_EDGE('',*,*,#4445,.T.);
#1164=ORIENTED_EDGE('',*,*,#4446,.F.);
#1165=ORIENTED_EDGE('',*,*,#4447,.T.);
#1166=ORIENTED_EDGE('',*,*,#4448,.F.);
#1167=ORIENTED_EDGE('',*,*,#4449,.T.);
#1168=ORIENTED_EDGE('',*,*,#4450,.T.);
#1169=ORIENTED_EDGE('',*,*,#4451,.T.);
#1170=ORIENTED_EDGE('',*,*,#4452,.T.);
#1171=ORIENTED_EDGE('',*,*,#4453,.T.);
#1172=ORIENTED_EDGE('',*,*,#4454,.T.);
#1173=ORIENTED_EDGE('',*,*,#4455,.T.);
#1174=ORIENTED_EDGE('',*,*,#4456,.T.);
#1175=ORIENTED_EDGE('',*,*,#4457,.T.);
#1176=ORIENTED_EDGE('',*,*,#4458,.F.);
#1177=ORIENTED_EDGE('',*,*,#4459,.T.);
#1178=ORIENTED_EDGE('',*,*,#4460,.T.);
#1179=ORIENTED_EDGE('',*,*,#4461,.F.);
#1180=ORIENTED_EDGE('',*,*,#4414,.F.);
#1181=ORIENTED_EDGE('',*,*,#4425,.F.);
#1182=ORIENTED_EDGE('',*,*,#4423,.T.);
#1183=ORIENTED_EDGE('',*,*,#4421,.F.);
#1184=ORIENTED_EDGE('',*,*,#4419,.T.);
#1185=ORIENTED_EDGE('',*,*,#4417,.F.);
#1186=ORIENTED_EDGE('',*,*,#4461,.T.);
#1187=ORIENTED_EDGE('',*,*,#4039,.T.);
#1188=ORIENTED_EDGE('',*,*,#4031,.T.);
#1189=ORIENTED_EDGE('',*,*,#4462,.T.);
#1190=ORIENTED_EDGE('',*,*,#4458,.T.);
#1191=ORIENTED_EDGE('',*,*,#4463,.T.);
#1192=ORIENTED_EDGE('',*,*,#4456,.F.);
#1193=ORIENTED_EDGE('',*,*,#4464,.T.);
#1194=ORIENTED_EDGE('',*,*,#4033,.F.);
#1195=ORIENTED_EDGE('',*,*,#4465,.T.);
#1196=ORIENTED_EDGE('',*,*,#4037,.T.);
#1197=ORIENTED_EDGE('',*,*,#4466,.T.);
#1198=ORIENTED_EDGE('',*,*,#4467,.T.);
#1199=ORIENTED_EDGE('',*,*,#4468,.T.);
#1200=ORIENTED_EDGE('',*,*,#4454,.F.);
#1201=ORIENTED_EDGE('',*,*,#4469,.T.);
#1202=ORIENTED_EDGE('',*,*,#4035,.F.);
#1203=ORIENTED_EDGE('',*,*,#4470,.T.);
#1204=ORIENTED_EDGE('',*,*,#4023,.T.);
#1205=ORIENTED_EDGE('',*,*,#4471,.T.);
#1206=ORIENTED_EDGE('',*,*,#4446,.T.);
#1207=ORIENTED_EDGE('',*,*,#4472,.T.);
#1208=ORIENTED_EDGE('',*,*,#4025,.F.);
#1209=ORIENTED_EDGE('',*,*,#4473,.T.);
#1210=ORIENTED_EDGE('',*,*,#4444,.F.);
#1211=ORIENTED_EDGE('',*,*,#4474,.T.);
#1212=ORIENTED_EDGE('',*,*,#4475,.T.);
#1213=ORIENTED_EDGE('',*,*,#4476,.T.);
#1214=ORIENTED_EDGE('',*,*,#4448,.T.);
#1215=ORIENTED_EDGE('',*,*,#4477,.T.);
#1216=ORIENTED_EDGE('',*,*,#4029,.T.);
#1217=ORIENTED_EDGE('',*,*,#4478,.T.);
#1218=ORIENTED_EDGE('',*,*,#4027,.F.);
#1219=ORIENTED_EDGE('',*,*,#4479,.T.);
#1220=ORIENTED_EDGE('',*,*,#4450,.F.);
#1221=ORIENTED_EDGE('',*,*,#4480,.T.);
#1222=ORIENTED_EDGE('',*,*,#4440,.T.);
#1223=ORIENTED_EDGE('',*,*,#4022,.T.);
#1224=ORIENTED_EDGE('',*,*,#4439,.T.);
#1225=ORIENTED_EDGE('',*,*,#4021,.T.);
#1226=ORIENTED_EDGE('',*,*,#4447,.F.);
#1227=ORIENTED_EDGE('',*,*,#4471,.F.);
#1228=ORIENTED_EDGE('',*,*,#4030,.F.);
#1229=ORIENTED_EDGE('',*,*,#4477,.F.);
#1230=ORIENTED_EDGE('',*,*,#4445,.F.);
#1231=ORIENTED_EDGE('',*,*,#4473,.F.);
#1232=ORIENTED_EDGE('',*,*,#4024,.F.);
#1233=ORIENTED_EDGE('',*,*,#4472,.F.);
#1234=ORIENTED_EDGE('',*,*,#4451,.F.);
#1235=ORIENTED_EDGE('',*,*,#4479,.F.);
#1236=ORIENTED_EDGE('',*,*,#4026,.F.);
#1237=ORIENTED_EDGE('',*,*,#4476,.F.);
#1238=ORIENTED_EDGE('',*,*,#4481,.T.);
#1239=ORIENTED_EDGE('',*,*,#4449,.F.);
#1240=ORIENTED_EDGE('',*,*,#4478,.F.);
#1241=ORIENTED_EDGE('',*,*,#4028,.F.);
#1242=ORIENTED_EDGE('',*,*,#4480,.F.);
#1243=ORIENTED_EDGE('',*,*,#4453,.F.);
#1244=ORIENTED_EDGE('',*,*,#4482,.T.);
#1245=ORIENTED_EDGE('',*,*,#4466,.F.);
#1246=ORIENTED_EDGE('',*,*,#4036,.F.);
#1247=ORIENTED_EDGE('',*,*,#4469,.F.);
#1248=ORIENTED_EDGE('',*,*,#4455,.F.);
#1249=ORIENTED_EDGE('',*,*,#4470,.F.);
#1250=ORIENTED_EDGE('',*,*,#4034,.F.);
#1251=ORIENTED_EDGE('',*,*,#4464,.F.);
#1252=ORIENTED_EDGE('',*,*,#4459,.F.);
#1253=ORIENTED_EDGE('',*,*,#4462,.F.);
#1254=ORIENTED_EDGE('',*,*,#4038,.F.);
#1255=ORIENTED_EDGE('',*,*,#4468,.F.);
#1256=ORIENTED_EDGE('',*,*,#4483,.T.);
#1257=ORIENTED_EDGE('',*,*,#4457,.F.);
#1258=ORIENTED_EDGE('',*,*,#4465,.F.);
#1259=ORIENTED_EDGE('',*,*,#4032,.F.);
#1260=ORIENTED_EDGE('',*,*,#4463,.F.);
#1261=ORIENTED_EDGE('',*,*,#4438,.T.);
#1262=ORIENTED_EDGE('',*,*,#4020,.F.);
#1263=ORIENTED_EDGE('',*,*,#4437,.T.);
#1264=ORIENTED_EDGE('',*,*,#4019,.F.);
#1265=ORIENTED_EDGE('',*,*,#4436,.T.);
#1266=ORIENTED_EDGE('',*,*,#4018,.F.);
#1267=ORIENTED_EDGE('',*,*,#4435,.T.);
#1268=ORIENTED_EDGE('',*,*,#4017,.F.);
#1269=ORIENTED_EDGE('',*,*,#4434,.T.);
#1270=ORIENTED_EDGE('',*,*,#4016,.F.);
#1271=ORIENTED_EDGE('',*,*,#4433,.T.);
#1272=ORIENTED_EDGE('',*,*,#4015,.F.);
#1273=ORIENTED_EDGE('',*,*,#4432,.T.);
#1274=ORIENTED_EDGE('',*,*,#4014,.F.);
#1275=ORIENTED_EDGE('',*,*,#4431,.T.);
#1276=ORIENTED_EDGE('',*,*,#4013,.F.);
#1277=ORIENTED_EDGE('',*,*,#4430,.T.);
#1278=ORIENTED_EDGE('',*,*,#4012,.F.);
#1279=ORIENTED_EDGE('',*,*,#4047,.F.);
#1280=ORIENTED_EDGE('',*,*,#4484,.F.);
#1281=ORIENTED_EDGE('',*,*,#4485,.T.);
#1282=ORIENTED_EDGE('',*,*,#4486,.T.);
#1283=ORIENTED_EDGE('',*,*,#4046,.F.);
#1284=ORIENTED_EDGE('',*,*,#4487,.F.);
#1285=ORIENTED_EDGE('',*,*,#4488,.T.);
#1286=ORIENTED_EDGE('',*,*,#4484,.T.);
#1287=ORIENTED_EDGE('',*,*,#4063,.F.);
#1288=ORIENTED_EDGE('',*,*,#4489,.F.);
#1289=ORIENTED_EDGE('',*,*,#4490,.T.);
#1290=ORIENTED_EDGE('',*,*,#4487,.T.);
#1291=ORIENTED_EDGE('',*,*,#4062,.F.);
#1292=ORIENTED_EDGE('',*,*,#4491,.F.);
#1293=ORIENTED_EDGE('',*,*,#4492,.T.);
#1294=ORIENTED_EDGE('',*,*,#4489,.T.);
#1295=ORIENTED_EDGE('',*,*,#4061,.F.);
#1296=ORIENTED_EDGE('',*,*,#4493,.F.);
#1297=ORIENTED_EDGE('',*,*,#4494,.T.);
#1298=ORIENTED_EDGE('',*,*,#4491,.T.);
#1299=ORIENTED_EDGE('',*,*,#4060,.F.);
#1300=ORIENTED_EDGE('',*,*,#4495,.F.);
#1301=ORIENTED_EDGE('',*,*,#4496,.T.);
#1302=ORIENTED_EDGE('',*,*,#4493,.T.);
#1303=ORIENTED_EDGE('',*,*,#4059,.F.);
#1304=ORIENTED_EDGE('',*,*,#4497,.F.);
#1305=ORIENTED_EDGE('',*,*,#4498,.T.);
#1306=ORIENTED_EDGE('',*,*,#4495,.T.);
#1307=ORIENTED_EDGE('',*,*,#4058,.F.);
#1308=ORIENTED_EDGE('',*,*,#4499,.F.);
#1309=ORIENTED_EDGE('',*,*,#4500,.T.);
#1310=ORIENTED_EDGE('',*,*,#4497,.T.);
#1311=ORIENTED_EDGE('',*,*,#4057,.F.);
#1312=ORIENTED_EDGE('',*,*,#4501,.F.);
#1313=ORIENTED_EDGE('',*,*,#4502,.T.);
#1314=ORIENTED_EDGE('',*,*,#4499,.T.);
#1315=ORIENTED_EDGE('',*,*,#4056,.F.);
#1316=ORIENTED_EDGE('',*,*,#4503,.F.);
#1317=ORIENTED_EDGE('',*,*,#4504,.T.);
#1318=ORIENTED_EDGE('',*,*,#4501,.T.);
#1319=ORIENTED_EDGE('',*,*,#4055,.F.);
#1320=ORIENTED_EDGE('',*,*,#4505,.F.);
#1321=ORIENTED_EDGE('',*,*,#4506,.T.);
#1322=ORIENTED_EDGE('',*,*,#4503,.T.);
#1323=ORIENTED_EDGE('',*,*,#4054,.F.);
#1324=ORIENTED_EDGE('',*,*,#4507,.F.);
#1325=ORIENTED_EDGE('',*,*,#4508,.T.);
#1326=ORIENTED_EDGE('',*,*,#4505,.T.);
#1327=ORIENTED_EDGE('',*,*,#4053,.F.);
#1328=ORIENTED_EDGE('',*,*,#4509,.F.);
#1329=ORIENTED_EDGE('',*,*,#4510,.T.);
#1330=ORIENTED_EDGE('',*,*,#4507,.T.);
#1331=ORIENTED_EDGE('',*,*,#4052,.F.);
#1332=ORIENTED_EDGE('',*,*,#4511,.F.);
#1333=ORIENTED_EDGE('',*,*,#4512,.T.);
#1334=ORIENTED_EDGE('',*,*,#4509,.T.);
#1335=ORIENTED_EDGE('',*,*,#4051,.F.);
#1336=ORIENTED_EDGE('',*,*,#4513,.F.);
#1337=ORIENTED_EDGE('',*,*,#4514,.T.);
#1338=ORIENTED_EDGE('',*,*,#4511,.T.);
#1339=ORIENTED_EDGE('',*,*,#4050,.F.);
#1340=ORIENTED_EDGE('',*,*,#4515,.F.);
#1341=ORIENTED_EDGE('',*,*,#4516,.T.);
#1342=ORIENTED_EDGE('',*,*,#4513,.T.);
#1343=ORIENTED_EDGE('',*,*,#4049,.F.);
#1344=ORIENTED_EDGE('',*,*,#4517,.F.);
#1345=ORIENTED_EDGE('',*,*,#4518,.T.);
#1346=ORIENTED_EDGE('',*,*,#4515,.T.);
#1347=ORIENTED_EDGE('',*,*,#4048,.F.);
#1348=ORIENTED_EDGE('',*,*,#4486,.F.);
#1349=ORIENTED_EDGE('',*,*,#4519,.T.);
#1350=ORIENTED_EDGE('',*,*,#4517,.T.);
#1351=ORIENTED_EDGE('',*,*,#4485,.F.);
#1352=ORIENTED_EDGE('',*,*,#4488,.F.);
#1353=ORIENTED_EDGE('',*,*,#4490,.F.);
#1354=ORIENTED_EDGE('',*,*,#4492,.F.);
#1355=ORIENTED_EDGE('',*,*,#4494,.F.);
#1356=ORIENTED_EDGE('',*,*,#4496,.F.);
#1357=ORIENTED_EDGE('',*,*,#4498,.F.);
#1358=ORIENTED_EDGE('',*,*,#4500,.F.);
#1359=ORIENTED_EDGE('',*,*,#4502,.F.);
#1360=ORIENTED_EDGE('',*,*,#4504,.F.);
#1361=ORIENTED_EDGE('',*,*,#4506,.F.);
#1362=ORIENTED_EDGE('',*,*,#4508,.F.);
#1363=ORIENTED_EDGE('',*,*,#4510,.F.);
#1364=ORIENTED_EDGE('',*,*,#4512,.F.);
#1365=ORIENTED_EDGE('',*,*,#4514,.F.);
#1366=ORIENTED_EDGE('',*,*,#4516,.F.);
#1367=ORIENTED_EDGE('',*,*,#4518,.F.);
#1368=ORIENTED_EDGE('',*,*,#4519,.F.);
#1369=ORIENTED_EDGE('',*,*,#4065,.F.);
#1370=ORIENTED_EDGE('',*,*,#4520,.F.);
#1371=ORIENTED_EDGE('',*,*,#4521,.T.);
#1372=ORIENTED_EDGE('',*,*,#4522,.T.);
#1373=ORIENTED_EDGE('',*,*,#4064,.F.);
#1374=ORIENTED_EDGE('',*,*,#4523,.F.);
#1375=ORIENTED_EDGE('',*,*,#4524,.T.);
#1376=ORIENTED_EDGE('',*,*,#4520,.T.);
#1377=ORIENTED_EDGE('',*,*,#4075,.F.);
#1378=ORIENTED_EDGE('',*,*,#4525,.F.);
#1379=ORIENTED_EDGE('',*,*,#4526,.T.);
#1380=ORIENTED_EDGE('',*,*,#4523,.T.);
#1381=ORIENTED_EDGE('',*,*,#4074,.F.);
#1382=ORIENTED_EDGE('',*,*,#4527,.F.);
#1383=ORIENTED_EDGE('',*,*,#4528,.T.);
#1384=ORIENTED_EDGE('',*,*,#4525,.T.);
#1385=ORIENTED_EDGE('',*,*,#4073,.F.);
#1386=ORIENTED_EDGE('',*,*,#4529,.F.);
#1387=ORIENTED_EDGE('',*,*,#4530,.T.);
#1388=ORIENTED_EDGE('',*,*,#4527,.T.);
#1389=ORIENTED_EDGE('',*,*,#4072,.F.);
#1390=ORIENTED_EDGE('',*,*,#4531,.F.);
#1391=ORIENTED_EDGE('',*,*,#4532,.T.);
#1392=ORIENTED_EDGE('',*,*,#4529,.T.);
#1393=ORIENTED_EDGE('',*,*,#4071,.F.);
#1394=ORIENTED_EDGE('',*,*,#4533,.F.);
#1395=ORIENTED_EDGE('',*,*,#4534,.T.);
#1396=ORIENTED_EDGE('',*,*,#4531,.T.);
#1397=ORIENTED_EDGE('',*,*,#4070,.F.);
#1398=ORIENTED_EDGE('',*,*,#4535,.F.);
#1399=ORIENTED_EDGE('',*,*,#4536,.T.);
#1400=ORIENTED_EDGE('',*,*,#4533,.T.);
#1401=ORIENTED_EDGE('',*,*,#4069,.F.);
#1402=ORIENTED_EDGE('',*,*,#4537,.F.);
#1403=ORIENTED_EDGE('',*,*,#4538,.T.);
#1404=ORIENTED_EDGE('',*,*,#4535,.T.);
#1405=ORIENTED_EDGE('',*,*,#4068,.F.);
#1406=ORIENTED_EDGE('',*,*,#4539,.F.);
#1407=ORIENTED_EDGE('',*,*,#4540,.T.);
#1408=ORIENTED_EDGE('',*,*,#4537,.T.);
#1409=ORIENTED_EDGE('',*,*,#4067,.F.);
#1410=ORIENTED_EDGE('',*,*,#4541,.F.);
#1411=ORIENTED_EDGE('',*,*,#4542,.T.);
#1412=ORIENTED_EDGE('',*,*,#4539,.T.);
#1413=ORIENTED_EDGE('',*,*,#4066,.F.);
#1414=ORIENTED_EDGE('',*,*,#4522,.F.);
#1415=ORIENTED_EDGE('',*,*,#4543,.T.);
#1416=ORIENTED_EDGE('',*,*,#4541,.T.);
#1417=ORIENTED_EDGE('',*,*,#4521,.F.);
#1418=ORIENTED_EDGE('',*,*,#4524,.F.);
#1419=ORIENTED_EDGE('',*,*,#4526,.F.);
#1420=ORIENTED_EDGE('',*,*,#4528,.F.);
#1421=ORIENTED_EDGE('',*,*,#4530,.F.);
#1422=ORIENTED_EDGE('',*,*,#4532,.F.);
#1423=ORIENTED_EDGE('',*,*,#4534,.F.);
#1424=ORIENTED_EDGE('',*,*,#4536,.F.);
#1425=ORIENTED_EDGE('',*,*,#4538,.F.);
#1426=ORIENTED_EDGE('',*,*,#4540,.F.);
#1427=ORIENTED_EDGE('',*,*,#4542,.F.);
#1428=ORIENTED_EDGE('',*,*,#4543,.F.);
#1429=ORIENTED_EDGE('',*,*,#4077,.F.);
#1430=ORIENTED_EDGE('',*,*,#4544,.F.);
#1431=ORIENTED_EDGE('',*,*,#4545,.T.);
#1432=ORIENTED_EDGE('',*,*,#4546,.T.);
#1433=ORIENTED_EDGE('',*,*,#4076,.F.);
#1434=ORIENTED_EDGE('',*,*,#4547,.F.);
#1435=ORIENTED_EDGE('',*,*,#4548,.T.);
#1436=ORIENTED_EDGE('',*,*,#4544,.T.);
#1437=ORIENTED_EDGE('',*,*,#4085,.F.);
#1438=ORIENTED_EDGE('',*,*,#4549,.F.);
#1439=ORIENTED_EDGE('',*,*,#4550,.T.);
#1440=ORIENTED_EDGE('',*,*,#4547,.T.);
#1441=ORIENTED_EDGE('',*,*,#4084,.F.);
#1442=ORIENTED_EDGE('',*,*,#4551,.F.);
#1443=ORIENTED_EDGE('',*,*,#4552,.T.);
#1444=ORIENTED_EDGE('',*,*,#4549,.T.);
#1445=ORIENTED_EDGE('',*,*,#4083,.F.);
#1446=ORIENTED_EDGE('',*,*,#4553,.F.);
#1447=ORIENTED_EDGE('',*,*,#4554,.T.);
#1448=ORIENTED_EDGE('',*,*,#4551,.T.);
#1449=ORIENTED_EDGE('',*,*,#4082,.F.);
#1450=ORIENTED_EDGE('',*,*,#4555,.F.);
#1451=ORIENTED_EDGE('',*,*,#4556,.T.);
#1452=ORIENTED_EDGE('',*,*,#4553,.T.);
#1453=ORIENTED_EDGE('',*,*,#4081,.F.);
#1454=ORIENTED_EDGE('',*,*,#4557,.F.);
#1455=ORIENTED_EDGE('',*,*,#4558,.T.);
#1456=ORIENTED_EDGE('',*,*,#4555,.T.);
#1457=ORIENTED_EDGE('',*,*,#4080,.F.);
#1458=ORIENTED_EDGE('',*,*,#4559,.F.);
#1459=ORIENTED_EDGE('',*,*,#4560,.T.);
#1460=ORIENTED_EDGE('',*,*,#4557,.T.);
#1461=ORIENTED_EDGE('',*,*,#4079,.F.);
#1462=ORIENTED_EDGE('',*,*,#4561,.F.);
#1463=ORIENTED_EDGE('',*,*,#4562,.T.);
#1464=ORIENTED_EDGE('',*,*,#4559,.T.);
#1465=ORIENTED_EDGE('',*,*,#4078,.F.);
#1466=ORIENTED_EDGE('',*,*,#4546,.F.);
#1467=ORIENTED_EDGE('',*,*,#4563,.T.);
#1468=ORIENTED_EDGE('',*,*,#4561,.T.);
#1469=ORIENTED_EDGE('',*,*,#4545,.F.);
#1470=ORIENTED_EDGE('',*,*,#4548,.F.);
#1471=ORIENTED_EDGE('',*,*,#4550,.F.);
#1472=ORIENTED_EDGE('',*,*,#4552,.F.);
#1473=ORIENTED_EDGE('',*,*,#4554,.F.);
#1474=ORIENTED_EDGE('',*,*,#4556,.F.);
#1475=ORIENTED_EDGE('',*,*,#4558,.F.);
#1476=ORIENTED_EDGE('',*,*,#4560,.F.);
#1477=ORIENTED_EDGE('',*,*,#4562,.F.);
#1478=ORIENTED_EDGE('',*,*,#4563,.F.);
#1479=ORIENTED_EDGE('',*,*,#4087,.F.);
#1480=ORIENTED_EDGE('',*,*,#4564,.F.);
#1481=ORIENTED_EDGE('',*,*,#4565,.T.);
#1482=ORIENTED_EDGE('',*,*,#4566,.T.);
#1483=ORIENTED_EDGE('',*,*,#4086,.F.);
#1484=ORIENTED_EDGE('',*,*,#4567,.F.);
#1485=ORIENTED_EDGE('',*,*,#4568,.T.);
#1486=ORIENTED_EDGE('',*,*,#4564,.T.);
#1487=ORIENTED_EDGE('',*,*,#4108,.F.);
#1488=ORIENTED_EDGE('',*,*,#4569,.F.);
#1489=ORIENTED_EDGE('',*,*,#4570,.T.);
#1490=ORIENTED_EDGE('',*,*,#4567,.T.);
#1491=ORIENTED_EDGE('',*,*,#4107,.F.);
#1492=ORIENTED_EDGE('',*,*,#4571,.F.);
#1493=ORIENTED_EDGE('',*,*,#4572,.T.);
#1494=ORIENTED_EDGE('',*,*,#4569,.T.);
#1495=ORIENTED_EDGE('',*,*,#4106,.F.);
#1496=ORIENTED_EDGE('',*,*,#4573,.F.);
#1497=ORIENTED_EDGE('',*,*,#4574,.T.);
#1498=ORIENTED_EDGE('',*,*,#4571,.T.);
#1499=ORIENTED_EDGE('',*,*,#4105,.F.);
#1500=ORIENTED_EDGE('',*,*,#4575,.F.);
#1501=ORIENTED_EDGE('',*,*,#4576,.T.);
#1502=ORIENTED_EDGE('',*,*,#4573,.T.);
#1503=ORIENTED_EDGE('',*,*,#4104,.F.);
#1504=ORIENTED_EDGE('',*,*,#4577,.F.);
#1505=ORIENTED_EDGE('',*,*,#4578,.T.);
#1506=ORIENTED_EDGE('',*,*,#4575,.T.);
#1507=ORIENTED_EDGE('',*,*,#4103,.F.);
#1508=ORIENTED_EDGE('',*,*,#4579,.F.);
#1509=ORIENTED_EDGE('',*,*,#4580,.T.);
#1510=ORIENTED_EDGE('',*,*,#4577,.T.);
#1511=ORIENTED_EDGE('',*,*,#4102,.F.);
#1512=ORIENTED_EDGE('',*,*,#4581,.F.);
#1513=ORIENTED_EDGE('',*,*,#4582,.T.);
#1514=ORIENTED_EDGE('',*,*,#4579,.T.);
#1515=ORIENTED_EDGE('',*,*,#4101,.F.);
#1516=ORIENTED_EDGE('',*,*,#4583,.F.);
#1517=ORIENTED_EDGE('',*,*,#4584,.T.);
#1518=ORIENTED_EDGE('',*,*,#4581,.T.);
#1519=ORIENTED_EDGE('',*,*,#4100,.F.);
#1520=ORIENTED_EDGE('',*,*,#4585,.F.);
#1521=ORIENTED_EDGE('',*,*,#4586,.T.);
#1522=ORIENTED_EDGE('',*,*,#4583,.T.);
#1523=ORIENTED_EDGE('',*,*,#4099,.F.);
#1524=ORIENTED_EDGE('',*,*,#4587,.F.);
#1525=ORIENTED_EDGE('',*,*,#4588,.T.);
#1526=ORIENTED_EDGE('',*,*,#4585,.T.);
#1527=ORIENTED_EDGE('',*,*,#4098,.F.);
#1528=ORIENTED_EDGE('',*,*,#4589,.F.);
#1529=ORIENTED_EDGE('',*,*,#4590,.T.);
#1530=ORIENTED_EDGE('',*,*,#4587,.T.);
#1531=ORIENTED_EDGE('',*,*,#4097,.F.);
#1532=ORIENTED_EDGE('',*,*,#4591,.F.);
#1533=ORIENTED_EDGE('',*,*,#4592,.T.);
#1534=ORIENTED_EDGE('',*,*,#4589,.T.);
#1535=ORIENTED_EDGE('',*,*,#4096,.F.);
#1536=ORIENTED_EDGE('',*,*,#4593,.F.);
#1537=ORIENTED_EDGE('',*,*,#4594,.T.);
#1538=ORIENTED_EDGE('',*,*,#4591,.T.);
#1539=ORIENTED_EDGE('',*,*,#4095,.F.);
#1540=ORIENTED_EDGE('',*,*,#4595,.F.);
#1541=ORIENTED_EDGE('',*,*,#4596,.T.);
#1542=ORIENTED_EDGE('',*,*,#4593,.T.);
#1543=ORIENTED_EDGE('',*,*,#4094,.F.);
#1544=ORIENTED_EDGE('',*,*,#4597,.F.);
#1545=ORIENTED_EDGE('',*,*,#4598,.T.);
#1546=ORIENTED_EDGE('',*,*,#4595,.T.);
#1547=ORIENTED_EDGE('',*,*,#4093,.F.);
#1548=ORIENTED_EDGE('',*,*,#4599,.F.);
#1549=ORIENTED_EDGE('',*,*,#4600,.T.);
#1550=ORIENTED_EDGE('',*,*,#4597,.T.);
#1551=ORIENTED_EDGE('',*,*,#4092,.F.);
#1552=ORIENTED_EDGE('',*,*,#4601,.F.);
#1553=ORIENTED_EDGE('',*,*,#4602,.T.);
#1554=ORIENTED_EDGE('',*,*,#4599,.T.);
#1555=ORIENTED_EDGE('',*,*,#4091,.F.);
#1556=ORIENTED_EDGE('',*,*,#4603,.F.);
#1557=ORIENTED_EDGE('',*,*,#4604,.T.);
#1558=ORIENTED_EDGE('',*,*,#4601,.T.);
#1559=ORIENTED_EDGE('',*,*,#4090,.F.);
#1560=ORIENTED_EDGE('',*,*,#4605,.F.);
#1561=ORIENTED_EDGE('',*,*,#4606,.T.);
#1562=ORIENTED_EDGE('',*,*,#4603,.T.);
#1563=ORIENTED_EDGE('',*,*,#4089,.F.);
#1564=ORIENTED_EDGE('',*,*,#4607,.F.);
#1565=ORIENTED_EDGE('',*,*,#4608,.T.);
#1566=ORIENTED_EDGE('',*,*,#4605,.T.);
#1567=ORIENTED_EDGE('',*,*,#4088,.F.);
#1568=ORIENTED_EDGE('',*,*,#4566,.F.);
#1569=ORIENTED_EDGE('',*,*,#4609,.T.);
#1570=ORIENTED_EDGE('',*,*,#4607,.T.);
#1571=ORIENTED_EDGE('',*,*,#4565,.F.);
#1572=ORIENTED_EDGE('',*,*,#4568,.F.);
#1573=ORIENTED_EDGE('',*,*,#4570,.F.);
#1574=ORIENTED_EDGE('',*,*,#4572,.F.);
#1575=ORIENTED_EDGE('',*,*,#4574,.F.);
#1576=ORIENTED_EDGE('',*,*,#4576,.F.);
#1577=ORIENTED_EDGE('',*,*,#4578,.F.);
#1578=ORIENTED_EDGE('',*,*,#4580,.F.);
#1579=ORIENTED_EDGE('',*,*,#4582,.F.);
#1580=ORIENTED_EDGE('',*,*,#4584,.F.);
#1581=ORIENTED_EDGE('',*,*,#4586,.F.);
#1582=ORIENTED_EDGE('',*,*,#4588,.F.);
#1583=ORIENTED_EDGE('',*,*,#4590,.F.);
#1584=ORIENTED_EDGE('',*,*,#4592,.F.);
#1585=ORIENTED_EDGE('',*,*,#4594,.F.);
#1586=ORIENTED_EDGE('',*,*,#4596,.F.);
#1587=ORIENTED_EDGE('',*,*,#4598,.F.);
#1588=ORIENTED_EDGE('',*,*,#4600,.F.);
#1589=ORIENTED_EDGE('',*,*,#4602,.F.);
#1590=ORIENTED_EDGE('',*,*,#4604,.F.);
#1591=ORIENTED_EDGE('',*,*,#4606,.F.);
#1592=ORIENTED_EDGE('',*,*,#4608,.F.);
#1593=ORIENTED_EDGE('',*,*,#4609,.F.);
#1594=ORIENTED_EDGE('',*,*,#4110,.F.);
#1595=ORIENTED_EDGE('',*,*,#4610,.F.);
#1596=ORIENTED_EDGE('',*,*,#4611,.T.);
#1597=ORIENTED_EDGE('',*,*,#4612,.T.);
#1598=ORIENTED_EDGE('',*,*,#4109,.F.);
#1599=ORIENTED_EDGE('',*,*,#4613,.F.);
#1600=ORIENTED_EDGE('',*,*,#4614,.T.);
#1601=ORIENTED_EDGE('',*,*,#4610,.T.);
#1602=ORIENTED_EDGE('',*,*,#4126,.F.);
#1603=ORIENTED_EDGE('',*,*,#4615,.F.);
#1604=ORIENTED_EDGE('',*,*,#4616,.T.);
#1605=ORIENTED_EDGE('',*,*,#4613,.T.);
#1606=ORIENTED_EDGE('',*,*,#4125,.F.);
#1607=ORIENTED_EDGE('',*,*,#4617,.F.);
#1608=ORIENTED_EDGE('',*,*,#4618,.T.);
#1609=ORIENTED_EDGE('',*,*,#4615,.T.);
#1610=ORIENTED_EDGE('',*,*,#4124,.F.);
#1611=ORIENTED_EDGE('',*,*,#4619,.F.);
#1612=ORIENTED_EDGE('',*,*,#4620,.T.);
#1613=ORIENTED_EDGE('',*,*,#4617,.T.);
#1614=ORIENTED_EDGE('',*,*,#4123,.F.);
#1615=ORIENTED_EDGE('',*,*,#4621,.F.);
#1616=ORIENTED_EDGE('',*,*,#4622,.T.);
#1617=ORIENTED_EDGE('',*,*,#4619,.T.);
#1618=ORIENTED_EDGE('',*,*,#4122,.F.);
#1619=ORIENTED_EDGE('',*,*,#4623,.F.);
#1620=ORIENTED_EDGE('',*,*,#4624,.T.);
#1621=ORIENTED_EDGE('',*,*,#4621,.T.);
#1622=ORIENTED_EDGE('',*,*,#4121,.F.);
#1623=ORIENTED_EDGE('',*,*,#4625,.F.);
#1624=ORIENTED_EDGE('',*,*,#4626,.T.);
#1625=ORIENTED_EDGE('',*,*,#4623,.T.);
#1626=ORIENTED_EDGE('',*,*,#4120,.F.);
#1627=ORIENTED_EDGE('',*,*,#4627,.F.);
#1628=ORIENTED_EDGE('',*,*,#4628,.T.);
#1629=ORIENTED_EDGE('',*,*,#4625,.T.);
#1630=ORIENTED_EDGE('',*,*,#4119,.F.);
#1631=ORIENTED_EDGE('',*,*,#4629,.F.);
#1632=ORIENTED_EDGE('',*,*,#4630,.T.);
#1633=ORIENTED_EDGE('',*,*,#4627,.T.);
#1634=ORIENTED_EDGE('',*,*,#4118,.F.);
#1635=ORIENTED_EDGE('',*,*,#4631,.F.);
#1636=ORIENTED_EDGE('',*,*,#4632,.T.);
#1637=ORIENTED_EDGE('',*,*,#4629,.T.);
#1638=ORIENTED_EDGE('',*,*,#4117,.F.);
#1639=ORIENTED_EDGE('',*,*,#4633,.F.);
#1640=ORIENTED_EDGE('',*,*,#4634,.T.);
#1641=ORIENTED_EDGE('',*,*,#4631,.T.);
#1642=ORIENTED_EDGE('',*,*,#4116,.F.);
#1643=ORIENTED_EDGE('',*,*,#4635,.F.);
#1644=ORIENTED_EDGE('',*,*,#4636,.T.);
#1645=ORIENTED_EDGE('',*,*,#4633,.T.);
#1646=ORIENTED_EDGE('',*,*,#4115,.F.);
#1647=ORIENTED_EDGE('',*,*,#4637,.F.);
#1648=ORIENTED_EDGE('',*,*,#4638,.T.);
#1649=ORIENTED_EDGE('',*,*,#4635,.T.);
#1650=ORIENTED_EDGE('',*,*,#4114,.F.);
#1651=ORIENTED_EDGE('',*,*,#4639,.F.);
#1652=ORIENTED_EDGE('',*,*,#4640,.T.);
#1653=ORIENTED_EDGE('',*,*,#4637,.T.);
#1654=ORIENTED_EDGE('',*,*,#4113,.F.);
#1655=ORIENTED_EDGE('',*,*,#4641,.F.);
#1656=ORIENTED_EDGE('',*,*,#4642,.T.);
#1657=ORIENTED_EDGE('',*,*,#4639,.T.);
#1658=ORIENTED_EDGE('',*,*,#4112,.F.);
#1659=ORIENTED_EDGE('',*,*,#4643,.F.);
#1660=ORIENTED_EDGE('',*,*,#4644,.T.);
#1661=ORIENTED_EDGE('',*,*,#4641,.T.);
#1662=ORIENTED_EDGE('',*,*,#4111,.F.);
#1663=ORIENTED_EDGE('',*,*,#4612,.F.);
#1664=ORIENTED_EDGE('',*,*,#4645,.T.);
#1665=ORIENTED_EDGE('',*,*,#4643,.T.);
#1666=ORIENTED_EDGE('',*,*,#4611,.F.);
#1667=ORIENTED_EDGE('',*,*,#4614,.F.);
#1668=ORIENTED_EDGE('',*,*,#4616,.F.);
#1669=ORIENTED_EDGE('',*,*,#4618,.F.);
#1670=ORIENTED_EDGE('',*,*,#4620,.F.);
#1671=ORIENTED_EDGE('',*,*,#4622,.F.);
#1672=ORIENTED_EDGE('',*,*,#4624,.F.);
#1673=ORIENTED_EDGE('',*,*,#4626,.F.);
#1674=ORIENTED_EDGE('',*,*,#4628,.F.);
#1675=ORIENTED_EDGE('',*,*,#4630,.F.);
#1676=ORIENTED_EDGE('',*,*,#4632,.F.);
#1677=ORIENTED_EDGE('',*,*,#4634,.F.);
#1678=ORIENTED_EDGE('',*,*,#4636,.F.);
#1679=ORIENTED_EDGE('',*,*,#4638,.F.);
#1680=ORIENTED_EDGE('',*,*,#4640,.F.);
#1681=ORIENTED_EDGE('',*,*,#4642,.F.);
#1682=ORIENTED_EDGE('',*,*,#4644,.F.);
#1683=ORIENTED_EDGE('',*,*,#4645,.F.);
#1684=ORIENTED_EDGE('',*,*,#4646,.F.);
#1685=ORIENTED_EDGE('',*,*,#4647,.F.);
#1686=ORIENTED_EDGE('',*,*,#4648,.T.);
#1687=ORIENTED_EDGE('',*,*,#4649,.T.);
#1688=ORIENTED_EDGE('',*,*,#4650,.F.);
#1689=ORIENTED_EDGE('',*,*,#4651,.F.);
#1690=ORIENTED_EDGE('',*,*,#4652,.T.);
#1691=ORIENTED_EDGE('',*,*,#4647,.T.);
#1692=ORIENTED_EDGE('',*,*,#4653,.F.);
#1693=ORIENTED_EDGE('',*,*,#4654,.F.);
#1694=ORIENTED_EDGE('',*,*,#4655,.T.);
#1695=ORIENTED_EDGE('',*,*,#4651,.T.);
#1696=ORIENTED_EDGE('',*,*,#4656,.F.);
#1697=ORIENTED_EDGE('',*,*,#4657,.F.);
#1698=ORIENTED_EDGE('',*,*,#4658,.T.);
#1699=ORIENTED_EDGE('',*,*,#4654,.T.);
#1700=ORIENTED_EDGE('',*,*,#4659,.F.);
#1701=ORIENTED_EDGE('',*,*,#4660,.F.);
#1702=ORIENTED_EDGE('',*,*,#4661,.T.);
#1703=ORIENTED_EDGE('',*,*,#4657,.T.);
#1704=ORIENTED_EDGE('',*,*,#4662,.F.);
#1705=ORIENTED_EDGE('',*,*,#4663,.F.);
#1706=ORIENTED_EDGE('',*,*,#4664,.T.);
#1707=ORIENTED_EDGE('',*,*,#4660,.T.);
#1708=ORIENTED_EDGE('',*,*,#4665,.F.);
#1709=ORIENTED_EDGE('',*,*,#4666,.F.);
#1710=ORIENTED_EDGE('',*,*,#4667,.T.);
#1711=ORIENTED_EDGE('',*,*,#4663,.T.);
#1712=ORIENTED_EDGE('',*,*,#4668,.F.);
#1713=ORIENTED_EDGE('',*,*,#4669,.F.);
#1714=ORIENTED_EDGE('',*,*,#4670,.T.);
#1715=ORIENTED_EDGE('',*,*,#4666,.T.);
#1716=ORIENTED_EDGE('',*,*,#4671,.F.);
#1717=ORIENTED_EDGE('',*,*,#4672,.F.);
#1718=ORIENTED_EDGE('',*,*,#4673,.T.);
#1719=ORIENTED_EDGE('',*,*,#4669,.T.);
#1720=ORIENTED_EDGE('',*,*,#3995,.F.);
#1721=ORIENTED_EDGE('',*,*,#4674,.F.);
#1722=ORIENTED_EDGE('',*,*,#4675,.T.);
#1723=ORIENTED_EDGE('',*,*,#4676,.T.);
#1724=ORIENTED_EDGE('',*,*,#3994,.F.);
#1725=ORIENTED_EDGE('',*,*,#4677,.F.);
#1726=ORIENTED_EDGE('',*,*,#4678,.T.);
#1727=ORIENTED_EDGE('',*,*,#4674,.T.);
#1728=ORIENTED_EDGE('',*,*,#4011,.F.);
#1729=ORIENTED_EDGE('',*,*,#4679,.F.);
#1730=ORIENTED_EDGE('',*,*,#4680,.T.);
#1731=ORIENTED_EDGE('',*,*,#4677,.T.);
#1732=ORIENTED_EDGE('',*,*,#4010,.F.);
#1733=ORIENTED_EDGE('',*,*,#4681,.F.);
#1734=ORIENTED_EDGE('',*,*,#4682,.T.);
#1735=ORIENTED_EDGE('',*,*,#4679,.T.);
#1736=ORIENTED_EDGE('',*,*,#4009,.F.);
#1737=ORIENTED_EDGE('',*,*,#4683,.F.);
#1738=ORIENTED_EDGE('',*,*,#4684,.T.);
#1739=ORIENTED_EDGE('',*,*,#4681,.T.);
#1740=ORIENTED_EDGE('',*,*,#4008,.F.);
#1741=ORIENTED_EDGE('',*,*,#4685,.F.);
#1742=ORIENTED_EDGE('',*,*,#4686,.T.);
#1743=ORIENTED_EDGE('',*,*,#4683,.T.);
#1744=ORIENTED_EDGE('',*,*,#4007,.F.);
#1745=ORIENTED_EDGE('',*,*,#4687,.F.);
#1746=ORIENTED_EDGE('',*,*,#4688,.T.);
#1747=ORIENTED_EDGE('',*,*,#4685,.T.);
#1748=ORIENTED_EDGE('',*,*,#4006,.F.);
#1749=ORIENTED_EDGE('',*,*,#4689,.F.);
#1750=ORIENTED_EDGE('',*,*,#4690,.T.);
#1751=ORIENTED_EDGE('',*,*,#4687,.T.);
#1752=ORIENTED_EDGE('',*,*,#4005,.F.);
#1753=ORIENTED_EDGE('',*,*,#4691,.F.);
#1754=ORIENTED_EDGE('',*,*,#4692,.T.);
#1755=ORIENTED_EDGE('',*,*,#4689,.T.);
#1756=ORIENTED_EDGE('',*,*,#4004,.F.);
#1757=ORIENTED_EDGE('',*,*,#4693,.F.);
#1758=ORIENTED_EDGE('',*,*,#4694,.T.);
#1759=ORIENTED_EDGE('',*,*,#4691,.T.);
#1760=ORIENTED_EDGE('',*,*,#4003,.F.);
#1761=ORIENTED_EDGE('',*,*,#4695,.F.);
#1762=ORIENTED_EDGE('',*,*,#4696,.T.);
#1763=ORIENTED_EDGE('',*,*,#4693,.T.);
#1764=ORIENTED_EDGE('',*,*,#4002,.F.);
#1765=ORIENTED_EDGE('',*,*,#4697,.F.);
#1766=ORIENTED_EDGE('',*,*,#4698,.T.);
#1767=ORIENTED_EDGE('',*,*,#4695,.T.);
#1768=ORIENTED_EDGE('',*,*,#4001,.F.);
#1769=ORIENTED_EDGE('',*,*,#4699,.F.);
#1770=ORIENTED_EDGE('',*,*,#4700,.T.);
#1771=ORIENTED_EDGE('',*,*,#4697,.T.);
#1772=ORIENTED_EDGE('',*,*,#4000,.F.);
#1773=ORIENTED_EDGE('',*,*,#4701,.F.);
#1774=ORIENTED_EDGE('',*,*,#4702,.T.);
#1775=ORIENTED_EDGE('',*,*,#4699,.T.);
#1776=ORIENTED_EDGE('',*,*,#3999,.F.);
#1777=ORIENTED_EDGE('',*,*,#4703,.F.);
#1778=ORIENTED_EDGE('',*,*,#4704,.T.);
#1779=ORIENTED_EDGE('',*,*,#4701,.T.);
#1780=ORIENTED_EDGE('',*,*,#3998,.F.);
#1781=ORIENTED_EDGE('',*,*,#4705,.F.);
#1782=ORIENTED_EDGE('',*,*,#4706,.T.);
#1783=ORIENTED_EDGE('',*,*,#4703,.T.);
#1784=ORIENTED_EDGE('',*,*,#3997,.F.);
#1785=ORIENTED_EDGE('',*,*,#4707,.F.);
#1786=ORIENTED_EDGE('',*,*,#4708,.T.);
#1787=ORIENTED_EDGE('',*,*,#4705,.T.);
#1788=ORIENTED_EDGE('',*,*,#3996,.F.);
#1789=ORIENTED_EDGE('',*,*,#4676,.F.);
#1790=ORIENTED_EDGE('',*,*,#4709,.T.);
#1791=ORIENTED_EDGE('',*,*,#4707,.T.);
#1792=ORIENTED_EDGE('',*,*,#4710,.F.);
#1793=ORIENTED_EDGE('',*,*,#4649,.F.);
#1794=ORIENTED_EDGE('',*,*,#4711,.T.);
#1795=ORIENTED_EDGE('',*,*,#4672,.T.);
#1796=ORIENTED_EDGE('',*,*,#4675,.F.);
#1797=ORIENTED_EDGE('',*,*,#4678,.F.);
#1798=ORIENTED_EDGE('',*,*,#4680,.F.);
#1799=ORIENTED_EDGE('',*,*,#4682,.F.);
#1800=ORIENTED_EDGE('',*,*,#4684,.F.);
#1801=ORIENTED_EDGE('',*,*,#4686,.F.);
#1802=ORIENTED_EDGE('',*,*,#4688,.F.);
#1803=ORIENTED_EDGE('',*,*,#4690,.F.);
#1804=ORIENTED_EDGE('',*,*,#4692,.F.);
#1805=ORIENTED_EDGE('',*,*,#4694,.F.);
#1806=ORIENTED_EDGE('',*,*,#4696,.F.);
#1807=ORIENTED_EDGE('',*,*,#4698,.F.);
#1808=ORIENTED_EDGE('',*,*,#4700,.F.);
#1809=ORIENTED_EDGE('',*,*,#4702,.F.);
#1810=ORIENTED_EDGE('',*,*,#4704,.F.);
#1811=ORIENTED_EDGE('',*,*,#4706,.F.);
#1812=ORIENTED_EDGE('',*,*,#4708,.F.);
#1813=ORIENTED_EDGE('',*,*,#4709,.F.);
#1814=ORIENTED_EDGE('',*,*,#4648,.F.);
#1815=ORIENTED_EDGE('',*,*,#4652,.F.);
#1816=ORIENTED_EDGE('',*,*,#4655,.F.);
#1817=ORIENTED_EDGE('',*,*,#4658,.F.);
#1818=ORIENTED_EDGE('',*,*,#4661,.F.);
#1819=ORIENTED_EDGE('',*,*,#4664,.F.);
#1820=ORIENTED_EDGE('',*,*,#4667,.F.);
#1821=ORIENTED_EDGE('',*,*,#4670,.F.);
#1822=ORIENTED_EDGE('',*,*,#4673,.F.);
#1823=ORIENTED_EDGE('',*,*,#4711,.F.);
#1824=ORIENTED_EDGE('',*,*,#4712,.F.);
#1825=ORIENTED_EDGE('',*,*,#4713,.F.);
#1826=ORIENTED_EDGE('',*,*,#4714,.T.);
#1827=ORIENTED_EDGE('',*,*,#4715,.T.);
#1828=ORIENTED_EDGE('',*,*,#4716,.F.);
#1829=ORIENTED_EDGE('',*,*,#4717,.F.);
#1830=ORIENTED_EDGE('',*,*,#4718,.T.);
#1831=ORIENTED_EDGE('',*,*,#4713,.T.);
#1832=ORIENTED_EDGE('',*,*,#4719,.F.);
#1833=ORIENTED_EDGE('',*,*,#4720,.F.);
#1834=ORIENTED_EDGE('',*,*,#4721,.T.);
#1835=ORIENTED_EDGE('',*,*,#4717,.T.);
#1836=ORIENTED_EDGE('',*,*,#4722,.F.);
#1837=ORIENTED_EDGE('',*,*,#4723,.F.);
#1838=ORIENTED_EDGE('',*,*,#4724,.T.);
#1839=ORIENTED_EDGE('',*,*,#4720,.T.);
#1840=ORIENTED_EDGE('',*,*,#4725,.F.);
#1841=ORIENTED_EDGE('',*,*,#4726,.F.);
#1842=ORIENTED_EDGE('',*,*,#4727,.T.);
#1843=ORIENTED_EDGE('',*,*,#4723,.T.);
#1844=ORIENTED_EDGE('',*,*,#4728,.F.);
#1845=ORIENTED_EDGE('',*,*,#4729,.F.);
#1846=ORIENTED_EDGE('',*,*,#4730,.T.);
#1847=ORIENTED_EDGE('',*,*,#4726,.T.);
#1848=ORIENTED_EDGE('',*,*,#4128,.F.);
#1849=ORIENTED_EDGE('',*,*,#4731,.F.);
#1850=ORIENTED_EDGE('',*,*,#4732,.T.);
#1851=ORIENTED_EDGE('',*,*,#4733,.T.);
#1852=ORIENTED_EDGE('',*,*,#4127,.F.);
#1853=ORIENTED_EDGE('',*,*,#4734,.F.);
#1854=ORIENTED_EDGE('',*,*,#4735,.T.);
#1855=ORIENTED_EDGE('',*,*,#4731,.T.);
#1856=ORIENTED_EDGE('',*,*,#4143,.F.);
#1857=ORIENTED_EDGE('',*,*,#4736,.F.);
#1858=ORIENTED_EDGE('',*,*,#4737,.T.);
#1859=ORIENTED_EDGE('',*,*,#4734,.T.);
#1860=ORIENTED_EDGE('',*,*,#4142,.F.);
#1861=ORIENTED_EDGE('',*,*,#4738,.F.);
#1862=ORIENTED_EDGE('',*,*,#4739,.T.);
#1863=ORIENTED_EDGE('',*,*,#4736,.T.);
#1864=ORIENTED_EDGE('',*,*,#4141,.F.);
#1865=ORIENTED_EDGE('',*,*,#4740,.F.);
#1866=ORIENTED_EDGE('',*,*,#4741,.T.);
#1867=ORIENTED_EDGE('',*,*,#4738,.T.);
#1868=ORIENTED_EDGE('',*,*,#4140,.F.);
#1869=ORIENTED_EDGE('',*,*,#4742,.F.);
#1870=ORIENTED_EDGE('',*,*,#4743,.T.);
#1871=ORIENTED_EDGE('',*,*,#4740,.T.);
#1872=ORIENTED_EDGE('',*,*,#4139,.F.);
#1873=ORIENTED_EDGE('',*,*,#4744,.F.);
#1874=ORIENTED_EDGE('',*,*,#4745,.T.);
#1875=ORIENTED_EDGE('',*,*,#4742,.T.);
#1876=ORIENTED_EDGE('',*,*,#4138,.F.);
#1877=ORIENTED_EDGE('',*,*,#4746,.F.);
#1878=ORIENTED_EDGE('',*,*,#4747,.T.);
#1879=ORIENTED_EDGE('',*,*,#4744,.T.);
#1880=ORIENTED_EDGE('',*,*,#4137,.F.);
#1881=ORIENTED_EDGE('',*,*,#4748,.F.);
#1882=ORIENTED_EDGE('',*,*,#4749,.T.);
#1883=ORIENTED_EDGE('',*,*,#4746,.T.);
#1884=ORIENTED_EDGE('',*,*,#4136,.F.);
#1885=ORIENTED_EDGE('',*,*,#4750,.F.);
#1886=ORIENTED_EDGE('',*,*,#4751,.T.);
#1887=ORIENTED_EDGE('',*,*,#4748,.T.);
#1888=ORIENTED_EDGE('',*,*,#4135,.F.);
#1889=ORIENTED_EDGE('',*,*,#4752,.F.);
#1890=ORIENTED_EDGE('',*,*,#4753,.T.);
#1891=ORIENTED_EDGE('',*,*,#4750,.T.);
#1892=ORIENTED_EDGE('',*,*,#4134,.F.);
#1893=ORIENTED_EDGE('',*,*,#4754,.F.);
#1894=ORIENTED_EDGE('',*,*,#4755,.T.);
#1895=ORIENTED_EDGE('',*,*,#4752,.T.);
#1896=ORIENTED_EDGE('',*,*,#4133,.F.);
#1897=ORIENTED_EDGE('',*,*,#4756,.F.);
#1898=ORIENTED_EDGE('',*,*,#4757,.T.);
#1899=ORIENTED_EDGE('',*,*,#4754,.T.);
#1900=ORIENTED_EDGE('',*,*,#4132,.F.);
#1901=ORIENTED_EDGE('',*,*,#4758,.F.);
#1902=ORIENTED_EDGE('',*,*,#4759,.T.);
#1903=ORIENTED_EDGE('',*,*,#4756,.T.);
#1904=ORIENTED_EDGE('',*,*,#4131,.F.);
#1905=ORIENTED_EDGE('',*,*,#4760,.F.);
#1906=ORIENTED_EDGE('',*,*,#4761,.T.);
#1907=ORIENTED_EDGE('',*,*,#4758,.T.);
#1908=ORIENTED_EDGE('',*,*,#4130,.F.);
#1909=ORIENTED_EDGE('',*,*,#4762,.F.);
#1910=ORIENTED_EDGE('',*,*,#4763,.T.);
#1911=ORIENTED_EDGE('',*,*,#4760,.T.);
#1912=ORIENTED_EDGE('',*,*,#4129,.F.);
#1913=ORIENTED_EDGE('',*,*,#4733,.F.);
#1914=ORIENTED_EDGE('',*,*,#4764,.T.);
#1915=ORIENTED_EDGE('',*,*,#4762,.T.);
#1916=ORIENTED_EDGE('',*,*,#4765,.F.);
#1917=ORIENTED_EDGE('',*,*,#4715,.F.);
#1918=ORIENTED_EDGE('',*,*,#4766,.T.);
#1919=ORIENTED_EDGE('',*,*,#4729,.T.);
#1920=ORIENTED_EDGE('',*,*,#4732,.F.);
#1921=ORIENTED_EDGE('',*,*,#4735,.F.);
#1922=ORIENTED_EDGE('',*,*,#4737,.F.);
#1923=ORIENTED_EDGE('',*,*,#4739,.F.);
#1924=ORIENTED_EDGE('',*,*,#4741,.F.);
#1925=ORIENTED_EDGE('',*,*,#4743,.F.);
#1926=ORIENTED_EDGE('',*,*,#4745,.F.);
#1927=ORIENTED_EDGE('',*,*,#4747,.F.);
#1928=ORIENTED_EDGE('',*,*,#4749,.F.);
#1929=ORIENTED_EDGE('',*,*,#4751,.F.);
#1930=ORIENTED_EDGE('',*,*,#4753,.F.);
#1931=ORIENTED_EDGE('',*,*,#4755,.F.);
#1932=ORIENTED_EDGE('',*,*,#4757,.F.);
#1933=ORIENTED_EDGE('',*,*,#4759,.F.);
#1934=ORIENTED_EDGE('',*,*,#4761,.F.);
#1935=ORIENTED_EDGE('',*,*,#4763,.F.);
#1936=ORIENTED_EDGE('',*,*,#4764,.F.);
#1937=ORIENTED_EDGE('',*,*,#4714,.F.);
#1938=ORIENTED_EDGE('',*,*,#4718,.F.);
#1939=ORIENTED_EDGE('',*,*,#4721,.F.);
#1940=ORIENTED_EDGE('',*,*,#4724,.F.);
#1941=ORIENTED_EDGE('',*,*,#4727,.F.);
#1942=ORIENTED_EDGE('',*,*,#4730,.F.);
#1943=ORIENTED_EDGE('',*,*,#4766,.F.);
#1944=ORIENTED_EDGE('',*,*,#4767,.F.);
#1945=ORIENTED_EDGE('',*,*,#4768,.F.);
#1946=ORIENTED_EDGE('',*,*,#4769,.T.);
#1947=ORIENTED_EDGE('',*,*,#4770,.T.);
#1948=ORIENTED_EDGE('',*,*,#4771,.F.);
#1949=ORIENTED_EDGE('',*,*,#4772,.F.);
#1950=ORIENTED_EDGE('',*,*,#4773,.T.);
#1951=ORIENTED_EDGE('',*,*,#4768,.T.);
#1952=ORIENTED_EDGE('',*,*,#4774,.F.);
#1953=ORIENTED_EDGE('',*,*,#4775,.F.);
#1954=ORIENTED_EDGE('',*,*,#4776,.T.);
#1955=ORIENTED_EDGE('',*,*,#4772,.T.);
#1956=ORIENTED_EDGE('',*,*,#4777,.F.);
#1957=ORIENTED_EDGE('',*,*,#4778,.F.);
#1958=ORIENTED_EDGE('',*,*,#4779,.T.);
#1959=ORIENTED_EDGE('',*,*,#4775,.T.);
#1960=ORIENTED_EDGE('',*,*,#4780,.F.);
#1961=ORIENTED_EDGE('',*,*,#4781,.F.);
#1962=ORIENTED_EDGE('',*,*,#4782,.T.);
#1963=ORIENTED_EDGE('',*,*,#4778,.T.);
#1964=ORIENTED_EDGE('',*,*,#4783,.F.);
#1965=ORIENTED_EDGE('',*,*,#4784,.F.);
#1966=ORIENTED_EDGE('',*,*,#4785,.T.);
#1967=ORIENTED_EDGE('',*,*,#4781,.T.);
#1968=ORIENTED_EDGE('',*,*,#4786,.F.);
#1969=ORIENTED_EDGE('',*,*,#4787,.F.);
#1970=ORIENTED_EDGE('',*,*,#4788,.T.);
#1971=ORIENTED_EDGE('',*,*,#4784,.T.);
#1972=ORIENTED_EDGE('',*,*,#4789,.F.);
#1973=ORIENTED_EDGE('',*,*,#4790,.F.);
#1974=ORIENTED_EDGE('',*,*,#4791,.T.);
#1975=ORIENTED_EDGE('',*,*,#4787,.T.);
#1976=ORIENTED_EDGE('',*,*,#4792,.F.);
#1977=ORIENTED_EDGE('',*,*,#4793,.F.);
#1978=ORIENTED_EDGE('',*,*,#4794,.T.);
#1979=ORIENTED_EDGE('',*,*,#4790,.T.);
#1980=ORIENTED_EDGE('',*,*,#3985,.F.);
#1981=ORIENTED_EDGE('',*,*,#4795,.F.);
#1982=ORIENTED_EDGE('',*,*,#4796,.T.);
#1983=ORIENTED_EDGE('',*,*,#4797,.T.);
#1984=ORIENTED_EDGE('',*,*,#3984,.F.);
#1985=ORIENTED_EDGE('',*,*,#4798,.F.);
#1986=ORIENTED_EDGE('',*,*,#4799,.T.);
#1987=ORIENTED_EDGE('',*,*,#4795,.T.);
#1988=ORIENTED_EDGE('',*,*,#3993,.F.);
#1989=ORIENTED_EDGE('',*,*,#4800,.F.);
#1990=ORIENTED_EDGE('',*,*,#4801,.T.);
#1991=ORIENTED_EDGE('',*,*,#4798,.T.);
#1992=ORIENTED_EDGE('',*,*,#3992,.F.);
#1993=ORIENTED_EDGE('',*,*,#4802,.F.);
#1994=ORIENTED_EDGE('',*,*,#4803,.T.);
#1995=ORIENTED_EDGE('',*,*,#4800,.T.);
#1996=ORIENTED_EDGE('',*,*,#3991,.F.);
#1997=ORIENTED_EDGE('',*,*,#4804,.F.);
#1998=ORIENTED_EDGE('',*,*,#4805,.T.);
#1999=ORIENTED_EDGE('',*,*,#4802,.T.);
#2000=ORIENTED_EDGE('',*,*,#3990,.F.);
#2001=ORIENTED_EDGE('',*,*,#4806,.F.);
#2002=ORIENTED_EDGE('',*,*,#4807,.T.);
#2003=ORIENTED_EDGE('',*,*,#4804,.T.);
#2004=ORIENTED_EDGE('',*,*,#3989,.F.);
#2005=ORIENTED_EDGE('',*,*,#4808,.F.);
#2006=ORIENTED_EDGE('',*,*,#4809,.T.);
#2007=ORIENTED_EDGE('',*,*,#4806,.T.);
#2008=ORIENTED_EDGE('',*,*,#3988,.F.);
#2009=ORIENTED_EDGE('',*,*,#4810,.F.);
#2010=ORIENTED_EDGE('',*,*,#4811,.T.);
#2011=ORIENTED_EDGE('',*,*,#4808,.T.);
#2012=ORIENTED_EDGE('',*,*,#3987,.F.);
#2013=ORIENTED_EDGE('',*,*,#4812,.F.);
#2014=ORIENTED_EDGE('',*,*,#4813,.T.);
#2015=ORIENTED_EDGE('',*,*,#4810,.T.);
#2016=ORIENTED_EDGE('',*,*,#3986,.F.);
#2017=ORIENTED_EDGE('',*,*,#4797,.F.);
#2018=ORIENTED_EDGE('',*,*,#4814,.T.);
#2019=ORIENTED_EDGE('',*,*,#4812,.T.);
#2020=ORIENTED_EDGE('',*,*,#4815,.F.);
#2021=ORIENTED_EDGE('',*,*,#4770,.F.);
#2022=ORIENTED_EDGE('',*,*,#4816,.T.);
#2023=ORIENTED_EDGE('',*,*,#4793,.T.);
#2024=ORIENTED_EDGE('',*,*,#4796,.F.);
#2025=ORIENTED_EDGE('',*,*,#4799,.F.);
#2026=ORIENTED_EDGE('',*,*,#4801,.F.);
#2027=ORIENTED_EDGE('',*,*,#4803,.F.);
#2028=ORIENTED_EDGE('',*,*,#4805,.F.);
#2029=ORIENTED_EDGE('',*,*,#4807,.F.);
#2030=ORIENTED_EDGE('',*,*,#4809,.F.);
#2031=ORIENTED_EDGE('',*,*,#4811,.F.);
#2032=ORIENTED_EDGE('',*,*,#4813,.F.);
#2033=ORIENTED_EDGE('',*,*,#4814,.F.);
#2034=ORIENTED_EDGE('',*,*,#4769,.F.);
#2035=ORIENTED_EDGE('',*,*,#4773,.F.);
#2036=ORIENTED_EDGE('',*,*,#4776,.F.);
#2037=ORIENTED_EDGE('',*,*,#4779,.F.);
#2038=ORIENTED_EDGE('',*,*,#4782,.F.);
#2039=ORIENTED_EDGE('',*,*,#4785,.F.);
#2040=ORIENTED_EDGE('',*,*,#4788,.F.);
#2041=ORIENTED_EDGE('',*,*,#4791,.F.);
#2042=ORIENTED_EDGE('',*,*,#4794,.F.);
#2043=ORIENTED_EDGE('',*,*,#4816,.F.);
#2044=ORIENTED_EDGE('',*,*,#4817,.F.);
#2045=ORIENTED_EDGE('',*,*,#4818,.F.);
#2046=ORIENTED_EDGE('',*,*,#4819,.T.);
#2047=ORIENTED_EDGE('',*,*,#4820,.T.);
#2048=ORIENTED_EDGE('',*,*,#4821,.F.);
#2049=ORIENTED_EDGE('',*,*,#4822,.F.);
#2050=ORIENTED_EDGE('',*,*,#4823,.T.);
#2051=ORIENTED_EDGE('',*,*,#4818,.T.);
#2052=ORIENTED_EDGE('',*,*,#4824,.F.);
#2053=ORIENTED_EDGE('',*,*,#4825,.F.);
#2054=ORIENTED_EDGE('',*,*,#4826,.T.);
#2055=ORIENTED_EDGE('',*,*,#4822,.T.);
#2056=ORIENTED_EDGE('',*,*,#4827,.F.);
#2057=ORIENTED_EDGE('',*,*,#4828,.F.);
#2058=ORIENTED_EDGE('',*,*,#4829,.T.);
#2059=ORIENTED_EDGE('',*,*,#4825,.T.);
#2060=ORIENTED_EDGE('',*,*,#4830,.F.);
#2061=ORIENTED_EDGE('',*,*,#4831,.F.);
#2062=ORIENTED_EDGE('',*,*,#4832,.T.);
#2063=ORIENTED_EDGE('',*,*,#4828,.T.);
#2064=ORIENTED_EDGE('',*,*,#4833,.F.);
#2065=ORIENTED_EDGE('',*,*,#4834,.F.);
#2066=ORIENTED_EDGE('',*,*,#4835,.T.);
#2067=ORIENTED_EDGE('',*,*,#4831,.T.);
#2068=ORIENTED_EDGE('',*,*,#4836,.F.);
#2069=ORIENTED_EDGE('',*,*,#4837,.F.);
#2070=ORIENTED_EDGE('',*,*,#4838,.T.);
#2071=ORIENTED_EDGE('',*,*,#4834,.T.);
#2072=ORIENTED_EDGE('',*,*,#4145,.F.);
#2073=ORIENTED_EDGE('',*,*,#4839,.F.);
#2074=ORIENTED_EDGE('',*,*,#4840,.T.);
#2075=ORIENTED_EDGE('',*,*,#4841,.T.);
#2076=ORIENTED_EDGE('',*,*,#4144,.F.);
#2077=ORIENTED_EDGE('',*,*,#4842,.F.);
#2078=ORIENTED_EDGE('',*,*,#4843,.T.);
#2079=ORIENTED_EDGE('',*,*,#4839,.T.);
#2080=ORIENTED_EDGE('',*,*,#4170,.F.);
#2081=ORIENTED_EDGE('',*,*,#4844,.F.);
#2082=ORIENTED_EDGE('',*,*,#4845,.T.);
#2083=ORIENTED_EDGE('',*,*,#4842,.T.);
#2084=ORIENTED_EDGE('',*,*,#4169,.F.);
#2085=ORIENTED_EDGE('',*,*,#4846,.F.);
#2086=ORIENTED_EDGE('',*,*,#4847,.T.);
#2087=ORIENTED_EDGE('',*,*,#4844,.T.);
#2088=ORIENTED_EDGE('',*,*,#4168,.F.);
#2089=ORIENTED_EDGE('',*,*,#4848,.F.);
#2090=ORIENTED_EDGE('',*,*,#4849,.T.);
#2091=ORIENTED_EDGE('',*,*,#4846,.T.);
#2092=ORIENTED_EDGE('',*,*,#4167,.F.);
#2093=ORIENTED_EDGE('',*,*,#4850,.F.);
#2094=ORIENTED_EDGE('',*,*,#4851,.T.);
#2095=ORIENTED_EDGE('',*,*,#4848,.T.);
#2096=ORIENTED_EDGE('',*,*,#4166,.F.);
#2097=ORIENTED_EDGE('',*,*,#4852,.F.);
#2098=ORIENTED_EDGE('',*,*,#4853,.T.);
#2099=ORIENTED_EDGE('',*,*,#4850,.T.);
#2100=ORIENTED_EDGE('',*,*,#4165,.F.);
#2101=ORIENTED_EDGE('',*,*,#4854,.F.);
#2102=ORIENTED_EDGE('',*,*,#4855,.T.);
#2103=ORIENTED_EDGE('',*,*,#4852,.T.);
#2104=ORIENTED_EDGE('',*,*,#4164,.F.);
#2105=ORIENTED_EDGE('',*,*,#4856,.F.);
#2106=ORIENTED_EDGE('',*,*,#4857,.T.);
#2107=ORIENTED_EDGE('',*,*,#4854,.T.);
#2108=ORIENTED_EDGE('',*,*,#4163,.F.);
#2109=ORIENTED_EDGE('',*,*,#4858,.F.);
#2110=ORIENTED_EDGE('',*,*,#4859,.T.);
#2111=ORIENTED_EDGE('',*,*,#4856,.T.);
#2112=ORIENTED_EDGE('',*,*,#4162,.F.);
#2113=ORIENTED_EDGE('',*,*,#4860,.F.);
#2114=ORIENTED_EDGE('',*,*,#4861,.T.);
#2115=ORIENTED_EDGE('',*,*,#4858,.T.);
#2116=ORIENTED_EDGE('',*,*,#4161,.F.);
#2117=ORIENTED_EDGE('',*,*,#4862,.F.);
#2118=ORIENTED_EDGE('',*,*,#4863,.T.);
#2119=ORIENTED_EDGE('',*,*,#4860,.T.);
#2120=ORIENTED_EDGE('',*,*,#4160,.F.);
#2121=ORIENTED_EDGE('',*,*,#4864,.F.);
#2122=ORIENTED_EDGE('',*,*,#4865,.T.);
#2123=ORIENTED_EDGE('',*,*,#4862,.T.);
#2124=ORIENTED_EDGE('',*,*,#4159,.F.);
#2125=ORIENTED_EDGE('',*,*,#4866,.F.);
#2126=ORIENTED_EDGE('',*,*,#4867,.T.);
#2127=ORIENTED_EDGE('',*,*,#4864,.T.);
#2128=ORIENTED_EDGE('',*,*,#4158,.F.);
#2129=ORIENTED_EDGE('',*,*,#4868,.F.);
#2130=ORIENTED_EDGE('',*,*,#4869,.T.);
#2131=ORIENTED_EDGE('',*,*,#4866,.T.);
#2132=ORIENTED_EDGE('',*,*,#4157,.F.);
#2133=ORIENTED_EDGE('',*,*,#4870,.F.);
#2134=ORIENTED_EDGE('',*,*,#4871,.T.);
#2135=ORIENTED_EDGE('',*,*,#4868,.T.);
#2136=ORIENTED_EDGE('',*,*,#4156,.F.);
#2137=ORIENTED_EDGE('',*,*,#4872,.F.);
#2138=ORIENTED_EDGE('',*,*,#4873,.T.);
#2139=ORIENTED_EDGE('',*,*,#4870,.T.);
#2140=ORIENTED_EDGE('',*,*,#4155,.F.);
#2141=ORIENTED_EDGE('',*,*,#4874,.F.);
#2142=ORIENTED_EDGE('',*,*,#4875,.T.);
#2143=ORIENTED_EDGE('',*,*,#4872,.T.);
#2144=ORIENTED_EDGE('',*,*,#4154,.F.);
#2145=ORIENTED_EDGE('',*,*,#4876,.F.);
#2146=ORIENTED_EDGE('',*,*,#4877,.T.);
#2147=ORIENTED_EDGE('',*,*,#4874,.T.);
#2148=ORIENTED_EDGE('',*,*,#4153,.F.);
#2149=ORIENTED_EDGE('',*,*,#4878,.F.);
#2150=ORIENTED_EDGE('',*,*,#4879,.T.);
#2151=ORIENTED_EDGE('',*,*,#4876,.T.);
#2152=ORIENTED_EDGE('',*,*,#4152,.F.);
#2153=ORIENTED_EDGE('',*,*,#4880,.F.);
#2154=ORIENTED_EDGE('',*,*,#4881,.T.);
#2155=ORIENTED_EDGE('',*,*,#4878,.T.);
#2156=ORIENTED_EDGE('',*,*,#4151,.F.);
#2157=ORIENTED_EDGE('',*,*,#4882,.F.);
#2158=ORIENTED_EDGE('',*,*,#4883,.T.);
#2159=ORIENTED_EDGE('',*,*,#4880,.T.);
#2160=ORIENTED_EDGE('',*,*,#4150,.F.);
#2161=ORIENTED_EDGE('',*,*,#4884,.F.);
#2162=ORIENTED_EDGE('',*,*,#4885,.T.);
#2163=ORIENTED_EDGE('',*,*,#4882,.T.);
#2164=ORIENTED_EDGE('',*,*,#4149,.F.);
#2165=ORIENTED_EDGE('',*,*,#4886,.F.);
#2166=ORIENTED_EDGE('',*,*,#4887,.T.);
#2167=ORIENTED_EDGE('',*,*,#4884,.T.);
#2168=ORIENTED_EDGE('',*,*,#4148,.F.);
#2169=ORIENTED_EDGE('',*,*,#4888,.F.);
#2170=ORIENTED_EDGE('',*,*,#4889,.T.);
#2171=ORIENTED_EDGE('',*,*,#4886,.T.);
#2172=ORIENTED_EDGE('',*,*,#4147,.F.);
#2173=ORIENTED_EDGE('',*,*,#4890,.F.);
#2174=ORIENTED_EDGE('',*,*,#4891,.T.);
#2175=ORIENTED_EDGE('',*,*,#4888,.T.);
#2176=ORIENTED_EDGE('',*,*,#4146,.F.);
#2177=ORIENTED_EDGE('',*,*,#4841,.F.);
#2178=ORIENTED_EDGE('',*,*,#4892,.T.);
#2179=ORIENTED_EDGE('',*,*,#4890,.T.);
#2180=ORIENTED_EDGE('',*,*,#4893,.F.);
#2181=ORIENTED_EDGE('',*,*,#4820,.F.);
#2182=ORIENTED_EDGE('',*,*,#4894,.T.);
#2183=ORIENTED_EDGE('',*,*,#4837,.T.);
#2184=ORIENTED_EDGE('',*,*,#4840,.F.);
#2185=ORIENTED_EDGE('',*,*,#4843,.F.);
#2186=ORIENTED_EDGE('',*,*,#4845,.F.);
#2187=ORIENTED_EDGE('',*,*,#4847,.F.);
#2188=ORIENTED_EDGE('',*,*,#4849,.F.);
#2189=ORIENTED_EDGE('',*,*,#4851,.F.);
#2190=ORIENTED_EDGE('',*,*,#4853,.F.);
#2191=ORIENTED_EDGE('',*,*,#4855,.F.);
#2192=ORIENTED_EDGE('',*,*,#4857,.F.);
#2193=ORIENTED_EDGE('',*,*,#4859,.F.);
#2194=ORIENTED_EDGE('',*,*,#4861,.F.);
#2195=ORIENTED_EDGE('',*,*,#4863,.F.);
#2196=ORIENTED_EDGE('',*,*,#4865,.F.);
#2197=ORIENTED_EDGE('',*,*,#4867,.F.);
#2198=ORIENTED_EDGE('',*,*,#4869,.F.);
#2199=ORIENTED_EDGE('',*,*,#4871,.F.);
#2200=ORIENTED_EDGE('',*,*,#4873,.F.);
#2201=ORIENTED_EDGE('',*,*,#4875,.F.);
#2202=ORIENTED_EDGE('',*,*,#4877,.F.);
#2203=ORIENTED_EDGE('',*,*,#4879,.F.);
#2204=ORIENTED_EDGE('',*,*,#4881,.F.);
#2205=ORIENTED_EDGE('',*,*,#4883,.F.);
#2206=ORIENTED_EDGE('',*,*,#4885,.F.);
#2207=ORIENTED_EDGE('',*,*,#4887,.F.);
#2208=ORIENTED_EDGE('',*,*,#4889,.F.);
#2209=ORIENTED_EDGE('',*,*,#4891,.F.);
#2210=ORIENTED_EDGE('',*,*,#4892,.F.);
#2211=ORIENTED_EDGE('',*,*,#4819,.F.);
#2212=ORIENTED_EDGE('',*,*,#4823,.F.);
#2213=ORIENTED_EDGE('',*,*,#4826,.F.);
#2214=ORIENTED_EDGE('',*,*,#4829,.F.);
#2215=ORIENTED_EDGE('',*,*,#4832,.F.);
#2216=ORIENTED_EDGE('',*,*,#4835,.F.);
#2217=ORIENTED_EDGE('',*,*,#4838,.F.);
#2218=ORIENTED_EDGE('',*,*,#4894,.F.);
#2219=ORIENTED_EDGE('',*,*,#3976,.T.);
#2220=ORIENTED_EDGE('',*,*,#4895,.F.);
#2221=ORIENTED_EDGE('',*,*,#4896,.F.);
#2222=ORIENTED_EDGE('',*,*,#4897,.T.);
#2223=ORIENTED_EDGE('',*,*,#3983,.T.);
#2224=ORIENTED_EDGE('',*,*,#4898,.F.);
#2225=ORIENTED_EDGE('',*,*,#4899,.F.);
#2226=ORIENTED_EDGE('',*,*,#4895,.T.);
#2227=ORIENTED_EDGE('',*,*,#3982,.F.);
#2228=ORIENTED_EDGE('',*,*,#4900,.F.);
#2229=ORIENTED_EDGE('',*,*,#4901,.T.);
#2230=ORIENTED_EDGE('',*,*,#4898,.T.);
#2231=ORIENTED_EDGE('',*,*,#3981,.T.);
#2232=ORIENTED_EDGE('',*,*,#4902,.F.);
#2233=ORIENTED_EDGE('',*,*,#4903,.F.);
#2234=ORIENTED_EDGE('',*,*,#4900,.T.);
#2235=ORIENTED_EDGE('',*,*,#3980,.F.);
#2236=ORIENTED_EDGE('',*,*,#4904,.F.);
#2237=ORIENTED_EDGE('',*,*,#4905,.T.);
#2238=ORIENTED_EDGE('',*,*,#4902,.T.);
#2239=ORIENTED_EDGE('',*,*,#3979,.F.);
#2240=ORIENTED_EDGE('',*,*,#4906,.F.);
#2241=ORIENTED_EDGE('',*,*,#4907,.T.);
#2242=ORIENTED_EDGE('',*,*,#4904,.T.);
#2243=ORIENTED_EDGE('',*,*,#3978,.F.);
#2244=ORIENTED_EDGE('',*,*,#4908,.F.);
#2245=ORIENTED_EDGE('',*,*,#4909,.T.);
#2246=ORIENTED_EDGE('',*,*,#4906,.T.);
#2247=ORIENTED_EDGE('',*,*,#3977,.F.);
#2248=ORIENTED_EDGE('',*,*,#4897,.F.);
#2249=ORIENTED_EDGE('',*,*,#4910,.T.);
#2250=ORIENTED_EDGE('',*,*,#4908,.T.);
#2251=ORIENTED_EDGE('',*,*,#4896,.T.);
#2252=ORIENTED_EDGE('',*,*,#4899,.T.);
#2253=ORIENTED_EDGE('',*,*,#4901,.F.);
#2254=ORIENTED_EDGE('',*,*,#4903,.T.);
#2255=ORIENTED_EDGE('',*,*,#4905,.F.);
#2256=ORIENTED_EDGE('',*,*,#4907,.F.);
#2257=ORIENTED_EDGE('',*,*,#4909,.F.);
#2258=ORIENTED_EDGE('',*,*,#4910,.F.);
#2259=ORIENTED_EDGE('',*,*,#4172,.F.);
#2260=ORIENTED_EDGE('',*,*,#4911,.F.);
#2261=ORIENTED_EDGE('',*,*,#4912,.T.);
#2262=ORIENTED_EDGE('',*,*,#4913,.T.);
#2263=ORIENTED_EDGE('',*,*,#4171,.T.);
#2264=ORIENTED_EDGE('',*,*,#4914,.F.);
#2265=ORIENTED_EDGE('',*,*,#4915,.F.);
#2266=ORIENTED_EDGE('',*,*,#4911,.T.);
#2267=ORIENTED_EDGE('',*,*,#4178,.T.);
#2268=ORIENTED_EDGE('',*,*,#4916,.F.);
#2269=ORIENTED_EDGE('',*,*,#4917,.F.);
#2270=ORIENTED_EDGE('',*,*,#4914,.T.);
#2271=ORIENTED_EDGE('',*,*,#4177,.T.);
#2272=ORIENTED_EDGE('',*,*,#4918,.F.);
#2273=ORIENTED_EDGE('',*,*,#4919,.F.);
#2274=ORIENTED_EDGE('',*,*,#4916,.T.);
#2275=ORIENTED_EDGE('',*,*,#4176,.F.);
#2276=ORIENTED_EDGE('',*,*,#4920,.F.);
#2277=ORIENTED_EDGE('',*,*,#4921,.T.);
#2278=ORIENTED_EDGE('',*,*,#4918,.T.);
#2279=ORIENTED_EDGE('',*,*,#4175,.F.);
#2280=ORIENTED_EDGE('',*,*,#4922,.F.);
#2281=ORIENTED_EDGE('',*,*,#4923,.T.);
#2282=ORIENTED_EDGE('',*,*,#4920,.T.);
#2283=ORIENTED_EDGE('',*,*,#4174,.T.);
#2284=ORIENTED_EDGE('',*,*,#4924,.F.);
#2285=ORIENTED_EDGE('',*,*,#4925,.F.);
#2286=ORIENTED_EDGE('',*,*,#4922,.T.);
#2287=ORIENTED_EDGE('',*,*,#4173,.F.);
#2288=ORIENTED_EDGE('',*,*,#4913,.F.);
#2289=ORIENTED_EDGE('',*,*,#4926,.T.);
#2290=ORIENTED_EDGE('',*,*,#4924,.T.);
#2291=ORIENTED_EDGE('',*,*,#4912,.F.);
#2292=ORIENTED_EDGE('',*,*,#4915,.T.);
#2293=ORIENTED_EDGE('',*,*,#4917,.T.);
#2294=ORIENTED_EDGE('',*,*,#4919,.T.);
#2295=ORIENTED_EDGE('',*,*,#4921,.F.);
#2296=ORIENTED_EDGE('',*,*,#4923,.F.);
#2297=ORIENTED_EDGE('',*,*,#4925,.T.);
#2298=ORIENTED_EDGE('',*,*,#4926,.F.);
#2299=ORIENTED_EDGE('',*,*,#4927,.F.);
#2300=ORIENTED_EDGE('',*,*,#4928,.F.);
#2301=ORIENTED_EDGE('',*,*,#4929,.T.);
#2302=ORIENTED_EDGE('',*,*,#4930,.T.);
#2303=ORIENTED_EDGE('',*,*,#4931,.F.);
#2304=ORIENTED_EDGE('',*,*,#4932,.F.);
#2305=ORIENTED_EDGE('',*,*,#4933,.T.);
#2306=ORIENTED_EDGE('',*,*,#4928,.T.);
#2307=ORIENTED_EDGE('',*,*,#4934,.F.);
#2308=ORIENTED_EDGE('',*,*,#4935,.F.);
#2309=ORIENTED_EDGE('',*,*,#4936,.T.);
#2310=ORIENTED_EDGE('',*,*,#4932,.T.);
#2311=ORIENTED_EDGE('',*,*,#4937,.F.);
#2312=ORIENTED_EDGE('',*,*,#4938,.F.);
#2313=ORIENTED_EDGE('',*,*,#4939,.T.);
#2314=ORIENTED_EDGE('',*,*,#4935,.T.);
#2315=ORIENTED_EDGE('',*,*,#4940,.F.);
#2316=ORIENTED_EDGE('',*,*,#4941,.F.);
#2317=ORIENTED_EDGE('',*,*,#4942,.T.);
#2318=ORIENTED_EDGE('',*,*,#4938,.T.);
#2319=ORIENTED_EDGE('',*,*,#4943,.F.);
#2320=ORIENTED_EDGE('',*,*,#4944,.F.);
#2321=ORIENTED_EDGE('',*,*,#4945,.T.);
#2322=ORIENTED_EDGE('',*,*,#4941,.T.);
#2323=ORIENTED_EDGE('',*,*,#4946,.F.);
#2324=ORIENTED_EDGE('',*,*,#4947,.F.);
#2325=ORIENTED_EDGE('',*,*,#4948,.T.);
#2326=ORIENTED_EDGE('',*,*,#4944,.T.);
#2327=ORIENTED_EDGE('',*,*,#4949,.F.);
#2328=ORIENTED_EDGE('',*,*,#4950,.F.);
#2329=ORIENTED_EDGE('',*,*,#4951,.T.);
#2330=ORIENTED_EDGE('',*,*,#4947,.T.);
#2331=ORIENTED_EDGE('',*,*,#4952,.F.);
#2332=ORIENTED_EDGE('',*,*,#4953,.F.);
#2333=ORIENTED_EDGE('',*,*,#4954,.T.);
#2334=ORIENTED_EDGE('',*,*,#4950,.T.);
#2335=ORIENTED_EDGE('',*,*,#3959,.F.);
#2336=ORIENTED_EDGE('',*,*,#4955,.F.);
#2337=ORIENTED_EDGE('',*,*,#4956,.T.);
#2338=ORIENTED_EDGE('',*,*,#4957,.T.);
#2339=ORIENTED_EDGE('',*,*,#3958,.F.);
#2340=ORIENTED_EDGE('',*,*,#4958,.F.);
#2341=ORIENTED_EDGE('',*,*,#4959,.T.);
#2342=ORIENTED_EDGE('',*,*,#4955,.T.);
#2343=ORIENTED_EDGE('',*,*,#3975,.F.);
#2344=ORIENTED_EDGE('',*,*,#4960,.F.);
#2345=ORIENTED_EDGE('',*,*,#4961,.T.);
#2346=ORIENTED_EDGE('',*,*,#4958,.T.);
#2347=ORIENTED_EDGE('',*,*,#3974,.F.);
#2348=ORIENTED_EDGE('',*,*,#4962,.F.);
#2349=ORIENTED_EDGE('',*,*,#4963,.T.);
#2350=ORIENTED_EDGE('',*,*,#4960,.T.);
#2351=ORIENTED_EDGE('',*,*,#3973,.F.);
#2352=ORIENTED_EDGE('',*,*,#4964,.F.);
#2353=ORIENTED_EDGE('',*,*,#4965,.T.);
#2354=ORIENTED_EDGE('',*,*,#4962,.T.);
#2355=ORIENTED_EDGE('',*,*,#3972,.F.);
#2356=ORIENTED_EDGE('',*,*,#4966,.F.);
#2357=ORIENTED_EDGE('',*,*,#4967,.T.);
#2358=ORIENTED_EDGE('',*,*,#4964,.T.);
#2359=ORIENTED_EDGE('',*,*,#3971,.F.);
#2360=ORIENTED_EDGE('',*,*,#4968,.F.);
#2361=ORIENTED_EDGE('',*,*,#4969,.T.);
#2362=ORIENTED_EDGE('',*,*,#4966,.T.);
#2363=ORIENTED_EDGE('',*,*,#3970,.F.);
#2364=ORIENTED_EDGE('',*,*,#4970,.F.);
#2365=ORIENTED_EDGE('',*,*,#4971,.T.);
#2366=ORIENTED_EDGE('',*,*,#4968,.T.);
#2367=ORIENTED_EDGE('',*,*,#3969,.F.);
#2368=ORIENTED_EDGE('',*,*,#4972,.F.);
#2369=ORIENTED_EDGE('',*,*,#4973,.T.);
#2370=ORIENTED_EDGE('',*,*,#4970,.T.);
#2371=ORIENTED_EDGE('',*,*,#3968,.F.);
#2372=ORIENTED_EDGE('',*,*,#4974,.F.);
#2373=ORIENTED_EDGE('',*,*,#4975,.T.);
#2374=ORIENTED_EDGE('',*,*,#4972,.T.);
#2375=ORIENTED_EDGE('',*,*,#3967,.F.);
#2376=ORIENTED_EDGE('',*,*,#4976,.F.);
#2377=ORIENTED_EDGE('',*,*,#4977,.T.);
#2378=ORIENTED_EDGE('',*,*,#4974,.T.);
#2379=ORIENTED_EDGE('',*,*,#3966,.F.);
#2380=ORIENTED_EDGE('',*,*,#4978,.F.);
#2381=ORIENTED_EDGE('',*,*,#4979,.T.);
#2382=ORIENTED_EDGE('',*,*,#4976,.T.);
#2383=ORIENTED_EDGE('',*,*,#3965,.F.);
#2384=ORIENTED_EDGE('',*,*,#4980,.F.);
#2385=ORIENTED_EDGE('',*,*,#4981,.T.);
#2386=ORIENTED_EDGE('',*,*,#4978,.T.);
#2387=ORIENTED_EDGE('',*,*,#3964,.F.);
#2388=ORIENTED_EDGE('',*,*,#4982,.F.);
#2389=ORIENTED_EDGE('',*,*,#4983,.T.);
#2390=ORIENTED_EDGE('',*,*,#4980,.T.);
#2391=ORIENTED_EDGE('',*,*,#3963,.F.);
#2392=ORIENTED_EDGE('',*,*,#4984,.F.);
#2393=ORIENTED_EDGE('',*,*,#4985,.T.);
#2394=ORIENTED_EDGE('',*,*,#4982,.T.);
#2395=ORIENTED_EDGE('',*,*,#3962,.F.);
#2396=ORIENTED_EDGE('',*,*,#4986,.F.);
#2397=ORIENTED_EDGE('',*,*,#4987,.T.);
#2398=ORIENTED_EDGE('',*,*,#4984,.T.);
#2399=ORIENTED_EDGE('',*,*,#3961,.F.);
#2400=ORIENTED_EDGE('',*,*,#4988,.F.);
#2401=ORIENTED_EDGE('',*,*,#4989,.T.);
#2402=ORIENTED_EDGE('',*,*,#4986,.T.);
#2403=ORIENTED_EDGE('',*,*,#3960,.F.);
#2404=ORIENTED_EDGE('',*,*,#4957,.F.);
#2405=ORIENTED_EDGE('',*,*,#4990,.T.);
#2406=ORIENTED_EDGE('',*,*,#4988,.T.);
#2407=ORIENTED_EDGE('',*,*,#4991,.F.);
#2408=ORIENTED_EDGE('',*,*,#4930,.F.);
#2409=ORIENTED_EDGE('',*,*,#4992,.T.);
#2410=ORIENTED_EDGE('',*,*,#4953,.T.);
#2411=ORIENTED_EDGE('',*,*,#4956,.F.);
#2412=ORIENTED_EDGE('',*,*,#4959,.F.);
#2413=ORIENTED_EDGE('',*,*,#4961,.F.);
#2414=ORIENTED_EDGE('',*,*,#4963,.F.);
#2415=ORIENTED_EDGE('',*,*,#4965,.F.);
#2416=ORIENTED_EDGE('',*,*,#4967,.F.);
#2417=ORIENTED_EDGE('',*,*,#4969,.F.);
#2418=ORIENTED_EDGE('',*,*,#4971,.F.);
#2419=ORIENTED_EDGE('',*,*,#4973,.F.);
#2420=ORIENTED_EDGE('',*,*,#4975,.F.);
#2421=ORIENTED_EDGE('',*,*,#4977,.F.);
#2422=ORIENTED_EDGE('',*,*,#4979,.F.);
#2423=ORIENTED_EDGE('',*,*,#4981,.F.);
#2424=ORIENTED_EDGE('',*,*,#4983,.F.);
#2425=ORIENTED_EDGE('',*,*,#4985,.F.);
#2426=ORIENTED_EDGE('',*,*,#4987,.F.);
#2427=ORIENTED_EDGE('',*,*,#4989,.F.);
#2428=ORIENTED_EDGE('',*,*,#4990,.F.);
#2429=ORIENTED_EDGE('',*,*,#4929,.F.);
#2430=ORIENTED_EDGE('',*,*,#4933,.F.);
#2431=ORIENTED_EDGE('',*,*,#4936,.F.);
#2432=ORIENTED_EDGE('',*,*,#4939,.F.);
#2433=ORIENTED_EDGE('',*,*,#4942,.F.);
#2434=ORIENTED_EDGE('',*,*,#4945,.F.);
#2435=ORIENTED_EDGE('',*,*,#4948,.F.);
#2436=ORIENTED_EDGE('',*,*,#4951,.F.);
#2437=ORIENTED_EDGE('',*,*,#4954,.F.);
#2438=ORIENTED_EDGE('',*,*,#4992,.F.);
#2439=ORIENTED_EDGE('',*,*,#4993,.F.);
#2440=ORIENTED_EDGE('',*,*,#4994,.F.);
#2441=ORIENTED_EDGE('',*,*,#4995,.T.);
#2442=ORIENTED_EDGE('',*,*,#4996,.T.);
#2443=ORIENTED_EDGE('',*,*,#4997,.F.);
#2444=ORIENTED_EDGE('',*,*,#4998,.F.);
#2445=ORIENTED_EDGE('',*,*,#4999,.T.);
#2446=ORIENTED_EDGE('',*,*,#4994,.T.);
#2447=ORIENTED_EDGE('',*,*,#5000,.F.);
#2448=ORIENTED_EDGE('',*,*,#5001,.F.);
#2449=ORIENTED_EDGE('',*,*,#5002,.T.);
#2450=ORIENTED_EDGE('',*,*,#4998,.T.);
#2451=ORIENTED_EDGE('',*,*,#5003,.F.);
#2452=ORIENTED_EDGE('',*,*,#5004,.F.);
#2453=ORIENTED_EDGE('',*,*,#5005,.T.);
#2454=ORIENTED_EDGE('',*,*,#5001,.T.);
#2455=ORIENTED_EDGE('',*,*,#5006,.F.);
#2456=ORIENTED_EDGE('',*,*,#5007,.F.);
#2457=ORIENTED_EDGE('',*,*,#5008,.T.);
#2458=ORIENTED_EDGE('',*,*,#5004,.T.);
#2459=ORIENTED_EDGE('',*,*,#5009,.F.);
#2460=ORIENTED_EDGE('',*,*,#5010,.F.);
#2461=ORIENTED_EDGE('',*,*,#5011,.T.);
#2462=ORIENTED_EDGE('',*,*,#5007,.T.);
#2463=ORIENTED_EDGE('',*,*,#5012,.F.);
#2464=ORIENTED_EDGE('',*,*,#5013,.F.);
#2465=ORIENTED_EDGE('',*,*,#5014,.T.);
#2466=ORIENTED_EDGE('',*,*,#5010,.T.);
#2467=ORIENTED_EDGE('',*,*,#5015,.F.);
#2468=ORIENTED_EDGE('',*,*,#5016,.F.);
#2469=ORIENTED_EDGE('',*,*,#5017,.T.);
#2470=ORIENTED_EDGE('',*,*,#5013,.T.);
#2471=ORIENTED_EDGE('',*,*,#5018,.F.);
#2472=ORIENTED_EDGE('',*,*,#5019,.F.);
#2473=ORIENTED_EDGE('',*,*,#5020,.T.);
#2474=ORIENTED_EDGE('',*,*,#5016,.T.);
#2475=ORIENTED_EDGE('',*,*,#4180,.F.);
#2476=ORIENTED_EDGE('',*,*,#5021,.F.);
#2477=ORIENTED_EDGE('',*,*,#5022,.T.);
#2478=ORIENTED_EDGE('',*,*,#5023,.T.);
#2479=ORIENTED_EDGE('',*,*,#4179,.F.);
#2480=ORIENTED_EDGE('',*,*,#5024,.F.);
#2481=ORIENTED_EDGE('',*,*,#5025,.T.);
#2482=ORIENTED_EDGE('',*,*,#5021,.T.);
#2483=ORIENTED_EDGE('',*,*,#4188,.F.);
#2484=ORIENTED_EDGE('',*,*,#5026,.F.);
#2485=ORIENTED_EDGE('',*,*,#5027,.T.);
#2486=ORIENTED_EDGE('',*,*,#5024,.T.);
#2487=ORIENTED_EDGE('',*,*,#4187,.F.);
#2488=ORIENTED_EDGE('',*,*,#5028,.F.);
#2489=ORIENTED_EDGE('',*,*,#5029,.T.);
#2490=ORIENTED_EDGE('',*,*,#5026,.T.);
#2491=ORIENTED_EDGE('',*,*,#4186,.F.);
#2492=ORIENTED_EDGE('',*,*,#5030,.F.);
#2493=ORIENTED_EDGE('',*,*,#5031,.T.);
#2494=ORIENTED_EDGE('',*,*,#5028,.T.);
#2495=ORIENTED_EDGE('',*,*,#4185,.F.);
#2496=ORIENTED_EDGE('',*,*,#5032,.F.);
#2497=ORIENTED_EDGE('',*,*,#5033,.T.);
#2498=ORIENTED_EDGE('',*,*,#5030,.T.);
#2499=ORIENTED_EDGE('',*,*,#4184,.F.);
#2500=ORIENTED_EDGE('',*,*,#5034,.F.);
#2501=ORIENTED_EDGE('',*,*,#5035,.T.);
#2502=ORIENTED_EDGE('',*,*,#5032,.T.);
#2503=ORIENTED_EDGE('',*,*,#4183,.F.);
#2504=ORIENTED_EDGE('',*,*,#5036,.F.);
#2505=ORIENTED_EDGE('',*,*,#5037,.T.);
#2506=ORIENTED_EDGE('',*,*,#5034,.T.);
#2507=ORIENTED_EDGE('',*,*,#4182,.F.);
#2508=ORIENTED_EDGE('',*,*,#5038,.F.);
#2509=ORIENTED_EDGE('',*,*,#5039,.T.);
#2510=ORIENTED_EDGE('',*,*,#5036,.T.);
#2511=ORIENTED_EDGE('',*,*,#4181,.F.);
#2512=ORIENTED_EDGE('',*,*,#5023,.F.);
#2513=ORIENTED_EDGE('',*,*,#5040,.T.);
#2514=ORIENTED_EDGE('',*,*,#5038,.T.);
#2515=ORIENTED_EDGE('',*,*,#5041,.F.);
#2516=ORIENTED_EDGE('',*,*,#4996,.F.);
#2517=ORIENTED_EDGE('',*,*,#5042,.T.);
#2518=ORIENTED_EDGE('',*,*,#5019,.T.);
#2519=ORIENTED_EDGE('',*,*,#5022,.F.);
#2520=ORIENTED_EDGE('',*,*,#5025,.F.);
#2521=ORIENTED_EDGE('',*,*,#5027,.F.);
#2522=ORIENTED_EDGE('',*,*,#5029,.F.);
#2523=ORIENTED_EDGE('',*,*,#5031,.F.);
#2524=ORIENTED_EDGE('',*,*,#5033,.F.);
#2525=ORIENTED_EDGE('',*,*,#5035,.F.);
#2526=ORIENTED_EDGE('',*,*,#5037,.F.);
#2527=ORIENTED_EDGE('',*,*,#5039,.F.);
#2528=ORIENTED_EDGE('',*,*,#5040,.F.);
#2529=ORIENTED_EDGE('',*,*,#4995,.F.);
#2530=ORIENTED_EDGE('',*,*,#4999,.F.);
#2531=ORIENTED_EDGE('',*,*,#5002,.F.);
#2532=ORIENTED_EDGE('',*,*,#5005,.F.);
#2533=ORIENTED_EDGE('',*,*,#5008,.F.);
#2534=ORIENTED_EDGE('',*,*,#5011,.F.);
#2535=ORIENTED_EDGE('',*,*,#5014,.F.);
#2536=ORIENTED_EDGE('',*,*,#5017,.F.);
#2537=ORIENTED_EDGE('',*,*,#5020,.F.);
#2538=ORIENTED_EDGE('',*,*,#5042,.F.);
#2539=ORIENTED_EDGE('',*,*,#5043,.F.);
#2540=ORIENTED_EDGE('',*,*,#5044,.F.);
#2541=ORIENTED_EDGE('',*,*,#5045,.T.);
#2542=ORIENTED_EDGE('',*,*,#5046,.T.);
#2543=ORIENTED_EDGE('',*,*,#5047,.F.);
#2544=ORIENTED_EDGE('',*,*,#5048,.F.);
#2545=ORIENTED_EDGE('',*,*,#5049,.T.);
#2546=ORIENTED_EDGE('',*,*,#5044,.T.);
#2547=ORIENTED_EDGE('',*,*,#5050,.F.);
#2548=ORIENTED_EDGE('',*,*,#5051,.F.);
#2549=ORIENTED_EDGE('',*,*,#5052,.T.);
#2550=ORIENTED_EDGE('',*,*,#5048,.T.);
#2551=ORIENTED_EDGE('',*,*,#5053,.F.);
#2552=ORIENTED_EDGE('',*,*,#5054,.F.);
#2553=ORIENTED_EDGE('',*,*,#5055,.T.);
#2554=ORIENTED_EDGE('',*,*,#5051,.T.);
#2555=ORIENTED_EDGE('',*,*,#5056,.F.);
#2556=ORIENTED_EDGE('',*,*,#5057,.F.);
#2557=ORIENTED_EDGE('',*,*,#5058,.T.);
#2558=ORIENTED_EDGE('',*,*,#5054,.T.);
#2559=ORIENTED_EDGE('',*,*,#5059,.F.);
#2560=ORIENTED_EDGE('',*,*,#5060,.F.);
#2561=ORIENTED_EDGE('',*,*,#5061,.T.);
#2562=ORIENTED_EDGE('',*,*,#5057,.T.);
#2563=ORIENTED_EDGE('',*,*,#5062,.F.);
#2564=ORIENTED_EDGE('',*,*,#5063,.F.);
#2565=ORIENTED_EDGE('',*,*,#5064,.T.);
#2566=ORIENTED_EDGE('',*,*,#5060,.T.);
#2567=ORIENTED_EDGE('',*,*,#5065,.F.);
#2568=ORIENTED_EDGE('',*,*,#5066,.F.);
#2569=ORIENTED_EDGE('',*,*,#5067,.T.);
#2570=ORIENTED_EDGE('',*,*,#5063,.T.);
#2571=ORIENTED_EDGE('',*,*,#5068,.F.);
#2572=ORIENTED_EDGE('',*,*,#5069,.F.);
#2573=ORIENTED_EDGE('',*,*,#5070,.T.);
#2574=ORIENTED_EDGE('',*,*,#5066,.T.);
#2575=ORIENTED_EDGE('',*,*,#3949,.F.);
#2576=ORIENTED_EDGE('',*,*,#5071,.F.);
#2577=ORIENTED_EDGE('',*,*,#5072,.T.);
#2578=ORIENTED_EDGE('',*,*,#5073,.T.);
#2579=ORIENTED_EDGE('',*,*,#3948,.F.);
#2580=ORIENTED_EDGE('',*,*,#5074,.F.);
#2581=ORIENTED_EDGE('',*,*,#5075,.T.);
#2582=ORIENTED_EDGE('',*,*,#5071,.T.);
#2583=ORIENTED_EDGE('',*,*,#3957,.F.);
#2584=ORIENTED_EDGE('',*,*,#5076,.F.);
#2585=ORIENTED_EDGE('',*,*,#5077,.T.);
#2586=ORIENTED_EDGE('',*,*,#5074,.T.);
#2587=ORIENTED_EDGE('',*,*,#3956,.F.);
#2588=ORIENTED_EDGE('',*,*,#5078,.F.);
#2589=ORIENTED_EDGE('',*,*,#5079,.T.);
#2590=ORIENTED_EDGE('',*,*,#5076,.T.);
#2591=ORIENTED_EDGE('',*,*,#3955,.F.);
#2592=ORIENTED_EDGE('',*,*,#5080,.F.);
#2593=ORIENTED_EDGE('',*,*,#5081,.T.);
#2594=ORIENTED_EDGE('',*,*,#5078,.T.);
#2595=ORIENTED_EDGE('',*,*,#3954,.F.);
#2596=ORIENTED_EDGE('',*,*,#5082,.F.);
#2597=ORIENTED_EDGE('',*,*,#5083,.T.);
#2598=ORIENTED_EDGE('',*,*,#5080,.T.);
#2599=ORIENTED_EDGE('',*,*,#3953,.F.);
#2600=ORIENTED_EDGE('',*,*,#5084,.F.);
#2601=ORIENTED_EDGE('',*,*,#5085,.T.);
#2602=ORIENTED_EDGE('',*,*,#5082,.T.);
#2603=ORIENTED_EDGE('',*,*,#3952,.F.);
#2604=ORIENTED_EDGE('',*,*,#5086,.F.);
#2605=ORIENTED_EDGE('',*,*,#5087,.T.);
#2606=ORIENTED_EDGE('',*,*,#5084,.T.);
#2607=ORIENTED_EDGE('',*,*,#3951,.F.);
#2608=ORIENTED_EDGE('',*,*,#5088,.F.);
#2609=ORIENTED_EDGE('',*,*,#5089,.T.);
#2610=ORIENTED_EDGE('',*,*,#5086,.T.);
#2611=ORIENTED_EDGE('',*,*,#3950,.F.);
#2612=ORIENTED_EDGE('',*,*,#5073,.F.);
#2613=ORIENTED_EDGE('',*,*,#5090,.T.);
#2614=ORIENTED_EDGE('',*,*,#5088,.T.);
#2615=ORIENTED_EDGE('',*,*,#5091,.F.);
#2616=ORIENTED_EDGE('',*,*,#5046,.F.);
#2617=ORIENTED_EDGE('',*,*,#5092,.T.);
#2618=ORIENTED_EDGE('',*,*,#5069,.T.);
#2619=ORIENTED_EDGE('',*,*,#5072,.F.);
#2620=ORIENTED_EDGE('',*,*,#5075,.F.);
#2621=ORIENTED_EDGE('',*,*,#5077,.F.);
#2622=ORIENTED_EDGE('',*,*,#5079,.F.);
#2623=ORIENTED_EDGE('',*,*,#5081,.F.);
#2624=ORIENTED_EDGE('',*,*,#5083,.F.);
#2625=ORIENTED_EDGE('',*,*,#5085,.F.);
#2626=ORIENTED_EDGE('',*,*,#5087,.F.);
#2627=ORIENTED_EDGE('',*,*,#5089,.F.);
#2628=ORIENTED_EDGE('',*,*,#5090,.F.);
#2629=ORIENTED_EDGE('',*,*,#5045,.F.);
#2630=ORIENTED_EDGE('',*,*,#5049,.F.);
#2631=ORIENTED_EDGE('',*,*,#5052,.F.);
#2632=ORIENTED_EDGE('',*,*,#5055,.F.);
#2633=ORIENTED_EDGE('',*,*,#5058,.F.);
#2634=ORIENTED_EDGE('',*,*,#5061,.F.);
#2635=ORIENTED_EDGE('',*,*,#5064,.F.);
#2636=ORIENTED_EDGE('',*,*,#5067,.F.);
#2637=ORIENTED_EDGE('',*,*,#5070,.F.);
#2638=ORIENTED_EDGE('',*,*,#5092,.F.);
#2639=ORIENTED_EDGE('',*,*,#5093,.F.);
#2640=ORIENTED_EDGE('',*,*,#5094,.F.);
#2641=ORIENTED_EDGE('',*,*,#5095,.T.);
#2642=ORIENTED_EDGE('',*,*,#5096,.T.);
#2643=ORIENTED_EDGE('',*,*,#5097,.F.);
#2644=ORIENTED_EDGE('',*,*,#5098,.F.);
#2645=ORIENTED_EDGE('',*,*,#5099,.T.);
#2646=ORIENTED_EDGE('',*,*,#5094,.T.);
#2647=ORIENTED_EDGE('',*,*,#5100,.F.);
#2648=ORIENTED_EDGE('',*,*,#5101,.F.);
#2649=ORIENTED_EDGE('',*,*,#5102,.T.);
#2650=ORIENTED_EDGE('',*,*,#5098,.T.);
#2651=ORIENTED_EDGE('',*,*,#5103,.F.);
#2652=ORIENTED_EDGE('',*,*,#5104,.F.);
#2653=ORIENTED_EDGE('',*,*,#5105,.T.);
#2654=ORIENTED_EDGE('',*,*,#5101,.T.);
#2655=ORIENTED_EDGE('',*,*,#5106,.F.);
#2656=ORIENTED_EDGE('',*,*,#5107,.F.);
#2657=ORIENTED_EDGE('',*,*,#5108,.T.);
#2658=ORIENTED_EDGE('',*,*,#5104,.T.);
#2659=ORIENTED_EDGE('',*,*,#5109,.F.);
#2660=ORIENTED_EDGE('',*,*,#5110,.F.);
#2661=ORIENTED_EDGE('',*,*,#5111,.T.);
#2662=ORIENTED_EDGE('',*,*,#5107,.T.);
#2663=ORIENTED_EDGE('',*,*,#5112,.F.);
#2664=ORIENTED_EDGE('',*,*,#5113,.F.);
#2665=ORIENTED_EDGE('',*,*,#5114,.T.);
#2666=ORIENTED_EDGE('',*,*,#5110,.T.);
#2667=ORIENTED_EDGE('',*,*,#5115,.F.);
#2668=ORIENTED_EDGE('',*,*,#5116,.F.);
#2669=ORIENTED_EDGE('',*,*,#5117,.T.);
#2670=ORIENTED_EDGE('',*,*,#5113,.T.);
#2671=ORIENTED_EDGE('',*,*,#5118,.F.);
#2672=ORIENTED_EDGE('',*,*,#5119,.F.);
#2673=ORIENTED_EDGE('',*,*,#5120,.T.);
#2674=ORIENTED_EDGE('',*,*,#5116,.T.);
#2675=ORIENTED_EDGE('',*,*,#4190,.F.);
#2676=ORIENTED_EDGE('',*,*,#5121,.F.);
#2677=ORIENTED_EDGE('',*,*,#5122,.T.);
#2678=ORIENTED_EDGE('',*,*,#5123,.T.);
#2679=ORIENTED_EDGE('',*,*,#4189,.F.);
#2680=ORIENTED_EDGE('',*,*,#5124,.F.);
#2681=ORIENTED_EDGE('',*,*,#5125,.T.);
#2682=ORIENTED_EDGE('',*,*,#5121,.T.);
#2683=ORIENTED_EDGE('',*,*,#4198,.F.);
#2684=ORIENTED_EDGE('',*,*,#5126,.F.);
#2685=ORIENTED_EDGE('',*,*,#5127,.T.);
#2686=ORIENTED_EDGE('',*,*,#5124,.T.);
#2687=ORIENTED_EDGE('',*,*,#4197,.F.);
#2688=ORIENTED_EDGE('',*,*,#5128,.F.);
#2689=ORIENTED_EDGE('',*,*,#5129,.T.);
#2690=ORIENTED_EDGE('',*,*,#5126,.T.);
#2691=ORIENTED_EDGE('',*,*,#4196,.F.);
#2692=ORIENTED_EDGE('',*,*,#5130,.F.);
#2693=ORIENTED_EDGE('',*,*,#5131,.T.);
#2694=ORIENTED_EDGE('',*,*,#5128,.T.);
#2695=ORIENTED_EDGE('',*,*,#4195,.F.);
#2696=ORIENTED_EDGE('',*,*,#5132,.F.);
#2697=ORIENTED_EDGE('',*,*,#5133,.T.);
#2698=ORIENTED_EDGE('',*,*,#5130,.T.);
#2699=ORIENTED_EDGE('',*,*,#4194,.F.);
#2700=ORIENTED_EDGE('',*,*,#5134,.F.);
#2701=ORIENTED_EDGE('',*,*,#5135,.T.);
#2702=ORIENTED_EDGE('',*,*,#5132,.T.);
#2703=ORIENTED_EDGE('',*,*,#4193,.F.);
#2704=ORIENTED_EDGE('',*,*,#5136,.F.);
#2705=ORIENTED_EDGE('',*,*,#5137,.T.);
#2706=ORIENTED_EDGE('',*,*,#5134,.T.);
#2707=ORIENTED_EDGE('',*,*,#4192,.F.);
#2708=ORIENTED_EDGE('',*,*,#5138,.F.);
#2709=ORIENTED_EDGE('',*,*,#5139,.T.);
#2710=ORIENTED_EDGE('',*,*,#5136,.T.);
#2711=ORIENTED_EDGE('',*,*,#4191,.F.);
#2712=ORIENTED_EDGE('',*,*,#5123,.F.);
#2713=ORIENTED_EDGE('',*,*,#5140,.T.);
#2714=ORIENTED_EDGE('',*,*,#5138,.T.);
#2715=ORIENTED_EDGE('',*,*,#5141,.F.);
#2716=ORIENTED_EDGE('',*,*,#5096,.F.);
#2717=ORIENTED_EDGE('',*,*,#5142,.T.);
#2718=ORIENTED_EDGE('',*,*,#5119,.T.);
#2719=ORIENTED_EDGE('',*,*,#5122,.F.);
#2720=ORIENTED_EDGE('',*,*,#5125,.F.);
#2721=ORIENTED_EDGE('',*,*,#5127,.F.);
#2722=ORIENTED_EDGE('',*,*,#5129,.F.);
#2723=ORIENTED_EDGE('',*,*,#5131,.F.);
#2724=ORIENTED_EDGE('',*,*,#5133,.F.);
#2725=ORIENTED_EDGE('',*,*,#5135,.F.);
#2726=ORIENTED_EDGE('',*,*,#5137,.F.);
#2727=ORIENTED_EDGE('',*,*,#5139,.F.);
#2728=ORIENTED_EDGE('',*,*,#5140,.F.);
#2729=ORIENTED_EDGE('',*,*,#5095,.F.);
#2730=ORIENTED_EDGE('',*,*,#5099,.F.);
#2731=ORIENTED_EDGE('',*,*,#5102,.F.);
#2732=ORIENTED_EDGE('',*,*,#5105,.F.);
#2733=ORIENTED_EDGE('',*,*,#5108,.F.);
#2734=ORIENTED_EDGE('',*,*,#5111,.F.);
#2735=ORIENTED_EDGE('',*,*,#5114,.F.);
#2736=ORIENTED_EDGE('',*,*,#5117,.F.);
#2737=ORIENTED_EDGE('',*,*,#5120,.F.);
#2738=ORIENTED_EDGE('',*,*,#5142,.F.);
#2739=ORIENTED_EDGE('',*,*,#4200,.F.);
#2740=ORIENTED_EDGE('',*,*,#5143,.F.);
#2741=ORIENTED_EDGE('',*,*,#5144,.T.);
#2742=ORIENTED_EDGE('',*,*,#5145,.T.);
#2743=ORIENTED_EDGE('',*,*,#4199,.F.);
#2744=ORIENTED_EDGE('',*,*,#5146,.F.);
#2745=ORIENTED_EDGE('',*,*,#5147,.T.);
#2746=ORIENTED_EDGE('',*,*,#5143,.T.);
#2747=ORIENTED_EDGE('',*,*,#4208,.F.);
#2748=ORIENTED_EDGE('',*,*,#5148,.F.);
#2749=ORIENTED_EDGE('',*,*,#5149,.T.);
#2750=ORIENTED_EDGE('',*,*,#5146,.T.);
#2751=ORIENTED_EDGE('',*,*,#4207,.F.);
#2752=ORIENTED_EDGE('',*,*,#5150,.F.);
#2753=ORIENTED_EDGE('',*,*,#5151,.T.);
#2754=ORIENTED_EDGE('',*,*,#5148,.T.);
#2755=ORIENTED_EDGE('',*,*,#4206,.F.);
#2756=ORIENTED_EDGE('',*,*,#5152,.F.);
#2757=ORIENTED_EDGE('',*,*,#5153,.T.);
#2758=ORIENTED_EDGE('',*,*,#5150,.T.);
#2759=ORIENTED_EDGE('',*,*,#4205,.F.);
#2760=ORIENTED_EDGE('',*,*,#5154,.F.);
#2761=ORIENTED_EDGE('',*,*,#5155,.T.);
#2762=ORIENTED_EDGE('',*,*,#5152,.T.);
#2763=ORIENTED_EDGE('',*,*,#4204,.F.);
#2764=ORIENTED_EDGE('',*,*,#5156,.F.);
#2765=ORIENTED_EDGE('',*,*,#5157,.T.);
#2766=ORIENTED_EDGE('',*,*,#5154,.T.);
#2767=ORIENTED_EDGE('',*,*,#4203,.F.);
#2768=ORIENTED_EDGE('',*,*,#5158,.F.);
#2769=ORIENTED_EDGE('',*,*,#5159,.T.);
#2770=ORIENTED_EDGE('',*,*,#5156,.T.);
#2771=ORIENTED_EDGE('',*,*,#4202,.F.);
#2772=ORIENTED_EDGE('',*,*,#5160,.F.);
#2773=ORIENTED_EDGE('',*,*,#5161,.T.);
#2774=ORIENTED_EDGE('',*,*,#5158,.T.);
#2775=ORIENTED_EDGE('',*,*,#4201,.F.);
#2776=ORIENTED_EDGE('',*,*,#5145,.F.);
#2777=ORIENTED_EDGE('',*,*,#5162,.T.);
#2778=ORIENTED_EDGE('',*,*,#5160,.T.);
#2779=ORIENTED_EDGE('',*,*,#5144,.F.);
#2780=ORIENTED_EDGE('',*,*,#5147,.F.);
#2781=ORIENTED_EDGE('',*,*,#5149,.F.);
#2782=ORIENTED_EDGE('',*,*,#5151,.F.);
#2783=ORIENTED_EDGE('',*,*,#5153,.F.);
#2784=ORIENTED_EDGE('',*,*,#5155,.F.);
#2785=ORIENTED_EDGE('',*,*,#5157,.F.);
#2786=ORIENTED_EDGE('',*,*,#5159,.F.);
#2787=ORIENTED_EDGE('',*,*,#5161,.F.);
#2788=ORIENTED_EDGE('',*,*,#5162,.F.);
#2789=ORIENTED_EDGE('',*,*,#4210,.F.);
#2790=ORIENTED_EDGE('',*,*,#5163,.F.);
#2791=ORIENTED_EDGE('',*,*,#5164,.T.);
#2792=ORIENTED_EDGE('',*,*,#5165,.T.);
#2793=ORIENTED_EDGE('',*,*,#4209,.F.);
#2794=ORIENTED_EDGE('',*,*,#5166,.F.);
#2795=ORIENTED_EDGE('',*,*,#5167,.T.);
#2796=ORIENTED_EDGE('',*,*,#5163,.T.);
#2797=ORIENTED_EDGE('',*,*,#4212,.F.);
#2798=ORIENTED_EDGE('',*,*,#5168,.F.);
#2799=ORIENTED_EDGE('',*,*,#5169,.T.);
#2800=ORIENTED_EDGE('',*,*,#5166,.T.);
#2801=ORIENTED_EDGE('',*,*,#4211,.F.);
#2802=ORIENTED_EDGE('',*,*,#5165,.F.);
#2803=ORIENTED_EDGE('',*,*,#5170,.T.);
#2804=ORIENTED_EDGE('',*,*,#5168,.T.);
#2805=ORIENTED_EDGE('',*,*,#5164,.F.);
#2806=ORIENTED_EDGE('',*,*,#5167,.F.);
#2807=ORIENTED_EDGE('',*,*,#5169,.F.);
#2808=ORIENTED_EDGE('',*,*,#5170,.F.);
#2809=ORIENTED_EDGE('',*,*,#4214,.F.);
#2810=ORIENTED_EDGE('',*,*,#5171,.F.);
#2811=ORIENTED_EDGE('',*,*,#5172,.T.);
#2812=ORIENTED_EDGE('',*,*,#5173,.T.);
#2813=ORIENTED_EDGE('',*,*,#4213,.F.);
#2814=ORIENTED_EDGE('',*,*,#5174,.F.);
#2815=ORIENTED_EDGE('',*,*,#5175,.T.);
#2816=ORIENTED_EDGE('',*,*,#5171,.T.);
#2817=ORIENTED_EDGE('',*,*,#4222,.F.);
#2818=ORIENTED_EDGE('',*,*,#5176,.F.);
#2819=ORIENTED_EDGE('',*,*,#5177,.T.);
#2820=ORIENTED_EDGE('',*,*,#5174,.T.);
#2821=ORIENTED_EDGE('',*,*,#4221,.F.);
#2822=ORIENTED_EDGE('',*,*,#5178,.F.);
#2823=ORIENTED_EDGE('',*,*,#5179,.T.);
#2824=ORIENTED_EDGE('',*,*,#5176,.T.);
#2825=ORIENTED_EDGE('',*,*,#4220,.F.);
#2826=ORIENTED_EDGE('',*,*,#5180,.F.);
#2827=ORIENTED_EDGE('',*,*,#5181,.T.);
#2828=ORIENTED_EDGE('',*,*,#5178,.T.);
#2829=ORIENTED_EDGE('',*,*,#4219,.F.);
#2830=ORIENTED_EDGE('',*,*,#5182,.F.);
#2831=ORIENTED_EDGE('',*,*,#5183,.T.);
#2832=ORIENTED_EDGE('',*,*,#5180,.T.);
#2833=ORIENTED_EDGE('',*,*,#4218,.F.);
#2834=ORIENTED_EDGE('',*,*,#5184,.F.);
#2835=ORIENTED_EDGE('',*,*,#5185,.T.);
#2836=ORIENTED_EDGE('',*,*,#5182,.T.);
#2837=ORIENTED_EDGE('',*,*,#4217,.F.);
#2838=ORIENTED_EDGE('',*,*,#5186,.F.);
#2839=ORIENTED_EDGE('',*,*,#5187,.T.);
#2840=ORIENTED_EDGE('',*,*,#5184,.T.);
#2841=ORIENTED_EDGE('',*,*,#4216,.F.);
#2842=ORIENTED_EDGE('',*,*,#5188,.F.);
#2843=ORIENTED_EDGE('',*,*,#5189,.T.);
#2844=ORIENTED_EDGE('',*,*,#5186,.T.);
#2845=ORIENTED_EDGE('',*,*,#4215,.F.);
#2846=ORIENTED_EDGE('',*,*,#5173,.F.);
#2847=ORIENTED_EDGE('',*,*,#5190,.T.);
#2848=ORIENTED_EDGE('',*,*,#5188,.T.);
#2849=ORIENTED_EDGE('',*,*,#5172,.F.);
#2850=ORIENTED_EDGE('',*,*,#5175,.F.);
#2851=ORIENTED_EDGE('',*,*,#5177,.F.);
#2852=ORIENTED_EDGE('',*,*,#5179,.F.);
#2853=ORIENTED_EDGE('',*,*,#5181,.F.);
#2854=ORIENTED_EDGE('',*,*,#5183,.F.);
#2855=ORIENTED_EDGE('',*,*,#5185,.F.);
#2856=ORIENTED_EDGE('',*,*,#5187,.F.);
#2857=ORIENTED_EDGE('',*,*,#5189,.F.);
#2858=ORIENTED_EDGE('',*,*,#5190,.F.);
#2859=ORIENTED_EDGE('',*,*,#4224,.F.);
#2860=ORIENTED_EDGE('',*,*,#5191,.F.);
#2861=ORIENTED_EDGE('',*,*,#5192,.T.);
#2862=ORIENTED_EDGE('',*,*,#5193,.T.);
#2863=ORIENTED_EDGE('',*,*,#4223,.F.);
#2864=ORIENTED_EDGE('',*,*,#5194,.F.);
#2865=ORIENTED_EDGE('',*,*,#5195,.T.);
#2866=ORIENTED_EDGE('',*,*,#5191,.T.);
#2867=ORIENTED_EDGE('',*,*,#4226,.F.);
#2868=ORIENTED_EDGE('',*,*,#5196,.F.);
#2869=ORIENTED_EDGE('',*,*,#5197,.T.);
#2870=ORIENTED_EDGE('',*,*,#5194,.T.);
#2871=ORIENTED_EDGE('',*,*,#4225,.F.);
#2872=ORIENTED_EDGE('',*,*,#5193,.F.);
#2873=ORIENTED_EDGE('',*,*,#5198,.T.);
#2874=ORIENTED_EDGE('',*,*,#5196,.T.);
#2875=ORIENTED_EDGE('',*,*,#5192,.F.);
#2876=ORIENTED_EDGE('',*,*,#5195,.F.);
#2877=ORIENTED_EDGE('',*,*,#5197,.F.);
#2878=ORIENTED_EDGE('',*,*,#5198,.F.);
#2879=ORIENTED_EDGE('',*,*,#4228,.F.);
#2880=ORIENTED_EDGE('',*,*,#5199,.F.);
#2881=ORIENTED_EDGE('',*,*,#5200,.T.);
#2882=ORIENTED_EDGE('',*,*,#5201,.T.);
#2883=ORIENTED_EDGE('',*,*,#4227,.F.);
#2884=ORIENTED_EDGE('',*,*,#5202,.F.);
#2885=ORIENTED_EDGE('',*,*,#5203,.T.);
#2886=ORIENTED_EDGE('',*,*,#5199,.T.);
#2887=ORIENTED_EDGE('',*,*,#4252,.F.);
#2888=ORIENTED_EDGE('',*,*,#5204,.F.);
#2889=ORIENTED_EDGE('',*,*,#5205,.T.);
#2890=ORIENTED_EDGE('',*,*,#5202,.T.);
#2891=ORIENTED_EDGE('',*,*,#4251,.F.);
#2892=ORIENTED_EDGE('',*,*,#5206,.F.);
#2893=ORIENTED_EDGE('',*,*,#5207,.T.);
#2894=ORIENTED_EDGE('',*,*,#5204,.T.);
#2895=ORIENTED_EDGE('',*,*,#4250,.F.);
#2896=ORIENTED_EDGE('',*,*,#5208,.F.);
#2897=ORIENTED_EDGE('',*,*,#5209,.T.);
#2898=ORIENTED_EDGE('',*,*,#5206,.T.);
#2899=ORIENTED_EDGE('',*,*,#4249,.F.);
#2900=ORIENTED_EDGE('',*,*,#5210,.F.);
#2901=ORIENTED_EDGE('',*,*,#5211,.T.);
#2902=ORIENTED_EDGE('',*,*,#5208,.T.);
#2903=ORIENTED_EDGE('',*,*,#4248,.F.);
#2904=ORIENTED_EDGE('',*,*,#5212,.F.);
#2905=ORIENTED_EDGE('',*,*,#5213,.T.);
#2906=ORIENTED_EDGE('',*,*,#5210,.T.);
#2907=ORIENTED_EDGE('',*,*,#4247,.F.);
#2908=ORIENTED_EDGE('',*,*,#5214,.F.);
#2909=ORIENTED_EDGE('',*,*,#5215,.T.);
#2910=ORIENTED_EDGE('',*,*,#5212,.T.);
#2911=ORIENTED_EDGE('',*,*,#4246,.F.);
#2912=ORIENTED_EDGE('',*,*,#5216,.F.);
#2913=ORIENTED_EDGE('',*,*,#5217,.T.);
#2914=ORIENTED_EDGE('',*,*,#5214,.T.);
#2915=ORIENTED_EDGE('',*,*,#4245,.F.);
#2916=ORIENTED_EDGE('',*,*,#5218,.F.);
#2917=ORIENTED_EDGE('',*,*,#5219,.T.);
#2918=ORIENTED_EDGE('',*,*,#5216,.T.);
#2919=ORIENTED_EDGE('',*,*,#4244,.F.);
#2920=ORIENTED_EDGE('',*,*,#5220,.F.);
#2921=ORIENTED_EDGE('',*,*,#5221,.T.);
#2922=ORIENTED_EDGE('',*,*,#5218,.T.);
#2923=ORIENTED_EDGE('',*,*,#4243,.F.);
#2924=ORIENTED_EDGE('',*,*,#5222,.F.);
#2925=ORIENTED_EDGE('',*,*,#5223,.T.);
#2926=ORIENTED_EDGE('',*,*,#5220,.T.);
#2927=ORIENTED_EDGE('',*,*,#4242,.F.);
#2928=ORIENTED_EDGE('',*,*,#5224,.F.);
#2929=ORIENTED_EDGE('',*,*,#5225,.T.);
#2930=ORIENTED_EDGE('',*,*,#5222,.T.);
#2931=ORIENTED_EDGE('',*,*,#4241,.F.);
#2932=ORIENTED_EDGE('',*,*,#5226,.F.);
#2933=ORIENTED_EDGE('',*,*,#5227,.T.);
#2934=ORIENTED_EDGE('',*,*,#5224,.T.);
#2935=ORIENTED_EDGE('',*,*,#4240,.F.);
#2936=ORIENTED_EDGE('',*,*,#5228,.F.);
#2937=ORIENTED_EDGE('',*,*,#5229,.T.);
#2938=ORIENTED_EDGE('',*,*,#5226,.T.);
#2939=ORIENTED_EDGE('',*,*,#4239,.F.);
#2940=ORIENTED_EDGE('',*,*,#5230,.F.);
#2941=ORIENTED_EDGE('',*,*,#5231,.T.);
#2942=ORIENTED_EDGE('',*,*,#5228,.T.);
#2943=ORIENTED_EDGE('',*,*,#4238,.F.);
#2944=ORIENTED_EDGE('',*,*,#5232,.F.);
#2945=ORIENTED_EDGE('',*,*,#5233,.T.);
#2946=ORIENTED_EDGE('',*,*,#5230,.T.);
#2947=ORIENTED_EDGE('',*,*,#4237,.F.);
#2948=ORIENTED_EDGE('',*,*,#5234,.F.);
#2949=ORIENTED_EDGE('',*,*,#5235,.T.);
#2950=ORIENTED_EDGE('',*,*,#5232,.T.);
#2951=ORIENTED_EDGE('',*,*,#4236,.F.);
#2952=ORIENTED_EDGE('',*,*,#5236,.F.);
#2953=ORIENTED_EDGE('',*,*,#5237,.T.);
#2954=ORIENTED_EDGE('',*,*,#5234,.T.);
#2955=ORIENTED_EDGE('',*,*,#4235,.F.);
#2956=ORIENTED_EDGE('',*,*,#5238,.F.);
#2957=ORIENTED_EDGE('',*,*,#5239,.T.);
#2958=ORIENTED_EDGE('',*,*,#5236,.T.);
#2959=ORIENTED_EDGE('',*,*,#4234,.F.);
#2960=ORIENTED_EDGE('',*,*,#5240,.F.);
#2961=ORIENTED_EDGE('',*,*,#5241,.T.);
#2962=ORIENTED_EDGE('',*,*,#5238,.T.);
#2963=ORIENTED_EDGE('',*,*,#4233,.F.);
#2964=ORIENTED_EDGE('',*,*,#5242,.F.);
#2965=ORIENTED_EDGE('',*,*,#5243,.T.);
#2966=ORIENTED_EDGE('',*,*,#5240,.T.);
#2967=ORIENTED_EDGE('',*,*,#4232,.F.);
#2968=ORIENTED_EDGE('',*,*,#5244,.F.);
#2969=ORIENTED_EDGE('',*,*,#5245,.T.);
#2970=ORIENTED_EDGE('',*,*,#5242,.T.);
#2971=ORIENTED_EDGE('',*,*,#4231,.F.);
#2972=ORIENTED_EDGE('',*,*,#5246,.F.);
#2973=ORIENTED_EDGE('',*,*,#5247,.T.);
#2974=ORIENTED_EDGE('',*,*,#5244,.T.);
#2975=ORIENTED_EDGE('',*,*,#4230,.F.);
#2976=ORIENTED_EDGE('',*,*,#5248,.F.);
#2977=ORIENTED_EDGE('',*,*,#5249,.T.);
#2978=ORIENTED_EDGE('',*,*,#5246,.T.);
#2979=ORIENTED_EDGE('',*,*,#4229,.F.);
#2980=ORIENTED_EDGE('',*,*,#5201,.F.);
#2981=ORIENTED_EDGE('',*,*,#5250,.T.);
#2982=ORIENTED_EDGE('',*,*,#5248,.T.);
#2983=ORIENTED_EDGE('',*,*,#5200,.F.);
#2984=ORIENTED_EDGE('',*,*,#5203,.F.);
#2985=ORIENTED_EDGE('',*,*,#5205,.F.);
#2986=ORIENTED_EDGE('',*,*,#5207,.F.);
#2987=ORIENTED_EDGE('',*,*,#5209,.F.);
#2988=ORIENTED_EDGE('',*,*,#5211,.F.);
#2989=ORIENTED_EDGE('',*,*,#5213,.F.);
#2990=ORIENTED_EDGE('',*,*,#5215,.F.);
#2991=ORIENTED_EDGE('',*,*,#5217,.F.);
#2992=ORIENTED_EDGE('',*,*,#5219,.F.);
#2993=ORIENTED_EDGE('',*,*,#5221,.F.);
#2994=ORIENTED_EDGE('',*,*,#5223,.F.);
#2995=ORIENTED_EDGE('',*,*,#5225,.F.);
#2996=ORIENTED_EDGE('',*,*,#5227,.F.);
#2997=ORIENTED_EDGE('',*,*,#5229,.F.);
#2998=ORIENTED_EDGE('',*,*,#5231,.F.);
#2999=ORIENTED_EDGE('',*,*,#5233,.F.);
#3000=ORIENTED_EDGE('',*,*,#5235,.F.);
#3001=ORIENTED_EDGE('',*,*,#5237,.F.);
#3002=ORIENTED_EDGE('',*,*,#5239,.F.);
#3003=ORIENTED_EDGE('',*,*,#5241,.F.);
#3004=ORIENTED_EDGE('',*,*,#5243,.F.);
#3005=ORIENTED_EDGE('',*,*,#5245,.F.);
#3006=ORIENTED_EDGE('',*,*,#5247,.F.);
#3007=ORIENTED_EDGE('',*,*,#5249,.F.);
#3008=ORIENTED_EDGE('',*,*,#5250,.F.);
#3009=ORIENTED_EDGE('',*,*,#4254,.F.);
#3010=ORIENTED_EDGE('',*,*,#5251,.F.);
#3011=ORIENTED_EDGE('',*,*,#5252,.T.);
#3012=ORIENTED_EDGE('',*,*,#5253,.T.);
#3013=ORIENTED_EDGE('',*,*,#4253,.F.);
#3014=ORIENTED_EDGE('',*,*,#5254,.F.);
#3015=ORIENTED_EDGE('',*,*,#5255,.T.);
#3016=ORIENTED_EDGE('',*,*,#5251,.T.);
#3017=ORIENTED_EDGE('',*,*,#4274,.F.);
#3018=ORIENTED_EDGE('',*,*,#5256,.F.);
#3019=ORIENTED_EDGE('',*,*,#5257,.T.);
#3020=ORIENTED_EDGE('',*,*,#5254,.T.);
#3021=ORIENTED_EDGE('',*,*,#4273,.F.);
#3022=ORIENTED_EDGE('',*,*,#5258,.F.);
#3023=ORIENTED_EDGE('',*,*,#5259,.T.);
#3024=ORIENTED_EDGE('',*,*,#5256,.T.);
#3025=ORIENTED_EDGE('',*,*,#4272,.F.);
#3026=ORIENTED_EDGE('',*,*,#5260,.F.);
#3027=ORIENTED_EDGE('',*,*,#5261,.T.);
#3028=ORIENTED_EDGE('',*,*,#5258,.T.);
#3029=ORIENTED_EDGE('',*,*,#4271,.F.);
#3030=ORIENTED_EDGE('',*,*,#5262,.F.);
#3031=ORIENTED_EDGE('',*,*,#5263,.T.);
#3032=ORIENTED_EDGE('',*,*,#5260,.T.);
#3033=ORIENTED_EDGE('',*,*,#4270,.F.);
#3034=ORIENTED_EDGE('',*,*,#5264,.F.);
#3035=ORIENTED_EDGE('',*,*,#5265,.T.);
#3036=ORIENTED_EDGE('',*,*,#5262,.T.);
#3037=ORIENTED_EDGE('',*,*,#4269,.F.);
#3038=ORIENTED_EDGE('',*,*,#5266,.F.);
#3039=ORIENTED_EDGE('',*,*,#5267,.T.);
#3040=ORIENTED_EDGE('',*,*,#5264,.T.);
#3041=ORIENTED_EDGE('',*,*,#4268,.F.);
#3042=ORIENTED_EDGE('',*,*,#5268,.F.);
#3043=ORIENTED_EDGE('',*,*,#5269,.T.);
#3044=ORIENTED_EDGE('',*,*,#5266,.T.);
#3045=ORIENTED_EDGE('',*,*,#4267,.F.);
#3046=ORIENTED_EDGE('',*,*,#5270,.F.);
#3047=ORIENTED_EDGE('',*,*,#5271,.T.);
#3048=ORIENTED_EDGE('',*,*,#5268,.T.);
#3049=ORIENTED_EDGE('',*,*,#4266,.F.);
#3050=ORIENTED_EDGE('',*,*,#5272,.F.);
#3051=ORIENTED_EDGE('',*,*,#5273,.T.);
#3052=ORIENTED_EDGE('',*,*,#5270,.T.);
#3053=ORIENTED_EDGE('',*,*,#4265,.F.);
#3054=ORIENTED_EDGE('',*,*,#5274,.F.);
#3055=ORIENTED_EDGE('',*,*,#5275,.T.);
#3056=ORIENTED_EDGE('',*,*,#5272,.T.);
#3057=ORIENTED_EDGE('',*,*,#4264,.F.);
#3058=ORIENTED_EDGE('',*,*,#5276,.F.);
#3059=ORIENTED_EDGE('',*,*,#5277,.T.);
#3060=ORIENTED_EDGE('',*,*,#5274,.T.);
#3061=ORIENTED_EDGE('',*,*,#4263,.F.);
#3062=ORIENTED_EDGE('',*,*,#5278,.F.);
#3063=ORIENTED_EDGE('',*,*,#5279,.T.);
#3064=ORIENTED_EDGE('',*,*,#5276,.T.);
#3065=ORIENTED_EDGE('',*,*,#4262,.F.);
#3066=ORIENTED_EDGE('',*,*,#5280,.F.);
#3067=ORIENTED_EDGE('',*,*,#5281,.T.);
#3068=ORIENTED_EDGE('',*,*,#5278,.T.);
#3069=ORIENTED_EDGE('',*,*,#4261,.F.);
#3070=ORIENTED_EDGE('',*,*,#5282,.F.);
#3071=ORIENTED_EDGE('',*,*,#5283,.T.);
#3072=ORIENTED_EDGE('',*,*,#5280,.T.);
#3073=ORIENTED_EDGE('',*,*,#4260,.F.);
#3074=ORIENTED_EDGE('',*,*,#5284,.F.);
#3075=ORIENTED_EDGE('',*,*,#5285,.T.);
#3076=ORIENTED_EDGE('',*,*,#5282,.T.);
#3077=ORIENTED_EDGE('',*,*,#4259,.F.);
#3078=ORIENTED_EDGE('',*,*,#5286,.F.);
#3079=ORIENTED_EDGE('',*,*,#5287,.T.);
#3080=ORIENTED_EDGE('',*,*,#5284,.T.);
#3081=ORIENTED_EDGE('',*,*,#4258,.F.);
#3082=ORIENTED_EDGE('',*,*,#5288,.F.);
#3083=ORIENTED_EDGE('',*,*,#5289,.T.);
#3084=ORIENTED_EDGE('',*,*,#5286,.T.);
#3085=ORIENTED_EDGE('',*,*,#4257,.F.);
#3086=ORIENTED_EDGE('',*,*,#5290,.F.);
#3087=ORIENTED_EDGE('',*,*,#5291,.T.);
#3088=ORIENTED_EDGE('',*,*,#5288,.T.);
#3089=ORIENTED_EDGE('',*,*,#4256,.F.);
#3090=ORIENTED_EDGE('',*,*,#5292,.F.);
#3091=ORIENTED_EDGE('',*,*,#5293,.T.);
#3092=ORIENTED_EDGE('',*,*,#5290,.T.);
#3093=ORIENTED_EDGE('',*,*,#4255,.F.);
#3094=ORIENTED_EDGE('',*,*,#5253,.F.);
#3095=ORIENTED_EDGE('',*,*,#5294,.T.);
#3096=ORIENTED_EDGE('',*,*,#5292,.T.);
#3097=ORIENTED_EDGE('',*,*,#5252,.F.);
#3098=ORIENTED_EDGE('',*,*,#5255,.F.);
#3099=ORIENTED_EDGE('',*,*,#5257,.F.);
#3100=ORIENTED_EDGE('',*,*,#5259,.F.);
#3101=ORIENTED_EDGE('',*,*,#5261,.F.);
#3102=ORIENTED_EDGE('',*,*,#5263,.F.);
#3103=ORIENTED_EDGE('',*,*,#5265,.F.);
#3104=ORIENTED_EDGE('',*,*,#5267,.F.);
#3105=ORIENTED_EDGE('',*,*,#5269,.F.);
#3106=ORIENTED_EDGE('',*,*,#5271,.F.);
#3107=ORIENTED_EDGE('',*,*,#5273,.F.);
#3108=ORIENTED_EDGE('',*,*,#5275,.F.);
#3109=ORIENTED_EDGE('',*,*,#5277,.F.);
#3110=ORIENTED_EDGE('',*,*,#5279,.F.);
#3111=ORIENTED_EDGE('',*,*,#5281,.F.);
#3112=ORIENTED_EDGE('',*,*,#5283,.F.);
#3113=ORIENTED_EDGE('',*,*,#5285,.F.);
#3114=ORIENTED_EDGE('',*,*,#5287,.F.);
#3115=ORIENTED_EDGE('',*,*,#5289,.F.);
#3116=ORIENTED_EDGE('',*,*,#5291,.F.);
#3117=ORIENTED_EDGE('',*,*,#5293,.F.);
#3118=ORIENTED_EDGE('',*,*,#5294,.F.);
#3119=ORIENTED_EDGE('',*,*,#4276,.F.);
#3120=ORIENTED_EDGE('',*,*,#5295,.F.);
#3121=ORIENTED_EDGE('',*,*,#5296,.T.);
#3122=ORIENTED_EDGE('',*,*,#5297,.T.);
#3123=ORIENTED_EDGE('',*,*,#4275,.F.);
#3124=ORIENTED_EDGE('',*,*,#5298,.F.);
#3125=ORIENTED_EDGE('',*,*,#5299,.T.);
#3126=ORIENTED_EDGE('',*,*,#5295,.T.);
#3127=ORIENTED_EDGE('',*,*,#4284,.F.);
#3128=ORIENTED_EDGE('',*,*,#5300,.F.);
#3129=ORIENTED_EDGE('',*,*,#5301,.T.);
#3130=ORIENTED_EDGE('',*,*,#5298,.T.);
#3131=ORIENTED_EDGE('',*,*,#4283,.F.);
#3132=ORIENTED_EDGE('',*,*,#5302,.F.);
#3133=ORIENTED_EDGE('',*,*,#5303,.T.);
#3134=ORIENTED_EDGE('',*,*,#5300,.T.);
#3135=ORIENTED_EDGE('',*,*,#4282,.F.);
#3136=ORIENTED_EDGE('',*,*,#5304,.F.);
#3137=ORIENTED_EDGE('',*,*,#5305,.T.);
#3138=ORIENTED_EDGE('',*,*,#5302,.T.);
#3139=ORIENTED_EDGE('',*,*,#4281,.F.);
#3140=ORIENTED_EDGE('',*,*,#5306,.F.);
#3141=ORIENTED_EDGE('',*,*,#5307,.T.);
#3142=ORIENTED_EDGE('',*,*,#5304,.T.);
#3143=ORIENTED_EDGE('',*,*,#4280,.F.);
#3144=ORIENTED_EDGE('',*,*,#5308,.F.);
#3145=ORIENTED_EDGE('',*,*,#5309,.T.);
#3146=ORIENTED_EDGE('',*,*,#5306,.T.);
#3147=ORIENTED_EDGE('',*,*,#4279,.F.);
#3148=ORIENTED_EDGE('',*,*,#5310,.F.);
#3149=ORIENTED_EDGE('',*,*,#5311,.T.);
#3150=ORIENTED_EDGE('',*,*,#5308,.T.);
#3151=ORIENTED_EDGE('',*,*,#4278,.F.);
#3152=ORIENTED_EDGE('',*,*,#5312,.F.);
#3153=ORIENTED_EDGE('',*,*,#5313,.T.);
#3154=ORIENTED_EDGE('',*,*,#5310,.T.);
#3155=ORIENTED_EDGE('',*,*,#4277,.F.);
#3156=ORIENTED_EDGE('',*,*,#5297,.F.);
#3157=ORIENTED_EDGE('',*,*,#5314,.T.);
#3158=ORIENTED_EDGE('',*,*,#5312,.T.);
#3159=ORIENTED_EDGE('',*,*,#5296,.F.);
#3160=ORIENTED_EDGE('',*,*,#5299,.F.);
#3161=ORIENTED_EDGE('',*,*,#5301,.F.);
#3162=ORIENTED_EDGE('',*,*,#5303,.F.);
#3163=ORIENTED_EDGE('',*,*,#5305,.F.);
#3164=ORIENTED_EDGE('',*,*,#5307,.F.);
#3165=ORIENTED_EDGE('',*,*,#5309,.F.);
#3166=ORIENTED_EDGE('',*,*,#5311,.F.);
#3167=ORIENTED_EDGE('',*,*,#5313,.F.);
#3168=ORIENTED_EDGE('',*,*,#5314,.F.);
#3169=ORIENTED_EDGE('',*,*,#4286,.F.);
#3170=ORIENTED_EDGE('',*,*,#5315,.F.);
#3171=ORIENTED_EDGE('',*,*,#5316,.T.);
#3172=ORIENTED_EDGE('',*,*,#5317,.T.);
#3173=ORIENTED_EDGE('',*,*,#4285,.F.);
#3174=ORIENTED_EDGE('',*,*,#5318,.F.);
#3175=ORIENTED_EDGE('',*,*,#5319,.T.);
#3176=ORIENTED_EDGE('',*,*,#5315,.T.);
#3177=ORIENTED_EDGE('',*,*,#4288,.F.);
#3178=ORIENTED_EDGE('',*,*,#5320,.F.);
#3179=ORIENTED_EDGE('',*,*,#5321,.T.);
#3180=ORIENTED_EDGE('',*,*,#5318,.T.);
#3181=ORIENTED_EDGE('',*,*,#4287,.F.);
#3182=ORIENTED_EDGE('',*,*,#5317,.F.);
#3183=ORIENTED_EDGE('',*,*,#5322,.T.);
#3184=ORIENTED_EDGE('',*,*,#5320,.T.);
#3185=ORIENTED_EDGE('',*,*,#5316,.F.);
#3186=ORIENTED_EDGE('',*,*,#5319,.F.);
#3187=ORIENTED_EDGE('',*,*,#5321,.F.);
#3188=ORIENTED_EDGE('',*,*,#5322,.F.);
#3189=ORIENTED_EDGE('',*,*,#4290,.F.);
#3190=ORIENTED_EDGE('',*,*,#5323,.F.);
#3191=ORIENTED_EDGE('',*,*,#5324,.T.);
#3192=ORIENTED_EDGE('',*,*,#5325,.T.);
#3193=ORIENTED_EDGE('',*,*,#4289,.F.);
#3194=ORIENTED_EDGE('',*,*,#5326,.F.);
#3195=ORIENTED_EDGE('',*,*,#5327,.T.);
#3196=ORIENTED_EDGE('',*,*,#5323,.T.);
#3197=ORIENTED_EDGE('',*,*,#4306,.F.);
#3198=ORIENTED_EDGE('',*,*,#5328,.F.);
#3199=ORIENTED_EDGE('',*,*,#5329,.T.);
#3200=ORIENTED_EDGE('',*,*,#5326,.T.);
#3201=ORIENTED_EDGE('',*,*,#4305,.F.);
#3202=ORIENTED_EDGE('',*,*,#5330,.F.);
#3203=ORIENTED_EDGE('',*,*,#5331,.T.);
#3204=ORIENTED_EDGE('',*,*,#5328,.T.);
#3205=ORIENTED_EDGE('',*,*,#4304,.F.);
#3206=ORIENTED_EDGE('',*,*,#5332,.F.);
#3207=ORIENTED_EDGE('',*,*,#5333,.T.);
#3208=ORIENTED_EDGE('',*,*,#5330,.T.);
#3209=ORIENTED_EDGE('',*,*,#4303,.F.);
#3210=ORIENTED_EDGE('',*,*,#5334,.F.);
#3211=ORIENTED_EDGE('',*,*,#5335,.T.);
#3212=ORIENTED_EDGE('',*,*,#5332,.T.);
#3213=ORIENTED_EDGE('',*,*,#4302,.F.);
#3214=ORIENTED_EDGE('',*,*,#5336,.F.);
#3215=ORIENTED_EDGE('',*,*,#5337,.T.);
#3216=ORIENTED_EDGE('',*,*,#5334,.T.);
#3217=ORIENTED_EDGE('',*,*,#4301,.F.);
#3218=ORIENTED_EDGE('',*,*,#5338,.F.);
#3219=ORIENTED_EDGE('',*,*,#5339,.T.);
#3220=ORIENTED_EDGE('',*,*,#5336,.T.);
#3221=ORIENTED_EDGE('',*,*,#4300,.F.);
#3222=ORIENTED_EDGE('',*,*,#5340,.F.);
#3223=ORIENTED_EDGE('',*,*,#5341,.T.);
#3224=ORIENTED_EDGE('',*,*,#5338,.T.);
#3225=ORIENTED_EDGE('',*,*,#4299,.F.);
#3226=ORIENTED_EDGE('',*,*,#5342,.F.);
#3227=ORIENTED_EDGE('',*,*,#5343,.T.);
#3228=ORIENTED_EDGE('',*,*,#5340,.T.);
#3229=ORIENTED_EDGE('',*,*,#4298,.F.);
#3230=ORIENTED_EDGE('',*,*,#5344,.F.);
#3231=ORIENTED_EDGE('',*,*,#5345,.T.);
#3232=ORIENTED_EDGE('',*,*,#5342,.T.);
#3233=ORIENTED_EDGE('',*,*,#4297,.F.);
#3234=ORIENTED_EDGE('',*,*,#5346,.F.);
#3235=ORIENTED_EDGE('',*,*,#5347,.T.);
#3236=ORIENTED_EDGE('',*,*,#5344,.T.);
#3237=ORIENTED_EDGE('',*,*,#4296,.F.);
#3238=ORIENTED_EDGE('',*,*,#5348,.F.);
#3239=ORIENTED_EDGE('',*,*,#5349,.T.);
#3240=ORIENTED_EDGE('',*,*,#5346,.T.);
#3241=ORIENTED_EDGE('',*,*,#4295,.F.);
#3242=ORIENTED_EDGE('',*,*,#5350,.F.);
#3243=ORIENTED_EDGE('',*,*,#5351,.T.);
#3244=ORIENTED_EDGE('',*,*,#5348,.T.);
#3245=ORIENTED_EDGE('',*,*,#4294,.F.);
#3246=ORIENTED_EDGE('',*,*,#5352,.F.);
#3247=ORIENTED_EDGE('',*,*,#5353,.T.);
#3248=ORIENTED_EDGE('',*,*,#5350,.T.);
#3249=ORIENTED_EDGE('',*,*,#4293,.F.);
#3250=ORIENTED_EDGE('',*,*,#5354,.F.);
#3251=ORIENTED_EDGE('',*,*,#5355,.T.);
#3252=ORIENTED_EDGE('',*,*,#5352,.T.);
#3253=ORIENTED_EDGE('',*,*,#4292,.F.);
#3254=ORIENTED_EDGE('',*,*,#5356,.F.);
#3255=ORIENTED_EDGE('',*,*,#5357,.T.);
#3256=ORIENTED_EDGE('',*,*,#5354,.T.);
#3257=ORIENTED_EDGE('',*,*,#4291,.F.);
#3258=ORIENTED_EDGE('',*,*,#5325,.F.);
#3259=ORIENTED_EDGE('',*,*,#5358,.T.);
#3260=ORIENTED_EDGE('',*,*,#5356,.T.);
#3261=ORIENTED_EDGE('',*,*,#5324,.F.);
#3262=ORIENTED_EDGE('',*,*,#5327,.F.);
#3263=ORIENTED_EDGE('',*,*,#5329,.F.);
#3264=ORIENTED_EDGE('',*,*,#5331,.F.);
#3265=ORIENTED_EDGE('',*,*,#5333,.F.);
#3266=ORIENTED_EDGE('',*,*,#5335,.F.);
#3267=ORIENTED_EDGE('',*,*,#5337,.F.);
#3268=ORIENTED_EDGE('',*,*,#5339,.F.);
#3269=ORIENTED_EDGE('',*,*,#5341,.F.);
#3270=ORIENTED_EDGE('',*,*,#5343,.F.);
#3271=ORIENTED_EDGE('',*,*,#5345,.F.);
#3272=ORIENTED_EDGE('',*,*,#5347,.F.);
#3273=ORIENTED_EDGE('',*,*,#5349,.F.);
#3274=ORIENTED_EDGE('',*,*,#5351,.F.);
#3275=ORIENTED_EDGE('',*,*,#5353,.F.);
#3276=ORIENTED_EDGE('',*,*,#5355,.F.);
#3277=ORIENTED_EDGE('',*,*,#5357,.F.);
#3278=ORIENTED_EDGE('',*,*,#5358,.F.);
#3279=ORIENTED_EDGE('',*,*,#4308,.F.);
#3280=ORIENTED_EDGE('',*,*,#5359,.F.);
#3281=ORIENTED_EDGE('',*,*,#5360,.T.);
#3282=ORIENTED_EDGE('',*,*,#5361,.T.);
#3283=ORIENTED_EDGE('',*,*,#4307,.F.);
#3284=ORIENTED_EDGE('',*,*,#5362,.F.);
#3285=ORIENTED_EDGE('',*,*,#5363,.T.);
#3286=ORIENTED_EDGE('',*,*,#5359,.T.);
#3287=ORIENTED_EDGE('',*,*,#4310,.F.);
#3288=ORIENTED_EDGE('',*,*,#5364,.F.);
#3289=ORIENTED_EDGE('',*,*,#5365,.T.);
#3290=ORIENTED_EDGE('',*,*,#5362,.T.);
#3291=ORIENTED_EDGE('',*,*,#4309,.F.);
#3292=ORIENTED_EDGE('',*,*,#5361,.F.);
#3293=ORIENTED_EDGE('',*,*,#5366,.T.);
#3294=ORIENTED_EDGE('',*,*,#5364,.T.);
#3295=ORIENTED_EDGE('',*,*,#5360,.F.);
#3296=ORIENTED_EDGE('',*,*,#5363,.F.);
#3297=ORIENTED_EDGE('',*,*,#5365,.F.);
#3298=ORIENTED_EDGE('',*,*,#5366,.F.);
#3299=ORIENTED_EDGE('',*,*,#4312,.F.);
#3300=ORIENTED_EDGE('',*,*,#5367,.F.);
#3301=ORIENTED_EDGE('',*,*,#5368,.T.);
#3302=ORIENTED_EDGE('',*,*,#5369,.T.);
#3303=ORIENTED_EDGE('',*,*,#4311,.F.);
#3304=ORIENTED_EDGE('',*,*,#5370,.F.);
#3305=ORIENTED_EDGE('',*,*,#5371,.T.);
#3306=ORIENTED_EDGE('',*,*,#5367,.T.);
#3307=ORIENTED_EDGE('',*,*,#4328,.F.);
#3308=ORIENTED_EDGE('',*,*,#5372,.F.);
#3309=ORIENTED_EDGE('',*,*,#5373,.T.);
#3310=ORIENTED_EDGE('',*,*,#5370,.T.);
#3311=ORIENTED_EDGE('',*,*,#4327,.F.);
#3312=ORIENTED_EDGE('',*,*,#5374,.F.);
#3313=ORIENTED_EDGE('',*,*,#5375,.T.);
#3314=ORIENTED_EDGE('',*,*,#5372,.T.);
#3315=ORIENTED_EDGE('',*,*,#4326,.F.);
#3316=ORIENTED_EDGE('',*,*,#5376,.F.);
#3317=ORIENTED_EDGE('',*,*,#5377,.T.);
#3318=ORIENTED_EDGE('',*,*,#5374,.T.);
#3319=ORIENTED_EDGE('',*,*,#4325,.F.);
#3320=ORIENTED_EDGE('',*,*,#5378,.F.);
#3321=ORIENTED_EDGE('',*,*,#5379,.T.);
#3322=ORIENTED_EDGE('',*,*,#5376,.T.);
#3323=ORIENTED_EDGE('',*,*,#4324,.F.);
#3324=ORIENTED_EDGE('',*,*,#5380,.F.);
#3325=ORIENTED_EDGE('',*,*,#5381,.T.);
#3326=ORIENTED_EDGE('',*,*,#5378,.T.);
#3327=ORIENTED_EDGE('',*,*,#4323,.F.);
#3328=ORIENTED_EDGE('',*,*,#5382,.F.);
#3329=ORIENTED_EDGE('',*,*,#5383,.T.);
#3330=ORIENTED_EDGE('',*,*,#5380,.T.);
#3331=ORIENTED_EDGE('',*,*,#4322,.F.);
#3332=ORIENTED_EDGE('',*,*,#5384,.F.);
#3333=ORIENTED_EDGE('',*,*,#5385,.T.);
#3334=ORIENTED_EDGE('',*,*,#5382,.T.);
#3335=ORIENTED_EDGE('',*,*,#4321,.F.);
#3336=ORIENTED_EDGE('',*,*,#5386,.F.);
#3337=ORIENTED_EDGE('',*,*,#5387,.T.);
#3338=ORIENTED_EDGE('',*,*,#5384,.T.);
#3339=ORIENTED_EDGE('',*,*,#4320,.F.);
#3340=ORIENTED_EDGE('',*,*,#5388,.F.);
#3341=ORIENTED_EDGE('',*,*,#5389,.T.);
#3342=ORIENTED_EDGE('',*,*,#5386,.T.);
#3343=ORIENTED_EDGE('',*,*,#4319,.F.);
#3344=ORIENTED_EDGE('',*,*,#5390,.F.);
#3345=ORIENTED_EDGE('',*,*,#5391,.T.);
#3346=ORIENTED_EDGE('',*,*,#5388,.T.);
#3347=ORIENTED_EDGE('',*,*,#4318,.F.);
#3348=ORIENTED_EDGE('',*,*,#5392,.F.);
#3349=ORIENTED_EDGE('',*,*,#5393,.T.);
#3350=ORIENTED_EDGE('',*,*,#5390,.T.);
#3351=ORIENTED_EDGE('',*,*,#4317,.F.);
#3352=ORIENTED_EDGE('',*,*,#5394,.F.);
#3353=ORIENTED_EDGE('',*,*,#5395,.T.);
#3354=ORIENTED_EDGE('',*,*,#5392,.T.);
#3355=ORIENTED_EDGE('',*,*,#4316,.F.);
#3356=ORIENTED_EDGE('',*,*,#5396,.F.);
#3357=ORIENTED_EDGE('',*,*,#5397,.T.);
#3358=ORIENTED_EDGE('',*,*,#5394,.T.);
#3359=ORIENTED_EDGE('',*,*,#4315,.F.);
#3360=ORIENTED_EDGE('',*,*,#5398,.F.);
#3361=ORIENTED_EDGE('',*,*,#5399,.T.);
#3362=ORIENTED_EDGE('',*,*,#5396,.T.);
#3363=ORIENTED_EDGE('',*,*,#4314,.F.);
#3364=ORIENTED_EDGE('',*,*,#5400,.F.);
#3365=ORIENTED_EDGE('',*,*,#5401,.T.);
#3366=ORIENTED_EDGE('',*,*,#5398,.T.);
#3367=ORIENTED_EDGE('',*,*,#4313,.F.);
#3368=ORIENTED_EDGE('',*,*,#5369,.F.);
#3369=ORIENTED_EDGE('',*,*,#5402,.T.);
#3370=ORIENTED_EDGE('',*,*,#5400,.T.);
#3371=ORIENTED_EDGE('',*,*,#5368,.F.);
#3372=ORIENTED_EDGE('',*,*,#5371,.F.);
#3373=ORIENTED_EDGE('',*,*,#5373,.F.);
#3374=ORIENTED_EDGE('',*,*,#5375,.F.);
#3375=ORIENTED_EDGE('',*,*,#5377,.F.);
#3376=ORIENTED_EDGE('',*,*,#5379,.F.);
#3377=ORIENTED_EDGE('',*,*,#5381,.F.);
#3378=ORIENTED_EDGE('',*,*,#5383,.F.);
#3379=ORIENTED_EDGE('',*,*,#5385,.F.);
#3380=ORIENTED_EDGE('',*,*,#5387,.F.);
#3381=ORIENTED_EDGE('',*,*,#5389,.F.);
#3382=ORIENTED_EDGE('',*,*,#5391,.F.);
#3383=ORIENTED_EDGE('',*,*,#5393,.F.);
#3384=ORIENTED_EDGE('',*,*,#5395,.F.);
#3385=ORIENTED_EDGE('',*,*,#5397,.F.);
#3386=ORIENTED_EDGE('',*,*,#5399,.F.);
#3387=ORIENTED_EDGE('',*,*,#5401,.F.);
#3388=ORIENTED_EDGE('',*,*,#5402,.F.);
#3389=ORIENTED_EDGE('',*,*,#4330,.F.);
#3390=ORIENTED_EDGE('',*,*,#5403,.F.);
#3391=ORIENTED_EDGE('',*,*,#5404,.T.);
#3392=ORIENTED_EDGE('',*,*,#5405,.T.);
#3393=ORIENTED_EDGE('',*,*,#4329,.F.);
#3394=ORIENTED_EDGE('',*,*,#5406,.F.);
#3395=ORIENTED_EDGE('',*,*,#5407,.T.);
#3396=ORIENTED_EDGE('',*,*,#5403,.T.);
#3397=ORIENTED_EDGE('',*,*,#4338,.F.);
#3398=ORIENTED_EDGE('',*,*,#5408,.F.);
#3399=ORIENTED_EDGE('',*,*,#5409,.T.);
#3400=ORIENTED_EDGE('',*,*,#5406,.T.);
#3401=ORIENTED_EDGE('',*,*,#4337,.F.);
#3402=ORIENTED_EDGE('',*,*,#5410,.F.);
#3403=ORIENTED_EDGE('',*,*,#5411,.T.);
#3404=ORIENTED_EDGE('',*,*,#5408,.T.);
#3405=ORIENTED_EDGE('',*,*,#4336,.F.);
#3406=ORIENTED_EDGE('',*,*,#5412,.F.);
#3407=ORIENTED_EDGE('',*,*,#5413,.T.);
#3408=ORIENTED_EDGE('',*,*,#5410,.T.);
#3409=ORIENTED_EDGE('',*,*,#4335,.F.);
#3410=ORIENTED_EDGE('',*,*,#5414,.F.);
#3411=ORIENTED_EDGE('',*,*,#5415,.T.);
#3412=ORIENTED_EDGE('',*,*,#5412,.T.);
#3413=ORIENTED_EDGE('',*,*,#4334,.F.);
#3414=ORIENTED_EDGE('',*,*,#5416,.F.);
#3415=ORIENTED_EDGE('',*,*,#5417,.T.);
#3416=ORIENTED_EDGE('',*,*,#5414,.T.);
#3417=ORIENTED_EDGE('',*,*,#4333,.F.);
#3418=ORIENTED_EDGE('',*,*,#5418,.F.);
#3419=ORIENTED_EDGE('',*,*,#5419,.T.);
#3420=ORIENTED_EDGE('',*,*,#5416,.T.);
#3421=ORIENTED_EDGE('',*,*,#4332,.F.);
#3422=ORIENTED_EDGE('',*,*,#5420,.F.);
#3423=ORIENTED_EDGE('',*,*,#5421,.T.);
#3424=ORIENTED_EDGE('',*,*,#5418,.T.);
#3425=ORIENTED_EDGE('',*,*,#4331,.F.);
#3426=ORIENTED_EDGE('',*,*,#5405,.F.);
#3427=ORIENTED_EDGE('',*,*,#5422,.T.);
#3428=ORIENTED_EDGE('',*,*,#5420,.T.);
#3429=ORIENTED_EDGE('',*,*,#5404,.F.);
#3430=ORIENTED_EDGE('',*,*,#5407,.F.);
#3431=ORIENTED_EDGE('',*,*,#5409,.F.);
#3432=ORIENTED_EDGE('',*,*,#5411,.F.);
#3433=ORIENTED_EDGE('',*,*,#5413,.F.);
#3434=ORIENTED_EDGE('',*,*,#5415,.F.);
#3435=ORIENTED_EDGE('',*,*,#5417,.F.);
#3436=ORIENTED_EDGE('',*,*,#5419,.F.);
#3437=ORIENTED_EDGE('',*,*,#5421,.F.);
#3438=ORIENTED_EDGE('',*,*,#5422,.F.);
#3439=ORIENTED_EDGE('',*,*,#4340,.F.);
#3440=ORIENTED_EDGE('',*,*,#5423,.F.);
#3441=ORIENTED_EDGE('',*,*,#5424,.T.);
#3442=ORIENTED_EDGE('',*,*,#5425,.T.);
#3443=ORIENTED_EDGE('',*,*,#4339,.F.);
#3444=ORIENTED_EDGE('',*,*,#5426,.F.);
#3445=ORIENTED_EDGE('',*,*,#5427,.T.);
#3446=ORIENTED_EDGE('',*,*,#5423,.T.);
#3447=ORIENTED_EDGE('',*,*,#4361,.F.);
#3448=ORIENTED_EDGE('',*,*,#5428,.F.);
#3449=ORIENTED_EDGE('',*,*,#5429,.T.);
#3450=ORIENTED_EDGE('',*,*,#5426,.T.);
#3451=ORIENTED_EDGE('',*,*,#4360,.F.);
#3452=ORIENTED_EDGE('',*,*,#5430,.F.);
#3453=ORIENTED_EDGE('',*,*,#5431,.T.);
#3454=ORIENTED_EDGE('',*,*,#5428,.T.);
#3455=ORIENTED_EDGE('',*,*,#4359,.F.);
#3456=ORIENTED_EDGE('',*,*,#5432,.F.);
#3457=ORIENTED_EDGE('',*,*,#5433,.T.);
#3458=ORIENTED_EDGE('',*,*,#5430,.T.);
#3459=ORIENTED_EDGE('',*,*,#4358,.F.);
#3460=ORIENTED_EDGE('',*,*,#5434,.F.);
#3461=ORIENTED_EDGE('',*,*,#5435,.T.);
#3462=ORIENTED_EDGE('',*,*,#5432,.T.);
#3463=ORIENTED_EDGE('',*,*,#4357,.F.);
#3464=ORIENTED_EDGE('',*,*,#5436,.F.);
#3465=ORIENTED_EDGE('',*,*,#5437,.T.);
#3466=ORIENTED_EDGE('',*,*,#5434,.T.);
#3467=ORIENTED_EDGE('',*,*,#4356,.F.);
#3468=ORIENTED_EDGE('',*,*,#5438,.F.);
#3469=ORIENTED_EDGE('',*,*,#5439,.T.);
#3470=ORIENTED_EDGE('',*,*,#5436,.T.);
#3471=ORIENTED_EDGE('',*,*,#4355,.F.);
#3472=ORIENTED_EDGE('',*,*,#5440,.F.);
#3473=ORIENTED_EDGE('',*,*,#5441,.T.);
#3474=ORIENTED_EDGE('',*,*,#5438,.T.);
#3475=ORIENTED_EDGE('',*,*,#4354,.F.);
#3476=ORIENTED_EDGE('',*,*,#5442,.F.);
#3477=ORIENTED_EDGE('',*,*,#5443,.T.);
#3478=ORIENTED_EDGE('',*,*,#5440,.T.);
#3479=ORIENTED_EDGE('',*,*,#4353,.F.);
#3480=ORIENTED_EDGE('',*,*,#5444,.F.);
#3481=ORIENTED_EDGE('',*,*,#5445,.T.);
#3482=ORIENTED_EDGE('',*,*,#5442,.T.);
#3483=ORIENTED_EDGE('',*,*,#4352,.F.);
#3484=ORIENTED_EDGE('',*,*,#5446,.F.);
#3485=ORIENTED_EDGE('',*,*,#5447,.T.);
#3486=ORIENTED_EDGE('',*,*,#5444,.T.);
#3487=ORIENTED_EDGE('',*,*,#4351,.F.);
#3488=ORIENTED_EDGE('',*,*,#5448,.F.);
#3489=ORIENTED_EDGE('',*,*,#5449,.T.);
#3490=ORIENTED_EDGE('',*,*,#5446,.T.);
#3491=ORIENTED_EDGE('',*,*,#4350,.F.);
#3492=ORIENTED_EDGE('',*,*,#5450,.F.);
#3493=ORIENTED_EDGE('',*,*,#5451,.T.);
#3494=ORIENTED_EDGE('',*,*,#5448,.T.);
#3495=ORIENTED_EDGE('',*,*,#4349,.F.);
#3496=ORIENTED_EDGE('',*,*,#5452,.F.);
#3497=ORIENTED_EDGE('',*,*,#5453,.T.);
#3498=ORIENTED_EDGE('',*,*,#5450,.T.);
#3499=ORIENTED_EDGE('',*,*,#4348,.F.);
#3500=ORIENTED_EDGE('',*,*,#5454,.F.);
#3501=ORIENTED_EDGE('',*,*,#5455,.T.);
#3502=ORIENTED_EDGE('',*,*,#5452,.T.);
#3503=ORIENTED_EDGE('',*,*,#4347,.F.);
#3504=ORIENTED_EDGE('',*,*,#5456,.F.);
#3505=ORIENTED_EDGE('',*,*,#5457,.T.);
#3506=ORIENTED_EDGE('',*,*,#5454,.T.);
#3507=ORIENTED_EDGE('',*,*,#4346,.F.);
#3508=ORIENTED_EDGE('',*,*,#5458,.F.);
#3509=ORIENTED_EDGE('',*,*,#5459,.T.);
#3510=ORIENTED_EDGE('',*,*,#5456,.T.);
#3511=ORIENTED_EDGE('',*,*,#4345,.F.);
#3512=ORIENTED_EDGE('',*,*,#5460,.F.);
#3513=ORIENTED_EDGE('',*,*,#5461,.T.);
#3514=ORIENTED_EDGE('',*,*,#5458,.T.);
#3515=ORIENTED_EDGE('',*,*,#4344,.F.);
#3516=ORIENTED_EDGE('',*,*,#5462,.F.);
#3517=ORIENTED_EDGE('',*,*,#5463,.T.);
#3518=ORIENTED_EDGE('',*,*,#5460,.T.);
#3519=ORIENTED_EDGE('',*,*,#4343,.F.);
#3520=ORIENTED_EDGE('',*,*,#5464,.F.);
#3521=ORIENTED_EDGE('',*,*,#5465,.T.);
#3522=ORIENTED_EDGE('',*,*,#5462,.T.);
#3523=ORIENTED_EDGE('',*,*,#4342,.F.);
#3524=ORIENTED_EDGE('',*,*,#5466,.F.);
#3525=ORIENTED_EDGE('',*,*,#5467,.T.);
#3526=ORIENTED_EDGE('',*,*,#5464,.T.);
#3527=ORIENTED_EDGE('',*,*,#4341,.F.);
#3528=ORIENTED_EDGE('',*,*,#5425,.F.);
#3529=ORIENTED_EDGE('',*,*,#5468,.T.);
#3530=ORIENTED_EDGE('',*,*,#5466,.T.);
#3531=ORIENTED_EDGE('',*,*,#5424,.F.);
#3532=ORIENTED_EDGE('',*,*,#5427,.F.);
#3533=ORIENTED_EDGE('',*,*,#5429,.F.);
#3534=ORIENTED_EDGE('',*,*,#5431,.F.);
#3535=ORIENTED_EDGE('',*,*,#5433,.F.);
#3536=ORIENTED_EDGE('',*,*,#5435,.F.);
#3537=ORIENTED_EDGE('',*,*,#5437,.F.);
#3538=ORIENTED_EDGE('',*,*,#5439,.F.);
#3539=ORIENTED_EDGE('',*,*,#5441,.F.);
#3540=ORIENTED_EDGE('',*,*,#5443,.F.);
#3541=ORIENTED_EDGE('',*,*,#5445,.F.);
#3542=ORIENTED_EDGE('',*,*,#5447,.F.);
#3543=ORIENTED_EDGE('',*,*,#5449,.F.);
#3544=ORIENTED_EDGE('',*,*,#5451,.F.);
#3545=ORIENTED_EDGE('',*,*,#5453,.F.);
#3546=ORIENTED_EDGE('',*,*,#5455,.F.);
#3547=ORIENTED_EDGE('',*,*,#5457,.F.);
#3548=ORIENTED_EDGE('',*,*,#5459,.F.);
#3549=ORIENTED_EDGE('',*,*,#5461,.F.);
#3550=ORIENTED_EDGE('',*,*,#5463,.F.);
#3551=ORIENTED_EDGE('',*,*,#5465,.F.);
#3552=ORIENTED_EDGE('',*,*,#5467,.F.);
#3553=ORIENTED_EDGE('',*,*,#5468,.F.);
#3554=ORIENTED_EDGE('',*,*,#4363,.F.);
#3555=ORIENTED_EDGE('',*,*,#5469,.F.);
#3556=ORIENTED_EDGE('',*,*,#5470,.T.);
#3557=ORIENTED_EDGE('',*,*,#5471,.T.);
#3558=ORIENTED_EDGE('',*,*,#4362,.F.);
#3559=ORIENTED_EDGE('',*,*,#5472,.F.);
#3560=ORIENTED_EDGE('',*,*,#5473,.T.);
#3561=ORIENTED_EDGE('',*,*,#5469,.T.);
#3562=ORIENTED_EDGE('',*,*,#4371,.F.);
#3563=ORIENTED_EDGE('',*,*,#5474,.F.);
#3564=ORIENTED_EDGE('',*,*,#5475,.T.);
#3565=ORIENTED_EDGE('',*,*,#5472,.T.);
#3566=ORIENTED_EDGE('',*,*,#4370,.F.);
#3567=ORIENTED_EDGE('',*,*,#5476,.F.);
#3568=ORIENTED_EDGE('',*,*,#5477,.T.);
#3569=ORIENTED_EDGE('',*,*,#5474,.T.);
#3570=ORIENTED_EDGE('',*,*,#4369,.F.);
#3571=ORIENTED_EDGE('',*,*,#5478,.F.);
#3572=ORIENTED_EDGE('',*,*,#5479,.T.);
#3573=ORIENTED_EDGE('',*,*,#5476,.T.);
#3574=ORIENTED_EDGE('',*,*,#4368,.F.);
#3575=ORIENTED_EDGE('',*,*,#5480,.F.);
#3576=ORIENTED_EDGE('',*,*,#5481,.T.);
#3577=ORIENTED_EDGE('',*,*,#5478,.T.);
#3578=ORIENTED_EDGE('',*,*,#4367,.F.);
#3579=ORIENTED_EDGE('',*,*,#5482,.F.);
#3580=ORIENTED_EDGE('',*,*,#5483,.T.);
#3581=ORIENTED_EDGE('',*,*,#5480,.T.);
#3582=ORIENTED_EDGE('',*,*,#4366,.F.);
#3583=ORIENTED_EDGE('',*,*,#5484,.F.);
#3584=ORIENTED_EDGE('',*,*,#5485,.T.);
#3585=ORIENTED_EDGE('',*,*,#5482,.T.);
#3586=ORIENTED_EDGE('',*,*,#4365,.F.);
#3587=ORIENTED_EDGE('',*,*,#5486,.F.);
#3588=ORIENTED_EDGE('',*,*,#5487,.T.);
#3589=ORIENTED_EDGE('',*,*,#5484,.T.);
#3590=ORIENTED_EDGE('',*,*,#4364,.F.);
#3591=ORIENTED_EDGE('',*,*,#5471,.F.);
#3592=ORIENTED_EDGE('',*,*,#5488,.T.);
#3593=ORIENTED_EDGE('',*,*,#5486,.T.);
#3594=ORIENTED_EDGE('',*,*,#5470,.F.);
#3595=ORIENTED_EDGE('',*,*,#5473,.F.);
#3596=ORIENTED_EDGE('',*,*,#5475,.F.);
#3597=ORIENTED_EDGE('',*,*,#5477,.F.);
#3598=ORIENTED_EDGE('',*,*,#5479,.F.);
#3599=ORIENTED_EDGE('',*,*,#5481,.F.);
#3600=ORIENTED_EDGE('',*,*,#5483,.F.);
#3601=ORIENTED_EDGE('',*,*,#5485,.F.);
#3602=ORIENTED_EDGE('',*,*,#5487,.F.);
#3603=ORIENTED_EDGE('',*,*,#5488,.F.);
#3604=ORIENTED_EDGE('',*,*,#4373,.F.);
#3605=ORIENTED_EDGE('',*,*,#5489,.F.);
#3606=ORIENTED_EDGE('',*,*,#5490,.T.);
#3607=ORIENTED_EDGE('',*,*,#5491,.T.);
#3608=ORIENTED_EDGE('',*,*,#4372,.F.);
#3609=ORIENTED_EDGE('',*,*,#5492,.F.);
#3610=ORIENTED_EDGE('',*,*,#5493,.T.);
#3611=ORIENTED_EDGE('',*,*,#5489,.T.);
#3612=ORIENTED_EDGE('',*,*,#4391,.F.);
#3613=ORIENTED_EDGE('',*,*,#5494,.F.);
#3614=ORIENTED_EDGE('',*,*,#5495,.T.);
#3615=ORIENTED_EDGE('',*,*,#5492,.T.);
#3616=ORIENTED_EDGE('',*,*,#4390,.F.);
#3617=ORIENTED_EDGE('',*,*,#5496,.F.);
#3618=ORIENTED_EDGE('',*,*,#5497,.T.);
#3619=ORIENTED_EDGE('',*,*,#5494,.T.);
#3620=ORIENTED_EDGE('',*,*,#4389,.F.);
#3621=ORIENTED_EDGE('',*,*,#5498,.F.);
#3622=ORIENTED_EDGE('',*,*,#5499,.T.);
#3623=ORIENTED_EDGE('',*,*,#5496,.T.);
#3624=ORIENTED_EDGE('',*,*,#4388,.F.);
#3625=ORIENTED_EDGE('',*,*,#5500,.F.);
#3626=ORIENTED_EDGE('',*,*,#5501,.T.);
#3627=ORIENTED_EDGE('',*,*,#5498,.T.);
#3628=ORIENTED_EDGE('',*,*,#4387,.F.);
#3629=ORIENTED_EDGE('',*,*,#5502,.F.);
#3630=ORIENTED_EDGE('',*,*,#5503,.T.);
#3631=ORIENTED_EDGE('',*,*,#5500,.T.);
#3632=ORIENTED_EDGE('',*,*,#4386,.F.);
#3633=ORIENTED_EDGE('',*,*,#5504,.F.);
#3634=ORIENTED_EDGE('',*,*,#5505,.T.);
#3635=ORIENTED_EDGE('',*,*,#5502,.T.);
#3636=ORIENTED_EDGE('',*,*,#4385,.F.);
#3637=ORIENTED_EDGE('',*,*,#5506,.F.);
#3638=ORIENTED_EDGE('',*,*,#5507,.T.);
#3639=ORIENTED_EDGE('',*,*,#5504,.T.);
#3640=ORIENTED_EDGE('',*,*,#4384,.F.);
#3641=ORIENTED_EDGE('',*,*,#5508,.F.);
#3642=ORIENTED_EDGE('',*,*,#5509,.T.);
#3643=ORIENTED_EDGE('',*,*,#5506,.T.);
#3644=ORIENTED_EDGE('',*,*,#4383,.F.);
#3645=ORIENTED_EDGE('',*,*,#5510,.F.);
#3646=ORIENTED_EDGE('',*,*,#5511,.T.);
#3647=ORIENTED_EDGE('',*,*,#5508,.T.);
#3648=ORIENTED_EDGE('',*,*,#4382,.F.);
#3649=ORIENTED_EDGE('',*,*,#5512,.F.);
#3650=ORIENTED_EDGE('',*,*,#5513,.T.);
#3651=ORIENTED_EDGE('',*,*,#5510,.T.);
#3652=ORIENTED_EDGE('',*,*,#4381,.F.);
#3653=ORIENTED_EDGE('',*,*,#5514,.F.);
#3654=ORIENTED_EDGE('',*,*,#5515,.T.);
#3655=ORIENTED_EDGE('',*,*,#5512,.T.);
#3656=ORIENTED_EDGE('',*,*,#4380,.F.);
#3657=ORIENTED_EDGE('',*,*,#5516,.F.);
#3658=ORIENTED_EDGE('',*,*,#5517,.T.);
#3659=ORIENTED_EDGE('',*,*,#5514,.T.);
#3660=ORIENTED_EDGE('',*,*,#4379,.F.);
#3661=ORIENTED_EDGE('',*,*,#5518,.F.);
#3662=ORIENTED_EDGE('',*,*,#5519,.T.);
#3663=ORIENTED_EDGE('',*,*,#5516,.T.);
#3664=ORIENTED_EDGE('',*,*,#4378,.F.);
#3665=ORIENTED_EDGE('',*,*,#5520,.F.);
#3666=ORIENTED_EDGE('',*,*,#5521,.T.);
#3667=ORIENTED_EDGE('',*,*,#5518,.T.);
#3668=ORIENTED_EDGE('',*,*,#4377,.F.);
#3669=ORIENTED_EDGE('',*,*,#5522,.F.);
#3670=ORIENTED_EDGE('',*,*,#5523,.T.);
#3671=ORIENTED_EDGE('',*,*,#5520,.T.);
#3672=ORIENTED_EDGE('',*,*,#4376,.F.);
#3673=ORIENTED_EDGE('',*,*,#5524,.F.);
#3674=ORIENTED_EDGE('',*,*,#5525,.T.);
#3675=ORIENTED_EDGE('',*,*,#5522,.T.);
#3676=ORIENTED_EDGE('',*,*,#4375,.F.);
#3677=ORIENTED_EDGE('',*,*,#5526,.F.);
#3678=ORIENTED_EDGE('',*,*,#5527,.T.);
#3679=ORIENTED_EDGE('',*,*,#5524,.T.);
#3680=ORIENTED_EDGE('',*,*,#4374,.F.);
#3681=ORIENTED_EDGE('',*,*,#5491,.F.);
#3682=ORIENTED_EDGE('',*,*,#5528,.T.);
#3683=ORIENTED_EDGE('',*,*,#5526,.T.);
#3684=ORIENTED_EDGE('',*,*,#5490,.F.);
#3685=ORIENTED_EDGE('',*,*,#5493,.F.);
#3686=ORIENTED_EDGE('',*,*,#5495,.F.);
#3687=ORIENTED_EDGE('',*,*,#5497,.F.);
#3688=ORIENTED_EDGE('',*,*,#5499,.F.);
#3689=ORIENTED_EDGE('',*,*,#5501,.F.);
#3690=ORIENTED_EDGE('',*,*,#5503,.F.);
#3691=ORIENTED_EDGE('',*,*,#5505,.F.);
#3692=ORIENTED_EDGE('',*,*,#5507,.F.);
#3693=ORIENTED_EDGE('',*,*,#5509,.F.);
#3694=ORIENTED_EDGE('',*,*,#5511,.F.);
#3695=ORIENTED_EDGE('',*,*,#5513,.F.);
#3696=ORIENTED_EDGE('',*,*,#5515,.F.);
#3697=ORIENTED_EDGE('',*,*,#5517,.F.);
#3698=ORIENTED_EDGE('',*,*,#5519,.F.);
#3699=ORIENTED_EDGE('',*,*,#5521,.F.);
#3700=ORIENTED_EDGE('',*,*,#5523,.F.);
#3701=ORIENTED_EDGE('',*,*,#5525,.F.);
#3702=ORIENTED_EDGE('',*,*,#5527,.F.);
#3703=ORIENTED_EDGE('',*,*,#5528,.F.);
#3704=ORIENTED_EDGE('',*,*,#4393,.F.);
#3705=ORIENTED_EDGE('',*,*,#5529,.F.);
#3706=ORIENTED_EDGE('',*,*,#5530,.T.);
#3707=ORIENTED_EDGE('',*,*,#5531,.T.);
#3708=ORIENTED_EDGE('',*,*,#4392,.F.);
#3709=ORIENTED_EDGE('',*,*,#5532,.F.);
#3710=ORIENTED_EDGE('',*,*,#5533,.T.);
#3711=ORIENTED_EDGE('',*,*,#5529,.T.);
#3712=ORIENTED_EDGE('',*,*,#4413,.F.);
#3713=ORIENTED_EDGE('',*,*,#5534,.F.);
#3714=ORIENTED_EDGE('',*,*,#5535,.T.);
#3715=ORIENTED_EDGE('',*,*,#5532,.T.);
#3716=ORIENTED_EDGE('',*,*,#4412,.F.);
#3717=ORIENTED_EDGE('',*,*,#5536,.F.);
#3718=ORIENTED_EDGE('',*,*,#5537,.T.);
#3719=ORIENTED_EDGE('',*,*,#5534,.T.);
#3720=ORIENTED_EDGE('',*,*,#4411,.F.);
#3721=ORIENTED_EDGE('',*,*,#5538,.F.);
#3722=ORIENTED_EDGE('',*,*,#5539,.T.);
#3723=ORIENTED_EDGE('',*,*,#5536,.T.);
#3724=ORIENTED_EDGE('',*,*,#4410,.F.);
#3725=ORIENTED_EDGE('',*,*,#5540,.F.);
#3726=ORIENTED_EDGE('',*,*,#5541,.T.);
#3727=ORIENTED_EDGE('',*,*,#5538,.T.);
#3728=ORIENTED_EDGE('',*,*,#4409,.F.);
#3729=ORIENTED_EDGE('',*,*,#5542,.F.);
#3730=ORIENTED_EDGE('',*,*,#5543,.T.);
#3731=ORIENTED_EDGE('',*,*,#5540,.T.);
#3732=ORIENTED_EDGE('',*,*,#4408,.F.);
#3733=ORIENTED_EDGE('',*,*,#5544,.F.);
#3734=ORIENTED_EDGE('',*,*,#5545,.T.);
#3735=ORIENTED_EDGE('',*,*,#5542,.T.);
#3736=ORIENTED_EDGE('',*,*,#4407,.F.);
#3737=ORIENTED_EDGE('',*,*,#5546,.F.);
#3738=ORIENTED_EDGE('',*,*,#5547,.T.);
#3739=ORIENTED_EDGE('',*,*,#5544,.T.);
#3740=ORIENTED_EDGE('',*,*,#4406,.F.);
#3741=ORIENTED_EDGE('',*,*,#5548,.F.);
#3742=ORIENTED_EDGE('',*,*,#5549,.T.);
#3743=ORIENTED_EDGE('',*,*,#5546,.T.);
#3744=ORIENTED_EDGE('',*,*,#4405,.F.);
#3745=ORIENTED_EDGE('',*,*,#5550,.F.);
#3746=ORIENTED_EDGE('',*,*,#5551,.T.);
#3747=ORIENTED_EDGE('',*,*,#5548,.T.);
#3748=ORIENTED_EDGE('',*,*,#4404,.F.);
#3749=ORIENTED_EDGE('',*,*,#5552,.F.);
#3750=ORIENTED_EDGE('',*,*,#5553,.T.);
#3751=ORIENTED_EDGE('',*,*,#5550,.T.);
#3752=ORIENTED_EDGE('',*,*,#4403,.F.);
#3753=ORIENTED_EDGE('',*,*,#5554,.F.);
#3754=ORIENTED_EDGE('',*,*,#5555,.T.);
#3755=ORIENTED_EDGE('',*,*,#5552,.T.);
#3756=ORIENTED_EDGE('',*,*,#4402,.F.);
#3757=ORIENTED_EDGE('',*,*,#5556,.F.);
#3758=ORIENTED_EDGE('',*,*,#5557,.T.);
#3759=ORIENTED_EDGE('',*,*,#5554,.T.);
#3760=ORIENTED_EDGE('',*,*,#4401,.F.);
#3761=ORIENTED_EDGE('',*,*,#5558,.F.);
#3762=ORIENTED_EDGE('',*,*,#5559,.T.);
#3763=ORIENTED_EDGE('',*,*,#5556,.T.);
#3764=ORIENTED_EDGE('',*,*,#4400,.F.);
#3765=ORIENTED_EDGE('',*,*,#5560,.F.);
#3766=ORIENTED_EDGE('',*,*,#5561,.T.);
#3767=ORIENTED_EDGE('',*,*,#5558,.T.);
#3768=ORIENTED_EDGE('',*,*,#4399,.F.);
#3769=ORIENTED_EDGE('',*,*,#5562,.F.);
#3770=ORIENTED_EDGE('',*,*,#5563,.T.);
#3771=ORIENTED_EDGE('',*,*,#5560,.T.);
#3772=ORIENTED_EDGE('',*,*,#4398,.F.);
#3773=ORIENTED_EDGE('',*,*,#5564,.F.);
#3774=ORIENTED_EDGE('',*,*,#5565,.T.);
#3775=ORIENTED_EDGE('',*,*,#5562,.T.);
#3776=ORIENTED_EDGE('',*,*,#4397,.F.);
#3777=ORIENTED_EDGE('',*,*,#5566,.F.);
#3778=ORIENTED_EDGE('',*,*,#5567,.T.);
#3779=ORIENTED_EDGE('',*,*,#5564,.T.);
#3780=ORIENTED_EDGE('',*,*,#4396,.F.);
#3781=ORIENTED_EDGE('',*,*,#5568,.F.);
#3782=ORIENTED_EDGE('',*,*,#5569,.T.);
#3783=ORIENTED_EDGE('',*,*,#5566,.T.);
#3784=ORIENTED_EDGE('',*,*,#4395,.F.);
#3785=ORIENTED_EDGE('',*,*,#5570,.F.);
#3786=ORIENTED_EDGE('',*,*,#5571,.T.);
#3787=ORIENTED_EDGE('',*,*,#5568,.T.);
#3788=ORIENTED_EDGE('',*,*,#4394,.F.);
#3789=ORIENTED_EDGE('',*,*,#5531,.F.);
#3790=ORIENTED_EDGE('',*,*,#5572,.T.);
#3791=ORIENTED_EDGE('',*,*,#5570,.T.);
#3792=ORIENTED_EDGE('',*,*,#5530,.F.);
#3793=ORIENTED_EDGE('',*,*,#5533,.F.);
#3794=ORIENTED_EDGE('',*,*,#5535,.F.);
#3795=ORIENTED_EDGE('',*,*,#5537,.F.);
#3796=ORIENTED_EDGE('',*,*,#5539,.F.);
#3797=ORIENTED_EDGE('',*,*,#5541,.F.);
#3798=ORIENTED_EDGE('',*,*,#5543,.F.);
#3799=ORIENTED_EDGE('',*,*,#5545,.F.);
#3800=ORIENTED_EDGE('',*,*,#5547,.F.);
#3801=ORIENTED_EDGE('',*,*,#5549,.F.);
#3802=ORIENTED_EDGE('',*,*,#5551,.F.);
#3803=ORIENTED_EDGE('',*,*,#5553,.F.);
#3804=ORIENTED_EDGE('',*,*,#5555,.F.);
#3805=ORIENTED_EDGE('',*,*,#5557,.F.);
#3806=ORIENTED_EDGE('',*,*,#5559,.F.);
#3807=ORIENTED_EDGE('',*,*,#5561,.F.);
#3808=ORIENTED_EDGE('',*,*,#5563,.F.);
#3809=ORIENTED_EDGE('',*,*,#5565,.F.);
#3810=ORIENTED_EDGE('',*,*,#5567,.F.);
#3811=ORIENTED_EDGE('',*,*,#5569,.F.);
#3812=ORIENTED_EDGE('',*,*,#5571,.F.);
#3813=ORIENTED_EDGE('',*,*,#5572,.F.);
#3814=ORIENTED_EDGE('',*,*,#4650,.T.);
#3815=ORIENTED_EDGE('',*,*,#4646,.T.);
#3816=ORIENTED_EDGE('',*,*,#4710,.T.);
#3817=ORIENTED_EDGE('',*,*,#4671,.T.);
#3818=ORIENTED_EDGE('',*,*,#4668,.T.);
#3819=ORIENTED_EDGE('',*,*,#4665,.T.);
#3820=ORIENTED_EDGE('',*,*,#4662,.T.);
#3821=ORIENTED_EDGE('',*,*,#4659,.T.);
#3822=ORIENTED_EDGE('',*,*,#4656,.T.);
#3823=ORIENTED_EDGE('',*,*,#4653,.T.);
#3824=ORIENTED_EDGE('',*,*,#4716,.T.);
#3825=ORIENTED_EDGE('',*,*,#4712,.T.);
#3826=ORIENTED_EDGE('',*,*,#4765,.T.);
#3827=ORIENTED_EDGE('',*,*,#4728,.T.);
#3828=ORIENTED_EDGE('',*,*,#4725,.T.);
#3829=ORIENTED_EDGE('',*,*,#4722,.T.);
#3830=ORIENTED_EDGE('',*,*,#4719,.T.);
#3831=ORIENTED_EDGE('',*,*,#4771,.T.);
#3832=ORIENTED_EDGE('',*,*,#4767,.T.);
#3833=ORIENTED_EDGE('',*,*,#4815,.T.);
#3834=ORIENTED_EDGE('',*,*,#4792,.T.);
#3835=ORIENTED_EDGE('',*,*,#4789,.T.);
#3836=ORIENTED_EDGE('',*,*,#4786,.T.);
#3837=ORIENTED_EDGE('',*,*,#4783,.T.);
#3838=ORIENTED_EDGE('',*,*,#4780,.T.);
#3839=ORIENTED_EDGE('',*,*,#4777,.T.);
#3840=ORIENTED_EDGE('',*,*,#4774,.T.);
#3841=ORIENTED_EDGE('',*,*,#4821,.T.);
#3842=ORIENTED_EDGE('',*,*,#4817,.T.);
#3843=ORIENTED_EDGE('',*,*,#4893,.T.);
#3844=ORIENTED_EDGE('',*,*,#4836,.T.);
#3845=ORIENTED_EDGE('',*,*,#4833,.T.);
#3846=ORIENTED_EDGE('',*,*,#4830,.T.);
#3847=ORIENTED_EDGE('',*,*,#4827,.T.);
#3848=ORIENTED_EDGE('',*,*,#4824,.T.);
#3849=ORIENTED_EDGE('',*,*,#4931,.T.);
#3850=ORIENTED_EDGE('',*,*,#4927,.T.);
#3851=ORIENTED_EDGE('',*,*,#4991,.T.);
#3852=ORIENTED_EDGE('',*,*,#4952,.T.);
#3853=ORIENTED_EDGE('',*,*,#4949,.T.);
#3854=ORIENTED_EDGE('',*,*,#4946,.T.);
#3855=ORIENTED_EDGE('',*,*,#4943,.T.);
#3856=ORIENTED_EDGE('',*,*,#4940,.T.);
#3857=ORIENTED_EDGE('',*,*,#4937,.T.);
#3858=ORIENTED_EDGE('',*,*,#4934,.T.);
#3859=ORIENTED_EDGE('',*,*,#4997,.T.);
#3860=ORIENTED_EDGE('',*,*,#4993,.T.);
#3861=ORIENTED_EDGE('',*,*,#5041,.T.);
#3862=ORIENTED_EDGE('',*,*,#5018,.T.);
#3863=ORIENTED_EDGE('',*,*,#5015,.T.);
#3864=ORIENTED_EDGE('',*,*,#5012,.T.);
#3865=ORIENTED_EDGE('',*,*,#5009,.T.);
#3866=ORIENTED_EDGE('',*,*,#5006,.T.);
#3867=ORIENTED_EDGE('',*,*,#5003,.T.);
#3868=ORIENTED_EDGE('',*,*,#5000,.T.);
#3869=ORIENTED_EDGE('',*,*,#5047,.T.);
#3870=ORIENTED_EDGE('',*,*,#5043,.T.);
#3871=ORIENTED_EDGE('',*,*,#5091,.T.);
#3872=ORIENTED_EDGE('',*,*,#5068,.T.);
#3873=ORIENTED_EDGE('',*,*,#5065,.T.);
#3874=ORIENTED_EDGE('',*,*,#5062,.T.);
#3875=ORIENTED_EDGE('',*,*,#5059,.T.);
#3876=ORIENTED_EDGE('',*,*,#5056,.T.);
#3877=ORIENTED_EDGE('',*,*,#5053,.T.);
#3878=ORIENTED_EDGE('',*,*,#5050,.T.);
#3879=ORIENTED_EDGE('',*,*,#5097,.T.);
#3880=ORIENTED_EDGE('',*,*,#5093,.T.);
#3881=ORIENTED_EDGE('',*,*,#5141,.T.);
#3882=ORIENTED_EDGE('',*,*,#5118,.T.);
#3883=ORIENTED_EDGE('',*,*,#5115,.T.);
#3884=ORIENTED_EDGE('',*,*,#5112,.T.);
#3885=ORIENTED_EDGE('',*,*,#5109,.T.);
#3886=ORIENTED_EDGE('',*,*,#5106,.T.);
#3887=ORIENTED_EDGE('',*,*,#5103,.T.);
#3888=ORIENTED_EDGE('',*,*,#5100,.T.);
#3889=ORIENTED_EDGE('',*,*,#5573,.T.);
#3890=ORIENTED_EDGE('',*,*,#5574,.T.);
#3891=ORIENTED_EDGE('',*,*,#5575,.T.);
#3892=ORIENTED_EDGE('',*,*,#5576,.T.);
#3893=ORIENTED_EDGE('',*,*,#5577,.T.);
#3894=ORIENTED_EDGE('',*,*,#5578,.T.);
#3895=ORIENTED_EDGE('',*,*,#5579,.F.);
#3896=ORIENTED_EDGE('',*,*,#5580,.F.);
#3897=ORIENTED_EDGE('',*,*,#4426,.F.);
#3898=ORIENTED_EDGE('',*,*,#5581,.T.);
#3899=ORIENTED_EDGE('',*,*,#5582,.T.);
#3900=ORIENTED_EDGE('',*,*,#5583,.T.);
#3901=ORIENTED_EDGE('',*,*,#5582,.F.);
#3902=ORIENTED_EDGE('',*,*,#5584,.T.);
#3903=ORIENTED_EDGE('',*,*,#5585,.T.);
#3904=ORIENTED_EDGE('',*,*,#5586,.F.);
#3905=ORIENTED_EDGE('',*,*,#5573,.F.);
#3906=ORIENTED_EDGE('',*,*,#5587,.T.);
#3907=ORIENTED_EDGE('',*,*,#5577,.F.);
#3908=ORIENTED_EDGE('',*,*,#5588,.F.);
#3909=ORIENTED_EDGE('',*,*,#4474,.F.);
#3910=ORIENTED_EDGE('',*,*,#4443,.F.);
#3911=ORIENTED_EDGE('',*,*,#5589,.T.);
#3912=ORIENTED_EDGE('',*,*,#5588,.T.);
#3913=ORIENTED_EDGE('',*,*,#5580,.T.);
#3914=ORIENTED_EDGE('',*,*,#5590,.F.);
#3915=ORIENTED_EDGE('',*,*,#4460,.F.);
#3916=ORIENTED_EDGE('',*,*,#4483,.F.);
#3917=ORIENTED_EDGE('',*,*,#4467,.F.);
#3918=ORIENTED_EDGE('',*,*,#4482,.F.);
#3919=ORIENTED_EDGE('',*,*,#4452,.F.);
#3920=ORIENTED_EDGE('',*,*,#4481,.F.);
#3921=ORIENTED_EDGE('',*,*,#4475,.F.);
#3922=ORIENTED_EDGE('',*,*,#5579,.T.);
#3923=ORIENTED_EDGE('',*,*,#5591,.T.);
#3924=ORIENTED_EDGE('',*,*,#5575,.F.);
#3925=ORIENTED_EDGE('',*,*,#5592,.T.);
#3926=ORIENTED_EDGE('',*,*,#4441,.F.);
#3927=ORIENTED_EDGE('',*,*,#5590,.T.);
#3928=ORIENTED_EDGE('',*,*,#5581,.F.);
#3929=ORIENTED_EDGE('',*,*,#4429,.F.);
#3930=ORIENTED_EDGE('',*,*,#5593,.F.);
#3931=ORIENTED_EDGE('',*,*,#5584,.F.);
#3932=ORIENTED_EDGE('',*,*,#5593,.T.);
#3933=ORIENTED_EDGE('',*,*,#4428,.F.);
#3934=ORIENTED_EDGE('',*,*,#5594,.F.);
#3935=ORIENTED_EDGE('',*,*,#5585,.F.);
#3936=ORIENTED_EDGE('',*,*,#5583,.F.);
#3937=ORIENTED_EDGE('',*,*,#5586,.T.);
#3938=ORIENTED_EDGE('',*,*,#5594,.T.);
#3939=ORIENTED_EDGE('',*,*,#4427,.F.);
#3940=ORIENTED_EDGE('',*,*,#5589,.F.);
#3941=ORIENTED_EDGE('',*,*,#4442,.F.);
#3942=ORIENTED_EDGE('',*,*,#5592,.F.);
#3943=ORIENTED_EDGE('',*,*,#5574,.F.);
#3944=ORIENTED_EDGE('',*,*,#5587,.F.);
#3945=ORIENTED_EDGE('',*,*,#5576,.F.);
#3946=ORIENTED_EDGE('',*,*,#5591,.F.);
#3947=ORIENTED_EDGE('',*,*,#5578,.F.);
#3948=EDGE_CURVE('',#5595,#5596,#6701,.T.);
#3949=EDGE_CURVE('',#5596,#5597,#368,.T.);
#3950=EDGE_CURVE('',#5597,#5598,#369,.T.);
#3951=EDGE_CURVE('',#5598,#5599,#370,.T.);
#3952=EDGE_CURVE('',#5599,#5600,#371,.T.);
#3953=EDGE_CURVE('',#5600,#5601,#6702,.T.);
#3954=EDGE_CURVE('',#5601,#5602,#372,.T.);
#3955=EDGE_CURVE('',#5602,#5603,#373,.T.);
#3956=EDGE_CURVE('',#5603,#5604,#374,.T.);
#3957=EDGE_CURVE('',#5604,#5595,#375,.T.);
#3958=EDGE_CURVE('',#5605,#5606,#6703,.T.);
#3959=EDGE_CURVE('',#5606,#5607,#228,.F.);
#3960=EDGE_CURVE('',#5607,#5608,#229,.F.);
#3961=EDGE_CURVE('',#5608,#5609,#376,.T.);
#3962=EDGE_CURVE('',#5609,#5610,#377,.T.);
#3963=EDGE_CURVE('',#5610,#5611,#6704,.T.);
#3964=EDGE_CURVE('',#5611,#5612,#378,.T.);
#3965=EDGE_CURVE('',#5612,#5613,#379,.T.);
#3966=EDGE_CURVE('',#5613,#5614,#230,.F.);
#3967=EDGE_CURVE('',#5614,#5615,#231,.F.);
#3968=EDGE_CURVE('',#5615,#5616,#6705,.T.);
#3969=EDGE_CURVE('',#5616,#5617,#6706,.T.);
#3970=EDGE_CURVE('',#5617,#5618,#6707,.T.);
#3971=EDGE_CURVE('',#5618,#5619,#6708,.T.);
#3972=EDGE_CURVE('',#5619,#5620,#6709,.T.);
#3973=EDGE_CURVE('',#5620,#5621,#6710,.T.);
#3974=EDGE_CURVE('',#5621,#5622,#6711,.T.);
#3975=EDGE_CURVE('',#5622,#5605,#6712,.T.);
#3976=EDGE_CURVE('',#5623,#5624,#6713,.T.);
#3977=EDGE_CURVE('',#5623,#5625,#6714,.T.);
#3978=EDGE_CURVE('',#5625,#5626,#6715,.T.);
#3979=EDGE_CURVE('',#5626,#5627,#6716,.T.);
#3980=EDGE_CURVE('',#5627,#5628,#6717,.T.);
#3981=EDGE_CURVE('',#5629,#5628,#6718,.T.);
#3982=EDGE_CURVE('',#5629,#5630,#6719,.T.);
#3983=EDGE_CURVE('',#5624,#5630,#6720,.T.);
#3984=EDGE_CURVE('',#5631,#5632,#6721,.T.);
#3985=EDGE_CURVE('',#5632,#5633,#380,.T.);
#3986=EDGE_CURVE('',#5633,#5634,#381,.T.);
#3987=EDGE_CURVE('',#5634,#5635,#382,.T.);
#3988=EDGE_CURVE('',#5635,#5636,#383,.T.);
#3989=EDGE_CURVE('',#5636,#5637,#6722,.T.);
#3990=EDGE_CURVE('',#5637,#5638,#384,.T.);
#3991=EDGE_CURVE('',#5638,#5639,#385,.T.);
#3992=EDGE_CURVE('',#5639,#5640,#386,.T.);
#3993=EDGE_CURVE('',#5640,#5631,#387,.T.);
#3994=EDGE_CURVE('',#5641,#5642,#6723,.T.);
#3995=EDGE_CURVE('',#5642,#5643,#232,.F.);
#3996=EDGE_CURVE('',#5643,#5644,#233,.F.);
#3997=EDGE_CURVE('',#5644,#5645,#388,.T.);
#3998=EDGE_CURVE('',#5645,#5646,#389,.T.);
#3999=EDGE_CURVE('',#5646,#5647,#6724,.T.);
#4000=EDGE_CURVE('',#5647,#5648,#390,.T.);
#4001=EDGE_CURVE('',#5648,#5649,#391,.T.);
#4002=EDGE_CURVE('',#5649,#5650,#234,.F.);
#4003=EDGE_CURVE('',#5650,#5651,#235,.F.);
#4004=EDGE_CURVE('',#5651,#5652,#6725,.T.);
#4005=EDGE_CURVE('',#5652,#5653,#6726,.T.);
#4006=EDGE_CURVE('',#5653,#5654,#6727,.T.);
#4007=EDGE_CURVE('',#5654,#5655,#6728,.T.);
#4008=EDGE_CURVE('',#5655,#5656,#6729,.T.);
#4009=EDGE_CURVE('',#5656,#5657,#6730,.T.);
#4010=EDGE_CURVE('',#5657,#5658,#6731,.T.);
#4011=EDGE_CURVE('',#5658,#5641,#6732,.T.);
#4012=EDGE_CURVE('',#5659,#5659,#236,.T.);
#4013=EDGE_CURVE('',#5660,#5660,#237,.T.);
#4014=EDGE_CURVE('',#5661,#5661,#238,.T.);
#4015=EDGE_CURVE('',#5662,#5662,#239,.T.);
#4016=EDGE_CURVE('',#5663,#5663,#240,.T.);
#4017=EDGE_CURVE('',#5664,#5664,#241,.T.);
#4018=EDGE_CURVE('',#5665,#5665,#242,.T.);
#4019=EDGE_CURVE('',#5666,#5666,#243,.T.);
#4020=EDGE_CURVE('',#5667,#5667,#244,.T.);
#4021=EDGE_CURVE('',#5668,#5668,#245,.T.);
#4022=EDGE_CURVE('',#5669,#5669,#246,.T.);
#4023=EDGE_CURVE('',#5670,#5671,#6733,.T.);
#4024=EDGE_CURVE('',#5670,#5672,#247,.F.);
#4025=EDGE_CURVE('',#5672,#5673,#6734,.T.);
#4026=EDGE_CURVE('',#5673,#5674,#248,.F.);
#4027=EDGE_CURVE('',#5674,#5675,#6735,.T.);
#4028=EDGE_CURVE('',#5675,#5676,#249,.F.);
#4029=EDGE_CURVE('',#5677,#5676,#6736,.T.);
#4030=EDGE_CURVE('',#5677,#5671,#250,.F.);
#4031=EDGE_CURVE('',#5678,#5679,#6737,.T.);
#4032=EDGE_CURVE('',#5678,#5680,#251,.F.);
#4033=EDGE_CURVE('',#5680,#5681,#6738,.T.);
#4034=EDGE_CURVE('',#5681,#5682,#252,.F.);
#4035=EDGE_CURVE('',#5682,#5683,#6739,.T.);
#4036=EDGE_CURVE('',#5683,#5684,#253,.F.);
#4037=EDGE_CURVE('',#5685,#5684,#6740,.T.);
#4038=EDGE_CURVE('',#5685,#5679,#254,.F.);
#4039=EDGE_CURVE('',#5686,#5686,#255,.T.);
#4040=EDGE_CURVE('',#5687,#5688,#6741,.T.);
#4041=EDGE_CURVE('',#5688,#5689,#392,.T.);
#4042=EDGE_CURVE('',#5690,#5689,#6742,.T.);
#4043=EDGE_CURVE('',#5690,#5691,#393,.T.);
#4044=EDGE_CURVE('',#5692,#5691,#6743,.T.);
#4045=EDGE_CURVE('',#5692,#5687,#6744,.T.);
#4046=EDGE_CURVE('',#5693,#5694,#6745,.T.);
#4047=EDGE_CURVE('',#5694,#5695,#6746,.T.);
#4048=EDGE_CURVE('',#5695,#5696,#6747,.T.);
#4049=EDGE_CURVE('',#5696,#5697,#6748,.T.);
#4050=EDGE_CURVE('',#5697,#5698,#6749,.T.);
#4051=EDGE_CURVE('',#5698,#5699,#6750,.T.);
#4052=EDGE_CURVE('',#5699,#5700,#6751,.T.);
#4053=EDGE_CURVE('',#5700,#5701,#6752,.T.);
#4054=EDGE_CURVE('',#5701,#5702,#6753,.T.);
#4055=EDGE_CURVE('',#5702,#5703,#6754,.T.);
#4056=EDGE_CURVE('',#5703,#5704,#6755,.T.);
#4057=EDGE_CURVE('',#5704,#5705,#6756,.T.);
#4058=EDGE_CURVE('',#5705,#5706,#6757,.T.);
#4059=EDGE_CURVE('',#5706,#5707,#6758,.T.);
#4060=EDGE_CURVE('',#5707,#5708,#6759,.T.);
#4061=EDGE_CURVE('',#5708,#5709,#6760,.T.);
#4062=EDGE_CURVE('',#5709,#5710,#6761,.T.);
#4063=EDGE_CURVE('',#5710,#5693,#6762,.T.);
#4064=EDGE_CURVE('',#5711,#5712,#6763,.T.);
#4065=EDGE_CURVE('',#5712,#5713,#6764,.T.);
#4066=EDGE_CURVE('',#5713,#5714,#6765,.T.);
#4067=EDGE_CURVE('',#5714,#5715,#6766,.T.);
#4068=EDGE_CURVE('',#5715,#5716,#6767,.T.);
#4069=EDGE_CURVE('',#5716,#5717,#6768,.T.);
#4070=EDGE_CURVE('',#5717,#5718,#6769,.T.);
#4071=EDGE_CURVE('',#5718,#5719,#6770,.T.);
#4072=EDGE_CURVE('',#5719,#5720,#6771,.T.);
#4073=EDGE_CURVE('',#5720,#5721,#6772,.T.);
#4074=EDGE_CURVE('',#5721,#5722,#6773,.T.);
#4075=EDGE_CURVE('',#5722,#5711,#6774,.T.);
#4076=EDGE_CURVE('',#5723,#5724,#6775,.T.);
#4077=EDGE_CURVE('',#5724,#5725,#6776,.T.);
#4078=EDGE_CURVE('',#5725,#5726,#6777,.T.);
#4079=EDGE_CURVE('',#5726,#5727,#6778,.T.);
#4080=EDGE_CURVE('',#5727,#5728,#6779,.T.);
#4081=EDGE_CURVE('',#5728,#5729,#6780,.T.);
#4082=EDGE_CURVE('',#5729,#5730,#6781,.T.);
#4083=EDGE_CURVE('',#5730,#5731,#6782,.T.);
#4084=EDGE_CURVE('',#5731,#5732,#6783,.T.);
#4085=EDGE_CURVE('',#5732,#5723,#6784,.T.);
#4086=EDGE_CURVE('',#5733,#5734,#6785,.T.);
#4087=EDGE_CURVE('',#5734,#5735,#6786,.T.);
#4088=EDGE_CURVE('',#5735,#5736,#6787,.T.);
#4089=EDGE_CURVE('',#5736,#5737,#394,.T.);
#4090=EDGE_CURVE('',#5737,#5738,#395,.T.);
#4091=EDGE_CURVE('',#5738,#5739,#396,.T.);
#4092=EDGE_CURVE('',#5739,#5740,#397,.T.);
#4093=EDGE_CURVE('',#5740,#5741,#398,.T.);
#4094=EDGE_CURVE('',#5741,#5742,#399,.T.);
#4095=EDGE_CURVE('',#5742,#5743,#6788,.T.);
#4096=EDGE_CURVE('',#5743,#5744,#6789,.T.);
#4097=EDGE_CURVE('',#5744,#5745,#400,.T.);
#4098=EDGE_CURVE('',#5745,#5746,#401,.T.);
#4099=EDGE_CURVE('',#5746,#5747,#402,.T.);
#4100=EDGE_CURVE('',#5747,#5748,#403,.T.);
#4101=EDGE_CURVE('',#5748,#5749,#256,.F.);
#4102=EDGE_CURVE('',#5749,#5750,#404,.T.);
#4103=EDGE_CURVE('',#5750,#5751,#6790,.T.);
#4104=EDGE_CURVE('',#5751,#5752,#6791,.T.);
#4105=EDGE_CURVE('',#5752,#5753,#6792,.T.);
#4106=EDGE_CURVE('',#5753,#5754,#6793,.T.);
#4107=EDGE_CURVE('',#5754,#5755,#6794,.T.);
#4108=EDGE_CURVE('',#5755,#5733,#6795,.T.);
#4109=EDGE_CURVE('',#5756,#5757,#6796,.T.);
#4110=EDGE_CURVE('',#5757,#5758,#6797,.T.);
#4111=EDGE_CURVE('',#5758,#5759,#6798,.T.);
#4112=EDGE_CURVE('',#5759,#5760,#6799,.T.);
#4113=EDGE_CURVE('',#5760,#5761,#6800,.T.);
#4114=EDGE_CURVE('',#5761,#5762,#6801,.T.);
#4115=EDGE_CURVE('',#5762,#5763,#6802,.T.);
#4116=EDGE_CURVE('',#5763,#5764,#6803,.T.);
#4117=EDGE_CURVE('',#5764,#5765,#6804,.T.);
#4118=EDGE_CURVE('',#5765,#5766,#6805,.T.);
#4119=EDGE_CURVE('',#5766,#5767,#6806,.T.);
#4120=EDGE_CURVE('',#5767,#5768,#6807,.T.);
#4121=EDGE_CURVE('',#5768,#5769,#6808,.T.);
#4122=EDGE_CURVE('',#5769,#5770,#6809,.T.);
#4123=EDGE_CURVE('',#5770,#5771,#6810,.T.);
#4124=EDGE_CURVE('',#5771,#5772,#6811,.T.);
#4125=EDGE_CURVE('',#5772,#5773,#6812,.T.);
#4126=EDGE_CURVE('',#5773,#5756,#6813,.T.);
#4127=EDGE_CURVE('',#5774,#5775,#257,.F.);
#4128=EDGE_CURVE('',#5775,#5776,#405,.T.);
#4129=EDGE_CURVE('',#5776,#5777,#406,.T.);
#4130=EDGE_CURVE('',#5777,#5778,#6814,.T.);
#4131=EDGE_CURVE('',#5778,#5779,#407,.T.);
#4132=EDGE_CURVE('',#5779,#5780,#408,.T.);
#4133=EDGE_CURVE('',#5780,#5781,#409,.T.);
#4134=EDGE_CURVE('',#5781,#5782,#410,.T.);
#4135=EDGE_CURVE('',#5782,#5783,#6815,.T.);
#4136=EDGE_CURVE('',#5783,#5784,#6816,.T.);
#4137=EDGE_CURVE('',#5784,#5785,#6817,.T.);
#4138=EDGE_CURVE('',#5785,#5786,#411,.T.);
#4139=EDGE_CURVE('',#5786,#5787,#412,.T.);
#4140=EDGE_CURVE('',#5787,#5788,#413,.T.);
#4141=EDGE_CURVE('',#5788,#5789,#258,.T.);
#4142=EDGE_CURVE('',#5789,#5790,#6818,.T.);
#4143=EDGE_CURVE('',#5790,#5774,#414,.T.);
#4144=EDGE_CURVE('',#5791,#5792,#6819,.T.);
#4145=EDGE_CURVE('',#5792,#5793,#259,.T.);
#4146=EDGE_CURVE('',#5793,#5794,#260,.F.);
#4147=EDGE_CURVE('',#5794,#5795,#261,.F.);
#4148=EDGE_CURVE('',#5795,#5796,#262,.F.);
#4149=EDGE_CURVE('',#5796,#5797,#415,.T.);
#4150=EDGE_CURVE('',#5797,#5798,#416,.T.);
#4151=EDGE_CURVE('',#5798,#5799,#417,.T.);
#4152=EDGE_CURVE('',#5799,#5800,#418,.T.);
#4153=EDGE_CURVE('',#5800,#5801,#6820,.T.);
#4154=EDGE_CURVE('',#5801,#5802,#6821,.T.);
#4155=EDGE_CURVE('',#5802,#5803,#419,.T.);
#4156=EDGE_CURVE('',#5803,#5804,#420,.T.);
#4157=EDGE_CURVE('',#5804,#5805,#263,.T.);
#4158=EDGE_CURVE('',#5805,#5806,#264,.T.);
#4159=EDGE_CURVE('',#5806,#5807,#6822,.T.);
#4160=EDGE_CURVE('',#5807,#5808,#6823,.T.);
#4161=EDGE_CURVE('',#5808,#5809,#6824,.T.);
#4162=EDGE_CURVE('',#5809,#5810,#265,.F.);
#4163=EDGE_CURVE('',#5810,#5811,#266,.F.);
#4164=EDGE_CURVE('',#5811,#5812,#421,.T.);
#4165=EDGE_CURVE('',#5812,#5813,#422,.T.);
#4166=EDGE_CURVE('',#5813,#5814,#6825,.T.);
#4167=EDGE_CURVE('',#5814,#5815,#6826,.T.);
#4168=EDGE_CURVE('',#5815,#5816,#267,.T.);
#4169=EDGE_CURVE('',#5816,#5817,#6827,.T.);
#4170=EDGE_CURVE('',#5817,#5791,#6828,.T.);
#4171=EDGE_CURVE('',#5818,#5819,#6829,.T.);
#4172=EDGE_CURVE('',#5818,#5820,#6830,.T.);
#4173=EDGE_CURVE('',#5820,#5821,#6831,.T.);
#4174=EDGE_CURVE('',#5822,#5821,#6832,.T.);
#4175=EDGE_CURVE('',#5822,#5823,#6833,.T.);
#4176=EDGE_CURVE('',#5823,#5824,#6834,.T.);
#4177=EDGE_CURVE('',#5825,#5824,#6835,.T.);
#4178=EDGE_CURVE('',#5819,#5825,#6836,.T.);
#4179=EDGE_CURVE('',#5826,#5827,#6837,.T.);
#4180=EDGE_CURVE('',#5827,#5828,#423,.T.);
#4181=EDGE_CURVE('',#5828,#5829,#424,.T.);
#4182=EDGE_CURVE('',#5829,#5830,#425,.T.);
#4183=EDGE_CURVE('',#5830,#5831,#426,.T.);
#4184=EDGE_CURVE('',#5831,#5832,#6838,.T.);
#4185=EDGE_CURVE('',#5832,#5833,#427,.T.);
#4186=EDGE_CURVE('',#5833,#5834,#428,.T.);
#4187=EDGE_CURVE('',#5834,#5835,#429,.T.);
#4188=EDGE_CURVE('',#5835,#5826,#430,.T.);
#4189=EDGE_CURVE('',#5836,#5837,#6839,.T.);
#4190=EDGE_CURVE('',#5837,#5838,#431,.T.);
#4191=EDGE_CURVE('',#5838,#5839,#432,.T.);
#4192=EDGE_CURVE('',#5839,#5840,#433,.T.);
#4193=EDGE_CURVE('',#5840,#5841,#434,.T.);
#4194=EDGE_CURVE('',#5841,#5842,#6840,.T.);
#4195=EDGE_CURVE('',#5842,#5843,#435,.T.);
#4196=EDGE_CURVE('',#5843,#5844,#436,.T.);
#4197=EDGE_CURVE('',#5844,#5845,#437,.T.);
#4198=EDGE_CURVE('',#5845,#5836,#438,.T.);
#4199=EDGE_CURVE('',#5846,#5847,#6841,.T.);
#4200=EDGE_CURVE('',#5847,#5848,#6842,.T.);
#4201=EDGE_CURVE('',#5848,#5849,#6843,.T.);
#4202=EDGE_CURVE('',#5849,#5850,#6844,.T.);
#4203=EDGE_CURVE('',#5850,#5851,#6845,.T.);
#4204=EDGE_CURVE('',#5851,#5852,#6846,.T.);
#4205=EDGE_CURVE('',#5852,#5853,#6847,.T.);
#4206=EDGE_CURVE('',#5853,#5854,#6848,.T.);
#4207=EDGE_CURVE('',#5854,#5855,#6849,.T.);
#4208=EDGE_CURVE('',#5855,#5846,#6850,.T.);
#4209=EDGE_CURVE('',#5856,#5857,#6851,.T.);
#4210=EDGE_CURVE('',#5857,#5858,#6852,.T.);
#4211=EDGE_CURVE('',#5858,#5859,#6853,.T.);
#4212=EDGE_CURVE('',#5859,#5856,#6854,.T.);
#4213=EDGE_CURVE('',#5860,#5861,#6855,.T.);
#4214=EDGE_CURVE('',#5861,#5862,#6856,.T.);
#4215=EDGE_CURVE('',#5862,#5863,#6857,.T.);
#4216=EDGE_CURVE('',#5863,#5864,#6858,.T.);
#4217=EDGE_CURVE('',#5864,#5865,#6859,.T.);
#4218=EDGE_CURVE('',#5865,#5866,#6860,.T.);
#4219=EDGE_CURVE('',#5866,#5867,#6861,.T.);
#4220=EDGE_CURVE('',#5867,#5868,#6862,.T.);
#4221=EDGE_CURVE('',#5868,#5869,#6863,.T.);
#4222=EDGE_CURVE('',#5869,#5860,#6864,.T.);
#4223=EDGE_CURVE('',#5870,#5871,#6865,.T.);
#4224=EDGE_CURVE('',#5871,#5872,#6866,.T.);
#4225=EDGE_CURVE('',#5872,#5873,#6867,.T.);
#4226=EDGE_CURVE('',#5873,#5870,#6868,.T.);
#4227=EDGE_CURVE('',#5874,#5875,#6869,.T.);
#4228=EDGE_CURVE('',#5875,#5876,#6870,.T.);
#4229=EDGE_CURVE('',#5876,#5877,#6871,.T.);
#4230=EDGE_CURVE('',#5877,#5878,#6872,.T.);
#4231=EDGE_CURVE('',#5878,#5879,#6873,.T.);
#4232=EDGE_CURVE('',#5879,#5880,#6874,.T.);
#4233=EDGE_CURVE('',#5880,#5881,#6875,.T.);
#4234=EDGE_CURVE('',#5881,#5882,#268,.F.);
#4235=EDGE_CURVE('',#5882,#5883,#269,.F.);
#4236=EDGE_CURVE('',#5883,#5884,#439,.T.);
#4237=EDGE_CURVE('',#5884,#5885,#440,.T.);
#4238=EDGE_CURVE('',#5885,#5886,#6876,.T.);
#4239=EDGE_CURVE('',#5886,#5887,#6877,.T.);
#4240=EDGE_CURVE('',#5887,#5888,#6878,.T.);
#4241=EDGE_CURVE('',#5888,#5889,#6879,.T.);
#4242=EDGE_CURVE('',#5889,#5890,#6880,.T.);
#4243=EDGE_CURVE('',#5890,#5891,#6881,.T.);
#4244=EDGE_CURVE('',#5891,#5892,#6882,.T.);
#4245=EDGE_CURVE('',#5892,#5893,#441,.T.);
#4246=EDGE_CURVE('',#5893,#5894,#442,.T.);
#4247=EDGE_CURVE('',#5894,#5895,#270,.T.);
#4248=EDGE_CURVE('',#5895,#5896,#271,.T.);
#4249=EDGE_CURVE('',#5896,#5897,#6883,.T.);
#4250=EDGE_CURVE('',#5897,#5898,#6884,.T.);
#4251=EDGE_CURVE('',#5898,#5899,#6885,.T.);
#4252=EDGE_CURVE('',#5899,#5874,#6886,.T.);
#4253=EDGE_CURVE('',#5900,#5901,#6887,.T.);
#4254=EDGE_CURVE('',#5901,#5902,#272,.F.);
#4255=EDGE_CURVE('',#5902,#5903,#273,.F.);
#4256=EDGE_CURVE('',#5903,#5904,#443,.T.);
#4257=EDGE_CURVE('',#5904,#5905,#444,.T.);
#4258=EDGE_CURVE('',#5905,#5906,#6888,.T.);
#4259=EDGE_CURVE('',#5906,#5907,#6889,.T.);
#4260=EDGE_CURVE('',#5907,#5908,#6890,.T.);
#4261=EDGE_CURVE('',#5908,#5909,#6891,.T.);
#4262=EDGE_CURVE('',#5909,#5910,#6892,.T.);
#4263=EDGE_CURVE('',#5910,#5911,#445,.T.);
#4264=EDGE_CURVE('',#5911,#5912,#446,.T.);
#4265=EDGE_CURVE('',#5912,#5913,#274,.T.);
#4266=EDGE_CURVE('',#5913,#5914,#275,.T.);
#4267=EDGE_CURVE('',#5914,#5915,#6893,.T.);
#4268=EDGE_CURVE('',#5915,#5916,#6894,.T.);
#4269=EDGE_CURVE('',#5916,#5917,#6895,.T.);
#4270=EDGE_CURVE('',#5917,#5918,#6896,.T.);
#4271=EDGE_CURVE('',#5918,#5919,#6897,.T.);
#4272=EDGE_CURVE('',#5919,#5920,#6898,.T.);
#4273=EDGE_CURVE('',#5920,#5921,#6899,.T.);
#4274=EDGE_CURVE('',#5921,#5900,#6900,.T.);
#4275=EDGE_CURVE('',#5922,#5923,#6901,.T.);
#4276=EDGE_CURVE('',#5923,#5924,#6902,.T.);
#4277=EDGE_CURVE('',#5924,#5925,#6903,.T.);
#4278=EDGE_CURVE('',#5925,#5926,#6904,.T.);
#4279=EDGE_CURVE('',#5926,#5927,#6905,.T.);
#4280=EDGE_CURVE('',#5927,#5928,#6906,.T.);
#4281=EDGE_CURVE('',#5928,#5929,#6907,.T.);
#4282=EDGE_CURVE('',#5929,#5930,#6908,.T.);
#4283=EDGE_CURVE('',#5930,#5931,#6909,.T.);
#4284=EDGE_CURVE('',#5931,#5922,#6910,.T.);
#4285=EDGE_CURVE('',#5932,#5933,#6911,.T.);
#4286=EDGE_CURVE('',#5933,#5934,#6912,.T.);
#4287=EDGE_CURVE('',#5934,#5935,#6913,.T.);
#4288=EDGE_CURVE('',#5935,#5932,#6914,.T.);
#4289=EDGE_CURVE('',#5936,#5937,#6915,.T.);
#4290=EDGE_CURVE('',#5937,#5938,#6916,.T.);
#4291=EDGE_CURVE('',#5938,#5939,#6917,.T.);
#4292=EDGE_CURVE('',#5939,#5940,#6918,.T.);
#4293=EDGE_CURVE('',#5940,#5941,#6919,.T.);
#4294=EDGE_CURVE('',#5941,#5942,#6920,.T.);
#4295=EDGE_CURVE('',#5942,#5943,#6921,.T.);
#4296=EDGE_CURVE('',#5943,#5944,#6922,.T.);
#4297=EDGE_CURVE('',#5944,#5945,#6923,.T.);
#4298=EDGE_CURVE('',#5945,#5946,#6924,.T.);
#4299=EDGE_CURVE('',#5946,#5947,#6925,.T.);
#4300=EDGE_CURVE('',#5947,#5948,#6926,.T.);
#4301=EDGE_CURVE('',#5948,#5949,#6927,.T.);
#4302=EDGE_CURVE('',#5949,#5950,#6928,.T.);
#4303=EDGE_CURVE('',#5950,#5951,#6929,.T.);
#4304=EDGE_CURVE('',#5951,#5952,#6930,.T.);
#4305=EDGE_CURVE('',#5952,#5953,#6931,.T.);
#4306=EDGE_CURVE('',#5953,#5936,#6932,.T.);
#4307=EDGE_CURVE('',#5954,#5955,#6933,.T.);
#4308=EDGE_CURVE('',#5955,#5956,#6934,.T.);
#4309=EDGE_CURVE('',#5956,#5957,#6935,.T.);
#4310=EDGE_CURVE('',#5957,#5954,#6936,.T.);
#4311=EDGE_CURVE('',#5958,#5959,#6937,.T.);
#4312=EDGE_CURVE('',#5959,#5960,#6938,.T.);
#4313=EDGE_CURVE('',#5960,#5961,#6939,.T.);
#4314=EDGE_CURVE('',#5961,#5962,#6940,.T.);
#4315=EDGE_CURVE('',#5962,#5963,#6941,.T.);
#4316=EDGE_CURVE('',#5963,#5964,#6942,.T.);
#4317=EDGE_CURVE('',#5964,#5965,#6943,.T.);
#4318=EDGE_CURVE('',#5965,#5966,#6944,.T.);
#4319=EDGE_CURVE('',#5966,#5967,#6945,.T.);
#4320=EDGE_CURVE('',#5967,#5968,#6946,.T.);
#4321=EDGE_CURVE('',#5968,#5969,#6947,.T.);
#4322=EDGE_CURVE('',#5969,#5970,#6948,.T.);
#4323=EDGE_CURVE('',#5970,#5971,#6949,.T.);
#4324=EDGE_CURVE('',#5971,#5972,#6950,.T.);
#4325=EDGE_CURVE('',#5972,#5973,#6951,.T.);
#4326=EDGE_CURVE('',#5973,#5974,#6952,.T.);
#4327=EDGE_CURVE('',#5974,#5975,#6953,.T.);
#4328=EDGE_CURVE('',#5975,#5958,#6954,.T.);
#4329=EDGE_CURVE('',#5976,#5977,#6955,.T.);
#4330=EDGE_CURVE('',#5977,#5978,#6956,.T.);
#4331=EDGE_CURVE('',#5978,#5979,#6957,.T.);
#4332=EDGE_CURVE('',#5979,#5980,#6958,.T.);
#4333=EDGE_CURVE('',#5980,#5981,#6959,.T.);
#4334=EDGE_CURVE('',#5981,#5982,#6960,.T.);
#4335=EDGE_CURVE('',#5982,#5983,#6961,.T.);
#4336=EDGE_CURVE('',#5983,#5984,#6962,.T.);
#4337=EDGE_CURVE('',#5984,#5985,#6963,.T.);
#4338=EDGE_CURVE('',#5985,#5976,#6964,.T.);
#4339=EDGE_CURVE('',#5986,#5987,#6965,.T.);
#4340=EDGE_CURVE('',#5987,#5988,#6966,.T.);
#4341=EDGE_CURVE('',#5988,#5989,#6967,.T.);
#4342=EDGE_CURVE('',#5989,#5990,#447,.T.);
#4343=EDGE_CURVE('',#5990,#5991,#448,.T.);
#4344=EDGE_CURVE('',#5991,#5992,#449,.T.);
#4345=EDGE_CURVE('',#5992,#5993,#450,.T.);
#4346=EDGE_CURVE('',#5993,#5994,#451,.T.);
#4347=EDGE_CURVE('',#5994,#5995,#452,.T.);
#4348=EDGE_CURVE('',#5995,#5996,#6968,.T.);
#4349=EDGE_CURVE('',#5996,#5997,#6969,.T.);
#4350=EDGE_CURVE('',#5997,#5998,#453,.T.);
#4351=EDGE_CURVE('',#5998,#5999,#454,.T.);
#4352=EDGE_CURVE('',#5999,#6000,#455,.T.);
#4353=EDGE_CURVE('',#6000,#6001,#456,.T.);
#4354=EDGE_CURVE('',#6001,#6002,#276,.F.);
#4355=EDGE_CURVE('',#6002,#6003,#457,.T.);
#4356=EDGE_CURVE('',#6003,#6004,#6970,.T.);
#4357=EDGE_CURVE('',#6004,#6005,#6971,.T.);
#4358=EDGE_CURVE('',#6005,#6006,#6972,.T.);
#4359=EDGE_CURVE('',#6006,#6007,#6973,.T.);
#4360=EDGE_CURVE('',#6007,#6008,#6974,.T.);
#4361=EDGE_CURVE('',#6008,#5986,#6975,.T.);
#4362=EDGE_CURVE('',#6009,#6010,#6976,.T.);
#4363=EDGE_CURVE('',#6010,#6011,#6977,.T.);
#4364=EDGE_CURVE('',#6011,#6012,#6978,.T.);
#4365=EDGE_CURVE('',#6012,#6013,#6979,.T.);
#4366=EDGE_CURVE('',#6013,#6014,#6980,.T.);
#4367=EDGE_CURVE('',#6014,#6015,#6981,.T.);
#4368=EDGE_CURVE('',#6015,#6016,#6982,.T.);
#4369=EDGE_CURVE('',#6016,#6017,#6983,.T.);
#4370=EDGE_CURVE('',#6017,#6018,#6984,.T.);
#4371=EDGE_CURVE('',#6018,#6009,#6985,.T.);
#4372=EDGE_CURVE('',#6019,#6020,#6986,.T.);
#4373=EDGE_CURVE('',#6020,#6021,#6987,.T.);
#4374=EDGE_CURVE('',#6021,#6022,#6988,.T.);
#4375=EDGE_CURVE('',#6022,#6023,#6989,.T.);
#4376=EDGE_CURVE('',#6023,#6024,#6990,.T.);
#4377=EDGE_CURVE('',#6024,#6025,#6991,.T.);
#4378=EDGE_CURVE('',#6025,#6026,#458,.T.);
#4379=EDGE_CURVE('',#6026,#6027,#277,.T.);
#4380=EDGE_CURVE('',#6027,#6028,#278,.T.);
#4381=EDGE_CURVE('',#6028,#6029,#279,.T.);
#4382=EDGE_CURVE('',#6029,#6030,#6992,.T.);
#4383=EDGE_CURVE('',#6030,#6031,#280,.F.);
#4384=EDGE_CURVE('',#6031,#6032,#281,.F.);
#4385=EDGE_CURVE('',#6032,#6033,#459,.T.);
#4386=EDGE_CURVE('',#6033,#6034,#460,.T.);
#4387=EDGE_CURVE('',#6034,#6035,#6993,.T.);
#4388=EDGE_CURVE('',#6035,#6036,#6994,.T.);
#4389=EDGE_CURVE('',#6036,#6037,#6995,.T.);
#4390=EDGE_CURVE('',#6037,#6038,#6996,.T.);
#4391=EDGE_CURVE('',#6038,#6019,#6997,.T.);
#4392=EDGE_CURVE('',#6039,#6040,#6998,.T.);
#4393=EDGE_CURVE('',#6040,#6041,#282,.F.);
#4394=EDGE_CURVE('',#6041,#6042,#283,.F.);
#4395=EDGE_CURVE('',#6042,#6043,#461,.T.);
#4396=EDGE_CURVE('',#6043,#6044,#462,.T.);
#4397=EDGE_CURVE('',#6044,#6045,#6999,.T.);
#4398=EDGE_CURVE('',#6045,#6046,#7000,.T.);
#4399=EDGE_CURVE('',#6046,#6047,#7001,.T.);
#4400=EDGE_CURVE('',#6047,#6048,#7002,.T.);
#4401=EDGE_CURVE('',#6048,#6049,#7003,.T.);
#4402=EDGE_CURVE('',#6049,#6050,#463,.T.);
#4403=EDGE_CURVE('',#6050,#6051,#464,.T.);
#4404=EDGE_CURVE('',#6051,#6052,#284,.T.);
#4405=EDGE_CURVE('',#6052,#6053,#285,.T.);
#4406=EDGE_CURVE('',#6053,#6054,#7004,.T.);
#4407=EDGE_CURVE('',#6054,#6055,#7005,.T.);
#4408=EDGE_CURVE('',#6055,#6056,#7006,.T.);
#4409=EDGE_CURVE('',#6056,#6057,#7007,.T.);
#4410=EDGE_CURVE('',#6057,#6058,#7008,.T.);
#4411=EDGE_CURVE('',#6058,#6059,#7009,.T.);
#4412=EDGE_CURVE('',#6059,#6060,#7010,.T.);
#4413=EDGE_CURVE('',#6060,#6039,#7011,.T.);
#4414=EDGE_CURVE('',#6061,#6062,#7012,.T.);
#4415=EDGE_CURVE('',#5688,#6062,#7013,.T.);
#4416=EDGE_CURVE('',#5687,#6061,#7014,.T.);
#4417=EDGE_CURVE('',#6062,#6063,#465,.T.);
#4418=EDGE_CURVE('',#5689,#6063,#7015,.T.);
#4419=EDGE_CURVE('',#6064,#6063,#7016,.T.);
#4420=EDGE_CURVE('',#5690,#6064,#7017,.T.);
#4421=EDGE_CURVE('',#6064,#6065,#466,.T.);
#4422=EDGE_CURVE('',#5691,#6065,#7018,.T.);
#4423=EDGE_CURVE('',#6066,#6065,#7019,.T.);
#4424=EDGE_CURVE('',#5692,#6066,#7020,.T.);
#4425=EDGE_CURVE('',#6066,#6061,#7021,.T.);
#4426=EDGE_CURVE('',#6067,#6068,#7022,.T.);
#4427=EDGE_CURVE('',#6068,#6069,#7023,.T.);
#4428=EDGE_CURVE('',#6069,#6070,#7024,.T.);
#4429=EDGE_CURVE('',#6070,#6067,#7025,.T.);
#4430=EDGE_CURVE('',#6071,#6071,#286,.T.);
#4431=EDGE_CURVE('',#6072,#6072,#287,.T.);
#4432=EDGE_CURVE('',#6073,#6073,#288,.T.);
#4433=EDGE_CURVE('',#6074,#6074,#289,.T.);
#4434=EDGE_CURVE('',#6075,#6075,#290,.T.);
#4435=EDGE_CURVE('',#6076,#6076,#291,.T.);
#4436=EDGE_CURVE('',#6077,#6077,#292,.T.);
#4437=EDGE_CURVE('',#6078,#6078,#293,.T.);
#4438=EDGE_CURVE('',#6079,#6079,#294,.T.);
#4439=EDGE_CURVE('',#6080,#6080,#295,.F.);
#4440=EDGE_CURVE('',#6081,#6081,#296,.F.);
#4441=EDGE_CURVE('',#6082,#6083,#7026,.T.);
#4442=EDGE_CURVE('',#6083,#6084,#7027,.T.);
#4443=EDGE_CURVE('',#6084,#6085,#7028,.T.);
#4444=EDGE_CURVE('',#6085,#6086,#7029,.T.);
#4445=EDGE_CURVE('',#6086,#6087,#297,.T.);
#4446=EDGE_CURVE('',#6088,#6087,#7030,.T.);
#4447=EDGE_CURVE('',#6088,#6089,#298,.T.);
#4448=EDGE_CURVE('',#6090,#6089,#7031,.T.);
#4449=EDGE_CURVE('',#6090,#6091,#299,.T.);
#4450=EDGE_CURVE('',#6091,#6092,#7032,.T.);
#4451=EDGE_CURVE('',#6092,#6093,#300,.T.);
#4452=EDGE_CURVE('',#6093,#6094,#7033,.T.);
#4453=EDGE_CURVE('',#6094,#6095,#301,.T.);
#4454=EDGE_CURVE('',#6095,#6096,#7034,.T.);
#4455=EDGE_CURVE('',#6096,#6097,#302,.T.);
#4456=EDGE_CURVE('',#6097,#6098,#7035,.T.);
#4457=EDGE_CURVE('',#6098,#6099,#303,.T.);
#4458=EDGE_CURVE('',#6100,#6099,#7036,.T.);
#4459=EDGE_CURVE('',#6100,#6101,#304,.T.);
#4460=EDGE_CURVE('',#6101,#6082,#7037,.T.);
#4461=EDGE_CURVE('',#6102,#6102,#305,.F.);
#4462=EDGE_CURVE('',#5679,#6100,#7038,.F.);
#4463=EDGE_CURVE('',#6099,#5678,#7039,.T.);
#4464=EDGE_CURVE('',#6097,#5681,#7040,.T.);
#4465=EDGE_CURVE('',#5680,#6098,#7041,.F.);
#4466=EDGE_CURVE('',#5684,#6103,#7042,.F.);
#4467=EDGE_CURVE('',#6103,#6104,#7043,.T.);
#4468=EDGE_CURVE('',#6104,#5685,#7044,.T.);
#4469=EDGE_CURVE('',#6095,#5683,#7045,.T.);
#4470=EDGE_CURVE('',#5682,#6096,#7046,.F.);
#4471=EDGE_CURVE('',#5671,#6088,#7047,.F.);
#4472=EDGE_CURVE('',#6087,#5670,#7048,.T.);
#4473=EDGE_CURVE('',#5672,#6086,#7049,.F.);
#4474=EDGE_CURVE('',#6085,#6105,#7050,.F.);
#4475=EDGE_CURVE('',#6105,#6106,#7051,.T.);
#4476=EDGE_CURVE('',#6106,#5673,#7052,.T.);
#4477=EDGE_CURVE('',#6089,#5677,#7053,.T.);
#4478=EDGE_CURVE('',#5676,#6090,#7054,.F.);
#4479=EDGE_CURVE('',#5674,#6092,#7055,.F.);
#4480=EDGE_CURVE('',#6091,#5675,#7056,.T.);
#4481=EDGE_CURVE('',#6106,#6093,#12,.F.);
#4482=EDGE_CURVE('',#6094,#6103,#13,.F.);
#4483=EDGE_CURVE('',#6104,#6101,#14,.F.);
#4484=EDGE_CURVE('',#6107,#5694,#7057,.T.);
#4485=EDGE_CURVE('',#6107,#6108,#7058,.T.);
#4486=EDGE_CURVE('',#6108,#5695,#7059,.T.);
#4487=EDGE_CURVE('',#6109,#5693,#7060,.T.);
#4488=EDGE_CURVE('',#6109,#6107,#7061,.T.);
#4489=EDGE_CURVE('',#6110,#5710,#7062,.T.);
#4490=EDGE_CURVE('',#6110,#6109,#7063,.T.);
#4491=EDGE_CURVE('',#6111,#5709,#7064,.T.);
#4492=EDGE_CURVE('',#6111,#6110,#7065,.T.);
#4493=EDGE_CURVE('',#6112,#5708,#7066,.T.);
#4494=EDGE_CURVE('',#6112,#6111,#7067,.T.);
#4495=EDGE_CURVE('',#6113,#5707,#7068,.T.);
#4496=EDGE_CURVE('',#6113,#6112,#7069,.T.);
#4497=EDGE_CURVE('',#6114,#5706,#7070,.T.);
#4498=EDGE_CURVE('',#6114,#6113,#7071,.T.);
#4499=EDGE_CURVE('',#6115,#5705,#7072,.T.);
#4500=EDGE_CURVE('',#6115,#6114,#7073,.T.);
#4501=EDGE_CURVE('',#6116,#5704,#7074,.T.);
#4502=EDGE_CURVE('',#6116,#6115,#7075,.T.);
#4503=EDGE_CURVE('',#6117,#5703,#7076,.T.);
#4504=EDGE_CURVE('',#6117,#6116,#7077,.T.);
#4505=EDGE_CURVE('',#6118,#5702,#7078,.T.);
#4506=EDGE_CURVE('',#6118,#6117,#7079,.T.);
#4507=EDGE_CURVE('',#6119,#5701,#7080,.T.);
#4508=EDGE_CURVE('',#6119,#6118,#7081,.T.);
#4509=EDGE_CURVE('',#6120,#5700,#7082,.T.);
#4510=EDGE_CURVE('',#6120,#6119,#7083,.T.);
#4511=EDGE_CURVE('',#6121,#5699,#7084,.T.);
#4512=EDGE_CURVE('',#6121,#6120,#7085,.T.);
#4513=EDGE_CURVE('',#6122,#5698,#7086,.T.);
#4514=EDGE_CURVE('',#6122,#6121,#7087,.T.);
#4515=EDGE_CURVE('',#6123,#5697,#7088,.T.);
#4516=EDGE_CURVE('',#6123,#6122,#7089,.T.);
#4517=EDGE_CURVE('',#6124,#5696,#7090,.T.);
#4518=EDGE_CURVE('',#6124,#6123,#7091,.T.);
#4519=EDGE_CURVE('',#6108,#6124,#7092,.T.);
#4520=EDGE_CURVE('',#6125,#5712,#7093,.T.);
#4521=EDGE_CURVE('',#6125,#6126,#7094,.T.);
#4522=EDGE_CURVE('',#6126,#5713,#7095,.T.);
#4523=EDGE_CURVE('',#6127,#5711,#7096,.T.);
#4524=EDGE_CURVE('',#6127,#6125,#7097,.T.);
#4525=EDGE_CURVE('',#6128,#5722,#7098,.T.);
#4526=EDGE_CURVE('',#6128,#6127,#7099,.T.);
#4527=EDGE_CURVE('',#6129,#5721,#7100,.T.);
#4528=EDGE_CURVE('',#6129,#6128,#7101,.T.);
#4529=EDGE_CURVE('',#6130,#5720,#7102,.T.);
#4530=EDGE_CURVE('',#6130,#6129,#7103,.T.);
#4531=EDGE_CURVE('',#6131,#5719,#7104,.T.);
#4532=EDGE_CURVE('',#6131,#6130,#7105,.T.);
#4533=EDGE_CURVE('',#6132,#5718,#7106,.T.);
#4534=EDGE_CURVE('',#6132,#6131,#7107,.T.);
#4535=EDGE_CURVE('',#6133,#5717,#7108,.T.);
#4536=EDGE_CURVE('',#6133,#6132,#7109,.T.);
#4537=EDGE_CURVE('',#6134,#5716,#7110,.T.);
#4538=EDGE_CURVE('',#6134,#6133,#7111,.T.);
#4539=EDGE_CURVE('',#6135,#5715,#7112,.T.);
#4540=EDGE_CURVE('',#6135,#6134,#7113,.T.);
#4541=EDGE_CURVE('',#6136,#5714,#7114,.T.);
#4542=EDGE_CURVE('',#6136,#6135,#7115,.T.);
#4543=EDGE_CURVE('',#6126,#6136,#7116,.T.);
#4544=EDGE_CURVE('',#6137,#5724,#7117,.T.);
#4545=EDGE_CURVE('',#6137,#6138,#7118,.T.);
#4546=EDGE_CURVE('',#6138,#5725,#7119,.T.);
#4547=EDGE_CURVE('',#6139,#5723,#7120,.T.);
#4548=EDGE_CURVE('',#6139,#6137,#7121,.T.);
#4549=EDGE_CURVE('',#6140,#5732,#7122,.T.);
#4550=EDGE_CURVE('',#6140,#6139,#7123,.T.);
#4551=EDGE_CURVE('',#6141,#5731,#7124,.T.);
#4552=EDGE_CURVE('',#6141,#6140,#7125,.T.);
#4553=EDGE_CURVE('',#6142,#5730,#7126,.T.);
#4554=EDGE_CURVE('',#6142,#6141,#7127,.T.);
#4555=EDGE_CURVE('',#6143,#5729,#7128,.T.);
#4556=EDGE_CURVE('',#6143,#6142,#7129,.T.);
#4557=EDGE_CURVE('',#6144,#5728,#7130,.T.);
#4558=EDGE_CURVE('',#6144,#6143,#7131,.T.);
#4559=EDGE_CURVE('',#6145,#5727,#7132,.T.);
#4560=EDGE_CURVE('',#6145,#6144,#7133,.T.);
#4561=EDGE_CURVE('',#6146,#5726,#7134,.T.);
#4562=EDGE_CURVE('',#6146,#6145,#7135,.T.);
#4563=EDGE_CURVE('',#6138,#6146,#7136,.T.);
#4564=EDGE_CURVE('',#6147,#5734,#7137,.T.);
#4565=EDGE_CURVE('',#6147,#6148,#7138,.T.);
#4566=EDGE_CURVE('',#6148,#5735,#7139,.T.);
#4567=EDGE_CURVE('',#6149,#5733,#7140,.T.);
#4568=EDGE_CURVE('',#6149,#6147,#7141,.T.);
#4569=EDGE_CURVE('',#6150,#5755,#7142,.T.);
#4570=EDGE_CURVE('',#6150,#6149,#7143,.T.);
#4571=EDGE_CURVE('',#6151,#5754,#7144,.T.);
#4572=EDGE_CURVE('',#6151,#6150,#7145,.T.);
#4573=EDGE_CURVE('',#6152,#5753,#7146,.T.);
#4574=EDGE_CURVE('',#6152,#6151,#7147,.T.);
#4575=EDGE_CURVE('',#6153,#5752,#7148,.T.);
#4576=EDGE_CURVE('',#6153,#6152,#7149,.T.);
#4577=EDGE_CURVE('',#6154,#5751,#7150,.T.);
#4578=EDGE_CURVE('',#6154,#6153,#7151,.T.);
#4579=EDGE_CURVE('',#6155,#5750,#7152,.T.);
#4580=EDGE_CURVE('',#6155,#6154,#7153,.T.);
#4581=EDGE_CURVE('',#6156,#5749,#7154,.T.);
#4582=EDGE_CURVE('',#6156,#6155,#467,.T.);
#4583=EDGE_CURVE('',#6157,#5748,#7155,.T.);
#4584=EDGE_CURVE('',#6157,#6156,#306,.F.);
#4585=EDGE_CURVE('',#6158,#5747,#7156,.T.);
#4586=EDGE_CURVE('',#6158,#6157,#468,.T.);
#4587=EDGE_CURVE('',#6159,#5746,#7157,.T.);
#4588=EDGE_CURVE('',#6159,#6158,#469,.T.);
#4589=EDGE_CURVE('',#6160,#5745,#7158,.T.);
#4590=EDGE_CURVE('',#6160,#6159,#470,.T.);
#4591=EDGE_CURVE('',#6161,#5744,#7159,.T.);
#4592=EDGE_CURVE('',#6161,#6160,#471,.T.);
#4593=EDGE_CURVE('',#6162,#5743,#7160,.T.);
#4594=EDGE_CURVE('',#6162,#6161,#7161,.T.);
#4595=EDGE_CURVE('',#6163,#5742,#7162,.T.);
#4596=EDGE_CURVE('',#6163,#6162,#7163,.T.);
#4597=EDGE_CURVE('',#6164,#5741,#7164,.T.);
#4598=EDGE_CURVE('',#6164,#6163,#472,.T.);
#4599=EDGE_CURVE('',#6165,#5740,#7165,.T.);
#4600=EDGE_CURVE('',#6165,#6164,#473,.T.);
#4601=EDGE_CURVE('',#6166,#5739,#7166,.T.);
#4602=EDGE_CURVE('',#6166,#6165,#474,.T.);
#4603=EDGE_CURVE('',#6167,#5738,#7167,.T.);
#4604=EDGE_CURVE('',#6167,#6166,#475,.T.);
#4605=EDGE_CURVE('',#6168,#5737,#7168,.T.);
#4606=EDGE_CURVE('',#6168,#6167,#476,.T.);
#4607=EDGE_CURVE('',#6169,#5736,#7169,.T.);
#4608=EDGE_CURVE('',#6169,#6168,#477,.T.);
#4609=EDGE_CURVE('',#6148,#6169,#7170,.T.);
#4610=EDGE_CURVE('',#6170,#5757,#7171,.T.);
#4611=EDGE_CURVE('',#6170,#6171,#7172,.T.);
#4612=EDGE_CURVE('',#6171,#5758,#7173,.T.);
#4613=EDGE_CURVE('',#6172,#5756,#7174,.T.);
#4614=EDGE_CURVE('',#6172,#6170,#7175,.T.);
#4615=EDGE_CURVE('',#6173,#5773,#7176,.T.);
#4616=EDGE_CURVE('',#6173,#6172,#7177,.T.);
#4617=EDGE_CURVE('',#6174,#5772,#7178,.T.);
#4618=EDGE_CURVE('',#6174,#6173,#7179,.T.);
#4619=EDGE_CURVE('',#6175,#5771,#7180,.T.);
#4620=EDGE_CURVE('',#6175,#6174,#7181,.T.);
#4621=EDGE_CURVE('',#6176,#5770,#7182,.T.);
#4622=EDGE_CURVE('',#6176,#6175,#7183,.T.);
#4623=EDGE_CURVE('',#6177,#5769,#7184,.T.);
#4624=EDGE_CURVE('',#6177,#6176,#7185,.T.);
#4625=EDGE_CURVE('',#6178,#5768,#7186,.T.);
#4626=EDGE_CURVE('',#6178,#6177,#7187,.T.);
#4627=EDGE_CURVE('',#6179,#5767,#7188,.T.);
#4628=EDGE_CURVE('',#6179,#6178,#7189,.T.);
#4629=EDGE_CURVE('',#6180,#5766,#7190,.T.);
#4630=EDGE_CURVE('',#6180,#6179,#7191,.T.);
#4631=EDGE_CURVE('',#6181,#5765,#7192,.T.);
#4632=EDGE_CURVE('',#6181,#6180,#7193,.T.);
#4633=EDGE_CURVE('',#6182,#5764,#7194,.T.);
#4634=EDGE_CURVE('',#6182,#6181,#7195,.T.);
#4635=EDGE_CURVE('',#6183,#5763,#7196,.T.);
#4636=EDGE_CURVE('',#6183,#6182,#7197,.T.);
#4637=EDGE_CURVE('',#6184,#5762,#7198,.T.);
#4638=EDGE_CURVE('',#6184,#6183,#7199,.T.);
#4639=EDGE_CURVE('',#6185,#5761,#7200,.T.);
#4640=EDGE_CURVE('',#6185,#6184,#7201,.T.);
#4641=EDGE_CURVE('',#6186,#5760,#7202,.T.);
#4642=EDGE_CURVE('',#6186,#6185,#7203,.T.);
#4643=EDGE_CURVE('',#6187,#5759,#7204,.T.);
#4644=EDGE_CURVE('',#6187,#6186,#7205,.T.);
#4645=EDGE_CURVE('',#6171,#6187,#7206,.T.);
#4646=EDGE_CURVE('',#6188,#6189,#478,.T.);
#4647=EDGE_CURVE('',#6190,#6188,#7207,.T.);
#4648=EDGE_CURVE('',#6190,#6191,#479,.T.);
#4649=EDGE_CURVE('',#6191,#6189,#7208,.T.);
#4650=EDGE_CURVE('',#6192,#6188,#7209,.T.);
#4651=EDGE_CURVE('',#6193,#6192,#7210,.T.);
#4652=EDGE_CURVE('',#6193,#6190,#7211,.T.);
#4653=EDGE_CURVE('',#6194,#6192,#480,.T.);
#4654=EDGE_CURVE('',#6195,#6194,#7212,.T.);
#4655=EDGE_CURVE('',#6195,#6193,#481,.T.);
#4656=EDGE_CURVE('',#6196,#6194,#482,.T.);
#4657=EDGE_CURVE('',#6197,#6196,#7213,.T.);
#4658=EDGE_CURVE('',#6197,#6195,#483,.T.);
#4659=EDGE_CURVE('',#6198,#6196,#307,.T.);
#4660=EDGE_CURVE('',#6199,#6198,#7214,.T.);
#4661=EDGE_CURVE('',#6199,#6197,#308,.T.);
#4662=EDGE_CURVE('',#6200,#6198,#309,.T.);
#4663=EDGE_CURVE('',#6201,#6200,#7215,.T.);
#4664=EDGE_CURVE('',#6201,#6199,#310,.T.);
#4665=EDGE_CURVE('',#6202,#6200,#7216,.T.);
#4666=EDGE_CURVE('',#6203,#6202,#7217,.T.);
#4667=EDGE_CURVE('',#6203,#6201,#7218,.T.);
#4668=EDGE_CURVE('',#6204,#6202,#311,.T.);
#4669=EDGE_CURVE('',#6205,#6204,#7219,.T.);
#4670=EDGE_CURVE('',#6205,#6203,#312,.T.);
#4671=EDGE_CURVE('',#6206,#6204,#313,.T.);
#4672=EDGE_CURVE('',#6207,#6206,#7220,.T.);
#4673=EDGE_CURVE('',#6207,#6205,#314,.T.);
#4674=EDGE_CURVE('',#6208,#5642,#7221,.T.);
#4675=EDGE_CURVE('',#6208,#6209,#315,.F.);
#4676=EDGE_CURVE('',#6209,#5643,#7222,.T.);
#4677=EDGE_CURVE('',#6210,#5641,#7223,.T.);
#4678=EDGE_CURVE('',#6210,#6208,#7224,.T.);
#4679=EDGE_CURVE('',#6211,#5658,#7225,.T.);
#4680=EDGE_CURVE('',#6211,#6210,#7226,.T.);
#4681=EDGE_CURVE('',#6212,#5657,#7227,.T.);
#4682=EDGE_CURVE('',#6212,#6211,#7228,.T.);
#4683=EDGE_CURVE('',#6213,#5656,#7229,.T.);
#4684=EDGE_CURVE('',#6213,#6212,#7230,.T.);
#4685=EDGE_CURVE('',#6214,#5655,#7231,.T.);
#4686=EDGE_CURVE('',#6214,#6213,#7232,.T.);
#4687=EDGE_CURVE('',#6215,#5654,#7233,.T.);
#4688=EDGE_CURVE('',#6215,#6214,#7234,.T.);
#4689=EDGE_CURVE('',#6216,#5653,#7235,.T.);
#4690=EDGE_CURVE('',#6216,#6215,#7236,.T.);
#4691=EDGE_CURVE('',#6217,#5652,#7237,.T.);
#4692=EDGE_CURVE('',#6217,#6216,#7238,.T.);
#4693=EDGE_CURVE('',#6218,#5651,#7239,.T.);
#4694=EDGE_CURVE('',#6218,#6217,#7240,.T.);
#4695=EDGE_CURVE('',#6219,#5650,#7241,.T.);
#4696=EDGE_CURVE('',#6219,#6218,#316,.F.);
#4697=EDGE_CURVE('',#6220,#5649,#7242,.T.);
#4698=EDGE_CURVE('',#6220,#6219,#317,.F.);
#4699=EDGE_CURVE('',#6221,#5648,#7243,.T.);
#4700=EDGE_CURVE('',#6221,#6220,#484,.T.);
#4701=EDGE_CURVE('',#6222,#5647,#7244,.T.);
#4702=EDGE_CURVE('',#6222,#6221,#485,.T.);
#4703=EDGE_CURVE('',#6223,#5646,#7245,.T.);
#4704=EDGE_CURVE('',#6223,#6222,#7246,.T.);
#4705=EDGE_CURVE('',#6224,#5645,#7247,.T.);
#4706=EDGE_CURVE('',#6224,#6223,#486,.T.);
#4707=EDGE_CURVE('',#6225,#5644,#7248,.T.);
#4708=EDGE_CURVE('',#6225,#6224,#487,.T.);
#4709=EDGE_CURVE('',#6209,#6225,#318,.F.);
#4710=EDGE_CURVE('',#6189,#6206,#488,.T.);
#4711=EDGE_CURVE('',#6191,#6207,#489,.T.);
#4712=EDGE_CURVE('',#6226,#6227,#319,.T.);
#4713=EDGE_CURVE('',#6228,#6226,#7249,.T.);
#4714=EDGE_CURVE('',#6228,#6229,#320,.T.);
#4715=EDGE_CURVE('',#6229,#6227,#7250,.T.);
#4716=EDGE_CURVE('',#6230,#6226,#490,.T.);
#4717=EDGE_CURVE('',#6231,#6230,#7251,.T.);
#4718=EDGE_CURVE('',#6231,#6228,#491,.T.);
#4719=EDGE_CURVE('',#6232,#6230,#492,.T.);
#4720=EDGE_CURVE('',#6233,#6232,#7252,.T.);
#4721=EDGE_CURVE('',#6233,#6231,#493,.T.);
#4722=EDGE_CURVE('',#6234,#6232,#7253,.T.);
#4723=EDGE_CURVE('',#6235,#6234,#7254,.T.);
#4724=EDGE_CURVE('',#6235,#6233,#7255,.T.);
#4725=EDGE_CURVE('',#6236,#6234,#7256,.T.);
#4726=EDGE_CURVE('',#6237,#6236,#7257,.T.);
#4727=EDGE_CURVE('',#6237,#6235,#7258,.T.);
#4728=EDGE_CURVE('',#6238,#6236,#7259,.T.);
#4729=EDGE_CURVE('',#6239,#6238,#7260,.T.);
#4730=EDGE_CURVE('',#6239,#6237,#7261,.T.);
#4731=EDGE_CURVE('',#6240,#5775,#7262,.T.);
#4732=EDGE_CURVE('',#6240,#6241,#494,.T.);
#4733=EDGE_CURVE('',#6241,#5776,#7263,.T.);
#4734=EDGE_CURVE('',#6242,#5774,#7264,.T.);
#4735=EDGE_CURVE('',#6242,#6240,#321,.F.);
#4736=EDGE_CURVE('',#6243,#5790,#7265,.T.);
#4737=EDGE_CURVE('',#6243,#6242,#495,.T.);
#4738=EDGE_CURVE('',#6244,#5789,#7266,.T.);
#4739=EDGE_CURVE('',#6244,#6243,#7267,.T.);
#4740=EDGE_CURVE('',#6245,#5788,#7268,.T.);
#4741=EDGE_CURVE('',#6245,#6244,#322,.T.);
#4742=EDGE_CURVE('',#6246,#5787,#7269,.T.);
#4743=EDGE_CURVE('',#6246,#6245,#496,.T.);
#4744=EDGE_CURVE('',#6247,#5786,#7270,.T.);
#4745=EDGE_CURVE('',#6247,#6246,#497,.T.);
#4746=EDGE_CURVE('',#6248,#5785,#7271,.T.);
#4747=EDGE_CURVE('',#6248,#6247,#498,.T.);
#4748=EDGE_CURVE('',#6249,#5784,#7272,.T.);
#4749=EDGE_CURVE('',#6249,#6248,#7273,.T.);
#4750=EDGE_CURVE('',#6250,#5783,#7274,.T.);
#4751=EDGE_CURVE('',#6250,#6249,#7275,.T.);
#4752=EDGE_CURVE('',#6251,#5782,#7276,.T.);
#4753=EDGE_CURVE('',#6251,#6250,#7277,.T.);
#4754=EDGE_CURVE('',#6252,#5781,#7278,.T.);
#4755=EDGE_CURVE('',#6252,#6251,#499,.T.);
#4756=EDGE_CURVE('',#6253,#5780,#7279,.T.);
#4757=EDGE_CURVE('',#6253,#6252,#500,.T.);
#4758=EDGE_CURVE('',#6254,#5779,#7280,.T.);
#4759=EDGE_CURVE('',#6254,#6253,#501,.T.);
#4760=EDGE_CURVE('',#6255,#5778,#7281,.T.);
#4761=EDGE_CURVE('',#6255,#6254,#502,.T.);
#4762=EDGE_CURVE('',#6256,#5777,#7282,.T.);
#4763=EDGE_CURVE('',#6256,#6255,#7283,.T.);
#4764=EDGE_CURVE('',#6241,#6256,#503,.T.);
#4765=EDGE_CURVE('',#6227,#6238,#504,.T.);
#4766=EDGE_CURVE('',#6229,#6239,#505,.T.);
#4767=EDGE_CURVE('',#6257,#6258,#506,.T.);
#4768=EDGE_CURVE('',#6259,#6257,#7284,.T.);
#4769=EDGE_CURVE('',#6259,#6260,#507,.T.);
#4770=EDGE_CURVE('',#6260,#6258,#7285,.T.);
#4771=EDGE_CURVE('',#6261,#6257,#7286,.T.);
#4772=EDGE_CURVE('',#6262,#6261,#7287,.T.);
#4773=EDGE_CURVE('',#6262,#6259,#7288,.T.);
#4774=EDGE_CURVE('',#6263,#6261,#508,.T.);
#4775=EDGE_CURVE('',#6264,#6263,#7289,.T.);
#4776=EDGE_CURVE('',#6264,#6262,#509,.T.);
#4777=EDGE_CURVE('',#6265,#6263,#510,.T.);
#4778=EDGE_CURVE('',#6266,#6265,#7290,.T.);
#4779=EDGE_CURVE('',#6266,#6264,#511,.T.);
#4780=EDGE_CURVE('',#6267,#6265,#512,.T.);
#4781=EDGE_CURVE('',#6268,#6267,#7291,.T.);
#4782=EDGE_CURVE('',#6268,#6266,#513,.T.);
#4783=EDGE_CURVE('',#6269,#6267,#514,.T.);
#4784=EDGE_CURVE('',#6270,#6269,#7292,.T.);
#4785=EDGE_CURVE('',#6270,#6268,#515,.T.);
#4786=EDGE_CURVE('',#6271,#6269,#7293,.T.);
#4787=EDGE_CURVE('',#6272,#6271,#7294,.T.);
#4788=EDGE_CURVE('',#6272,#6270,#7295,.T.);
#4789=EDGE_CURVE('',#6273,#6271,#516,.T.);
#4790=EDGE_CURVE('',#6274,#6273,#7296,.T.);
#4791=EDGE_CURVE('',#6274,#6272,#517,.T.);
#4792=EDGE_CURVE('',#6275,#6273,#518,.T.);
#4793=EDGE_CURVE('',#6276,#6275,#7297,.T.);
#4794=EDGE_CURVE('',#6276,#6274,#519,.T.);
#4795=EDGE_CURVE('',#6277,#5632,#7298,.T.);
#4796=EDGE_CURVE('',#6277,#6278,#520,.T.);
#4797=EDGE_CURVE('',#6278,#5633,#7299,.T.);
#4798=EDGE_CURVE('',#6279,#5631,#7300,.T.);
#4799=EDGE_CURVE('',#6279,#6277,#7301,.T.);
#4800=EDGE_CURVE('',#6280,#5640,#7302,.T.);
#4801=EDGE_CURVE('',#6280,#6279,#521,.T.);
#4802=EDGE_CURVE('',#6281,#5639,#7303,.T.);
#4803=EDGE_CURVE('',#6281,#6280,#522,.T.);
#4804=EDGE_CURVE('',#6282,#5638,#7304,.T.);
#4805=EDGE_CURVE('',#6282,#6281,#523,.T.);
#4806=EDGE_CURVE('',#6283,#5637,#7305,.T.);
#4807=EDGE_CURVE('',#6283,#6282,#524,.T.);
#4808=EDGE_CURVE('',#6284,#5636,#7306,.T.);
#4809=EDGE_CURVE('',#6284,#6283,#7307,.T.);
#4810=EDGE_CURVE('',#6285,#5635,#7308,.T.);
#4811=EDGE_CURVE('',#6285,#6284,#525,.T.);
#4812=EDGE_CURVE('',#6286,#5634,#7309,.T.);
#4813=EDGE_CURVE('',#6286,#6285,#526,.T.);
#4814=EDGE_CURVE('',#6278,#6286,#527,.T.);
#4815=EDGE_CURVE('',#6258,#6275,#528,.T.);
#4816=EDGE_CURVE('',#6260,#6276,#529,.T.);
#4817=EDGE_CURVE('',#6287,#6288,#323,.T.);
#4818=EDGE_CURVE('',#6289,#6287,#7310,.T.);
#4819=EDGE_CURVE('',#6289,#6290,#324,.T.);
#4820=EDGE_CURVE('',#6290,#6288,#7311,.T.);
#4821=EDGE_CURVE('',#6291,#6287,#530,.T.);
#4822=EDGE_CURVE('',#6292,#6291,#7312,.T.);
#4823=EDGE_CURVE('',#6292,#6289,#531,.T.);
#4824=EDGE_CURVE('',#6293,#6291,#532,.T.);
#4825=EDGE_CURVE('',#6294,#6293,#7313,.T.);
#4826=EDGE_CURVE('',#6294,#6292,#533,.T.);
#4827=EDGE_CURVE('',#6295,#6293,#325,.T.);
#4828=EDGE_CURVE('',#6296,#6295,#7314,.T.);
#4829=EDGE_CURVE('',#6296,#6294,#326,.T.);
#4830=EDGE_CURVE('',#6297,#6295,#534,.T.);
#4831=EDGE_CURVE('',#6298,#6297,#7315,.T.);
#4832=EDGE_CURVE('',#6298,#6296,#535,.T.);
#4833=EDGE_CURVE('',#6299,#6297,#7316,.T.);
#4834=EDGE_CURVE('',#6300,#6299,#7317,.T.);
#4835=EDGE_CURVE('',#6300,#6298,#7318,.T.);
#4836=EDGE_CURVE('',#6301,#6299,#7319,.T.);
#4837=EDGE_CURVE('',#6302,#6301,#7320,.T.);
#4838=EDGE_CURVE('',#6302,#6300,#7321,.T.);
#4839=EDGE_CURVE('',#6303,#5792,#7322,.T.);
#4840=EDGE_CURVE('',#6303,#6304,#327,.T.);
#4841=EDGE_CURVE('',#6304,#5793,#7323,.T.);
#4842=EDGE_CURVE('',#6305,#5791,#7324,.T.);
#4843=EDGE_CURVE('',#6305,#6303,#7325,.T.);
#4844=EDGE_CURVE('',#6306,#5817,#7326,.T.);
#4845=EDGE_CURVE('',#6306,#6305,#7327,.T.);
#4846=EDGE_CURVE('',#6307,#5816,#7328,.T.);
#4847=EDGE_CURVE('',#6307,#6306,#7329,.T.);
#4848=EDGE_CURVE('',#6308,#5815,#7330,.T.);
#4849=EDGE_CURVE('',#6308,#6307,#328,.T.);
#4850=EDGE_CURVE('',#6309,#5814,#7331,.T.);
#4851=EDGE_CURVE('',#6309,#6308,#7332,.T.);
#4852=EDGE_CURVE('',#6310,#5813,#7333,.T.);
#4853=EDGE_CURVE('',#6310,#6309,#7334,.T.);
#4854=EDGE_CURVE('',#6311,#5812,#7335,.T.);
#4855=EDGE_CURVE('',#6311,#6310,#536,.T.);
#4856=EDGE_CURVE('',#6312,#5811,#7336,.T.);
#4857=EDGE_CURVE('',#6312,#6311,#537,.T.);
#4858=EDGE_CURVE('',#6313,#5810,#7337,.T.);
#4859=EDGE_CURVE('',#6313,#6312,#329,.F.);
#4860=EDGE_CURVE('',#6314,#5809,#7338,.T.);
#4861=EDGE_CURVE('',#6314,#6313,#330,.F.);
#4862=EDGE_CURVE('',#6315,#5808,#7339,.T.);
#4863=EDGE_CURVE('',#6315,#6314,#7340,.T.);
#4864=EDGE_CURVE('',#6316,#5807,#7341,.T.);
#4865=EDGE_CURVE('',#6316,#6315,#7342,.T.);
#4866=EDGE_CURVE('',#6317,#5806,#7343,.T.);
#4867=EDGE_CURVE('',#6317,#6316,#7344,.T.);
#4868=EDGE_CURVE('',#6318,#5805,#7345,.T.);
#4869=EDGE_CURVE('',#6318,#6317,#331,.T.);
#4870=EDGE_CURVE('',#6319,#5804,#7346,.T.);
#4871=EDGE_CURVE('',#6319,#6318,#332,.T.);
#4872=EDGE_CURVE('',#6320,#5803,#7347,.T.);
#4873=EDGE_CURVE('',#6320,#6319,#538,.T.);
#4874=EDGE_CURVE('',#6321,#5802,#7348,.T.);
#4875=EDGE_CURVE('',#6321,#6320,#539,.T.);
#4876=EDGE_CURVE('',#6322,#5801,#7349,.T.);
#4877=EDGE_CURVE('',#6322,#6321,#7350,.T.);
#4878=EDGE_CURVE('',#6323,#5800,#7351,.T.);
#4879=EDGE_CURVE('',#6323,#6322,#7352,.T.);
#4880=EDGE_CURVE('',#6324,#5799,#7353,.T.);
#4881=EDGE_CURVE('',#6324,#6323,#540,.T.);
#4882=EDGE_CURVE('',#6325,#5798,#7354,.T.);
#4883=EDGE_CURVE('',#6325,#6324,#541,.T.);
#4884=EDGE_CURVE('',#6326,#5797,#7355,.T.);
#4885=EDGE_CURVE('',#6326,#6325,#542,.T.);
#4886=EDGE_CURVE('',#6327,#5796,#7356,.T.);
#4887=EDGE_CURVE('',#6327,#6326,#543,.T.);
#4888=EDGE_CURVE('',#6328,#5795,#7357,.T.);
#4889=EDGE_CURVE('',#6328,#6327,#333,.F.);
#4890=EDGE_CURVE('',#6329,#5794,#7358,.T.);
#4891=EDGE_CURVE('',#6329,#6328,#334,.F.);
#4892=EDGE_CURVE('',#6304,#6329,#335,.F.);
#4893=EDGE_CURVE('',#6288,#6301,#336,.T.);
#4894=EDGE_CURVE('',#6290,#6302,#337,.T.);
#4895=EDGE_CURVE('',#6330,#5624,#7359,.T.);
#4896=EDGE_CURVE('',#6331,#6330,#7360,.T.);
#4897=EDGE_CURVE('',#6331,#5623,#7361,.T.);
#4898=EDGE_CURVE('',#6332,#5630,#7362,.T.);
#4899=EDGE_CURVE('',#6330,#6332,#7363,.T.);
#4900=EDGE_CURVE('',#6333,#5629,#7364,.T.);
#4901=EDGE_CURVE('',#6333,#6332,#7365,.T.);
#4902=EDGE_CURVE('',#6334,#5628,#7366,.T.);
#4903=EDGE_CURVE('',#6333,#6334,#7367,.T.);
#4904=EDGE_CURVE('',#6335,#5627,#7368,.T.);
#4905=EDGE_CURVE('',#6335,#6334,#7369,.T.);
#4906=EDGE_CURVE('',#6336,#5626,#7370,.T.);
#4907=EDGE_CURVE('',#6336,#6335,#7371,.T.);
#4908=EDGE_CURVE('',#6337,#5625,#7372,.T.);
#4909=EDGE_CURVE('',#6337,#6336,#7373,.T.);
#4910=EDGE_CURVE('',#6331,#6337,#7374,.T.);
#4911=EDGE_CURVE('',#6338,#5818,#7375,.T.);
#4912=EDGE_CURVE('',#6338,#6339,#7376,.T.);
#4913=EDGE_CURVE('',#6339,#5820,#7377,.T.);
#4914=EDGE_CURVE('',#6340,#5819,#7378,.T.);
#4915=EDGE_CURVE('',#6338,#6340,#7379,.T.);
#4916=EDGE_CURVE('',#6341,#5825,#7380,.T.);
#4917=EDGE_CURVE('',#6340,#6341,#7381,.T.);
#4918=EDGE_CURVE('',#6342,#5824,#7382,.T.);
#4919=EDGE_CURVE('',#6341,#6342,#7383,.T.);
#4920=EDGE_CURVE('',#6343,#5823,#7384,.T.);
#4921=EDGE_CURVE('',#6343,#6342,#7385,.T.);
#4922=EDGE_CURVE('',#6344,#5822,#7386,.T.);
#4923=EDGE_CURVE('',#6344,#6343,#7387,.T.);
#4924=EDGE_CURVE('',#6345,#5821,#7388,.T.);
#4925=EDGE_CURVE('',#6344,#6345,#7389,.T.);
#4926=EDGE_CURVE('',#6339,#6345,#7390,.T.);
#4927=EDGE_CURVE('',#6346,#6347,#544,.T.);
#4928=EDGE_CURVE('',#6348,#6346,#7391,.T.);
#4929=EDGE_CURVE('',#6348,#6349,#545,.T.);
#4930=EDGE_CURVE('',#6349,#6347,#7392,.T.);
#4931=EDGE_CURVE('',#6350,#6346,#7393,.T.);
#4932=EDGE_CURVE('',#6351,#6350,#7394,.T.);
#4933=EDGE_CURVE('',#6351,#6348,#7395,.T.);
#4934=EDGE_CURVE('',#6352,#6350,#546,.T.);
#4935=EDGE_CURVE('',#6353,#6352,#7396,.T.);
#4936=EDGE_CURVE('',#6353,#6351,#547,.T.);
#4937=EDGE_CURVE('',#6354,#6352,#548,.T.);
#4938=EDGE_CURVE('',#6355,#6354,#7397,.T.);
#4939=EDGE_CURVE('',#6355,#6353,#549,.T.);
#4940=EDGE_CURVE('',#6356,#6354,#338,.T.);
#4941=EDGE_CURVE('',#6357,#6356,#7398,.T.);
#4942=EDGE_CURVE('',#6357,#6355,#339,.T.);
#4943=EDGE_CURVE('',#6358,#6356,#340,.T.);
#4944=EDGE_CURVE('',#6359,#6358,#7399,.T.);
#4945=EDGE_CURVE('',#6359,#6357,#341,.T.);
#4946=EDGE_CURVE('',#6360,#6358,#7400,.T.);
#4947=EDGE_CURVE('',#6361,#6360,#7401,.T.);
#4948=EDGE_CURVE('',#6361,#6359,#7402,.T.);
#4949=EDGE_CURVE('',#6362,#6360,#342,.T.);
#4950=EDGE_CURVE('',#6363,#6362,#7403,.T.);
#4951=EDGE_CURVE('',#6363,#6361,#343,.T.);
#4952=EDGE_CURVE('',#6364,#6362,#344,.T.);
#4953=EDGE_CURVE('',#6365,#6364,#7404,.T.);
#4954=EDGE_CURVE('',#6365,#6363,#345,.T.);
#4955=EDGE_CURVE('',#6366,#5606,#7405,.T.);
#4956=EDGE_CURVE('',#6366,#6367,#346,.F.);
#4957=EDGE_CURVE('',#6367,#5607,#7406,.T.);
#4958=EDGE_CURVE('',#6368,#5605,#7407,.T.);
#4959=EDGE_CURVE('',#6368,#6366,#7408,.T.);
#4960=EDGE_CURVE('',#6369,#5622,#7409,.T.);
#4961=EDGE_CURVE('',#6369,#6368,#7410,.T.);
#4962=EDGE_CURVE('',#6370,#5621,#7411,.T.);
#4963=EDGE_CURVE('',#6370,#6369,#7412,.T.);
#4964=EDGE_CURVE('',#6371,#5620,#7413,.T.);
#4965=EDGE_CURVE('',#6371,#6370,#7414,.T.);
#4966=EDGE_CURVE('',#6372,#5619,#7415,.T.);
#4967=EDGE_CURVE('',#6372,#6371,#7416,.T.);
#4968=EDGE_CURVE('',#6373,#5618,#7417,.T.);
#4969=EDGE_CURVE('',#6373,#6372,#7418,.T.);
#4970=EDGE_CURVE('',#6374,#5617,#7419,.T.);
#4971=EDGE_CURVE('',#6374,#6373,#7420,.T.);
#4972=EDGE_CURVE('',#6375,#5616,#7421,.T.);
#4973=EDGE_CURVE('',#6375,#6374,#7422,.T.);
#4974=EDGE_CURVE('',#6376,#5615,#7423,.T.);
#4975=EDGE_CURVE('',#6376,#6375,#7424,.T.);
#4976=EDGE_CURVE('',#6377,#5614,#7425,.T.);
#4977=EDGE_CURVE('',#6377,#6376,#347,.F.);
#4978=EDGE_CURVE('',#6378,#5613,#7426,.T.);
#4979=EDGE_CURVE('',#6378,#6377,#348,.F.);
#4980=EDGE_CURVE('',#6379,#5612,#7427,.T.);
#4981=EDGE_CURVE('',#6379,#6378,#550,.T.);
#4982=EDGE_CURVE('',#6380,#5611,#7428,.T.);
#4983=EDGE_CURVE('',#6380,#6379,#551,.T.);
#4984=EDGE_CURVE('',#6381,#5610,#7429,.T.);
#4985=EDGE_CURVE('',#6381,#6380,#7430,.T.);
#4986=EDGE_CURVE('',#6382,#5609,#7431,.T.);
#4987=EDGE_CURVE('',#6382,#6381,#552,.T.);
#4988=EDGE_CURVE('',#6383,#5608,#7432,.T.);
#4989=EDGE_CURVE('',#6383,#6382,#553,.T.);
#4990=EDGE_CURVE('',#6367,#6383,#349,.F.);
#4991=EDGE_CURVE('',#6347,#6364,#554,.T.);
#4992=EDGE_CURVE('',#6349,#6365,#555,.T.);
#4993=EDGE_CURVE('',#6384,#6385,#556,.T.);
#4994=EDGE_CURVE('',#6386,#6384,#7433,.T.);
#4995=EDGE_CURVE('',#6386,#6387,#557,.T.);
#4996=EDGE_CURVE('',#6387,#6385,#7434,.T.);
#4997=EDGE_CURVE('',#6388,#6384,#7435,.T.);
#4998=EDGE_CURVE('',#6389,#6388,#7436,.T.);
#4999=EDGE_CURVE('',#6389,#6386,#7437,.T.);
#5000=EDGE_CURVE('',#6390,#6388,#558,.T.);
#5001=EDGE_CURVE('',#6391,#6390,#7438,.T.);
#5002=EDGE_CURVE('',#6391,#6389,#559,.T.);
#5003=EDGE_CURVE('',#6392,#6390,#560,.T.);
#5004=EDGE_CURVE('',#6393,#6392,#7439,.T.);
#5005=EDGE_CURVE('',#6393,#6391,#561,.T.);
#5006=EDGE_CURVE('',#6394,#6392,#562,.T.);
#5007=EDGE_CURVE('',#6395,#6394,#7440,.T.);
#5008=EDGE_CURVE('',#6395,#6393,#563,.T.);
#5009=EDGE_CURVE('',#6396,#6394,#564,.T.);
#5010=EDGE_CURVE('',#6397,#6396,#7441,.T.);
#5011=EDGE_CURVE('',#6397,#6395,#565,.T.);
#5012=EDGE_CURVE('',#6398,#6396,#7442,.T.);
#5013=EDGE_CURVE('',#6399,#6398,#7443,.T.);
#5014=EDGE_CURVE('',#6399,#6397,#7444,.T.);
#5015=EDGE_CURVE('',#6400,#6398,#566,.T.);
#5016=EDGE_CURVE('',#6401,#6400,#7445,.T.);
#5017=EDGE_CURVE('',#6401,#6399,#567,.T.);
#5018=EDGE_CURVE('',#6402,#6400,#568,.T.);
#5019=EDGE_CURVE('',#6403,#6402,#7446,.T.);
#5020=EDGE_CURVE('',#6403,#6401,#569,.T.);
#5021=EDGE_CURVE('',#6404,#5827,#7447,.T.);
#5022=EDGE_CURVE('',#6404,#6405,#570,.T.);
#5023=EDGE_CURVE('',#6405,#5828,#7448,.T.);
#5024=EDGE_CURVE('',#6406,#5826,#7449,.T.);
#5025=EDGE_CURVE('',#6406,#6404,#7450,.T.);
#5026=EDGE_CURVE('',#6407,#5835,#7451,.T.);
#5027=EDGE_CURVE('',#6407,#6406,#571,.T.);
#5028=EDGE_CURVE('',#6408,#5834,#7452,.T.);
#5029=EDGE_CURVE('',#6408,#6407,#572,.T.);
#5030=EDGE_CURVE('',#6409,#5833,#7453,.T.);
#5031=EDGE_CURVE('',#6409,#6408,#573,.T.);
#5032=EDGE_CURVE('',#6410,#5832,#7454,.T.);
#5033=EDGE_CURVE('',#6410,#6409,#574,.T.);
#5034=EDGE_CURVE('',#6411,#5831,#7455,.T.);
#5035=EDGE_CURVE('',#6411,#6410,#7456,.T.);
#5036=EDGE_CURVE('',#6412,#5830,#7457,.T.);
#5037=EDGE_CURVE('',#6412,#6411,#575,.T.);
#5038=EDGE_CURVE('',#6413,#5829,#7458,.T.);
#5039=EDGE_CURVE('',#6413,#6412,#576,.T.);
#5040=EDGE_CURVE('',#6405,#6413,#577,.T.);
#5041=EDGE_CURVE('',#6385,#6402,#578,.T.);
#5042=EDGE_CURVE('',#6387,#6403,#579,.T.);
#5043=EDGE_CURVE('',#6414,#6415,#580,.T.);
#5044=EDGE_CURVE('',#6416,#6414,#7459,.T.);
#5045=EDGE_CURVE('',#6416,#6417,#581,.T.);
#5046=EDGE_CURVE('',#6417,#6415,#7460,.T.);
#5047=EDGE_CURVE('',#6418,#6414,#7461,.T.);
#5048=EDGE_CURVE('',#6419,#6418,#7462,.T.);
#5049=EDGE_CURVE('',#6419,#6416,#7463,.T.);
#5050=EDGE_CURVE('',#6420,#6418,#582,.T.);
#5051=EDGE_CURVE('',#6421,#6420,#7464,.T.);
#5052=EDGE_CURVE('',#6421,#6419,#583,.T.);
#5053=EDGE_CURVE('',#6422,#6420,#584,.T.);
#5054=EDGE_CURVE('',#6423,#6422,#7465,.T.);
#5055=EDGE_CURVE('',#6423,#6421,#585,.T.);
#5056=EDGE_CURVE('',#6424,#6422,#586,.T.);
#5057=EDGE_CURVE('',#6425,#6424,#7466,.T.);
#5058=EDGE_CURVE('',#6425,#6423,#587,.T.);
#5059=EDGE_CURVE('',#6426,#6424,#588,.T.);
#5060=EDGE_CURVE('',#6427,#6426,#7467,.T.);
#5061=EDGE_CURVE('',#6427,#6425,#589,.T.);
#5062=EDGE_CURVE('',#6428,#6426,#7468,.T.);
#5063=EDGE_CURVE('',#6429,#6428,#7469,.T.);
#5064=EDGE_CURVE('',#6429,#6427,#7470,.T.);
#5065=EDGE_CURVE('',#6430,#6428,#590,.T.);
#5066=EDGE_CURVE('',#6431,#6430,#7471,.T.);
#5067=EDGE_CURVE('',#6431,#6429,#591,.T.);
#5068=EDGE_CURVE('',#6432,#6430,#592,.T.);
#5069=EDGE_CURVE('',#6433,#6432,#7472,.T.);
#5070=EDGE_CURVE('',#6433,#6431,#593,.T.);
#5071=EDGE_CURVE('',#6434,#5596,#7473,.T.);
#5072=EDGE_CURVE('',#6434,#6435,#594,.T.);
#5073=EDGE_CURVE('',#6435,#5597,#7474,.T.);
#5074=EDGE_CURVE('',#6436,#5595,#7475,.T.);
#5075=EDGE_CURVE('',#6436,#6434,#7476,.T.);
#5076=EDGE_CURVE('',#6437,#5604,#7477,.T.);
#5077=EDGE_CURVE('',#6437,#6436,#595,.T.);
#5078=EDGE_CURVE('',#6438,#5603,#7478,.T.);
#5079=EDGE_CURVE('',#6438,#6437,#596,.T.);
#5080=EDGE_CURVE('',#6439,#5602,#7479,.T.);
#5081=EDGE_CURVE('',#6439,#6438,#597,.T.);
#5082=EDGE_CURVE('',#6440,#5601,#7480,.T.);
#5083=EDGE_CURVE('',#6440,#6439,#598,.T.);
#5084=EDGE_CURVE('',#6441,#5600,#7481,.T.);
#5085=EDGE_CURVE('',#6441,#6440,#7482,.T.);
#5086=EDGE_CURVE('',#6442,#5599,#7483,.T.);
#5087=EDGE_CURVE('',#6442,#6441,#599,.T.);
#5088=EDGE_CURVE('',#6443,#5598,#7484,.T.);
#5089=EDGE_CURVE('',#6443,#6442,#600,.T.);
#5090=EDGE_CURVE('',#6435,#6443,#601,.T.);
#5091=EDGE_CURVE('',#6415,#6432,#602,.T.);
#5092=EDGE_CURVE('',#6417,#6433,#603,.T.);
#5093=EDGE_CURVE('',#6444,#6445,#604,.T.);
#5094=EDGE_CURVE('',#6446,#6444,#7485,.T.);
#5095=EDGE_CURVE('',#6446,#6447,#605,.T.);
#5096=EDGE_CURVE('',#6447,#6445,#7486,.T.);
#5097=EDGE_CURVE('',#6448,#6444,#7487,.T.);
#5098=EDGE_CURVE('',#6449,#6448,#7488,.T.);
#5099=EDGE_CURVE('',#6449,#6446,#7489,.T.);
#5100=EDGE_CURVE('',#6450,#6448,#606,.T.);
#5101=EDGE_CURVE('',#6451,#6450,#7490,.T.);
#5102=EDGE_CURVE('',#6451,#6449,#607,.T.);
#5103=EDGE_CURVE('',#6452,#6450,#608,.T.);
#5104=EDGE_CURVE('',#6453,#6452,#7491,.T.);
#5105=EDGE_CURVE('',#6453,#6451,#609,.T.);
#5106=EDGE_CURVE('',#6454,#6452,#610,.T.);
#5107=EDGE_CURVE('',#6455,#6454,#7492,.T.);
#5108=EDGE_CURVE('',#6455,#6453,#611,.T.);
#5109=EDGE_CURVE('',#6456,#6454,#612,.T.);
#5110=EDGE_CURVE('',#6457,#6456,#7493,.T.);
#5111=EDGE_CURVE('',#6457,#6455,#613,.T.);
#5112=EDGE_CURVE('',#6458,#6456,#7494,.T.);
#5113=EDGE_CURVE('',#6459,#6458,#7495,.T.);
#5114=EDGE_CURVE('',#6459,#6457,#7496,.T.);
#5115=EDGE_CURVE('',#6460,#6458,#614,.T.);
#5116=EDGE_CURVE('',#6461,#6460,#7497,.T.);
#5117=EDGE_CURVE('',#6461,#6459,#615,.T.);
#5118=EDGE_CURVE('',#6462,#6460,#616,.T.);
#5119=EDGE_CURVE('',#6463,#6462,#7498,.T.);
#5120=EDGE_CURVE('',#6463,#6461,#617,.T.);
#5121=EDGE_CURVE('',#6464,#5837,#7499,.T.);
#5122=EDGE_CURVE('',#6464,#6465,#618,.T.);
#5123=EDGE_CURVE('',#6465,#5838,#7500,.T.);
#5124=EDGE_CURVE('',#6466,#5836,#7501,.T.);
#5125=EDGE_CURVE('',#6466,#6464,#7502,.T.);
#5126=EDGE_CURVE('',#6467,#5845,#7503,.T.);
#5127=EDGE_CURVE('',#6467,#6466,#619,.T.);
#5128=EDGE_CURVE('',#6468,#5844,#7504,.T.);
#5129=EDGE_CURVE('',#6468,#6467,#620,.T.);
#5130=EDGE_CURVE('',#6469,#5843,#7505,.T.);
#5131=EDGE_CURVE('',#6469,#6468,#621,.T.);
#5132=EDGE_CURVE('',#6470,#5842,#7506,.T.);
#5133=EDGE_CURVE('',#6470,#6469,#622,.T.);
#5134=EDGE_CURVE('',#6471,#5841,#7507,.T.);
#5135=EDGE_CURVE('',#6471,#6470,#7508,.T.);
#5136=EDGE_CURVE('',#6472,#5840,#7509,.T.);
#5137=EDGE_CURVE('',#6472,#6471,#623,.T.);
#5138=EDGE_CURVE('',#6473,#5839,#7510,.T.);
#5139=EDGE_CURVE('',#6473,#6472,#624,.T.);
#5140=EDGE_CURVE('',#6465,#6473,#625,.T.);
#5141=EDGE_CURVE('',#6445,#6462,#626,.T.);
#5142=EDGE_CURVE('',#6447,#6463,#627,.T.);
#5143=EDGE_CURVE('',#6474,#5847,#7511,.T.);
#5144=EDGE_CURVE('',#6474,#6475,#7512,.T.);
#5145=EDGE_CURVE('',#6475,#5848,#7513,.T.);
#5146=EDGE_CURVE('',#6476,#5846,#7514,.T.);
#5147=EDGE_CURVE('',#6476,#6474,#7515,.T.);
#5148=EDGE_CURVE('',#6477,#5855,#7516,.T.);
#5149=EDGE_CURVE('',#6477,#6476,#7517,.T.);
#5150=EDGE_CURVE('',#6478,#5854,#7518,.T.);
#5151=EDGE_CURVE('',#6478,#6477,#7519,.T.);
#5152=EDGE_CURVE('',#6479,#5853,#7520,.T.);
#5153=EDGE_CURVE('',#6479,#6478,#7521,.T.);
#5154=EDGE_CURVE('',#6480,#5852,#7522,.T.);
#5155=EDGE_CURVE('',#6480,#6479,#7523,.T.);
#5156=EDGE_CURVE('',#6481,#5851,#7524,.T.);
#5157=EDGE_CURVE('',#6481,#6480,#7525,.T.);
#5158=EDGE_CURVE('',#6482,#5850,#7526,.T.);
#5159=EDGE_CURVE('',#6482,#6481,#7527,.T.);
#5160=EDGE_CURVE('',#6483,#5849,#7528,.T.);
#5161=EDGE_CURVE('',#6483,#6482,#7529,.T.);
#5162=EDGE_CURVE('',#6475,#6483,#7530,.T.);
#5163=EDGE_CURVE('',#6484,#5857,#7531,.T.);
#5164=EDGE_CURVE('',#6484,#6485,#7532,.T.);
#5165=EDGE_CURVE('',#6485,#5858,#7533,.T.);
#5166=EDGE_CURVE('',#6486,#5856,#7534,.T.);
#5167=EDGE_CURVE('',#6486,#6484,#7535,.T.);
#5168=EDGE_CURVE('',#6487,#5859,#7536,.T.);
#5169=EDGE_CURVE('',#6487,#6486,#7537,.T.);
#5170=EDGE_CURVE('',#6485,#6487,#7538,.T.);
#5171=EDGE_CURVE('',#6488,#5861,#7539,.T.);
#5172=EDGE_CURVE('',#6488,#6489,#7540,.T.);
#5173=EDGE_CURVE('',#6489,#5862,#7541,.T.);
#5174=EDGE_CURVE('',#6490,#5860,#7542,.T.);
#5175=EDGE_CURVE('',#6490,#6488,#7543,.T.);
#5176=EDGE_CURVE('',#6491,#5869,#7544,.T.);
#5177=EDGE_CURVE('',#6491,#6490,#7545,.T.);
#5178=EDGE_CURVE('',#6492,#5868,#7546,.T.);
#5179=EDGE_CURVE('',#6492,#6491,#7547,.T.);
#5180=EDGE_CURVE('',#6493,#5867,#7548,.T.);
#5181=EDGE_CURVE('',#6493,#6492,#7549,.T.);
#5182=EDGE_CURVE('',#6494,#5866,#7550,.T.);
#5183=EDGE_CURVE('',#6494,#6493,#7551,.T.);
#5184=EDGE_CURVE('',#6495,#5865,#7552,.T.);
#5185=EDGE_CURVE('',#6495,#6494,#7553,.T.);
#5186=EDGE_CURVE('',#6496,#5864,#7554,.T.);
#5187=EDGE_CURVE('',#6496,#6495,#7555,.T.);
#5188=EDGE_CURVE('',#6497,#5863,#7556,.T.);
#5189=EDGE_CURVE('',#6497,#6496,#7557,.T.);
#5190=EDGE_CURVE('',#6489,#6497,#7558,.T.);
#5191=EDGE_CURVE('',#6498,#5871,#7559,.T.);
#5192=EDGE_CURVE('',#6498,#6499,#7560,.T.);
#5193=EDGE_CURVE('',#6499,#5872,#7561,.T.);
#5194=EDGE_CURVE('',#6500,#5870,#7562,.T.);
#5195=EDGE_CURVE('',#6500,#6498,#7563,.T.);
#5196=EDGE_CURVE('',#6501,#5873,#7564,.T.);
#5197=EDGE_CURVE('',#6501,#6500,#7565,.T.);
#5198=EDGE_CURVE('',#6499,#6501,#7566,.T.);
#5199=EDGE_CURVE('',#6502,#5875,#7567,.T.);
#5200=EDGE_CURVE('',#6502,#6503,#7568,.T.);
#5201=EDGE_CURVE('',#6503,#5876,#7569,.T.);
#5202=EDGE_CURVE('',#6504,#5874,#7570,.T.);
#5203=EDGE_CURVE('',#6504,#6502,#7571,.T.);
#5204=EDGE_CURVE('',#6505,#5899,#7572,.T.);
#5205=EDGE_CURVE('',#6505,#6504,#7573,.T.);
#5206=EDGE_CURVE('',#6506,#5898,#7574,.T.);
#5207=EDGE_CURVE('',#6506,#6505,#7575,.T.);
#5208=EDGE_CURVE('',#6507,#5897,#7576,.T.);
#5209=EDGE_CURVE('',#6507,#6506,#7577,.T.);
#5210=EDGE_CURVE('',#6508,#5896,#7578,.T.);
#5211=EDGE_CURVE('',#6508,#6507,#7579,.T.);
#5212=EDGE_CURVE('',#6509,#5895,#7580,.T.);
#5213=EDGE_CURVE('',#6509,#6508,#350,.T.);
#5214=EDGE_CURVE('',#6510,#5894,#7581,.T.);
#5215=EDGE_CURVE('',#6510,#6509,#351,.T.);
#5216=EDGE_CURVE('',#6511,#5893,#7582,.T.);
#5217=EDGE_CURVE('',#6511,#6510,#628,.T.);
#5218=EDGE_CURVE('',#6512,#5892,#7583,.T.);
#5219=EDGE_CURVE('',#6512,#6511,#629,.T.);
#5220=EDGE_CURVE('',#6513,#5891,#7584,.T.);
#5221=EDGE_CURVE('',#6513,#6512,#7585,.T.);
#5222=EDGE_CURVE('',#6514,#5890,#7586,.T.);
#5223=EDGE_CURVE('',#6514,#6513,#7587,.T.);
#5224=EDGE_CURVE('',#6515,#5889,#7588,.T.);
#5225=EDGE_CURVE('',#6515,#6514,#7589,.T.);
#5226=EDGE_CURVE('',#6516,#5888,#7590,.T.);
#5227=EDGE_CURVE('',#6516,#6515,#7591,.T.);
#5228=EDGE_CURVE('',#6517,#5887,#7592,.T.);
#5229=EDGE_CURVE('',#6517,#6516,#7593,.T.);
#5230=EDGE_CURVE('',#6518,#5886,#7594,.T.);
#5231=EDGE_CURVE('',#6518,#6517,#7595,.T.);
#5232=EDGE_CURVE('',#6519,#5885,#7596,.T.);
#5233=EDGE_CURVE('',#6519,#6518,#7597,.T.);
#5234=EDGE_CURVE('',#6520,#5884,#7598,.T.);
#5235=EDGE_CURVE('',#6520,#6519,#630,.T.);
#5236=EDGE_CURVE('',#6521,#5883,#7599,.T.);
#5237=EDGE_CURVE('',#6521,#6520,#631,.T.);
#5238=EDGE_CURVE('',#6522,#5882,#7600,.T.);
#5239=EDGE_CURVE('',#6522,#6521,#352,.F.);
#5240=EDGE_CURVE('',#6523,#5881,#7601,.T.);
#5241=EDGE_CURVE('',#6523,#6522,#353,.F.);
#5242=EDGE_CURVE('',#6524,#5880,#7602,.T.);
#5243=EDGE_CURVE('',#6524,#6523,#7603,.T.);
#5244=EDGE_CURVE('',#6525,#5879,#7604,.T.);
#5245=EDGE_CURVE('',#6525,#6524,#7605,.T.);
#5246=EDGE_CURVE('',#6526,#5878,#7606,.T.);
#5247=EDGE_CURVE('',#6526,#6525,#7607,.T.);
#5248=EDGE_CURVE('',#6527,#5877,#7608,.T.);
#5249=EDGE_CURVE('',#6527,#6526,#7609,.T.);
#5250=EDGE_CURVE('',#6503,#6527,#7610,.T.);
#5251=EDGE_CURVE('',#6528,#5901,#7611,.T.);
#5252=EDGE_CURVE('',#6528,#6529,#354,.F.);
#5253=EDGE_CURVE('',#6529,#5902,#7612,.T.);
#5254=EDGE_CURVE('',#6530,#5900,#7613,.T.);
#5255=EDGE_CURVE('',#6530,#6528,#7614,.T.);
#5256=EDGE_CURVE('',#6531,#5921,#7615,.T.);
#5257=EDGE_CURVE('',#6531,#6530,#7616,.T.);
#5258=EDGE_CURVE('',#6532,#5920,#7617,.T.);
#5259=EDGE_CURVE('',#6532,#6531,#7618,.T.);
#5260=EDGE_CURVE('',#6533,#5919,#7619,.T.);
#5261=EDGE_CURVE('',#6533,#6532,#7620,.T.);
#5262=EDGE_CURVE('',#6534,#5918,#7621,.T.);
#5263=EDGE_CURVE('',#6534,#6533,#7622,.T.);
#5264=EDGE_CURVE('',#6535,#5917,#7623,.T.);
#5265=EDGE_CURVE('',#6535,#6534,#7624,.T.);
#5266=EDGE_CURVE('',#6536,#5916,#7625,.T.);
#5267=EDGE_CURVE('',#6536,#6535,#7626,.T.);
#5268=EDGE_CURVE('',#6537,#5915,#7627,.T.);
#5269=EDGE_CURVE('',#6537,#6536,#7628,.T.);
#5270=EDGE_CURVE('',#6538,#5914,#7629,.T.);
#5271=EDGE_CURVE('',#6538,#6537,#7630,.T.);
#5272=EDGE_CURVE('',#6539,#5913,#7631,.T.);
#5273=EDGE_CURVE('',#6539,#6538,#355,.T.);
#5274=EDGE_CURVE('',#6540,#5912,#7632,.T.);
#5275=EDGE_CURVE('',#6540,#6539,#356,.T.);
#5276=EDGE_CURVE('',#6541,#5911,#7633,.T.);
#5277=EDGE_CURVE('',#6541,#6540,#632,.T.);
#5278=EDGE_CURVE('',#6542,#5910,#7634,.T.);
#5279=EDGE_CURVE('',#6542,#6541,#633,.T.);
#5280=EDGE_CURVE('',#6543,#5909,#7635,.T.);
#5281=EDGE_CURVE('',#6543,#6542,#7636,.T.);
#5282=EDGE_CURVE('',#6544,#5908,#7637,.T.);
#5283=EDGE_CURVE('',#6544,#6543,#7638,.T.);
#5284=EDGE_CURVE('',#6545,#5907,#7639,.T.);
#5285=EDGE_CURVE('',#6545,#6544,#7640,.T.);
#5286=EDGE_CURVE('',#6546,#5906,#7641,.T.);
#5287=EDGE_CURVE('',#6546,#6545,#7642,.T.);
#5288=EDGE_CURVE('',#6547,#5905,#7643,.T.);
#5289=EDGE_CURVE('',#6547,#6546,#7644,.T.);
#5290=EDGE_CURVE('',#6548,#5904,#7645,.T.);
#5291=EDGE_CURVE('',#6548,#6547,#634,.T.);
#5292=EDGE_CURVE('',#6549,#5903,#7646,.T.);
#5293=EDGE_CURVE('',#6549,#6548,#635,.T.);
#5294=EDGE_CURVE('',#6529,#6549,#357,.F.);
#5295=EDGE_CURVE('',#6550,#5923,#7647,.T.);
#5296=EDGE_CURVE('',#6550,#6551,#7648,.T.);
#5297=EDGE_CURVE('',#6551,#5924,#7649,.T.);
#5298=EDGE_CURVE('',#6552,#5922,#7650,.T.);
#5299=EDGE_CURVE('',#6552,#6550,#7651,.T.);
#5300=EDGE_CURVE('',#6553,#5931,#7652,.T.);
#5301=EDGE_CURVE('',#6553,#6552,#7653,.T.);
#5302=EDGE_CURVE('',#6554,#5930,#7654,.T.);
#5303=EDGE_CURVE('',#6554,#6553,#7655,.T.);
#5304=EDGE_CURVE('',#6555,#5929,#7656,.T.);
#5305=EDGE_CURVE('',#6555,#6554,#7657,.T.);
#5306=EDGE_CURVE('',#6556,#5928,#7658,.T.);
#5307=EDGE_CURVE('',#6556,#6555,#7659,.T.);
#5308=EDGE_CURVE('',#6557,#5927,#7660,.T.);
#5309=EDGE_CURVE('',#6557,#6556,#7661,.T.);
#5310=EDGE_CURVE('',#6558,#5926,#7662,.T.);
#5311=EDGE_CURVE('',#6558,#6557,#7663,.T.);
#5312=EDGE_CURVE('',#6559,#5925,#7664,.T.);
#5313=EDGE_CURVE('',#6559,#6558,#7665,.T.);
#5314=EDGE_CURVE('',#6551,#6559,#7666,.T.);
#5315=EDGE_CURVE('',#6560,#5933,#7667,.T.);
#5316=EDGE_CURVE('',#6560,#6561,#7668,.T.);
#5317=EDGE_CURVE('',#6561,#5934,#7669,.T.);
#5318=EDGE_CURVE('',#6562,#5932,#7670,.T.);
#5319=EDGE_CURVE('',#6562,#6560,#7671,.T.);
#5320=EDGE_CURVE('',#6563,#5935,#7672,.T.);
#5321=EDGE_CURVE('',#6563,#6562,#7673,.T.);
#5322=EDGE_CURVE('',#6561,#6563,#7674,.T.);
#5323=EDGE_CURVE('',#6564,#5937,#7675,.T.);
#5324=EDGE_CURVE('',#6564,#6565,#7676,.T.);
#5325=EDGE_CURVE('',#6565,#5938,#7677,.T.);
#5326=EDGE_CURVE('',#6566,#5936,#7678,.T.);
#5327=EDGE_CURVE('',#6566,#6564,#7679,.T.);
#5328=EDGE_CURVE('',#6567,#5953,#7680,.T.);
#5329=EDGE_CURVE('',#6567,#6566,#7681,.T.);
#5330=EDGE_CURVE('',#6568,#5952,#7682,.T.);
#5331=EDGE_CURVE('',#6568,#6567,#7683,.T.);
#5332=EDGE_CURVE('',#6569,#5951,#7684,.T.);
#5333=EDGE_CURVE('',#6569,#6568,#7685,.T.);
#5334=EDGE_CURVE('',#6570,#5950,#7686,.T.);
#5335=EDGE_CURVE('',#6570,#6569,#7687,.T.);
#5336=EDGE_CURVE('',#6571,#5949,#7688,.T.);
#5337=EDGE_CURVE('',#6571,#6570,#7689,.T.);
#5338=EDGE_CURVE('',#6572,#5948,#7690,.T.);
#5339=EDGE_CURVE('',#6572,#6571,#7691,.T.);
#5340=EDGE_CURVE('',#6573,#5947,#7692,.T.);
#5341=EDGE_CURVE('',#6573,#6572,#7693,.T.);
#5342=EDGE_CURVE('',#6574,#5946,#7694,.T.);
#5343=EDGE_CURVE('',#6574,#6573,#7695,.T.);
#5344=EDGE_CURVE('',#6575,#5945,#7696,.T.);
#5345=EDGE_CURVE('',#6575,#6574,#7697,.T.);
#5346=EDGE_CURVE('',#6576,#5944,#7698,.T.);
#5347=EDGE_CURVE('',#6576,#6575,#7699,.T.);
#5348=EDGE_CURVE('',#6577,#5943,#7700,.T.);
#5349=EDGE_CURVE('',#6577,#6576,#7701,.T.);
#5350=EDGE_CURVE('',#6578,#5942,#7702,.T.);
#5351=EDGE_CURVE('',#6578,#6577,#7703,.T.);
#5352=EDGE_CURVE('',#6579,#5941,#7704,.T.);
#5353=EDGE_CURVE('',#6579,#6578,#7705,.T.);
#5354=EDGE_CURVE('',#6580,#5940,#7706,.T.);
#5355=EDGE_CURVE('',#6580,#6579,#7707,.T.);
#5356=EDGE_CURVE('',#6581,#5939,#7708,.T.);
#5357=EDGE_CURVE('',#6581,#6580,#7709,.T.);
#5358=EDGE_CURVE('',#6565,#6581,#7710,.T.);
#5359=EDGE_CURVE('',#6582,#5955,#7711,.T.);
#5360=EDGE_CURVE('',#6582,#6583,#7712,.T.);
#5361=EDGE_CURVE('',#6583,#5956,#7713,.T.);
#5362=EDGE_CURVE('',#6584,#5954,#7714,.T.);
#5363=EDGE_CURVE('',#6584,#6582,#7715,.T.);
#5364=EDGE_CURVE('',#6585,#5957,#7716,.T.);
#5365=EDGE_CURVE('',#6585,#6584,#7717,.T.);
#5366=EDGE_CURVE('',#6583,#6585,#7718,.T.);
#5367=EDGE_CURVE('',#6586,#5959,#7719,.T.);
#5368=EDGE_CURVE('',#6586,#6587,#7720,.T.);
#5369=EDGE_CURVE('',#6587,#5960,#7721,.T.);
#5370=EDGE_CURVE('',#6588,#5958,#7722,.T.);
#5371=EDGE_CURVE('',#6588,#6586,#7723,.T.);
#5372=EDGE_CURVE('',#6589,#5975,#7724,.T.);
#5373=EDGE_CURVE('',#6589,#6588,#7725,.T.);
#5374=EDGE_CURVE('',#6590,#5974,#7726,.T.);
#5375=EDGE_CURVE('',#6590,#6589,#7727,.T.);
#5376=EDGE_CURVE('',#6591,#5973,#7728,.T.);
#5377=EDGE_CURVE('',#6591,#6590,#7729,.T.);
#5378=EDGE_CURVE('',#6592,#5972,#7730,.T.);
#5379=EDGE_CURVE('',#6592,#6591,#7731,.T.);
#5380=EDGE_CURVE('',#6593,#5971,#7732,.T.);
#5381=EDGE_CURVE('',#6593,#6592,#7733,.T.);
#5382=EDGE_CURVE('',#6594,#5970,#7734,.T.);
#5383=EDGE_CURVE('',#6594,#6593,#7735,.T.);
#5384=EDGE_CURVE('',#6595,#5969,#7736,.T.);
#5385=EDGE_CURVE('',#6595,#6594,#7737,.T.);
#5386=EDGE_CURVE('',#6596,#5968,#7738,.T.);
#5387=EDGE_CURVE('',#6596,#6595,#7739,.T.);
#5388=EDGE_CURVE('',#6597,#5967,#7740,.T.);
#5389=EDGE_CURVE('',#6597,#6596,#7741,.T.);
#5390=EDGE_CURVE('',#6598,#5966,#7742,.T.);
#5391=EDGE_CURVE('',#6598,#6597,#7743,.T.);
#5392=EDGE_CURVE('',#6599,#5965,#7744,.T.);
#5393=EDGE_CURVE('',#6599,#6598,#7745,.T.);
#5394=EDGE_CURVE('',#6600,#5964,#7746,.T.);
#5395=EDGE_CURVE('',#6600,#6599,#7747,.T.);
#5396=EDGE_CURVE('',#6601,#5963,#7748,.T.);
#5397=EDGE_CURVE('',#6601,#6600,#7749,.T.);
#5398=EDGE_CURVE('',#6602,#5962,#7750,.T.);
#5399=EDGE_CURVE('',#6602,#6601,#7751,.T.);
#5400=EDGE_CURVE('',#6603,#5961,#7752,.T.);
#5401=EDGE_CURVE('',#6603,#6602,#7753,.T.);
#5402=EDGE_CURVE('',#6587,#6603,#7754,.T.);
#5403=EDGE_CURVE('',#6604,#5977,#7755,.T.);
#5404=EDGE_CURVE('',#6604,#6605,#7756,.T.);
#5405=EDGE_CURVE('',#6605,#5978,#7757,.T.);
#5406=EDGE_CURVE('',#6606,#5976,#7758,.T.);
#5407=EDGE_CURVE('',#6606,#6604,#7759,.T.);
#5408=EDGE_CURVE('',#6607,#5985,#7760,.T.);
#5409=EDGE_CURVE('',#6607,#6606,#7761,.T.);
#5410=EDGE_CURVE('',#6608,#5984,#7762,.T.);
#5411=EDGE_CURVE('',#6608,#6607,#7763,.T.);
#5412=EDGE_CURVE('',#6609,#5983,#7764,.T.);
#5413=EDGE_CURVE('',#6609,#6608,#7765,.T.);
#5414=EDGE_CURVE('',#6610,#5982,#7766,.T.);
#5415=EDGE_CURVE('',#6610,#6609,#7767,.T.);
#5416=EDGE_CURVE('',#6611,#5981,#7768,.T.);
#5417=EDGE_CURVE('',#6611,#6610,#7769,.T.);
#5418=EDGE_CURVE('',#6612,#5980,#7770,.T.);
#5419=EDGE_CURVE('',#6612,#6611,#7771,.T.);
#5420=EDGE_CURVE('',#6613,#5979,#7772,.T.);
#5421=EDGE_CURVE('',#6613,#6612,#7773,.T.);
#5422=EDGE_CURVE('',#6605,#6613,#7774,.T.);
#5423=EDGE_CURVE('',#6614,#5987,#7775,.T.);
#5424=EDGE_CURVE('',#6614,#6615,#7776,.T.);
#5425=EDGE_CURVE('',#6615,#5988,#7777,.T.);
#5426=EDGE_CURVE('',#6616,#5986,#7778,.T.);
#5427=EDGE_CURVE('',#6616,#6614,#7779,.T.);
#5428=EDGE_CURVE('',#6617,#6008,#7780,.T.);
#5429=EDGE_CURVE('',#6617,#6616,#7781,.T.);
#5430=EDGE_CURVE('',#6618,#6007,#7782,.T.);
#5431=EDGE_CURVE('',#6618,#6617,#7783,.T.);
#5432=EDGE_CURVE('',#6619,#6006,#7784,.T.);
#5433=EDGE_CURVE('',#6619,#6618,#7785,.T.);
#5434=EDGE_CURVE('',#6620,#6005,#7786,.T.);
#5435=EDGE_CURVE('',#6620,#6619,#7787,.T.);
#5436=EDGE_CURVE('',#6621,#6004,#7788,.T.);
#5437=EDGE_CURVE('',#6621,#6620,#7789,.T.);
#5438=EDGE_CURVE('',#6622,#6003,#7790,.T.);
#5439=EDGE_CURVE('',#6622,#6621,#7791,.T.);
#5440=EDGE_CURVE('',#6623,#6002,#7792,.T.);
#5441=EDGE_CURVE('',#6623,#6622,#636,.T.);
#5442=EDGE_CURVE('',#6624,#6001,#7793,.T.);
#5443=EDGE_CURVE('',#6624,#6623,#358,.F.);
#5444=EDGE_CURVE('',#6625,#6000,#7794,.T.);
#5445=EDGE_CURVE('',#6625,#6624,#637,.T.);
#5446=EDGE_CURVE('',#6626,#5999,#7795,.T.);
#5447=EDGE_CURVE('',#6626,#6625,#638,.T.);
#5448=EDGE_CURVE('',#6627,#5998,#7796,.T.);
#5449=EDGE_CURVE('',#6627,#6626,#639,.T.);
#5450=EDGE_CURVE('',#6628,#5997,#7797,.T.);
#5451=EDGE_CURVE('',#6628,#6627,#640,.T.);
#5452=EDGE_CURVE('',#6629,#5996,#7798,.T.);
#5453=EDGE_CURVE('',#6629,#6628,#7799,.T.);
#5454=EDGE_CURVE('',#6630,#5995,#7800,.T.);
#5455=EDGE_CURVE('',#6630,#6629,#7801,.T.);
#5456=EDGE_CURVE('',#6631,#5994,#7802,.T.);
#5457=EDGE_CURVE('',#6631,#6630,#641,.T.);
#5458=EDGE_CURVE('',#6632,#5993,#7803,.T.);
#5459=EDGE_CURVE('',#6632,#6631,#642,.T.);
#5460=EDGE_CURVE('',#6633,#5992,#7804,.T.);
#5461=EDGE_CURVE('',#6633,#6632,#643,.T.);
#5462=EDGE_CURVE('',#6634,#5991,#7805,.T.);
#5463=EDGE_CURVE('',#6634,#6633,#644,.T.);
#5464=EDGE_CURVE('',#6635,#5990,#7806,.T.);
#5465=EDGE_CURVE('',#6635,#6634,#645,.T.);
#5466=EDGE_CURVE('',#6636,#5989,#7807,.T.);
#5467=EDGE_CURVE('',#6636,#6635,#646,.T.);
#5468=EDGE_CURVE('',#6615,#6636,#7808,.T.);
#5469=EDGE_CURVE('',#6637,#6010,#7809,.T.);
#5470=EDGE_CURVE('',#6637,#6638,#7810,.T.);
#5471=EDGE_CURVE('',#6638,#6011,#7811,.T.);
#5472=EDGE_CURVE('',#6639,#6009,#7812,.T.);
#5473=EDGE_CURVE('',#6639,#6637,#7813,.T.);
#5474=EDGE_CURVE('',#6640,#6018,#7814,.T.);
#5475=EDGE_CURVE('',#6640,#6639,#7815,.T.);
#5476=EDGE_CURVE('',#6641,#6017,#7816,.T.);
#5477=EDGE_CURVE('',#6641,#6640,#7817,.T.);
#5478=EDGE_CURVE('',#6642,#6016,#7818,.T.);
#5479=EDGE_CURVE('',#6642,#6641,#7819,.T.);
#5480=EDGE_CURVE('',#6643,#6015,#7820,.T.);
#5481=EDGE_CURVE('',#6643,#6642,#7821,.T.);
#5482=EDGE_CURVE('',#6644,#6014,#7822,.T.);
#5483=EDGE_CURVE('',#6644,#6643,#7823,.T.);
#5484=EDGE_CURVE('',#6645,#6013,#7824,.T.);
#5485=EDGE_CURVE('',#6645,#6644,#7825,.T.);
#5486=EDGE_CURVE('',#6646,#6012,#7826,.T.);
#5487=EDGE_CURVE('',#6646,#6645,#7827,.T.);
#5488=EDGE_CURVE('',#6638,#6646,#7828,.T.);
#5489=EDGE_CURVE('',#6647,#6020,#7829,.T.);
#5490=EDGE_CURVE('',#6647,#6648,#7830,.T.);
#5491=EDGE_CURVE('',#6648,#6021,#7831,.T.);
#5492=EDGE_CURVE('',#6649,#6019,#7832,.T.);
#5493=EDGE_CURVE('',#6649,#6647,#7833,.T.);
#5494=EDGE_CURVE('',#6650,#6038,#7834,.T.);
#5495=EDGE_CURVE('',#6650,#6649,#7835,.T.);
#5496=EDGE_CURVE('',#6651,#6037,#7836,.T.);
#5497=EDGE_CURVE('',#6651,#6650,#7837,.T.);
#5498=EDGE_CURVE('',#6652,#6036,#7838,.T.);
#5499=EDGE_CURVE('',#6652,#6651,#7839,.T.);
#5500=EDGE_CURVE('',#6653,#6035,#7840,.T.);
#5501=EDGE_CURVE('',#6653,#6652,#7841,.T.);
#5502=EDGE_CURVE('',#6654,#6034,#7842,.T.);
#5503=EDGE_CURVE('',#6654,#6653,#7843,.T.);
#5504=EDGE_CURVE('',#6655,#6033,#7844,.T.);
#5505=EDGE_CURVE('',#6655,#6654,#647,.T.);
#5506=EDGE_CURVE('',#6656,#6032,#7845,.T.);
#5507=EDGE_CURVE('',#6656,#6655,#648,.T.);
#5508=EDGE_CURVE('',#6657,#6031,#7846,.T.);
#5509=EDGE_CURVE('',#6657,#6656,#359,.F.);
#5510=EDGE_CURVE('',#6658,#6030,#7847,.T.);
#5511=EDGE_CURVE('',#6658,#6657,#360,.F.);
#5512=EDGE_CURVE('',#6659,#6029,#7848,.T.);
#5513=EDGE_CURVE('',#6659,#6658,#7849,.T.);
#5514=EDGE_CURVE('',#6660,#6028,#7850,.T.);
#5515=EDGE_CURVE('',#6660,#6659,#361,.T.);
#5516=EDGE_CURVE('',#6661,#6027,#7851,.T.);
#5517=EDGE_CURVE('',#6661,#6660,#362,.T.);
#5518=EDGE_CURVE('',#6662,#6026,#7852,.T.);
#5519=EDGE_CURVE('',#6662,#6661,#363,.T.);
#5520=EDGE_CURVE('',#6663,#6025,#7853,.T.);
#5521=EDGE_CURVE('',#6663,#6662,#649,.T.);
#5522=EDGE_CURVE('',#6664,#6024,#7854,.T.);
#5523=EDGE_CURVE('',#6664,#6663,#7855,.T.);
#5524=EDGE_CURVE('',#6665,#6023,#7856,.T.);
#5525=EDGE_CURVE('',#6665,#6664,#7857,.T.);
#5526=EDGE_CURVE('',#6666,#6022,#7858,.T.);
#5527=EDGE_CURVE('',#6666,#6665,#7859,.T.);
#5528=EDGE_CURVE('',#6648,#6666,#7860,.T.);
#5529=EDGE_CURVE('',#6667,#6040,#7861,.T.);
#5530=EDGE_CURVE('',#6667,#6668,#364,.F.);
#5531=EDGE_CURVE('',#6668,#6041,#7862,.T.);
#5532=EDGE_CURVE('',#6669,#6039,#7863,.T.);
#5533=EDGE_CURVE('',#6669,#6667,#7864,.T.);
#5534=EDGE_CURVE('',#6670,#6060,#7865,.T.);
#5535=EDGE_CURVE('',#6670,#6669,#7866,.T.);
#5536=EDGE_CURVE('',#6671,#6059,#7867,.T.);
#5537=EDGE_CURVE('',#6671,#6670,#7868,.T.);
#5538=EDGE_CURVE('',#6672,#6058,#7869,.T.);
#5539=EDGE_CURVE('',#6672,#6671,#7870,.T.);
#5540=EDGE_CURVE('',#6673,#6057,#7871,.T.);
#5541=EDGE_CURVE('',#6673,#6672,#7872,.T.);
#5542=EDGE_CURVE('',#6674,#6056,#7873,.T.);
#5543=EDGE_CURVE('',#6674,#6673,#7874,.T.);
#5544=EDGE_CURVE('',#6675,#6055,#7875,.T.);
#5545=EDGE_CURVE('',#6675,#6674,#7876,.T.);
#5546=EDGE_CURVE('',#6676,#6054,#7877,.T.);
#5547=EDGE_CURVE('',#6676,#6675,#7878,.T.);
#5548=EDGE_CURVE('',#6677,#6053,#7879,.T.);
#5549=EDGE_CURVE('',#6677,#6676,#7880,.T.);
#5550=EDGE_CURVE('',#6678,#6052,#7881,.T.);
#5551=EDGE_CURVE('',#6678,#6677,#365,.T.);
#5552=EDGE_CURVE('',#6679,#6051,#7882,.T.);
#5553=EDGE_CURVE('',#6679,#6678,#366,.T.);
#5554=EDGE_CURVE('',#6680,#6050,#7883,.T.);
#5555=EDGE_CURVE('',#6680,#6679,#650,.T.);
#5556=EDGE_CURVE('',#6681,#6049,#7884,.T.);
#5557=EDGE_CURVE('',#6681,#6680,#651,.T.);
#5558=EDGE_CURVE('',#6682,#6048,#7885,.T.);
#5559=EDGE_CURVE('',#6682,#6681,#7886,.T.);
#5560=EDGE_CURVE('',#6683,#6047,#7887,.T.);
#5561=EDGE_CURVE('',#6683,#6682,#7888,.T.);
#5562=EDGE_CURVE('',#6684,#6046,#7889,.T.);
#5563=EDGE_CURVE('',#6684,#6683,#7890,.T.);
#5564=EDGE_CURVE('',#6685,#6045,#7891,.T.);
#5565=EDGE_CURVE('',#6685,#6684,#7892,.T.);
#5566=EDGE_CURVE('',#6686,#6044,#7893,.T.);
#5567=EDGE_CURVE('',#6686,#6685,#7894,.T.);
#5568=EDGE_CURVE('',#6687,#6043,#7895,.T.);
#5569=EDGE_CURVE('',#6687,#6686,#652,.T.);
#5570=EDGE_CURVE('',#6688,#6042,#7896,.T.);
#5571=EDGE_CURVE('',#6688,#6687,#653,.T.);
#5572=EDGE_CURVE('',#6668,#6688,#367,.F.);
#5573=EDGE_CURVE('',#6689,#6690,#7897,.F.);
#5574=EDGE_CURVE('',#6690,#6691,#7898,.T.);
#5575=EDGE_CURVE('',#6691,#6692,#7899,.T.);
#5576=EDGE_CURVE('',#6692,#6689,#7900,.T.);
#5577=EDGE_CURVE('',#6693,#6694,#7901,.T.);
#5578=EDGE_CURVE('',#6694,#6695,#7902,.T.);
#5579=EDGE_CURVE('',#6696,#6695,#7903,.T.);
#5580=EDGE_CURVE('',#6693,#6696,#7904,.T.);
#5581=EDGE_CURVE('',#6067,#6697,#7905,.F.);
#5582=EDGE_CURVE('',#6697,#6698,#7906,.T.);
#5583=EDGE_CURVE('',#6698,#6068,#7907,.T.);
#5584=EDGE_CURVE('',#6697,#6699,#7908,.T.);
#5585=EDGE_CURVE('',#6699,#6700,#7909,.T.);
#5586=EDGE_CURVE('',#6698,#6700,#7910,.T.);
#5587=EDGE_CURVE('',#6689,#6694,#7911,.F.);
#5588=EDGE_CURVE('',#6105,#6693,#7912,.F.);
#5589=EDGE_CURVE('',#6084,#6690,#7913,.T.);
#5590=EDGE_CURVE('',#6082,#6696,#7914,.F.);
#5591=EDGE_CURVE('',#6695,#6692,#7915,.T.);
#5592=EDGE_CURVE('',#6691,#6083,#7916,.F.);
#5593=EDGE_CURVE('',#6699,#6070,#7917,.F.);
#5594=EDGE_CURVE('',#6700,#6069,#7918,.T.);
#5595=VERTEX_POINT('',#14476);
#5596=VERTEX_POINT('',#14477);
#5597=VERTEX_POINT('',#14481);
#5598=VERTEX_POINT('',#14485);
#5599=VERTEX_POINT('',#14489);
#5600=VERTEX_POINT('',#14493);
#5601=VERTEX_POINT('',#14495);
#5602=VERTEX_POINT('',#14499);
#5603=VERTEX_POINT('',#14503);
#5604=VERTEX_POINT('',#14507);
#5605=VERTEX_POINT('',#14512);
#5606=VERTEX_POINT('',#14513);
#5607=VERTEX_POINT('',#14515);
#5608=VERTEX_POINT('',#14517);
#5609=VERTEX_POINT('',#14521);
#5610=VERTEX_POINT('',#14525);
#5611=VERTEX_POINT('',#14527);
#5612=VERTEX_POINT('',#14531);
#5613=VERTEX_POINT('',#14535);
#5614=VERTEX_POINT('',#14537);
#5615=VERTEX_POINT('',#14539);
#5616=VERTEX_POINT('',#14541);
#5617=VERTEX_POINT('',#14543);
#5618=VERTEX_POINT('',#14545);
#5619=VERTEX_POINT('',#14547);
#5620=VERTEX_POINT('',#14549);
#5621=VERTEX_POINT('',#14551);
#5622=VERTEX_POINT('',#14553);
#5623=VERTEX_POINT('',#14556);
#5624=VERTEX_POINT('',#14557);
#5625=VERTEX_POINT('',#14559);
#5626=VERTEX_POINT('',#14561);
#5627=VERTEX_POINT('',#14563);
#5628=VERTEX_POINT('',#14565);
#5629=VERTEX_POINT('',#14567);
#5630=VERTEX_POINT('',#14569);
#5631=VERTEX_POINT('',#14572);
#5632=VERTEX_POINT('',#14573);
#5633=VERTEX_POINT('',#14577);
#5634=VERTEX_POINT('',#14581);
#5635=VERTEX_POINT('',#14585);
#5636=VERTEX_POINT('',#14589);
#5637=VERTEX_POINT('',#14591);
#5638=VERTEX_POINT('',#14595);
#5639=VERTEX_POINT('',#14599);
#5640=VERTEX_POINT('',#14603);
#5641=VERTEX_POINT('',#14608);
#5642=VERTEX_POINT('',#14609);
#5643=VERTEX_POINT('',#14611);
#5644=VERTEX_POINT('',#14613);
#5645=VERTEX_POINT('',#14617);
#5646=VERTEX_POINT('',#14621);
#5647=VERTEX_POINT('',#14623);
#5648=VERTEX_POINT('',#14627);
#5649=VERTEX_POINT('',#14631);
#5650=VERTEX_POINT('',#14633);
#5651=VERTEX_POINT('',#14635);
#5652=VERTEX_POINT('',#14637);
#5653=VERTEX_POINT('',#14639);
#5654=VERTEX_POINT('',#14641);
#5655=VERTEX_POINT('',#14643);
#5656=VERTEX_POINT('',#14645);
#5657=VERTEX_POINT('',#14647);
#5658=VERTEX_POINT('',#14649);
#5659=VERTEX_POINT('',#14652);
#5660=VERTEX_POINT('',#14654);
#5661=VERTEX_POINT('',#14656);
#5662=VERTEX_POINT('',#14658);
#5663=VERTEX_POINT('',#14660);
#5664=VERTEX_POINT('',#14662);
#5665=VERTEX_POINT('',#14664);
#5666=VERTEX_POINT('',#14666);
#5667=VERTEX_POINT('',#14668);
#5668=VERTEX_POINT('',#14670);
#5669=VERTEX_POINT('',#14672);
#5670=VERTEX_POINT('',#14674);
#5671=VERTEX_POINT('',#14675);
#5672=VERTEX_POINT('',#14677);
#5673=VERTEX_POINT('',#14679);
#5674=VERTEX_POINT('',#14681);
#5675=VERTEX_POINT('',#14683);
#5676=VERTEX_POINT('',#14685);
#5677=VERTEX_POINT('',#14687);
#5678=VERTEX_POINT('',#14690);
#5679=VERTEX_POINT('',#14691);
#5680=VERTEX_POINT('',#14693);
#5681=VERTEX_POINT('',#14695);
#5682=VERTEX_POINT('',#14697);
#5683=VERTEX_POINT('',#14699);
#5684=VERTEX_POINT('',#14701);
#5685=VERTEX_POINT('',#14703);
#5686=VERTEX_POINT('',#14706);
#5687=VERTEX_POINT('',#14708);
#5688=VERTEX_POINT('',#14709);
#5689=VERTEX_POINT('',#14717);
#5690=VERTEX_POINT('',#14719);
#5691=VERTEX_POINT('',#14727);
#5692=VERTEX_POINT('',#14729);
#5693=VERTEX_POINT('',#14732);
#5694=VERTEX_POINT('',#14733);
#5695=VERTEX_POINT('',#14735);
#5696=VERTEX_POINT('',#14737);
#5697=VERTEX_POINT('',#14739);
#5698=VERTEX_POINT('',#14741);
#5699=VERTEX_POINT('',#14743);
#5700=VERTEX_POINT('',#14745);
#5701=VERTEX_POINT('',#14747);
#5702=VERTEX_POINT('',#14749);
#5703=VERTEX_POINT('',#14751);
#5704=VERTEX_POINT('',#14753);
#5705=VERTEX_POINT('',#14755);
#5706=VERTEX_POINT('',#14757);
#5707=VERTEX_POINT('',#14759);
#5708=VERTEX_POINT('',#14761);
#5709=VERTEX_POINT('',#14763);
#5710=VERTEX_POINT('',#14765);
#5711=VERTEX_POINT('',#14768);
#5712=VERTEX_POINT('',#14769);
#5713=VERTEX_POINT('',#14771);
#5714=VERTEX_POINT('',#14773);
#5715=VERTEX_POINT('',#14775);
#5716=VERTEX_POINT('',#14777);
#5717=VERTEX_POINT('',#14779);
#5718=VERTEX_POINT('',#14781);
#5719=VERTEX_POINT('',#14783);
#5720=VERTEX_POINT('',#14785);
#5721=VERTEX_POINT('',#14787);
#5722=VERTEX_POINT('',#14789);
#5723=VERTEX_POINT('',#14792);
#5724=VERTEX_POINT('',#14793);
#5725=VERTEX_POINT('',#14795);
#5726=VERTEX_POINT('',#14797);
#5727=VERTEX_POINT('',#14799);
#5728=VERTEX_POINT('',#14801);
#5729=VERTEX_POINT('',#14803);
#5730=VERTEX_POINT('',#14805);
#5731=VERTEX_POINT('',#14807);
#5732=VERTEX_POINT('',#14809);
#5733=VERTEX_POINT('',#14812);
#5734=VERTEX_POINT('',#14813);
#5735=VERTEX_POINT('',#14815);
#5736=VERTEX_POINT('',#14817);
#5737=VERTEX_POINT('',#14821);
#5738=VERTEX_POINT('',#14825);
#5739=VERTEX_POINT('',#14829);
#5740=VERTEX_POINT('',#14833);
#5741=VERTEX_POINT('',#14837);
#5742=VERTEX_POINT('',#14841);
#5743=VERTEX_POINT('',#14843);
#5744=VERTEX_POINT('',#14845);
#5745=VERTEX_POINT('',#14849);
#5746=VERTEX_POINT('',#14853);
#5747=VERTEX_POINT('',#14857);
#5748=VERTEX_POINT('',#14861);
#5749=VERTEX_POINT('',#14863);
#5750=VERTEX_POINT('',#14867);
#5751=VERTEX_POINT('',#14869);
#5752=VERTEX_POINT('',#14871);
#5753=VERTEX_POINT('',#14873);
#5754=VERTEX_POINT('',#14875);
#5755=VERTEX_POINT('',#14877);
#5756=VERTEX_POINT('',#14880);
#5757=VERTEX_POINT('',#14881);
#5758=VERTEX_POINT('',#14883);
#5759=VERTEX_POINT('',#14885);
#5760=VERTEX_POINT('',#14887);
#5761=VERTEX_POINT('',#14889);
#5762=VERTEX_POINT('',#14891);
#5763=VERTEX_POINT('',#14893);
#5764=VERTEX_POINT('',#14895);
#5765=VERTEX_POINT('',#14897);
#5766=VERTEX_POINT('',#14899);
#5767=VERTEX_POINT('',#14901);
#5768=VERTEX_POINT('',#14903);
#5769=VERTEX_POINT('',#14905);
#5770=VERTEX_POINT('',#14907);
#5771=VERTEX_POINT('',#14909);
#5772=VERTEX_POINT('',#14911);
#5773=VERTEX_POINT('',#14913);
#5774=VERTEX_POINT('',#14916);
#5775=VERTEX_POINT('',#14917);
#5776=VERTEX_POINT('',#14921);
#5777=VERTEX_POINT('',#14925);
#5778=VERTEX_POINT('',#14927);
#5779=VERTEX_POINT('',#14931);
#5780=VERTEX_POINT('',#14935);
#5781=VERTEX_POINT('',#14939);
#5782=VERTEX_POINT('',#14943);
#5783=VERTEX_POINT('',#14945);
#5784=VERTEX_POINT('',#14947);
#5785=VERTEX_POINT('',#14949);
#5786=VERTEX_POINT('',#14953);
#5787=VERTEX_POINT('',#14957);
#5788=VERTEX_POINT('',#14961);
#5789=VERTEX_POINT('',#14963);
#5790=VERTEX_POINT('',#14965);
#5791=VERTEX_POINT('',#14970);
#5792=VERTEX_POINT('',#14971);
#5793=VERTEX_POINT('',#14973);
#5794=VERTEX_POINT('',#14975);
#5795=VERTEX_POINT('',#14977);
#5796=VERTEX_POINT('',#14979);
#5797=VERTEX_POINT('',#14983);
#5798=VERTEX_POINT('',#14987);
#5799=VERTEX_POINT('',#14991);
#5800=VERTEX_POINT('',#14995);
#5801=VERTEX_POINT('',#14997);
#5802=VERTEX_POINT('',#14999);
#5803=VERTEX_POINT('',#15003);
#5804=VERTEX_POINT('',#15007);
#5805=VERTEX_POINT('',#15009);
#5806=VERTEX_POINT('',#15011);
#5807=VERTEX_POINT('',#15013);
#5808=VERTEX_POINT('',#15015);
#5809=VERTEX_POINT('',#15017);
#5810=VERTEX_POINT('',#15019);
#5811=VERTEX_POINT('',#15021);
#5812=VERTEX_POINT('',#15025);
#5813=VERTEX_POINT('',#15029);
#5814=VERTEX_POINT('',#15031);
#5815=VERTEX_POINT('',#15033);
#5816=VERTEX_POINT('',#15035);
#5817=VERTEX_POINT('',#15037);
#5818=VERTEX_POINT('',#15040);
#5819=VERTEX_POINT('',#15041);
#5820=VERTEX_POINT('',#15043);
#5821=VERTEX_POINT('',#15045);
#5822=VERTEX_POINT('',#15047);
#5823=VERTEX_POINT('',#15049);
#5824=VERTEX_POINT('',#15051);
#5825=VERTEX_POINT('',#15053);
#5826=VERTEX_POINT('',#15056);
#5827=VERTEX_POINT('',#15057);
#5828=VERTEX_POINT('',#15061);
#5829=VERTEX_POINT('',#15065);
#5830=VERTEX_POINT('',#15069);
#5831=VERTEX_POINT('',#15073);
#5832=VERTEX_POINT('',#15075);
#5833=VERTEX_POINT('',#15079);
#5834=VERTEX_POINT('',#15083);
#5835=VERTEX_POINT('',#15087);
#5836=VERTEX_POINT('',#15092);
#5837=VERTEX_POINT('',#15093);
#5838=VERTEX_POINT('',#15097);
#5839=VERTEX_POINT('',#15101);
#5840=VERTEX_POINT('',#15105);
#5841=VERTEX_POINT('',#15109);
#5842=VERTEX_POINT('',#15111);
#5843=VERTEX_POINT('',#15115);
#5844=VERTEX_POINT('',#15119);
#5845=VERTEX_POINT('',#15123);
#5846=VERTEX_POINT('',#15128);
#5847=VERTEX_POINT('',#15129);
#5848=VERTEX_POINT('',#15131);
#5849=VERTEX_POINT('',#15133);
#5850=VERTEX_POINT('',#15135);
#5851=VERTEX_POINT('',#15137);
#5852=VERTEX_POINT('',#15139);
#5853=VERTEX_POINT('',#15141);
#5854=VERTEX_POINT('',#15143);
#5855=VERTEX_POINT('',#15145);
#5856=VERTEX_POINT('',#15148);
#5857=VERTEX_POINT('',#15149);
#5858=VERTEX_POINT('',#15151);
#5859=VERTEX_POINT('',#15153);
#5860=VERTEX_POINT('',#15156);
#5861=VERTEX_POINT('',#15157);
#5862=VERTEX_POINT('',#15159);
#5863=VERTEX_POINT('',#15161);
#5864=VERTEX_POINT('',#15163);
#5865=VERTEX_POINT('',#15165);
#5866=VERTEX_POINT('',#15167);
#5867=VERTEX_POINT('',#15169);
#5868=VERTEX_POINT('',#15171);
#5869=VERTEX_POINT('',#15173);
#5870=VERTEX_POINT('',#15176);
#5871=VERTEX_POINT('',#15177);
#5872=VERTEX_POINT('',#15179);
#5873=VERTEX_POINT('',#15181);
#5874=VERTEX_POINT('',#15184);
#5875=VERTEX_POINT('',#15185);
#5876=VERTEX_POINT('',#15187);
#5877=VERTEX_POINT('',#15189);
#5878=VERTEX_POINT('',#15191);
#5879=VERTEX_POINT('',#15193);
#5880=VERTEX_POINT('',#15195);
#5881=VERTEX_POINT('',#15197);
#5882=VERTEX_POINT('',#15199);
#5883=VERTEX_POINT('',#15201);
#5884=VERTEX_POINT('',#15205);
#5885=VERTEX_POINT('',#15209);
#5886=VERTEX_POINT('',#15211);
#5887=VERTEX_POINT('',#15213);
#5888=VERTEX_POINT('',#15215);
#5889=VERTEX_POINT('',#15217);
#5890=VERTEX_POINT('',#15219);
#5891=VERTEX_POINT('',#15221);
#5892=VERTEX_POINT('',#15223);
#5893=VERTEX_POINT('',#15227);
#5894=VERTEX_POINT('',#15231);
#5895=VERTEX_POINT('',#15233);
#5896=VERTEX_POINT('',#15235);
#5897=VERTEX_POINT('',#15237);
#5898=VERTEX_POINT('',#15239);
#5899=VERTEX_POINT('',#15241);
#5900=VERTEX_POINT('',#15244);
#5901=VERTEX_POINT('',#15245);
#5902=VERTEX_POINT('',#15247);
#5903=VERTEX_POINT('',#15249);
#5904=VERTEX_POINT('',#15253);
#5905=VERTEX_POINT('',#15257);
#5906=VERTEX_POINT('',#15259);
#5907=VERTEX_POINT('',#15261);
#5908=VERTEX_POINT('',#15263);
#5909=VERTEX_POINT('',#15265);
#5910=VERTEX_POINT('',#15267);
#5911=VERTEX_POINT('',#15271);
#5912=VERTEX_POINT('',#15275);
#5913=VERTEX_POINT('',#15277);
#5914=VERTEX_POINT('',#15279);
#5915=VERTEX_POINT('',#15281);
#5916=VERTEX_POINT('',#15283);
#5917=VERTEX_POINT('',#15285);
#5918=VERTEX_POINT('',#15287);
#5919=VERTEX_POINT('',#15289);
#5920=VERTEX_POINT('',#15291);
#5921=VERTEX_POINT('',#15293);
#5922=VERTEX_POINT('',#15296);
#5923=VERTEX_POINT('',#15297);
#5924=VERTEX_POINT('',#15299);
#5925=VERTEX_POINT('',#15301);
#5926=VERTEX_POINT('',#15303);
#5927=VERTEX_POINT('',#15305);
#5928=VERTEX_POINT('',#15307);
#5929=VERTEX_POINT('',#15309);
#5930=VERTEX_POINT('',#15311);
#5931=VERTEX_POINT('',#15313);
#5932=VERTEX_POINT('',#15316);
#5933=VERTEX_POINT('',#15317);
#5934=VERTEX_POINT('',#15319);
#5935=VERTEX_POINT('',#15321);
#5936=VERTEX_POINT('',#15324);
#5937=VERTEX_POINT('',#15325);
#5938=VERTEX_POINT('',#15327);
#5939=VERTEX_POINT('',#15329);
#5940=VERTEX_POINT('',#15331);
#5941=VERTEX_POINT('',#15333);
#5942=VERTEX_POINT('',#15335);
#5943=VERTEX_POINT('',#15337);
#5944=VERTEX_POINT('',#15339);
#5945=VERTEX_POINT('',#15341);
#5946=VERTEX_POINT('',#15343);
#5947=VERTEX_POINT('',#15345);
#5948=VERTEX_POINT('',#15347);
#5949=VERTEX_POINT('',#15349);
#5950=VERTEX_POINT('',#15351);
#5951=VERTEX_POINT('',#15353);
#5952=VERTEX_POINT('',#15355);
#5953=VERTEX_POINT('',#15357);
#5954=VERTEX_POINT('',#15360);
#5955=VERTEX_POINT('',#15361);
#5956=VERTEX_POINT('',#15363);
#5957=VERTEX_POINT('',#15365);
#5958=VERTEX_POINT('',#15368);
#5959=VERTEX_POINT('',#15369);
#5960=VERTEX_POINT('',#15371);
#5961=VERTEX_POINT('',#15373);
#5962=VERTEX_POINT('',#15375);
#5963=VERTEX_POINT('',#15377);
#5964=VERTEX_POINT('',#15379);
#5965=VERTEX_POINT('',#15381);
#5966=VERTEX_POINT('',#15383);
#5967=VERTEX_POINT('',#15385);
#5968=VERTEX_POINT('',#15387);
#5969=VERTEX_POINT('',#15389);
#5970=VERTEX_POINT('',#15391);
#5971=VERTEX_POINT('',#15393);
#5972=VERTEX_POINT('',#15395);
#5973=VERTEX_POINT('',#15397);
#5974=VERTEX_POINT('',#15399);
#5975=VERTEX_POINT('',#15401);
#5976=VERTEX_POINT('',#15404);
#5977=VERTEX_POINT('',#15405);
#5978=VERTEX_POINT('',#15407);
#5979=VERTEX_POINT('',#15409);
#5980=VERTEX_POINT('',#15411);
#5981=VERTEX_POINT('',#15413);
#5982=VERTEX_POINT('',#15415);
#5983=VERTEX_POINT('',#15417);
#5984=VERTEX_POINT('',#15419);
#5985=VERTEX_POINT('',#15421);
#5986=VERTEX_POINT('',#15424);
#5987=VERTEX_POINT('',#15425);
#5988=VERTEX_POINT('',#15427);
#5989=VERTEX_POINT('',#15429);
#5990=VERTEX_POINT('',#15433);
#5991=VERTEX_POINT('',#15437);
#5992=VERTEX_POINT('',#15441);
#5993=VERTEX_POINT('',#15445);
#5994=VERTEX_POINT('',#15449);
#5995=VERTEX_POINT('',#15453);
#5996=VERTEX_POINT('',#15455);
#5997=VERTEX_POINT('',#15457);
#5998=VERTEX_POINT('',#15461);
#5999=VERTEX_POINT('',#15465);
#6000=VERTEX_POINT('',#15469);
#6001=VERTEX_POINT('',#15473);
#6002=VERTEX_POINT('',#15475);
#6003=VERTEX_POINT('',#15479);
#6004=VERTEX_POINT('',#15481);
#6005=VERTEX_POINT('',#15483);
#6006=VERTEX_POINT('',#15485);
#6007=VERTEX_POINT('',#15487);
#6008=VERTEX_POINT('',#15489);
#6009=VERTEX_POINT('',#15492);
#6010=VERTEX_POINT('',#15493);
#6011=VERTEX_POINT('',#15495);
#6012=VERTEX_POINT('',#15497);
#6013=VERTEX_POINT('',#15499);
#6014=VERTEX_POINT('',#15501);
#6015=VERTEX_POINT('',#15503);
#6016=VERTEX_POINT('',#15505);
#6017=VERTEX_POINT('',#15507);
#6018=VERTEX_POINT('',#15509);
#6019=VERTEX_POINT('',#15512);
#6020=VERTEX_POINT('',#15513);
#6021=VERTEX_POINT('',#15515);
#6022=VERTEX_POINT('',#15517);
#6023=VERTEX_POINT('',#15519);
#6024=VERTEX_POINT('',#15521);
#6025=VERTEX_POINT('',#15523);
#6026=VERTEX_POINT('',#15527);
#6027=VERTEX_POINT('',#15529);
#6028=VERTEX_POINT('',#15531);
#6029=VERTEX_POINT('',#15533);
#6030=VERTEX_POINT('',#15535);
#6031=VERTEX_POINT('',#15537);
#6032=VERTEX_POINT('',#15539);
#6033=VERTEX_POINT('',#15543);
#6034=VERTEX_POINT('',#15547);
#6035=VERTEX_POINT('',#15549);
#6036=VERTEX_POINT('',#15551);
#6037=VERTEX_POINT('',#15553);
#6038=VERTEX_POINT('',#15555);
#6039=VERTEX_POINT('',#15558);
#6040=VERTEX_POINT('',#15559);
#6041=VERTEX_POINT('',#15561);
#6042=VERTEX_POINT('',#15563);
#6043=VERTEX_POINT('',#15567);
#6044=VERTEX_POINT('',#15571);
#6045=VERTEX_POINT('',#15573);
#6046=VERTEX_POINT('',#15575);
#6047=VERTEX_POINT('',#15577);
#6048=VERTEX_POINT('',#15579);
#6049=VERTEX_POINT('',#15581);
#6050=VERTEX_POINT('',#15585);
#6051=VERTEX_POINT('',#15589);
#6052=VERTEX_POINT('',#15591);
#6053=VERTEX_POINT('',#15593);
#6054=VERTEX_POINT('',#15595);
#6055=VERTEX_POINT('',#15597);
#6056=VERTEX_POINT('',#15599);
#6057=VERTEX_POINT('',#15601);
#6058=VERTEX_POINT('',#15603);
#6059=VERTEX_POINT('',#15605);
#6060=VERTEX_POINT('',#15607);
#6061=VERTEX_POINT('',#15611);
#6062=VERTEX_POINT('',#15612);
#6063=VERTEX_POINT('',#15632);
#6064=VERTEX_POINT('',#15636);
#6065=VERTEX_POINT('',#15655);
#6066=VERTEX_POINT('',#15659);
#6067=VERTEX_POINT('',#15665);
#6068=VERTEX_POINT('',#15666);
#6069=VERTEX_POINT('',#15668);
#6070=VERTEX_POINT('',#15670);
#6071=VERTEX_POINT('',#15673);
#6072=VERTEX_POINT('',#15675);
#6073=VERTEX_POINT('',#15677);
#6074=VERTEX_POINT('',#15679);
#6075=VERTEX_POINT('',#15681);
#6076=VERTEX_POINT('',#15683);
#6077=VERTEX_POINT('',#15685);
#6078=VERTEX_POINT('',#15687);
#6079=VERTEX_POINT('',#15689);
#6080=VERTEX_POINT('',#15691);
#6081=VERTEX_POINT('',#15693);
#6082=VERTEX_POINT('',#15695);
#6083=VERTEX_POINT('',#15696);
#6084=VERTEX_POINT('',#15698);
#6085=VERTEX_POINT('',#15700);
#6086=VERTEX_POINT('',#15702);
#6087=VERTEX_POINT('',#15704);
#6088=VERTEX_POINT('',#15706);
#6089=VERTEX_POINT('',#15708);
#6090=VERTEX_POINT('',#15710);
#6091=VERTEX_POINT('',#15712);
#6092=VERTEX_POINT('',#15714);
#6093=VERTEX_POINT('',#15716);
#6094=VERTEX_POINT('',#15718);
#6095=VERTEX_POINT('',#15720);
#6096=VERTEX_POINT('',#15722);
#6097=VERTEX_POINT('',#15724);
#6098=VERTEX_POINT('',#15726);
#6099=VERTEX_POINT('',#15728);
#6100=VERTEX_POINT('',#15730);
#6101=VERTEX_POINT('',#15732);
#6102=VERTEX_POINT('',#15735);
#6103=VERTEX_POINT('',#15745);
#6104=VERTEX_POINT('',#15747);
#6105=VERTEX_POINT('',#15758);
#6106=VERTEX_POINT('',#15760);
#6107=VERTEX_POINT('',#15792);
#6108=VERTEX_POINT('',#15794);
#6109=VERTEX_POINT('',#15798);
#6110=VERTEX_POINT('',#15802);
#6111=VERTEX_POINT('',#15806);
#6112=VERTEX_POINT('',#15810);
#6113=VERTEX_POINT('',#15814);
#6114=VERTEX_POINT('',#15818);
#6115=VERTEX_POINT('',#15822);
#6116=VERTEX_POINT('',#15826);
#6117=VERTEX_POINT('',#15830);
#6118=VERTEX_POINT('',#15834);
#6119=VERTEX_POINT('',#15838);
#6120=VERTEX_POINT('',#15842);
#6121=VERTEX_POINT('',#15846);
#6122=VERTEX_POINT('',#15850);
#6123=VERTEX_POINT('',#15854);
#6124=VERTEX_POINT('',#15858);
#6125=VERTEX_POINT('',#15865);
#6126=VERTEX_POINT('',#15867);
#6127=VERTEX_POINT('',#15871);
#6128=VERTEX_POINT('',#15875);
#6129=VERTEX_POINT('',#15879);
#6130=VERTEX_POINT('',#15883);
#6131=VERTEX_POINT('',#15887);
#6132=VERTEX_POINT('',#15891);
#6133=VERTEX_POINT('',#15895);
#6134=VERTEX_POINT('',#15899);
#6135=VERTEX_POINT('',#15903);
#6136=VERTEX_POINT('',#15907);
#6137=VERTEX_POINT('',#15914);
#6138=VERTEX_POINT('',#15916);
#6139=VERTEX_POINT('',#15920);
#6140=VERTEX_POINT('',#15924);
#6141=VERTEX_POINT('',#15928);
#6142=VERTEX_POINT('',#15932);
#6143=VERTEX_POINT('',#15936);
#6144=VERTEX_POINT('',#15940);
#6145=VERTEX_POINT('',#15944);
#6146=VERTEX_POINT('',#15948);
#6147=VERTEX_POINT('',#15955);
#6148=VERTEX_POINT('',#15957);
#6149=VERTEX_POINT('',#15961);
#6150=VERTEX_POINT('',#15965);
#6151=VERTEX_POINT('',#15969);
#6152=VERTEX_POINT('',#15973);
#6153=VERTEX_POINT('',#15977);
#6154=VERTEX_POINT('',#15981);
#6155=VERTEX_POINT('',#15985);
#6156=VERTEX_POINT('',#15996);
#6157=VERTEX_POINT('',#16002);
#6158=VERTEX_POINT('',#16013);
#6159=VERTEX_POINT('',#16026);
#6160=VERTEX_POINT('',#16039);
#6161=VERTEX_POINT('',#16052);
#6162=VERTEX_POINT('',#16058);
#6163=VERTEX_POINT('',#16062);
#6164=VERTEX_POINT('',#16073);
#6165=VERTEX_POINT('',#16086);
#6166=VERTEX_POINT('',#16099);
#6167=VERTEX_POINT('',#16112);
#6168=VERTEX_POINT('',#16125);
#6169=VERTEX_POINT('',#16138);
#6170=VERTEX_POINT('',#16147);
#6171=VERTEX_POINT('',#16149);
#6172=VERTEX_POINT('',#16153);
#6173=VERTEX_POINT('',#16157);
#6174=VERTEX_POINT('',#16161);
#6175=VERTEX_POINT('',#16165);
#6176=VERTEX_POINT('',#16169);
#6177=VERTEX_POINT('',#16173);
#6178=VERTEX_POINT('',#16177);
#6179=VERTEX_POINT('',#16181);
#6180=VERTEX_POINT('',#16185);
#6181=VERTEX_POINT('',#16189);
#6182=VERTEX_POINT('',#16193);
#6183=VERTEX_POINT('',#16197);
#6184=VERTEX_POINT('',#16201);
#6185=VERTEX_POINT('',#16205);
#6186=VERTEX_POINT('',#16209);
#6187=VERTEX_POINT('',#16213);
#6188=VERTEX_POINT('',#16229);
#6189=VERTEX_POINT('',#16230);
#6190=VERTEX_POINT('',#16232);
#6191=VERTEX_POINT('',#16236);
#6192=VERTEX_POINT('',#16240);
#6193=VERTEX_POINT('',#16242);
#6194=VERTEX_POINT('',#16255);
#6195=VERTEX_POINT('',#16257);
#6196=VERTEX_POINT('',#16272);
#6197=VERTEX_POINT('',#16274);
#6198=VERTEX_POINT('',#16280);
#6199=VERTEX_POINT('',#16282);
#6200=VERTEX_POINT('',#16286);
#6201=VERTEX_POINT('',#16288);
#6202=VERTEX_POINT('',#16292);
#6203=VERTEX_POINT('',#16294);
#6204=VERTEX_POINT('',#16298);
#6205=VERTEX_POINT('',#16300);
#6206=VERTEX_POINT('',#16304);
#6207=VERTEX_POINT('',#16306);
#6208=VERTEX_POINT('',#16310);
#6209=VERTEX_POINT('',#16312);
#6210=VERTEX_POINT('',#16316);
#6211=VERTEX_POINT('',#16320);
#6212=VERTEX_POINT('',#16324);
#6213=VERTEX_POINT('',#16328);
#6214=VERTEX_POINT('',#16332);
#6215=VERTEX_POINT('',#16336);
#6216=VERTEX_POINT('',#16340);
#6217=VERTEX_POINT('',#16344);
#6218=VERTEX_POINT('',#16348);
#6219=VERTEX_POINT('',#16352);
#6220=VERTEX_POINT('',#16356);
#6221=VERTEX_POINT('',#16367);
#6222=VERTEX_POINT('',#16380);
#6223=VERTEX_POINT('',#16386);
#6224=VERTEX_POINT('',#16397);
#6225=VERTEX_POINT('',#16410);
#6226=VERTEX_POINT('',#16433);
#6227=VERTEX_POINT('',#16434);
#6228=VERTEX_POINT('',#16436);
#6229=VERTEX_POINT('',#16438);
#6230=VERTEX_POINT('',#16451);
#6231=VERTEX_POINT('',#16453);
#6232=VERTEX_POINT('',#16468);
#6233=VERTEX_POINT('',#16470);
#6234=VERTEX_POINT('',#16476);
#6235=VERTEX_POINT('',#16478);
#6236=VERTEX_POINT('',#16482);
#6237=VERTEX_POINT('',#16484);
#6238=VERTEX_POINT('',#16488);
#6239=VERTEX_POINT('',#16490);
#6240=VERTEX_POINT('',#16501);
#6241=VERTEX_POINT('',#16505);
#6242=VERTEX_POINT('',#16509);
#6243=VERTEX_POINT('',#16520);
#6244=VERTEX_POINT('',#16526);
#6245=VERTEX_POINT('',#16530);
#6246=VERTEX_POINT('',#16541);
#6247=VERTEX_POINT('',#16554);
#6248=VERTEX_POINT('',#16567);
#6249=VERTEX_POINT('',#16573);
#6250=VERTEX_POINT('',#16577);
#6251=VERTEX_POINT('',#16581);
#6252=VERTEX_POINT('',#16592);
#6253=VERTEX_POINT('',#16605);
#6254=VERTEX_POINT('',#16618);
#6255=VERTEX_POINT('',#16631);
#6256=VERTEX_POINT('',#16637);
#6257=VERTEX_POINT('',#16676);
#6258=VERTEX_POINT('',#16677);
#6259=VERTEX_POINT('',#16679);
#6260=VERTEX_POINT('',#16683);
#6261=VERTEX_POINT('',#16687);
#6262=VERTEX_POINT('',#16689);
#6263=VERTEX_POINT('',#16702);
#6264=VERTEX_POINT('',#16704);
#6265=VERTEX_POINT('',#16719);
#6266=VERTEX_POINT('',#16721);
#6267=VERTEX_POINT('',#16736);
#6268=VERTEX_POINT('',#16738);
#6269=VERTEX_POINT('',#16753);
#6270=VERTEX_POINT('',#16755);
#6271=VERTEX_POINT('',#16761);
#6272=VERTEX_POINT('',#16763);
#6273=VERTEX_POINT('',#16776);
#6274=VERTEX_POINT('',#16778);
#6275=VERTEX_POINT('',#16793);
#6276=VERTEX_POINT('',#16795);
#6277=VERTEX_POINT('',#16808);
#6278=VERTEX_POINT('',#16812);
#6279=VERTEX_POINT('',#16816);
#6280=VERTEX_POINT('',#16827);
#6281=VERTEX_POINT('',#16840);
#6282=VERTEX_POINT('',#16853);
#6283=VERTEX_POINT('',#16866);
#6284=VERTEX_POINT('',#16872);
#6285=VERTEX_POINT('',#16883);
#6286=VERTEX_POINT('',#16896);
#6287=VERTEX_POINT('',#16928);
#6288=VERTEX_POINT('',#16929);
#6289=VERTEX_POINT('',#16931);
#6290=VERTEX_POINT('',#16933);
#6291=VERTEX_POINT('',#16946);
#6292=VERTEX_POINT('',#16948);
#6293=VERTEX_POINT('',#16963);
#6294=VERTEX_POINT('',#16965);
#6295=VERTEX_POINT('',#16971);
#6296=VERTEX_POINT('',#16973);
#6297=VERTEX_POINT('',#16986);
#6298=VERTEX_POINT('',#16988);
#6299=VERTEX_POINT('',#16994);
#6300=VERTEX_POINT('',#16996);
#6301=VERTEX_POINT('',#17000);
#6302=VERTEX_POINT('',#17002);
#6303=VERTEX_POINT('',#17006);
#6304=VERTEX_POINT('',#17008);
#6305=VERTEX_POINT('',#17012);
#6306=VERTEX_POINT('',#17016);
#6307=VERTEX_POINT('',#17020);
#6308=VERTEX_POINT('',#17024);
#6309=VERTEX_POINT('',#17028);
#6310=VERTEX_POINT('',#17032);
#6311=VERTEX_POINT('',#17043);
#6312=VERTEX_POINT('',#17056);
#6313=VERTEX_POINT('',#17062);
#6314=VERTEX_POINT('',#17066);
#6315=VERTEX_POINT('',#17070);
#6316=VERTEX_POINT('',#17074);
#6317=VERTEX_POINT('',#17078);
#6318=VERTEX_POINT('',#17082);
#6319=VERTEX_POINT('',#17086);
#6320=VERTEX_POINT('',#17097);
#6321=VERTEX_POINT('',#17110);
#6322=VERTEX_POINT('',#17116);
#6323=VERTEX_POINT('',#17120);
#6324=VERTEX_POINT('',#17131);
#6325=VERTEX_POINT('',#17144);
#6326=VERTEX_POINT('',#17157);
#6327=VERTEX_POINT('',#17170);
#6328=VERTEX_POINT('',#17176);
#6329=VERTEX_POINT('',#17180);
#6330=VERTEX_POINT('',#17190);
#6331=VERTEX_POINT('',#17192);
#6332=VERTEX_POINT('',#17196);
#6333=VERTEX_POINT('',#17200);
#6334=VERTEX_POINT('',#17204);
#6335=VERTEX_POINT('',#17208);
#6336=VERTEX_POINT('',#17212);
#6337=VERTEX_POINT('',#17216);
#6338=VERTEX_POINT('',#17223);
#6339=VERTEX_POINT('',#17225);
#6340=VERTEX_POINT('',#17229);
#6341=VERTEX_POINT('',#17233);
#6342=VERTEX_POINT('',#17237);
#6343=VERTEX_POINT('',#17241);
#6344=VERTEX_POINT('',#17245);
#6345=VERTEX_POINT('',#17249);
#6346=VERTEX_POINT('',#17265);
#6347=VERTEX_POINT('',#17266);
#6348=VERTEX_POINT('',#17268);
#6349=VERTEX_POINT('',#17272);
#6350=VERTEX_POINT('',#17276);
#6351=VERTEX_POINT('',#17278);
#6352=VERTEX_POINT('',#17291);
#6353=VERTEX_POINT('',#17293);
#6354=VERTEX_POINT('',#17308);
#6355=VERTEX_POINT('',#17310);
#6356=VERTEX_POINT('',#17316);
#6357=VERTEX_POINT('',#17318);
#6358=VERTEX_POINT('',#17322);
#6359=VERTEX_POINT('',#17324);
#6360=VERTEX_POINT('',#17328);
#6361=VERTEX_POINT('',#17330);
#6362=VERTEX_POINT('',#17334);
#6363=VERTEX_POINT('',#17336);
#6364=VERTEX_POINT('',#17340);
#6365=VERTEX_POINT('',#17342);
#6366=VERTEX_POINT('',#17346);
#6367=VERTEX_POINT('',#17348);
#6368=VERTEX_POINT('',#17352);
#6369=VERTEX_POINT('',#17356);
#6370=VERTEX_POINT('',#17360);
#6371=VERTEX_POINT('',#17364);
#6372=VERTEX_POINT('',#17368);
#6373=VERTEX_POINT('',#17372);
#6374=VERTEX_POINT('',#17376);
#6375=VERTEX_POINT('',#17380);
#6376=VERTEX_POINT('',#17384);
#6377=VERTEX_POINT('',#17388);
#6378=VERTEX_POINT('',#17392);
#6379=VERTEX_POINT('',#17403);
#6380=VERTEX_POINT('',#17416);
#6381=VERTEX_POINT('',#17422);
#6382=VERTEX_POINT('',#17433);
#6383=VERTEX_POINT('',#17446);
#6384=VERTEX_POINT('',#17478);
#6385=VERTEX_POINT('',#17479);
#6386=VERTEX_POINT('',#17481);
#6387=VERTEX_POINT('',#17485);
#6388=VERTEX_POINT('',#17489);
#6389=VERTEX_POINT('',#17491);
#6390=VERTEX_POINT('',#17504);
#6391=VERTEX_POINT('',#17506);
#6392=VERTEX_POINT('',#17521);
#6393=VERTEX_POINT('',#17523);
#6394=VERTEX_POINT('',#17538);
#6395=VERTEX_POINT('',#17540);
#6396=VERTEX_POINT('',#17555);
#6397=VERTEX_POINT('',#17557);
#6398=VERTEX_POINT('',#17563);
#6399=VERTEX_POINT('',#17565);
#6400=VERTEX_POINT('',#17578);
#6401=VERTEX_POINT('',#17580);
#6402=VERTEX_POINT('',#17595);
#6403=VERTEX_POINT('',#17597);
#6404=VERTEX_POINT('',#17610);
#6405=VERTEX_POINT('',#17614);
#6406=VERTEX_POINT('',#17618);
#6407=VERTEX_POINT('',#17629);
#6408=VERTEX_POINT('',#17642);
#6409=VERTEX_POINT('',#17655);
#6410=VERTEX_POINT('',#17668);
#6411=VERTEX_POINT('',#17674);
#6412=VERTEX_POINT('',#17685);
#6413=VERTEX_POINT('',#17698);
#6414=VERTEX_POINT('',#17739);
#6415=VERTEX_POINT('',#17740);
#6416=VERTEX_POINT('',#17742);
#6417=VERTEX_POINT('',#17746);
#6418=VERTEX_POINT('',#17750);
#6419=VERTEX_POINT('',#17752);
#6420=VERTEX_POINT('',#17765);
#6421=VERTEX_POINT('',#17767);
#6422=VERTEX_POINT('',#17782);
#6423=VERTEX_POINT('',#17784);
#6424=VERTEX_POINT('',#17799);
#6425=VERTEX_POINT('',#17801);
#6426=VERTEX_POINT('',#17816);
#6427=VERTEX_POINT('',#17818);
#6428=VERTEX_POINT('',#17824);
#6429=VERTEX_POINT('',#17826);
#6430=VERTEX_POINT('',#17839);
#6431=VERTEX_POINT('',#17841);
#6432=VERTEX_POINT('',#17856);
#6433=VERTEX_POINT('',#17858);
#6434=VERTEX_POINT('',#17871);
#6435=VERTEX_POINT('',#17875);
#6436=VERTEX_POINT('',#17879);
#6437=VERTEX_POINT('',#17890);
#6438=VERTEX_POINT('',#17903);
#6439=VERTEX_POINT('',#17916);
#6440=VERTEX_POINT('',#17929);
#6441=VERTEX_POINT('',#17935);
#6442=VERTEX_POINT('',#17946);
#6443=VERTEX_POINT('',#17959);
#6444=VERTEX_POINT('',#18000);
#6445=VERTEX_POINT('',#18001);
#6446=VERTEX_POINT('',#18003);
#6447=VERTEX_POINT('',#18007);
#6448=VERTEX_POINT('',#18011);
#6449=VERTEX_POINT('',#18013);
#6450=VERTEX_POINT('',#18026);
#6451=VERTEX_POINT('',#18028);
#6452=VERTEX_POINT('',#18043);
#6453=VERTEX_POINT('',#18045);
#6454=VERTEX_POINT('',#18060);
#6455=VERTEX_POINT('',#18062);
#6456=VERTEX_POINT('',#18077);
#6457=VERTEX_POINT('',#18079);
#6458=VERTEX_POINT('',#18085);
#6459=VERTEX_POINT('',#18087);
#6460=VERTEX_POINT('',#18100);
#6461=VERTEX_POINT('',#18102);
#6462=VERTEX_POINT('',#18117);
#6463=VERTEX_POINT('',#18119);
#6464=VERTEX_POINT('',#18132);
#6465=VERTEX_POINT('',#18136);
#6466=VERTEX_POINT('',#18140);
#6467=VERTEX_POINT('',#18151);
#6468=VERTEX_POINT('',#18164);
#6469=VERTEX_POINT('',#18177);
#6470=VERTEX_POINT('',#18190);
#6471=VERTEX_POINT('',#18196);
#6472=VERTEX_POINT('',#18207);
#6473=VERTEX_POINT('',#18220);
#6474=VERTEX_POINT('',#18252);
#6475=VERTEX_POINT('',#18254);
#6476=VERTEX_POINT('',#18258);
#6477=VERTEX_POINT('',#18262);
#6478=VERTEX_POINT('',#18266);
#6479=VERTEX_POINT('',#18270);
#6480=VERTEX_POINT('',#18274);
#6481=VERTEX_POINT('',#18278);
#6482=VERTEX_POINT('',#18282);
#6483=VERTEX_POINT('',#18286);
#6484=VERTEX_POINT('',#18293);
#6485=VERTEX_POINT('',#18295);
#6486=VERTEX_POINT('',#18299);
#6487=VERTEX_POINT('',#18303);
#6488=VERTEX_POINT('',#18310);
#6489=VERTEX_POINT('',#18312);
#6490=VERTEX_POINT('',#18316);
#6491=VERTEX_POINT('',#18320);
#6492=VERTEX_POINT('',#18324);
#6493=VERTEX_POINT('',#18328);
#6494=VERTEX_POINT('',#18332);
#6495=VERTEX_POINT('',#18336);
#6496=VERTEX_POINT('',#18340);
#6497=VERTEX_POINT('',#18344);
#6498=VERTEX_POINT('',#18351);
#6499=VERTEX_POINT('',#18353);
#6500=VERTEX_POINT('',#18357);
#6501=VERTEX_POINT('',#18361);
#6502=VERTEX_POINT('',#18368);
#6503=VERTEX_POINT('',#18370);
#6504=VERTEX_POINT('',#18374);
#6505=VERTEX_POINT('',#18378);
#6506=VERTEX_POINT('',#18382);
#6507=VERTEX_POINT('',#18386);
#6508=VERTEX_POINT('',#18390);
#6509=VERTEX_POINT('',#18394);
#6510=VERTEX_POINT('',#18398);
#6511=VERTEX_POINT('',#18409);
#6512=VERTEX_POINT('',#18422);
#6513=VERTEX_POINT('',#18428);
#6514=VERTEX_POINT('',#18432);
#6515=VERTEX_POINT('',#18436);
#6516=VERTEX_POINT('',#18440);
#6517=VERTEX_POINT('',#18444);
#6518=VERTEX_POINT('',#18448);
#6519=VERTEX_POINT('',#18452);
#6520=VERTEX_POINT('',#18463);
#6521=VERTEX_POINT('',#18476);
#6522=VERTEX_POINT('',#18482);
#6523=VERTEX_POINT('',#18486);
#6524=VERTEX_POINT('',#18490);
#6525=VERTEX_POINT('',#18494);
#6526=VERTEX_POINT('',#18498);
#6527=VERTEX_POINT('',#18502);
#6528=VERTEX_POINT('',#18509);
#6529=VERTEX_POINT('',#18511);
#6530=VERTEX_POINT('',#18515);
#6531=VERTEX_POINT('',#18519);
#6532=VERTEX_POINT('',#18523);
#6533=VERTEX_POINT('',#18527);
#6534=VERTEX_POINT('',#18531);
#6535=VERTEX_POINT('',#18535);
#6536=VERTEX_POINT('',#18539);
#6537=VERTEX_POINT('',#18543);
#6538=VERTEX_POINT('',#18547);
#6539=VERTEX_POINT('',#18551);
#6540=VERTEX_POINT('',#18555);
#6541=VERTEX_POINT('',#18566);
#6542=VERTEX_POINT('',#18579);
#6543=VERTEX_POINT('',#18585);
#6544=VERTEX_POINT('',#18589);
#6545=VERTEX_POINT('',#18593);
#6546=VERTEX_POINT('',#18597);
#6547=VERTEX_POINT('',#18601);
#6548=VERTEX_POINT('',#18612);
#6549=VERTEX_POINT('',#18625);
#6550=VERTEX_POINT('',#18634);
#6551=VERTEX_POINT('',#18636);
#6552=VERTEX_POINT('',#18640);
#6553=VERTEX_POINT('',#18644);
#6554=VERTEX_POINT('',#18648);
#6555=VERTEX_POINT('',#18652);
#6556=VERTEX_POINT('',#18656);
#6557=VERTEX_POINT('',#18660);
#6558=VERTEX_POINT('',#18664);
#6559=VERTEX_POINT('',#18668);
#6560=VERTEX_POINT('',#18675);
#6561=VERTEX_POINT('',#18677);
#6562=VERTEX_POINT('',#18681);
#6563=VERTEX_POINT('',#18685);
#6564=VERTEX_POINT('',#18692);
#6565=VERTEX_POINT('',#18694);
#6566=VERTEX_POINT('',#18698);
#6567=VERTEX_POINT('',#18702);
#6568=VERTEX_POINT('',#18706);
#6569=VERTEX_POINT('',#18710);
#6570=VERTEX_POINT('',#18714);
#6571=VERTEX_POINT('',#18718);
#6572=VERTEX_POINT('',#18722);
#6573=VERTEX_POINT('',#18726);
#6574=VERTEX_POINT('',#18730);
#6575=VERTEX_POINT('',#18734);
#6576=VERTEX_POINT('',#18738);
#6577=VERTEX_POINT('',#18742);
#6578=VERTEX_POINT('',#18746);
#6579=VERTEX_POINT('',#18750);
#6580=VERTEX_POINT('',#18754);
#6581=VERTEX_POINT('',#18758);
#6582=VERTEX_POINT('',#18765);
#6583=VERTEX_POINT('',#18767);
#6584=VERTEX_POINT('',#18771);
#6585=VERTEX_POINT('',#18775);
#6586=VERTEX_POINT('',#18782);
#6587=VERTEX_POINT('',#18784);
#6588=VERTEX_POINT('',#18788);
#6589=VERTEX_POINT('',#18792);
#6590=VERTEX_POINT('',#18796);
#6591=VERTEX_POINT('',#18800);
#6592=VERTEX_POINT('',#18804);
#6593=VERTEX_POINT('',#18808);
#6594=VERTEX_POINT('',#18812);
#6595=VERTEX_POINT('',#18816);
#6596=VERTEX_POINT('',#18820);
#6597=VERTEX_POINT('',#18824);
#6598=VERTEX_POINT('',#18828);
#6599=VERTEX_POINT('',#18832);
#6600=VERTEX_POINT('',#18836);
#6601=VERTEX_POINT('',#18840);
#6602=VERTEX_POINT('',#18844);
#6603=VERTEX_POINT('',#18848);
#6604=VERTEX_POINT('',#18855);
#6605=VERTEX_POINT('',#18857);
#6606=VERTEX_POINT('',#18861);
#6607=VERTEX_POINT('',#18865);
#6608=VERTEX_POINT('',#18869);
#6609=VERTEX_POINT('',#18873);
#6610=VERTEX_POINT('',#18877);
#6611=VERTEX_POINT('',#18881);
#6612=VERTEX_POINT('',#18885);
#6613=VERTEX_POINT('',#18889);
#6614=VERTEX_POINT('',#18896);
#6615=VERTEX_POINT('',#18898);
#6616=VERTEX_POINT('',#18902);
#6617=VERTEX_POINT('',#18906);
#6618=VERTEX_POINT('',#18910);
#6619=VERTEX_POINT('',#18914);
#6620=VERTEX_POINT('',#18918);
#6621=VERTEX_POINT('',#18922);
#6622=VERTEX_POINT('',#18926);
#6623=VERTEX_POINT('',#18937);
#6624=VERTEX_POINT('',#18943);
#6625=VERTEX_POINT('',#18954);
#6626=VERTEX_POINT('',#18967);
#6627=VERTEX_POINT('',#18980);
#6628=VERTEX_POINT('',#18993);
#6629=VERTEX_POINT('',#18999);
#6630=VERTEX_POINT('',#19003);
#6631=VERTEX_POINT('',#19014);
#6632=VERTEX_POINT('',#19027);
#6633=VERTEX_POINT('',#19040);
#6634=VERTEX_POINT('',#19053);
#6635=VERTEX_POINT('',#19066);
#6636=VERTEX_POINT('',#19079);
#6637=VERTEX_POINT('',#19088);
#6638=VERTEX_POINT('',#19090);
#6639=VERTEX_POINT('',#19094);
#6640=VERTEX_POINT('',#19098);
#6641=VERTEX_POINT('',#19102);
#6642=VERTEX_POINT('',#19106);
#6643=VERTEX_POINT('',#19110);
#6644=VERTEX_POINT('',#19114);
#6645=VERTEX_POINT('',#19118);
#6646=VERTEX_POINT('',#19122);
#6647=VERTEX_POINT('',#19129);
#6648=VERTEX_POINT('',#19131);
#6649=VERTEX_POINT('',#19135);
#6650=VERTEX_POINT('',#19139);
#6651=VERTEX_POINT('',#19143);
#6652=VERTEX_POINT('',#19147);
#6653=VERTEX_POINT('',#19151);
#6654=VERTEX_POINT('',#19155);
#6655=VERTEX_POINT('',#19166);
#6656=VERTEX_POINT('',#19179);
#6657=VERTEX_POINT('',#19185);
#6658=VERTEX_POINT('',#19189);
#6659=VERTEX_POINT('',#19193);
#6660=VERTEX_POINT('',#19197);
#6661=VERTEX_POINT('',#19201);
#6662=VERTEX_POINT('',#19205);
#6663=VERTEX_POINT('',#19216);
#6664=VERTEX_POINT('',#19222);
#6665=VERTEX_POINT('',#19226);
#6666=VERTEX_POINT('',#19230);
#6667=VERTEX_POINT('',#19237);
#6668=VERTEX_POINT('',#19239);
#6669=VERTEX_POINT('',#19243);
#6670=VERTEX_POINT('',#19247);
#6671=VERTEX_POINT('',#19251);
#6672=VERTEX_POINT('',#19255);
#6673=VERTEX_POINT('',#19259);
#6674=VERTEX_POINT('',#19263);
#6675=VERTEX_POINT('',#19267);
#6676=VERTEX_POINT('',#19271);
#6677=VERTEX_POINT('',#19275);
#6678=VERTEX_POINT('',#19279);
#6679=VERTEX_POINT('',#19283);
#6680=VERTEX_POINT('',#19294);
#6681=VERTEX_POINT('',#19307);
#6682=VERTEX_POINT('',#19313);
#6683=VERTEX_POINT('',#19317);
#6684=VERTEX_POINT('',#19321);
#6685=VERTEX_POINT('',#19325);
#6686=VERTEX_POINT('',#19329);
#6687=VERTEX_POINT('',#19340);
#6688=VERTEX_POINT('',#19353);
#6689=VERTEX_POINT('',#19370);
#6690=VERTEX_POINT('',#19371);
#6691=VERTEX_POINT('',#19373);
#6692=VERTEX_POINT('',#19375);
#6693=VERTEX_POINT('',#19379);
#6694=VERTEX_POINT('',#19380);
#6695=VERTEX_POINT('',#19382);
#6696=VERTEX_POINT('',#19384);
#6697=VERTEX_POINT('',#19388);
#6698=VERTEX_POINT('',#19390);
#6699=VERTEX_POINT('',#19394);
#6700=VERTEX_POINT('',#19396);
#6701=LINE('',#14475,#7919);
#6702=LINE('',#14494,#7920);
#6703=LINE('',#14511,#7921);
#6704=LINE('',#14526,#7922);
#6705=LINE('',#14540,#7923);
#6706=LINE('',#14542,#7924);
#6707=LINE('',#14544,#7925);
#6708=LINE('',#14546,#7926);
#6709=LINE('',#14548,#7927);
#6710=LINE('',#14550,#7928);
#6711=LINE('',#14552,#7929);
#6712=LINE('',#14554,#7930);
#6713=LINE('',#14555,#7931);
#6714=LINE('',#14558,#7932);
#6715=LINE('',#14560,#7933);
#6716=LINE('',#14562,#7934);
#6717=LINE('',#14564,#7935);
#6718=LINE('',#14566,#7936);
#6719=LINE('',#14568,#7937);
#6720=LINE('',#14570,#7938);
#6721=LINE('',#14571,#7939);
#6722=LINE('',#14590,#7940);
#6723=LINE('',#14607,#7941);
#6724=LINE('',#14622,#7942);
#6725=LINE('',#14636,#7943);
#6726=LINE('',#14638,#7944);
#6727=LINE('',#14640,#7945);
#6728=LINE('',#14642,#7946);
#6729=LINE('',#14644,#7947);
#6730=LINE('',#14646,#7948);
#6731=LINE('',#14648,#7949);
#6732=LINE('',#14650,#7950);
#6733=LINE('',#14673,#7951);
#6734=LINE('',#14678,#7952);
#6735=LINE('',#14682,#7953);
#6736=LINE('',#14686,#7954);
#6737=LINE('',#14689,#7955);
#6738=LINE('',#14694,#7956);
#6739=LINE('',#14698,#7957);
#6740=LINE('',#14702,#7958);
#6741=LINE('',#14707,#7959);
#6742=LINE('',#14718,#7960);
#6743=LINE('',#14728,#7961);
#6744=LINE('',#14730,#7962);
#6745=LINE('',#14731,#7963);
#6746=LINE('',#14734,#7964);
#6747=LINE('',#14736,#7965);
#6748=LINE('',#14738,#7966);
#6749=LINE('',#14740,#7967);
#6750=LINE('',#14742,#7968);
#6751=LINE('',#14744,#7969);
#6752=LINE('',#14746,#7970);
#6753=LINE('',#14748,#7971);
#6754=LINE('',#14750,#7972);
#6755=LINE('',#14752,#7973);
#6756=LINE('',#14754,#7974);
#6757=LINE('',#14756,#7975);
#6758=LINE('',#14758,#7976);
#6759=LINE('',#14760,#7977);
#6760=LINE('',#14762,#7978);
#6761=LINE('',#14764,#7979);
#6762=LINE('',#14766,#7980);
#6763=LINE('',#14767,#7981);
#6764=LINE('',#14770,#7982);
#6765=LINE('',#14772,#7983);
#6766=LINE('',#14774,#7984);
#6767=LINE('',#14776,#7985);
#6768=LINE('',#14778,#7986);
#6769=LINE('',#14780,#7987);
#6770=LINE('',#14782,#7988);
#6771=LINE('',#14784,#7989);
#6772=LINE('',#14786,#7990);
#6773=LINE('',#14788,#7991);
#6774=LINE('',#14790,#7992);
#6775=LINE('',#14791,#7993);
#6776=LINE('',#14794,#7994);
#6777=LINE('',#14796,#7995);
#6778=LINE('',#14798,#7996);
#6779=LINE('',#14800,#7997);
#6780=LINE('',#14802,#7998);
#6781=LINE('',#14804,#7999);
#6782=LINE('',#14806,#8000);
#6783=LINE('',#14808,#8001);
#6784=LINE('',#14810,#8002);
#6785=LINE('',#14811,#8003);
#6786=LINE('',#14814,#8004);
#6787=LINE('',#14816,#8005);
#6788=LINE('',#14842,#8006);
#6789=LINE('',#14844,#8007);
#6790=LINE('',#14868,#8008);
#6791=LINE('',#14870,#8009);
#6792=LINE('',#14872,#8010);
#6793=LINE('',#14874,#8011);
#6794=LINE('',#14876,#8012);
#6795=LINE('',#14878,#8013);
#6796=LINE('',#14879,#8014);
#6797=LINE('',#14882,#8015);
#6798=LINE('',#14884,#8016);
#6799=LINE('',#14886,#8017);
#6800=LINE('',#14888,#8018);
#6801=LINE('',#14890,#8019);
#6802=LINE('',#14892,#8020);
#6803=LINE('',#14894,#8021);
#6804=LINE('',#14896,#8022);
#6805=LINE('',#14898,#8023);
#6806=LINE('',#14900,#8024);
#6807=LINE('',#14902,#8025);
#6808=LINE('',#14904,#8026);
#6809=LINE('',#14906,#8027);
#6810=LINE('',#14908,#8028);
#6811=LINE('',#14910,#8029);
#6812=LINE('',#14912,#8030);
#6813=LINE('',#14914,#8031);
#6814=LINE('',#14926,#8032);
#6815=LINE('',#14944,#8033);
#6816=LINE('',#14946,#8034);
#6817=LINE('',#14948,#8035);
#6818=LINE('',#14964,#8036);
#6819=LINE('',#14969,#8037);
#6820=LINE('',#14996,#8038);
#6821=LINE('',#14998,#8039);
#6822=LINE('',#15012,#8040);
#6823=LINE('',#15014,#8041);
#6824=LINE('',#15016,#8042);
#6825=LINE('',#15030,#8043);
#6826=LINE('',#15032,#8044);
#6827=LINE('',#15036,#8045);
#6828=LINE('',#15038,#8046);
#6829=LINE('',#15039,#8047);
#6830=LINE('',#15042,#8048);
#6831=LINE('',#15044,#8049);
#6832=LINE('',#15046,#8050);
#6833=LINE('',#15048,#8051);
#6834=LINE('',#15050,#8052);
#6835=LINE('',#15052,#8053);
#6836=LINE('',#15054,#8054);
#6837=LINE('',#15055,#8055);
#6838=LINE('',#15074,#8056);
#6839=LINE('',#15091,#8057);
#6840=LINE('',#15110,#8058);
#6841=LINE('',#15127,#8059);
#6842=LINE('',#15130,#8060);
#6843=LINE('',#15132,#8061);
#6844=LINE('',#15134,#8062);
#6845=LINE('',#15136,#8063);
#6846=LINE('',#15138,#8064);
#6847=LINE('',#15140,#8065);
#6848=LINE('',#15142,#8066);
#6849=LINE('',#15144,#8067);
#6850=LINE('',#15146,#8068);
#6851=LINE('',#15147,#8069);
#6852=LINE('',#15150,#8070);
#6853=LINE('',#15152,#8071);
#6854=LINE('',#15154,#8072);
#6855=LINE('',#15155,#8073);
#6856=LINE('',#15158,#8074);
#6857=LINE('',#15160,#8075);
#6858=LINE('',#15162,#8076);
#6859=LINE('',#15164,#8077);
#6860=LINE('',#15166,#8078);
#6861=LINE('',#15168,#8079);
#6862=LINE('',#15170,#8080);
#6863=LINE('',#15172,#8081);
#6864=LINE('',#15174,#8082);
#6865=LINE('',#15175,#8083);
#6866=LINE('',#15178,#8084);
#6867=LINE('',#15180,#8085);
#6868=LINE('',#15182,#8086);
#6869=LINE('',#15183,#8087);
#6870=LINE('',#15186,#8088);
#6871=LINE('',#15188,#8089);
#6872=LINE('',#15190,#8090);
#6873=LINE('',#15192,#8091);
#6874=LINE('',#15194,#8092);
#6875=LINE('',#15196,#8093);
#6876=LINE('',#15210,#8094);
#6877=LINE('',#15212,#8095);
#6878=LINE('',#15214,#8096);
#6879=LINE('',#15216,#8097);
#6880=LINE('',#15218,#8098);
#6881=LINE('',#15220,#8099);
#6882=LINE('',#15222,#8100);
#6883=LINE('',#15236,#8101);
#6884=LINE('',#15238,#8102);
#6885=LINE('',#15240,#8103);
#6886=LINE('',#15242,#8104);
#6887=LINE('',#15243,#8105);
#6888=LINE('',#15258,#8106);
#6889=LINE('',#15260,#8107);
#6890=LINE('',#15262,#8108);
#6891=LINE('',#15264,#8109);
#6892=LINE('',#15266,#8110);
#6893=LINE('',#15280,#8111);
#6894=LINE('',#15282,#8112);
#6895=LINE('',#15284,#8113);
#6896=LINE('',#15286,#8114);
#6897=LINE('',#15288,#8115);
#6898=LINE('',#15290,#8116);
#6899=LINE('',#15292,#8117);
#6900=LINE('',#15294,#8118);
#6901=LINE('',#15295,#8119);
#6902=LINE('',#15298,#8120);
#6903=LINE('',#15300,#8121);
#6904=LINE('',#15302,#8122);
#6905=LINE('',#15304,#8123);
#6906=LINE('',#15306,#8124);
#6907=LINE('',#15308,#8125);
#6908=LINE('',#15310,#8126);
#6909=LINE('',#15312,#8127);
#6910=LINE('',#15314,#8128);
#6911=LINE('',#15315,#8129);
#6912=LINE('',#15318,#8130);
#6913=LINE('',#15320,#8131);
#6914=LINE('',#15322,#8132);
#6915=LINE('',#15323,#8133);
#6916=LINE('',#15326,#8134);
#6917=LINE('',#15328,#8135);
#6918=LINE('',#15330,#8136);
#6919=LINE('',#15332,#8137);
#6920=LINE('',#15334,#8138);
#6921=LINE('',#15336,#8139);
#6922=LINE('',#15338,#8140);
#6923=LINE('',#15340,#8141);
#6924=LINE('',#15342,#8142);
#6925=LINE('',#15344,#8143);
#6926=LINE('',#15346,#8144);
#6927=LINE('',#15348,#8145);
#6928=LINE('',#15350,#8146);
#6929=LINE('',#15352,#8147);
#6930=LINE('',#15354,#8148);
#6931=LINE('',#15356,#8149);
#6932=LINE('',#15358,#8150);
#6933=LINE('',#15359,#8151);
#6934=LINE('',#15362,#8152);
#6935=LINE('',#15364,#8153);
#6936=LINE('',#15366,#8154);
#6937=LINE('',#15367,#8155);
#6938=LINE('',#15370,#8156);
#6939=LINE('',#15372,#8157);
#6940=LINE('',#15374,#8158);
#6941=LINE('',#15376,#8159);
#6942=LINE('',#15378,#8160);
#6943=LINE('',#15380,#8161);
#6944=LINE('',#15382,#8162);
#6945=LINE('',#15384,#8163);
#6946=LINE('',#15386,#8164);
#6947=LINE('',#15388,#8165);
#6948=LINE('',#15390,#8166);
#6949=LINE('',#15392,#8167);
#6950=LINE('',#15394,#8168);
#6951=LINE('',#15396,#8169);
#6952=LINE('',#15398,#8170);
#6953=LINE('',#15400,#8171);
#6954=LINE('',#15402,#8172);
#6955=LINE('',#15403,#8173);
#6956=LINE('',#15406,#8174);
#6957=LINE('',#15408,#8175);
#6958=LINE('',#15410,#8176);
#6959=LINE('',#15412,#8177);
#6960=LINE('',#15414,#8178);
#6961=LINE('',#15416,#8179);
#6962=LINE('',#15418,#8180);
#6963=LINE('',#15420,#8181);
#6964=LINE('',#15422,#8182);
#6965=LINE('',#15423,#8183);
#6966=LINE('',#15426,#8184);
#6967=LINE('',#15428,#8185);
#6968=LINE('',#15454,#8186);
#6969=LINE('',#15456,#8187);
#6970=LINE('',#15480,#8188);
#6971=LINE('',#15482,#8189);
#6972=LINE('',#15484,#8190);
#6973=LINE('',#15486,#8191);
#6974=LINE('',#15488,#8192);
#6975=LINE('',#15490,#8193);
#6976=LINE('',#15491,#8194);
#6977=LINE('',#15494,#8195);
#6978=LINE('',#15496,#8196);
#6979=LINE('',#15498,#8197);
#6980=LINE('',#15500,#8198);
#6981=LINE('',#15502,#8199);
#6982=LINE('',#15504,#8200);
#6983=LINE('',#15506,#8201);
#6984=LINE('',#15508,#8202);
#6985=LINE('',#15510,#8203);
#6986=LINE('',#15511,#8204);
#6987=LINE('',#15514,#8205);
#6988=LINE('',#15516,#8206);
#6989=LINE('',#15518,#8207);
#6990=LINE('',#15520,#8208);
#6991=LINE('',#15522,#8209);
#6992=LINE('',#15534,#8210);
#6993=LINE('',#15548,#8211);
#6994=LINE('',#15550,#8212);
#6995=LINE('',#15552,#8213);
#6996=LINE('',#15554,#8214);
#6997=LINE('',#15556,#8215);
#6998=LINE('',#15557,#8216);
#6999=LINE('',#15572,#8217);
#7000=LINE('',#15574,#8218);
#7001=LINE('',#15576,#8219);
#7002=LINE('',#15578,#8220);
#7003=LINE('',#15580,#8221);
#7004=LINE('',#15594,#8222);
#7005=LINE('',#15596,#8223);
#7006=LINE('',#15598,#8224);
#7007=LINE('',#15600,#8225);
#7008=LINE('',#15602,#8226);
#7009=LINE('',#15604,#8227);
#7010=LINE('',#15606,#8228);
#7011=LINE('',#15608,#8229);
#7012=LINE('',#15610,#8230);
#7013=LINE('',#15613,#8231);
#7014=LINE('',#15614,#8232);
#7015=LINE('',#15633,#8233);
#7016=LINE('',#15635,#8234);
#7017=LINE('',#15637,#8235);
#7018=LINE('',#15656,#8236);
#7019=LINE('',#15658,#8237);
#7020=LINE('',#15660,#8238);
#7021=LINE('',#15662,#8239);
#7022=LINE('',#15664,#8240);
#7023=LINE('',#15667,#8241);
#7024=LINE('',#15669,#8242);
#7025=LINE('',#15671,#8243);
#7026=LINE('',#15694,#8244);
#7027=LINE('',#15697,#8245);
#7028=LINE('',#15699,#8246);
#7029=LINE('',#15701,#8247);
#7030=LINE('',#15705,#8248);
#7031=LINE('',#15709,#8249);
#7032=LINE('',#15713,#8250);
#7033=LINE('',#15717,#8251);
#7034=LINE('',#15721,#8252);
#7035=LINE('',#15725,#8253);
#7036=LINE('',#15729,#8254);
#7037=LINE('',#15733,#8255);
#7038=LINE('',#15738,#8256);
#7039=LINE('',#15739,#8257);
#7040=LINE('',#15741,#8258);
#7041=LINE('',#15742,#8259);
#7042=LINE('',#15744,#8260);
#7043=LINE('',#15746,#8261);
#7044=LINE('',#15748,#8262);
#7045=LINE('',#15750,#8263);
#7046=LINE('',#15751,#8264);
#7047=LINE('',#15753,#8265);
#7048=LINE('',#15754,#8266);
#7049=LINE('',#15756,#8267);
#7050=LINE('',#15757,#8268);
#7051=LINE('',#15759,#8269);
#7052=LINE('',#15761,#8270);
#7053=LINE('',#15763,#8271);
#7054=LINE('',#15764,#8272);
#7055=LINE('',#15766,#8273);
#7056=LINE('',#15767,#8274);
#7057=LINE('',#15791,#8275);
#7058=LINE('',#15793,#8276);
#7059=LINE('',#15795,#8277);
#7060=LINE('',#15797,#8278);
#7061=LINE('',#15799,#8279);
#7062=LINE('',#15801,#8280);
#7063=LINE('',#15803,#8281);
#7064=LINE('',#15805,#8282);
#7065=LINE('',#15807,#8283);
#7066=LINE('',#15809,#8284);
#7067=LINE('',#15811,#8285);
#7068=LINE('',#15813,#8286);
#7069=LINE('',#15815,#8287);
#7070=LINE('',#15817,#8288);
#7071=LINE('',#15819,#8289);
#7072=LINE('',#15821,#8290);
#7073=LINE('',#15823,#8291);
#7074=LINE('',#15825,#8292);
#7075=LINE('',#15827,#8293);
#7076=LINE('',#15829,#8294);
#7077=LINE('',#15831,#8295);
#7078=LINE('',#15833,#8296);
#7079=LINE('',#15835,#8297);
#7080=LINE('',#15837,#8298);
#7081=LINE('',#15839,#8299);
#7082=LINE('',#15841,#8300);
#7083=LINE('',#15843,#8301);
#7084=LINE('',#15845,#8302);
#7085=LINE('',#15847,#8303);
#7086=LINE('',#15849,#8304);
#7087=LINE('',#15851,#8305);
#7088=LINE('',#15853,#8306);
#7089=LINE('',#15855,#8307);
#7090=LINE('',#15857,#8308);
#7091=LINE('',#15859,#8309);
#7092=LINE('',#15861,#8310);
#7093=LINE('',#15864,#8311);
#7094=LINE('',#15866,#8312);
#7095=LINE('',#15868,#8313);
#7096=LINE('',#15870,#8314);
#7097=LINE('',#15872,#8315);
#7098=LINE('',#15874,#8316);
#7099=LINE('',#15876,#8317);
#7100=LINE('',#15878,#8318);
#7101=LINE('',#15880,#8319);
#7102=LINE('',#15882,#8320);
#7103=LINE('',#15884,#8321);
#7104=LINE('',#15886,#8322);
#7105=LINE('',#15888,#8323);
#7106=LINE('',#15890,#8324);
#7107=LINE('',#15892,#8325);
#7108=LINE('',#15894,#8326);
#7109=LINE('',#15896,#8327);
#7110=LINE('',#15898,#8328);
#7111=LINE('',#15900,#8329);
#7112=LINE('',#15902,#8330);
#7113=LINE('',#15904,#8331);
#7114=LINE('',#15906,#8332);
#7115=LINE('',#15908,#8333);
#7116=LINE('',#15910,#8334);
#7117=LINE('',#15913,#8335);
#7118=LINE('',#15915,#8336);
#7119=LINE('',#15917,#8337);
#7120=LINE('',#15919,#8338);
#7121=LINE('',#15921,#8339);
#7122=LINE('',#15923,#8340);
#7123=LINE('',#15925,#8341);
#7124=LINE('',#15927,#8342);
#7125=LINE('',#15929,#8343);
#7126=LINE('',#15931,#8344);
#7127=LINE('',#15933,#8345);
#7128=LINE('',#15935,#8346);
#7129=LINE('',#15937,#8347);
#7130=LINE('',#15939,#8348);
#7131=LINE('',#15941,#8349);
#7132=LINE('',#15943,#8350);
#7133=LINE('',#15945,#8351);
#7134=LINE('',#15947,#8352);
#7135=LINE('',#15949,#8353);
#7136=LINE('',#15951,#8354);
#7137=LINE('',#15954,#8355);
#7138=LINE('',#15956,#8356);
#7139=LINE('',#15958,#8357);
#7140=LINE('',#15960,#8358);
#7141=LINE('',#15962,#8359);
#7142=LINE('',#15964,#8360);
#7143=LINE('',#15966,#8361);
#7144=LINE('',#15968,#8362);
#7145=LINE('',#15970,#8363);
#7146=LINE('',#15972,#8364);
#7147=LINE('',#15974,#8365);
#7148=LINE('',#15976,#8366);
#7149=LINE('',#15978,#8367);
#7150=LINE('',#15980,#8368);
#7151=LINE('',#15982,#8369);
#7152=LINE('',#15984,#8370);
#7153=LINE('',#15986,#8371);
#7154=LINE('',#15995,#8372);
#7155=LINE('',#16001,#8373);
#7156=LINE('',#16012,#8374);
#7157=LINE('',#16025,#8375);
#7158=LINE('',#16038,#8376);
#7159=LINE('',#16051,#8377);
#7160=LINE('',#16057,#8378);
#7161=LINE('',#16059,#8379);
#7162=LINE('',#16061,#8380);
#7163=LINE('',#16063,#8381);
#7164=LINE('',#16072,#8382);
#7165=LINE('',#16085,#8383);
#7166=LINE('',#16098,#8384);
#7167=LINE('',#16111,#8385);
#7168=LINE('',#16124,#8386);
#7169=LINE('',#16137,#8387);
#7170=LINE('',#16143,#8388);
#7171=LINE('',#16146,#8389);
#7172=LINE('',#16148,#8390);
#7173=LINE('',#16150,#8391);
#7174=LINE('',#16152,#8392);
#7175=LINE('',#16154,#8393);
#7176=LINE('',#16156,#8394);
#7177=LINE('',#16158,#8395);
#7178=LINE('',#16160,#8396);
#7179=LINE('',#16162,#8397);
#7180=LINE('',#16164,#8398);
#7181=LINE('',#16166,#8399);
#7182=LINE('',#16168,#8400);
#7183=LINE('',#16170,#8401);
#7184=LINE('',#16172,#8402);
#7185=LINE('',#16174,#8403);
#7186=LINE('',#16176,#8404);
#7187=LINE('',#16178,#8405);
#7188=LINE('',#16180,#8406);
#7189=LINE('',#16182,#8407);
#7190=LINE('',#16184,#8408);
#7191=LINE('',#16186,#8409);
#7192=LINE('',#16188,#8410);
#7193=LINE('',#16190,#8411);
#7194=LINE('',#16192,#8412);
#7195=LINE('',#16194,#8413);
#7196=LINE('',#16196,#8414);
#7197=LINE('',#16198,#8415);
#7198=LINE('',#16200,#8416);
#7199=LINE('',#16202,#8417);
#7200=LINE('',#16204,#8418);
#7201=LINE('',#16206,#8419);
#7202=LINE('',#16208,#8420);
#7203=LINE('',#16210,#8421);
#7204=LINE('',#16212,#8422);
#7205=LINE('',#16214,#8423);
#7206=LINE('',#16216,#8424);
#7207=LINE('',#16231,#8425);
#7208=LINE('',#16237,#8426);
#7209=LINE('',#16239,#8427);
#7210=LINE('',#16241,#8428);
#7211=LINE('',#16243,#8429);
#7212=LINE('',#16256,#8430);
#7213=LINE('',#16273,#8431);
#7214=LINE('',#16281,#8432);
#7215=LINE('',#16287,#8433);
#7216=LINE('',#16291,#8434);
#7217=LINE('',#16293,#8435);
#7218=LINE('',#16295,#8436);
#7219=LINE('',#16299,#8437);
#7220=LINE('',#16305,#8438);
#7221=LINE('',#16309,#8439);
#7222=LINE('',#16313,#8440);
#7223=LINE('',#16315,#8441);
#7224=LINE('',#16317,#8442);
#7225=LINE('',#16319,#8443);
#7226=LINE('',#16321,#8444);
#7227=LINE('',#16323,#8445);
#7228=LINE('',#16325,#8446);
#7229=LINE('',#16327,#8447);
#7230=LINE('',#16329,#8448);
#7231=LINE('',#16331,#8449);
#7232=LINE('',#16333,#8450);
#7233=LINE('',#16335,#8451);
#7234=LINE('',#16337,#8452);
#7235=LINE('',#16339,#8453);
#7236=LINE('',#16341,#8454);
#7237=LINE('',#16343,#8455);
#7238=LINE('',#16345,#8456);
#7239=LINE('',#16347,#8457);
#7240=LINE('',#16349,#8458);
#7241=LINE('',#16351,#8459);
#7242=LINE('',#16355,#8460);
#7243=LINE('',#16366,#8461);
#7244=LINE('',#16379,#8462);
#7245=LINE('',#16385,#8463);
#7246=LINE('',#16387,#8464);
#7247=LINE('',#16396,#8465);
#7248=LINE('',#16409,#8466);
#7249=LINE('',#16435,#8467);
#7250=LINE('',#16439,#8468);
#7251=LINE('',#16452,#8469);
#7252=LINE('',#16469,#8470);
#7253=LINE('',#16475,#8471);
#7254=LINE('',#16477,#8472);
#7255=LINE('',#16479,#8473);
#7256=LINE('',#16481,#8474);
#7257=LINE('',#16483,#8475);
#7258=LINE('',#16485,#8476);
#7259=LINE('',#16487,#8477);
#7260=LINE('',#16489,#8478);
#7261=LINE('',#16491,#8479);
#7262=LINE('',#16500,#8480);
#7263=LINE('',#16506,#8481);
#7264=LINE('',#16508,#8482);
#7265=LINE('',#16519,#8483);
#7266=LINE('',#16525,#8484);
#7267=LINE('',#16527,#8485);
#7268=LINE('',#16529,#8486);
#7269=LINE('',#16540,#8487);
#7270=LINE('',#16553,#8488);
#7271=LINE('',#16566,#8489);
#7272=LINE('',#16572,#8490);
#7273=LINE('',#16574,#8491);
#7274=LINE('',#16576,#8492);
#7275=LINE('',#16578,#8493);
#7276=LINE('',#16580,#8494);
#7277=LINE('',#16582,#8495);
#7278=LINE('',#16591,#8496);
#7279=LINE('',#16604,#8497);
#7280=LINE('',#16617,#8498);
#7281=LINE('',#16630,#8499);
#7282=LINE('',#16636,#8500);
#7283=LINE('',#16638,#8501);
#7284=LINE('',#16678,#8502);
#7285=LINE('',#16684,#8503);
#7286=LINE('',#16686,#8504);
#7287=LINE('',#16688,#8505);
#7288=LINE('',#16690,#8506);
#7289=LINE('',#16703,#8507);
#7290=LINE('',#16720,#8508);
#7291=LINE('',#16737,#8509);
#7292=LINE('',#16754,#8510);
#7293=LINE('',#16760,#8511);
#7294=LINE('',#16762,#8512);
#7295=LINE('',#16764,#8513);
#7296=LINE('',#16777,#8514);
#7297=LINE('',#16794,#8515);
#7298=LINE('',#16807,#8516);
#7299=LINE('',#16813,#8517);
#7300=LINE('',#16815,#8518);
#7301=LINE('',#16817,#8519);
#7302=LINE('',#16826,#8520);
#7303=LINE('',#16839,#8521);
#7304=LINE('',#16852,#8522);
#7305=LINE('',#16865,#8523);
#7306=LINE('',#16871,#8524);
#7307=LINE('',#16873,#8525);
#7308=LINE('',#16882,#8526);
#7309=LINE('',#16895,#8527);
#7310=LINE('',#16930,#8528);
#7311=LINE('',#16934,#8529);
#7312=LINE('',#16947,#8530);
#7313=LINE('',#16964,#8531);
#7314=LINE('',#16972,#8532);
#7315=LINE('',#16987,#8533);
#7316=LINE('',#16993,#8534);
#7317=LINE('',#16995,#8535);
#7318=LINE('',#16997,#8536);
#7319=LINE('',#16999,#8537);
#7320=LINE('',#17001,#8538);
#7321=LINE('',#17003,#8539);
#7322=LINE('',#17005,#8540);
#7323=LINE('',#17009,#8541);
#7324=LINE('',#17011,#8542);
#7325=LINE('',#17013,#8543);
#7326=LINE('',#17015,#8544);
#7327=LINE('',#17017,#8545);
#7328=LINE('',#17019,#8546);
#7329=LINE('',#17021,#8547);
#7330=LINE('',#17023,#8548);
#7331=LINE('',#17027,#8549);
#7332=LINE('',#17029,#8550);
#7333=LINE('',#17031,#8551);
#7334=LINE('',#17033,#8552);
#7335=LINE('',#17042,#8553);
#7336=LINE('',#17055,#8554);
#7337=LINE('',#17061,#8555);
#7338=LINE('',#17065,#8556);
#7339=LINE('',#17069,#8557);
#7340=LINE('',#17071,#8558);
#7341=LINE('',#17073,#8559);
#7342=LINE('',#17075,#8560);
#7343=LINE('',#17077,#8561);
#7344=LINE('',#17079,#8562);
#7345=LINE('',#17081,#8563);
#7346=LINE('',#17085,#8564);
#7347=LINE('',#17096,#8565);
#7348=LINE('',#17109,#8566);
#7349=LINE('',#17115,#8567);
#7350=LINE('',#17117,#8568);
#7351=LINE('',#17119,#8569);
#7352=LINE('',#17121,#8570);
#7353=LINE('',#17130,#8571);
#7354=LINE('',#17143,#8572);
#7355=LINE('',#17156,#8573);
#7356=LINE('',#17169,#8574);
#7357=LINE('',#17175,#8575);
#7358=LINE('',#17179,#8576);
#7359=LINE('',#17189,#8577);
#7360=LINE('',#17191,#8578);
#7361=LINE('',#17193,#8579);
#7362=LINE('',#17195,#8580);
#7363=LINE('',#17197,#8581);
#7364=LINE('',#17199,#8582);
#7365=LINE('',#17201,#8583);
#7366=LINE('',#17203,#8584);
#7367=LINE('',#17205,#8585);
#7368=LINE('',#17207,#8586);
#7369=LINE('',#17209,#8587);
#7370=LINE('',#17211,#8588);
#7371=LINE('',#17213,#8589);
#7372=LINE('',#17215,#8590);
#7373=LINE('',#17217,#8591);
#7374=LINE('',#17219,#8592);
#7375=LINE('',#17222,#8593);
#7376=LINE('',#17224,#8594);
#7377=LINE('',#17226,#8595);
#7378=LINE('',#17228,#8596);
#7379=LINE('',#17230,#8597);
#7380=LINE('',#17232,#8598);
#7381=LINE('',#17234,#8599);
#7382=LINE('',#17236,#8600);
#7383=LINE('',#17238,#8601);
#7384=LINE('',#17240,#8602);
#7385=LINE('',#17242,#8603);
#7386=LINE('',#17244,#8604);
#7387=LINE('',#17246,#8605);
#7388=LINE('',#17248,#8606);
#7389=LINE('',#17250,#8607);
#7390=LINE('',#17252,#8608);
#7391=LINE('',#17267,#8609);
#7392=LINE('',#17273,#8610);
#7393=LINE('',#17275,#8611);
#7394=LINE('',#17277,#8612);
#7395=LINE('',#17279,#8613);
#7396=LINE('',#17292,#8614);
#7397=LINE('',#17309,#8615);
#7398=LINE('',#17317,#8616);
#7399=LINE('',#17323,#8617);
#7400=LINE('',#17327,#8618);
#7401=LINE('',#17329,#8619);
#7402=LINE('',#17331,#8620);
#7403=LINE('',#17335,#8621);
#7404=LINE('',#17341,#8622);
#7405=LINE('',#17345,#8623);
#7406=LINE('',#17349,#8624);
#7407=LINE('',#17351,#8625);
#7408=LINE('',#17353,#8626);
#7409=LINE('',#17355,#8627);
#7410=LINE('',#17357,#8628);
#7411=LINE('',#17359,#8629);
#7412=LINE('',#17361,#8630);
#7413=LINE('',#17363,#8631);
#7414=LINE('',#17365,#8632);
#7415=LINE('',#17367,#8633);
#7416=LINE('',#17369,#8634);
#7417=LINE('',#17371,#8635);
#7418=LINE('',#17373,#8636);
#7419=LINE('',#17375,#8637);
#7420=LINE('',#17377,#8638);
#7421=LINE('',#17379,#8639);
#7422=LINE('',#17381,#8640);
#7423=LINE('',#17383,#8641);
#7424=LINE('',#17385,#8642);
#7425=LINE('',#17387,#8643);
#7426=LINE('',#17391,#8644);
#7427=LINE('',#17402,#8645);
#7428=LINE('',#17415,#8646);
#7429=LINE('',#17421,#8647);
#7430=LINE('',#17423,#8648);
#7431=LINE('',#17432,#8649);
#7432=LINE('',#17445,#8650);
#7433=LINE('',#17480,#8651);
#7434=LINE('',#17486,#8652);
#7435=LINE('',#17488,#8653);
#7436=LINE('',#17490,#8654);
#7437=LINE('',#17492,#8655);
#7438=LINE('',#17505,#8656);
#7439=LINE('',#17522,#8657);
#7440=LINE('',#17539,#8658);
#7441=LINE('',#17556,#8659);
#7442=LINE('',#17562,#8660);
#7443=LINE('',#17564,#8661);
#7444=LINE('',#17566,#8662);
#7445=LINE('',#17579,#8663);
#7446=LINE('',#17596,#8664);
#7447=LINE('',#17609,#8665);
#7448=LINE('',#17615,#8666);
#7449=LINE('',#17617,#8667);
#7450=LINE('',#17619,#8668);
#7451=LINE('',#17628,#8669);
#7452=LINE('',#17641,#8670);
#7453=LINE('',#17654,#8671);
#7454=LINE('',#17667,#8672);
#7455=LINE('',#17673,#8673);
#7456=LINE('',#17675,#8674);
#7457=LINE('',#17684,#8675);
#7458=LINE('',#17697,#8676);
#7459=LINE('',#17741,#8677);
#7460=LINE('',#17747,#8678);
#7461=LINE('',#17749,#8679);
#7462=LINE('',#17751,#8680);
#7463=LINE('',#17753,#8681);
#7464=LINE('',#17766,#8682);
#7465=LINE('',#17783,#8683);
#7466=LINE('',#17800,#8684);
#7467=LINE('',#17817,#8685);
#7468=LINE('',#17823,#8686);
#7469=LINE('',#17825,#8687);
#7470=LINE('',#17827,#8688);
#7471=LINE('',#17840,#8689);
#7472=LINE('',#17857,#8690);
#7473=LINE('',#17870,#8691);
#7474=LINE('',#17876,#8692);
#7475=LINE('',#17878,#8693);
#7476=LINE('',#17880,#8694);
#7477=LINE('',#17889,#8695);
#7478=LINE('',#17902,#8696);
#7479=LINE('',#17915,#8697);
#7480=LINE('',#17928,#8698);
#7481=LINE('',#17934,#8699);
#7482=LINE('',#17936,#8700);
#7483=LINE('',#17945,#8701);
#7484=LINE('',#17958,#8702);
#7485=LINE('',#18002,#8703);
#7486=LINE('',#18008,#8704);
#7487=LINE('',#18010,#8705);
#7488=LINE('',#18012,#8706);
#7489=LINE('',#18014,#8707);
#7490=LINE('',#18027,#8708);
#7491=LINE('',#18044,#8709);
#7492=LINE('',#18061,#8710);
#7493=LINE('',#18078,#8711);
#7494=LINE('',#18084,#8712);
#7495=LINE('',#18086,#8713);
#7496=LINE('',#18088,#8714);
#7497=LINE('',#18101,#8715);
#7498=LINE('',#18118,#8716);
#7499=LINE('',#18131,#8717);
#7500=LINE('',#18137,#8718);
#7501=LINE('',#18139,#8719);
#7502=LINE('',#18141,#8720);
#7503=LINE('',#18150,#8721);
#7504=LINE('',#18163,#8722);
#7505=LINE('',#18176,#8723);
#7506=LINE('',#18189,#8724);
#7507=LINE('',#18195,#8725);
#7508=LINE('',#18197,#8726);
#7509=LINE('',#18206,#8727);
#7510=LINE('',#18219,#8728);
#7511=LINE('',#18251,#8729);
#7512=LINE('',#18253,#8730);
#7513=LINE('',#18255,#8731);
#7514=LINE('',#18257,#8732);
#7515=LINE('',#18259,#8733);
#7516=LINE('',#18261,#8734);
#7517=LINE('',#18263,#8735);
#7518=LINE('',#18265,#8736);
#7519=LINE('',#18267,#8737);
#7520=LINE('',#18269,#8738);
#7521=LINE('',#18271,#8739);
#7522=LINE('',#18273,#8740);
#7523=LINE('',#18275,#8741);
#7524=LINE('',#18277,#8742);
#7525=LINE('',#18279,#8743);
#7526=LINE('',#18281,#8744);
#7527=LINE('',#18283,#8745);
#7528=LINE('',#18285,#8746);
#7529=LINE('',#18287,#8747);
#7530=LINE('',#18289,#8748);
#7531=LINE('',#18292,#8749);
#7532=LINE('',#18294,#8750);
#7533=LINE('',#18296,#8751);
#7534=LINE('',#18298,#8752);
#7535=LINE('',#18300,#8753);
#7536=LINE('',#18302,#8754);
#7537=LINE('',#18304,#8755);
#7538=LINE('',#18306,#8756);
#7539=LINE('',#18309,#8757);
#7540=LINE('',#18311,#8758);
#7541=LINE('',#18313,#8759);
#7542=LINE('',#18315,#8760);
#7543=LINE('',#18317,#8761);
#7544=LINE('',#18319,#8762);
#7545=LINE('',#18321,#8763);
#7546=LINE('',#18323,#8764);
#7547=LINE('',#18325,#8765);
#7548=LINE('',#18327,#8766);
#7549=LINE('',#18329,#8767);
#7550=LINE('',#18331,#8768);
#7551=LINE('',#18333,#8769);
#7552=LINE('',#18335,#8770);
#7553=LINE('',#18337,#8771);
#7554=LINE('',#18339,#8772);
#7555=LINE('',#18341,#8773);
#7556=LINE('',#18343,#8774);
#7557=LINE('',#18345,#8775);
#7558=LINE('',#18347,#8776);
#7559=LINE('',#18350,#8777);
#7560=LINE('',#18352,#8778);
#7561=LINE('',#18354,#8779);
#7562=LINE('',#18356,#8780);
#7563=LINE('',#18358,#8781);
#7564=LINE('',#18360,#8782);
#7565=LINE('',#18362,#8783);
#7566=LINE('',#18364,#8784);
#7567=LINE('',#18367,#8785);
#7568=LINE('',#18369,#8786);
#7569=LINE('',#18371,#8787);
#7570=LINE('',#18373,#8788);
#7571=LINE('',#18375,#8789);
#7572=LINE('',#18377,#8790);
#7573=LINE('',#18379,#8791);
#7574=LINE('',#18381,#8792);
#7575=LINE('',#18383,#8793);
#7576=LINE('',#18385,#8794);
#7577=LINE('',#18387,#8795);
#7578=LINE('',#18389,#8796);
#7579=LINE('',#18391,#8797);
#7580=LINE('',#18393,#8798);
#7581=LINE('',#18397,#8799);
#7582=LINE('',#18408,#8800);
#7583=LINE('',#18421,#8801);
#7584=LINE('',#18427,#8802);
#7585=LINE('',#18429,#8803);
#7586=LINE('',#18431,#8804);
#7587=LINE('',#18433,#8805);
#7588=LINE('',#18435,#8806);
#7589=LINE('',#18437,#8807);
#7590=LINE('',#18439,#8808);
#7591=LINE('',#18441,#8809);
#7592=LINE('',#18443,#8810);
#7593=LINE('',#18445,#8811);
#7594=LINE('',#18447,#8812);
#7595=LINE('',#18449,#8813);
#7596=LINE('',#18451,#8814);
#7597=LINE('',#18453,#8815);
#7598=LINE('',#18462,#8816);
#7599=LINE('',#18475,#8817);
#7600=LINE('',#18481,#8818);
#7601=LINE('',#18485,#8819);
#7602=LINE('',#18489,#8820);
#7603=LINE('',#18491,#8821);
#7604=LINE('',#18493,#8822);
#7605=LINE('',#18495,#8823);
#7606=LINE('',#18497,#8824);
#7607=LINE('',#18499,#8825);
#7608=LINE('',#18501,#8826);
#7609=LINE('',#18503,#8827);
#7610=LINE('',#18505,#8828);
#7611=LINE('',#18508,#8829);
#7612=LINE('',#18512,#8830);
#7613=LINE('',#18514,#8831);
#7614=LINE('',#18516,#8832);
#7615=LINE('',#18518,#8833);
#7616=LINE('',#18520,#8834);
#7617=LINE('',#18522,#8835);
#7618=LINE('',#18524,#8836);
#7619=LINE('',#18526,#8837);
#7620=LINE('',#18528,#8838);
#7621=LINE('',#18530,#8839);
#7622=LINE('',#18532,#8840);
#7623=LINE('',#18534,#8841);
#7624=LINE('',#18536,#8842);
#7625=LINE('',#18538,#8843);
#7626=LINE('',#18540,#8844);
#7627=LINE('',#18542,#8845);
#7628=LINE('',#18544,#8846);
#7629=LINE('',#18546,#8847);
#7630=LINE('',#18548,#8848);
#7631=LINE('',#18550,#8849);
#7632=LINE('',#18554,#8850);
#7633=LINE('',#18565,#8851);
#7634=LINE('',#18578,#8852);
#7635=LINE('',#18584,#8853);
#7636=LINE('',#18586,#8854);
#7637=LINE('',#18588,#8855);
#7638=LINE('',#18590,#8856);
#7639=LINE('',#18592,#8857);
#7640=LINE('',#18594,#8858);
#7641=LINE('',#18596,#8859);
#7642=LINE('',#18598,#8860);
#7643=LINE('',#18600,#8861);
#7644=LINE('',#18602,#8862);
#7645=LINE('',#18611,#8863);
#7646=LINE('',#18624,#8864);
#7647=LINE('',#18633,#8865);
#7648=LINE('',#18635,#8866);
#7649=LINE('',#18637,#8867);
#7650=LINE('',#18639,#8868);
#7651=LINE('',#18641,#8869);
#7652=LINE('',#18643,#8870);
#7653=LINE('',#18645,#8871);
#7654=LINE('',#18647,#8872);
#7655=LINE('',#18649,#8873);
#7656=LINE('',#18651,#8874);
#7657=LINE('',#18653,#8875);
#7658=LINE('',#18655,#8876);
#7659=LINE('',#18657,#8877);
#7660=LINE('',#18659,#8878);
#7661=LINE('',#18661,#8879);
#7662=LINE('',#18663,#8880);
#7663=LINE('',#18665,#8881);
#7664=LINE('',#18667,#8882);
#7665=LINE('',#18669,#8883);
#7666=LINE('',#18671,#8884);
#7667=LINE('',#18674,#8885);
#7668=LINE('',#18676,#8886);
#7669=LINE('',#18678,#8887);
#7670=LINE('',#18680,#8888);
#7671=LINE('',#18682,#8889);
#7672=LINE('',#18684,#8890);
#7673=LINE('',#18686,#8891);
#7674=LINE('',#18688,#8892);
#7675=LINE('',#18691,#8893);
#7676=LINE('',#18693,#8894);
#7677=LINE('',#18695,#8895);
#7678=LINE('',#18697,#8896);
#7679=LINE('',#18699,#8897);
#7680=LINE('',#18701,#8898);
#7681=LINE('',#18703,#8899);
#7682=LINE('',#18705,#8900);
#7683=LINE('',#18707,#8901);
#7684=LINE('',#18709,#8902);
#7685=LINE('',#18711,#8903);
#7686=LINE('',#18713,#8904);
#7687=LINE('',#18715,#8905);
#7688=LINE('',#18717,#8906);
#7689=LINE('',#18719,#8907);
#7690=LINE('',#18721,#8908);
#7691=LINE('',#18723,#8909);
#7692=LINE('',#18725,#8910);
#7693=LINE('',#18727,#8911);
#7694=LINE('',#18729,#8912);
#7695=LINE('',#18731,#8913);
#7696=LINE('',#18733,#8914);
#7697=LINE('',#18735,#8915);
#7698=LINE('',#18737,#8916);
#7699=LINE('',#18739,#8917);
#7700=LINE('',#18741,#8918);
#7701=LINE('',#18743,#8919);
#7702=LINE('',#18745,#8920);
#7703=LINE('',#18747,#8921);
#7704=LINE('',#18749,#8922);
#7705=LINE('',#18751,#8923);
#7706=LINE('',#18753,#8924);
#7707=LINE('',#18755,#8925);
#7708=LINE('',#18757,#8926);
#7709=LINE('',#18759,#8927);
#7710=LINE('',#18761,#8928);
#7711=LINE('',#18764,#8929);
#7712=LINE('',#18766,#8930);
#7713=LINE('',#18768,#8931);
#7714=LINE('',#18770,#8932);
#7715=LINE('',#18772,#8933);
#7716=LINE('',#18774,#8934);
#7717=LINE('',#18776,#8935);
#7718=LINE('',#18778,#8936);
#7719=LINE('',#18781,#8937);
#7720=LINE('',#18783,#8938);
#7721=LINE('',#18785,#8939);
#7722=LINE('',#18787,#8940);
#7723=LINE('',#18789,#8941);
#7724=LINE('',#18791,#8942);
#7725=LINE('',#18793,#8943);
#7726=LINE('',#18795,#8944);
#7727=LINE('',#18797,#8945);
#7728=LINE('',#18799,#8946);
#7729=LINE('',#18801,#8947);
#7730=LINE('',#18803,#8948);
#7731=LINE('',#18805,#8949);
#7732=LINE('',#18807,#8950);
#7733=LINE('',#18809,#8951);
#7734=LINE('',#18811,#8952);
#7735=LINE('',#18813,#8953);
#7736=LINE('',#18815,#8954);
#7737=LINE('',#18817,#8955);
#7738=LINE('',#18819,#8956);
#7739=LINE('',#18821,#8957);
#7740=LINE('',#18823,#8958);
#7741=LINE('',#18825,#8959);
#7742=LINE('',#18827,#8960);
#7743=LINE('',#18829,#8961);
#7744=LINE('',#18831,#8962);
#7745=LINE('',#18833,#8963);
#7746=LINE('',#18835,#8964);
#7747=LINE('',#18837,#8965);
#7748=LINE('',#18839,#8966);
#7749=LINE('',#18841,#8967);
#7750=LINE('',#18843,#8968);
#7751=LINE('',#18845,#8969);
#7752=LINE('',#18847,#8970);
#7753=LINE('',#18849,#8971);
#7754=LINE('',#18851,#8972);
#7755=LINE('',#18854,#8973);
#7756=LINE('',#18856,#8974);
#7757=LINE('',#18858,#8975);
#7758=LINE('',#18860,#8976);
#7759=LINE('',#18862,#8977);
#7760=LINE('',#18864,#8978);
#7761=LINE('',#18866,#8979);
#7762=LINE('',#18868,#8980);
#7763=LINE('',#18870,#8981);
#7764=LINE('',#18872,#8982);
#7765=LINE('',#18874,#8983);
#7766=LINE('',#18876,#8984);
#7767=LINE('',#18878,#8985);
#7768=LINE('',#18880,#8986);
#7769=LINE('',#18882,#8987);
#7770=LINE('',#18884,#8988);
#7771=LINE('',#18886,#8989);
#7772=LINE('',#18888,#8990);
#7773=LINE('',#18890,#8991);
#7774=LINE('',#18892,#8992);
#7775=LINE('',#18895,#8993);
#7776=LINE('',#18897,#8994);
#7777=LINE('',#18899,#8995);
#7778=LINE('',#18901,#8996);
#7779=LINE('',#18903,#8997);
#7780=LINE('',#18905,#8998);
#7781=LINE('',#18907,#8999);
#7782=LINE('',#18909,#9000);
#7783=LINE('',#18911,#9001);
#7784=LINE('',#18913,#9002);
#7785=LINE('',#18915,#9003);
#7786=LINE('',#18917,#9004);
#7787=LINE('',#18919,#9005);
#7788=LINE('',#18921,#9006);
#7789=LINE('',#18923,#9007);
#7790=LINE('',#18925,#9008);
#7791=LINE('',#18927,#9009);
#7792=LINE('',#18936,#9010);
#7793=LINE('',#18942,#9011);
#7794=LINE('',#18953,#9012);
#7795=LINE('',#18966,#9013);
#7796=LINE('',#18979,#9014);
#7797=LINE('',#18992,#9015);
#7798=LINE('',#18998,#9016);
#7799=LINE('',#19000,#9017);
#7800=LINE('',#19002,#9018);
#7801=LINE('',#19004,#9019);
#7802=LINE('',#19013,#9020);
#7803=LINE('',#19026,#9021);
#7804=LINE('',#19039,#9022);
#7805=LINE('',#19052,#9023);
#7806=LINE('',#19065,#9024);
#7807=LINE('',#19078,#9025);
#7808=LINE('',#19084,#9026);
#7809=LINE('',#19087,#9027);
#7810=LINE('',#19089,#9028);
#7811=LINE('',#19091,#9029);
#7812=LINE('',#19093,#9030);
#7813=LINE('',#19095,#9031);
#7814=LINE('',#19097,#9032);
#7815=LINE('',#19099,#9033);
#7816=LINE('',#19101,#9034);
#7817=LINE('',#19103,#9035);
#7818=LINE('',#19105,#9036);
#7819=LINE('',#19107,#9037);
#7820=LINE('',#19109,#9038);
#7821=LINE('',#19111,#9039);
#7822=LINE('',#19113,#9040);
#7823=LINE('',#19115,#9041);
#7824=LINE('',#19117,#9042);
#7825=LINE('',#19119,#9043);
#7826=LINE('',#19121,#9044);
#7827=LINE('',#19123,#9045);
#7828=LINE('',#19125,#9046);
#7829=LINE('',#19128,#9047);
#7830=LINE('',#19130,#9048);
#7831=LINE('',#19132,#9049);
#7832=LINE('',#19134,#9050);
#7833=LINE('',#19136,#9051);
#7834=LINE('',#19138,#9052);
#7835=LINE('',#19140,#9053);
#7836=LINE('',#19142,#9054);
#7837=LINE('',#19144,#9055);
#7838=LINE('',#19146,#9056);
#7839=LINE('',#19148,#9057);
#7840=LINE('',#19150,#9058);
#7841=LINE('',#19152,#9059);
#7842=LINE('',#19154,#9060);
#7843=LINE('',#19156,#9061);
#7844=LINE('',#19165,#9062);
#7845=LINE('',#19178,#9063);
#7846=LINE('',#19184,#9064);
#7847=LINE('',#19188,#9065);
#7848=LINE('',#19192,#9066);
#7849=LINE('',#19194,#9067);
#7850=LINE('',#19196,#9068);
#7851=LINE('',#19200,#9069);
#7852=LINE('',#19204,#9070);
#7853=LINE('',#19215,#9071);
#7854=LINE('',#19221,#9072);
#7855=LINE('',#19223,#9073);
#7856=LINE('',#19225,#9074);
#7857=LINE('',#19227,#9075);
#7858=LINE('',#19229,#9076);
#7859=LINE('',#19231,#9077);
#7860=LINE('',#19233,#9078);
#7861=LINE('',#19236,#9079);
#7862=LINE('',#19240,#9080);
#7863=LINE('',#19242,#9081);
#7864=LINE('',#19244,#9082);
#7865=LINE('',#19246,#9083);
#7866=LINE('',#19248,#9084);
#7867=LINE('',#19250,#9085);
#7868=LINE('',#19252,#9086);
#7869=LINE('',#19254,#9087);
#7870=LINE('',#19256,#9088);
#7871=LINE('',#19258,#9089);
#7872=LINE('',#19260,#9090);
#7873=LINE('',#19262,#9091);
#7874=LINE('',#19264,#9092);
#7875=LINE('',#19266,#9093);
#7876=LINE('',#19268,#9094);
#7877=LINE('',#19270,#9095);
#7878=LINE('',#19272,#9096);
#7879=LINE('',#19274,#9097);
#7880=LINE('',#19276,#9098);
#7881=LINE('',#19278,#9099);
#7882=LINE('',#19282,#9100);
#7883=LINE('',#19293,#9101);
#7884=LINE('',#19306,#9102);
#7885=LINE('',#19312,#9103);
#7886=LINE('',#19314,#9104);
#7887=LINE('',#19316,#9105);
#7888=LINE('',#19318,#9106);
#7889=LINE('',#19320,#9107);
#7890=LINE('',#19322,#9108);
#7891=LINE('',#19324,#9109);
#7892=LINE('',#19326,#9110);
#7893=LINE('',#19328,#9111);
#7894=LINE('',#19330,#9112);
#7895=LINE('',#19339,#9113);
#7896=LINE('',#19352,#9114);
#7897=LINE('',#19369,#9115);
#7898=LINE('',#19372,#9116);
#7899=LINE('',#19374,#9117);
#7900=LINE('',#19376,#9118);
#7901=LINE('',#19378,#9119);
#7902=LINE('',#19381,#9120);
#7903=LINE('',#19383,#9121);
#7904=LINE('',#19385,#9122);
#7905=LINE('',#19387,#9123);
#7906=LINE('',#19389,#9124);
#7907=LINE('',#19391,#9125);
#7908=LINE('',#19393,#9126);
#7909=LINE('',#19395,#9127);
#7910=LINE('',#19397,#9128);
#7911=LINE('',#19399,#9129);
#7912=LINE('',#19400,#9130);
#7913=LINE('',#19401,#9131);
#7914=LINE('',#19403,#9132);
#7915=LINE('',#19405,#9133);
#7916=LINE('',#19406,#9134);
#7917=LINE('',#19408,#9135);
#7918=LINE('',#19410,#9136);
#7919=VECTOR('',#12069,1.);
#7920=VECTOR('',#12070,1.);
#7921=VECTOR('',#12071,1.);
#7922=VECTOR('',#12076,1.);
#7923=VECTOR('',#12081,1.);
#7924=VECTOR('',#12082,1.);
#7925=VECTOR('',#12083,1.);
#7926=VECTOR('',#12084,1.);
#7927=VECTOR('',#12085,1.);
#7928=VECTOR('',#12086,1.);
#7929=VECTOR('',#12087,1.);
#7930=VECTOR('',#12088,1.);
#7931=VECTOR('',#12089,1.);
#7932=VECTOR('',#12090,1.);
#7933=VECTOR('',#12091,1.);
#7934=VECTOR('',#12092,1.);
#7935=VECTOR('',#12093,1.);
#7936=VECTOR('',#12094,1.);
#7937=VECTOR('',#12095,1.);
#7938=VECTOR('',#12096,1.);
#7939=VECTOR('',#12097,1.);
#7940=VECTOR('',#12098,1.);
#7941=VECTOR('',#12099,1.);
#7942=VECTOR('',#12104,1.);
#7943=VECTOR('',#12109,1.);
#7944=VECTOR('',#12110,1.);
#7945=VECTOR('',#12111,1.);
#7946=VECTOR('',#12112,1.);
#7947=VECTOR('',#12113,1.);
#7948=VECTOR('',#12114,1.);
#7949=VECTOR('',#12115,1.);
#7950=VECTOR('',#12116,1.);
#7951=VECTOR('',#12139,1.);
#7952=VECTOR('',#12142,1.);
#7953=VECTOR('',#12145,1.);
#7954=VECTOR('',#12148,1.);
#7955=VECTOR('',#12151,1.);
#7956=VECTOR('',#12154,1.);
#7957=VECTOR('',#12157,1.);
#7958=VECTOR('',#12160,1.);
#7959=VECTOR('',#12165,1.);
#7960=VECTOR('',#12166,1.);
#7961=VECTOR('',#12167,1.);
#7962=VECTOR('',#12168,1.);
#7963=VECTOR('',#12169,1.);
#7964=VECTOR('',#12170,1.);
#7965=VECTOR('',#12171,1.);
#7966=VECTOR('',#12172,1.);
#7967=VECTOR('',#12173,1.);
#7968=VECTOR('',#12174,1.);
#7969=VECTOR('',#12175,1.);
#7970=VECTOR('',#12176,1.);
#7971=VECTOR('',#12177,1.);
#7972=VECTOR('',#12178,1.);
#7973=VECTOR('',#12179,1.);
#7974=VECTOR('',#12180,1.);
#7975=VECTOR('',#12181,1.);
#7976=VECTOR('',#12182,1.);
#7977=VECTOR('',#12183,1.);
#7978=VECTOR('',#12184,1.);
#7979=VECTOR('',#12185,1.);
#7980=VECTOR('',#12186,1.);
#7981=VECTOR('',#12187,1.);
#7982=VECTOR('',#12188,1.);
#7983=VECTOR('',#12189,1.);
#7984=VECTOR('',#12190,1.);
#7985=VECTOR('',#12191,1.);
#7986=VECTOR('',#12192,1.);
#7987=VECTOR('',#12193,1.);
#7988=VECTOR('',#12194,1.);
#7989=VECTOR('',#12195,1.);
#7990=VECTOR('',#12196,1.);
#7991=VECTOR('',#12197,1.);
#7992=VECTOR('',#12198,1.);
#7993=VECTOR('',#12199,1.);
#7994=VECTOR('',#12200,1.);
#7995=VECTOR('',#12201,1.);
#7996=VECTOR('',#12202,1.);
#7997=VECTOR('',#12203,1.);
#7998=VECTOR('',#12204,1.);
#7999=VECTOR('',#12205,1.);
#8000=VECTOR('',#12206,1.);
#8001=VECTOR('',#12207,1.);
#8002=VECTOR('',#12208,1.);
#8003=VECTOR('',#12209,1.);
#8004=VECTOR('',#12210,1.);
#8005=VECTOR('',#12211,1.);
#8006=VECTOR('',#12212,1.);
#8007=VECTOR('',#12213,1.);
#8008=VECTOR('',#12216,1.);
#8009=VECTOR('',#12217,1.);
#8010=VECTOR('',#12218,1.);
#8011=VECTOR('',#12219,1.);
#8012=VECTOR('',#12220,1.);
#8013=VECTOR('',#12221,1.);
#8014=VECTOR('',#12222,1.);
#8015=VECTOR('',#12223,1.);
#8016=VECTOR('',#12224,1.);
#8017=VECTOR('',#12225,1.);
#8018=VECTOR('',#12226,1.);
#8019=VECTOR('',#12227,1.);
#8020=VECTOR('',#12228,1.);
#8021=VECTOR('',#12229,1.);
#8022=VECTOR('',#12230,1.);
#8023=VECTOR('',#12231,1.);
#8024=VECTOR('',#12232,1.);
#8025=VECTOR('',#12233,1.);
#8026=VECTOR('',#12234,1.);
#8027=VECTOR('',#12235,1.);
#8028=VECTOR('',#12236,1.);
#8029=VECTOR('',#12237,1.);
#8030=VECTOR('',#12238,1.);
#8031=VECTOR('',#12239,1.);
#8032=VECTOR('',#12242,1.);
#8033=VECTOR('',#12243,1.);
#8034=VECTOR('',#12244,1.);
#8035=VECTOR('',#12245,1.);
#8036=VECTOR('',#12248,1.);
#8037=VECTOR('',#12249,1.);
#8038=VECTOR('',#12258,1.);
#8039=VECTOR('',#12259,1.);
#8040=VECTOR('',#12264,1.);
#8041=VECTOR('',#12265,1.);
#8042=VECTOR('',#12266,1.);
#8043=VECTOR('',#12271,1.);
#8044=VECTOR('',#12272,1.);
#8045=VECTOR('',#12275,1.);
#8046=VECTOR('',#12276,1.);
#8047=VECTOR('',#12277,1.);
#8048=VECTOR('',#12278,1.);
#8049=VECTOR('',#12279,1.);
#8050=VECTOR('',#12280,1.);
#8051=VECTOR('',#12281,1.);
#8052=VECTOR('',#12282,1.);
#8053=VECTOR('',#12283,1.);
#8054=VECTOR('',#12284,1.);
#8055=VECTOR('',#12285,1.);
#8056=VECTOR('',#12286,1.);
#8057=VECTOR('',#12287,1.);
#8058=VECTOR('',#12288,1.);
#8059=VECTOR('',#12289,1.);
#8060=VECTOR('',#12290,1.);
#8061=VECTOR('',#12291,1.);
#8062=VECTOR('',#12292,1.);
#8063=VECTOR('',#12293,1.);
#8064=VECTOR('',#12294,1.);
#8065=VECTOR('',#12295,1.);
#8066=VECTOR('',#12296,1.);
#8067=VECTOR('',#12297,1.);
#8068=VECTOR('',#12298,1.);
#8069=VECTOR('',#12299,1.);
#8070=VECTOR('',#12300,1.);
#8071=VECTOR('',#12301,1.);
#8072=VECTOR('',#12302,1.);
#8073=VECTOR('',#12303,1.);
#8074=VECTOR('',#12304,1.);
#8075=VECTOR('',#12305,1.);
#8076=VECTOR('',#12306,1.);
#8077=VECTOR('',#12307,1.);
#8078=VECTOR('',#12308,1.);
#8079=VECTOR('',#12309,1.);
#8080=VECTOR('',#12310,1.);
#8081=VECTOR('',#12311,1.);
#8082=VECTOR('',#12312,1.);
#8083=VECTOR('',#12313,1.);
#8084=VECTOR('',#12314,1.);
#8085=VECTOR('',#12315,1.);
#8086=VECTOR('',#12316,1.);
#8087=VECTOR('',#12317,1.);
#8088=VECTOR('',#12318,1.);
#8089=VECTOR('',#12319,1.);
#8090=VECTOR('',#12320,1.);
#8091=VECTOR('',#12321,1.);
#8092=VECTOR('',#12322,1.);
#8093=VECTOR('',#12323,1.);
#8094=VECTOR('',#12328,1.);
#8095=VECTOR('',#12329,1.);
#8096=VECTOR('',#12330,1.);
#8097=VECTOR('',#12331,1.);
#8098=VECTOR('',#12332,1.);
#8099=VECTOR('',#12333,1.);
#8100=VECTOR('',#12334,1.);
#8101=VECTOR('',#12339,1.);
#8102=VECTOR('',#12340,1.);
#8103=VECTOR('',#12341,1.);
#8104=VECTOR('',#12342,1.);
#8105=VECTOR('',#12343,1.);
#8106=VECTOR('',#12348,1.);
#8107=VECTOR('',#12349,1.);
#8108=VECTOR('',#12350,1.);
#8109=VECTOR('',#12351,1.);
#8110=VECTOR('',#12352,1.);
#8111=VECTOR('',#12357,1.);
#8112=VECTOR('',#12358,1.);
#8113=VECTOR('',#12359,1.);
#8114=VECTOR('',#12360,1.);
#8115=VECTOR('',#12361,1.);
#8116=VECTOR('',#12362,1.);
#8117=VECTOR('',#12363,1.);
#8118=VECTOR('',#12364,1.);
#8119=VECTOR('',#12365,1.);
#8120=VECTOR('',#12366,1.);
#8121=VECTOR('',#12367,1.);
#8122=VECTOR('',#12368,1.);
#8123=VECTOR('',#12369,1.);
#8124=VECTOR('',#12370,1.);
#8125=VECTOR('',#12371,1.);
#8126=VECTOR('',#12372,1.);
#8127=VECTOR('',#12373,1.);
#8128=VECTOR('',#12374,1.);
#8129=VECTOR('',#12375,1.);
#8130=VECTOR('',#12376,1.);
#8131=VECTOR('',#12377,1.);
#8132=VECTOR('',#12378,1.);
#8133=VECTOR('',#12379,1.);
#8134=VECTOR('',#12380,1.);
#8135=VECTOR('',#12381,1.);
#8136=VECTOR('',#12382,1.);
#8137=VECTOR('',#12383,1.);
#8138=VECTOR('',#12384,1.);
#8139=VECTOR('',#12385,1.);
#8140=VECTOR('',#12386,1.);
#8141=VECTOR('',#12387,1.);
#8142=VECTOR('',#12388,1.);
#8143=VECTOR('',#12389,1.);
#8144=VECTOR('',#12390,1.);
#8145=VECTOR('',#12391,1.);
#8146=VECTOR('',#12392,1.);
#8147=VECTOR('',#12393,1.);
#8148=VECTOR('',#12394,1.);
#8149=VECTOR('',#12395,1.);
#8150=VECTOR('',#12396,1.);
#8151=VECTOR('',#12397,1.);
#8152=VECTOR('',#12398,1.);
#8153=VECTOR('',#12399,1.);
#8154=VECTOR('',#12400,1.);
#8155=VECTOR('',#12401,1.);
#8156=VECTOR('',#12402,1.);
#8157=VECTOR('',#12403,1.);
#8158=VECTOR('',#12404,1.);
#8159=VECTOR('',#12405,1.);
#8160=VECTOR('',#12406,1.);
#8161=VECTOR('',#12407,1.);
#8162=VECTOR('',#12408,1.);
#8163=VECTOR('',#12409,1.);
#8164=VECTOR('',#12410,1.);
#8165=VECTOR('',#12411,1.);
#8166=VECTOR('',#12412,1.);
#8167=VECTOR('',#12413,1.);
#8168=VECTOR('',#12414,1.);
#8169=VECTOR('',#12415,1.);
#8170=VECTOR('',#12416,1.);
#8171=VECTOR('',#12417,1.);
#8172=VECTOR('',#12418,1.);
#8173=VECTOR('',#12419,1.);
#8174=VECTOR('',#12420,1.);
#8175=VECTOR('',#12421,1.);
#8176=VECTOR('',#12422,1.);
#8177=VECTOR('',#12423,1.);
#8178=VECTOR('',#12424,1.);
#8179=VECTOR('',#12425,1.);
#8180=VECTOR('',#12426,1.);
#8181=VECTOR('',#12427,1.);
#8182=VECTOR('',#12428,1.);
#8183=VECTOR('',#12429,1.);
#8184=VECTOR('',#12430,1.);
#8185=VECTOR('',#12431,1.);
#8186=VECTOR('',#12432,1.);
#8187=VECTOR('',#12433,1.);
#8188=VECTOR('',#12436,1.);
#8189=VECTOR('',#12437,1.);
#8190=VECTOR('',#12438,1.);
#8191=VECTOR('',#12439,1.);
#8192=VECTOR('',#12440,1.);
#8193=VECTOR('',#12441,1.);
#8194=VECTOR('',#12442,1.);
#8195=VECTOR('',#12443,1.);
#8196=VECTOR('',#12444,1.);
#8197=VECTOR('',#12445,1.);
#8198=VECTOR('',#12446,1.);
#8199=VECTOR('',#12447,1.);
#8200=VECTOR('',#12448,1.);
#8201=VECTOR('',#12449,1.);
#8202=VECTOR('',#12450,1.);
#8203=VECTOR('',#12451,1.);
#8204=VECTOR('',#12452,1.);
#8205=VECTOR('',#12453,1.);
#8206=VECTOR('',#12454,1.);
#8207=VECTOR('',#12455,1.);
#8208=VECTOR('',#12456,1.);
#8209=VECTOR('',#12457,1.);
#8210=VECTOR('',#12464,1.);
#8211=VECTOR('',#12469,1.);
#8212=VECTOR('',#12470,1.);
#8213=VECTOR('',#12471,1.);
#8214=VECTOR('',#12472,1.);
#8215=VECTOR('',#12473,1.);
#8216=VECTOR('',#12474,1.);
#8217=VECTOR('',#12479,1.);
#8218=VECTOR('',#12480,1.);
#8219=VECTOR('',#12481,1.);
#8220=VECTOR('',#12482,1.);
#8221=VECTOR('',#12483,1.);
#8222=VECTOR('',#12488,1.);
#8223=VECTOR('',#12489,1.);
#8224=VECTOR('',#12490,1.);
#8225=VECTOR('',#12491,1.);
#8226=VECTOR('',#12492,1.);
#8227=VECTOR('',#12493,1.);
#8228=VECTOR('',#12494,1.);
#8229=VECTOR('',#12495,1.);
#8230=VECTOR('',#12498,1.);
#8231=VECTOR('',#12499,1.);
#8232=VECTOR('',#12500,1.);
#8233=VECTOR('',#12501,1.);
#8234=VECTOR('',#12504,1.);
#8235=VECTOR('',#12505,1.);
#8236=VECTOR('',#12506,1.);
#8237=VECTOR('',#12509,1.);
#8238=VECTOR('',#12510,1.);
#8239=VECTOR('',#12513,1.);
#8240=VECTOR('',#12516,1.);
#8241=VECTOR('',#12517,1.);
#8242=VECTOR('',#12518,1.);
#8243=VECTOR('',#12519,1.);
#8244=VECTOR('',#12542,1.);
#8245=VECTOR('',#12543,1.);
#8246=VECTOR('',#12544,1.);
#8247=VECTOR('',#12545,1.);
#8248=VECTOR('',#12548,1.);
#8249=VECTOR('',#12551,1.);
#8250=VECTOR('',#12554,1.);
#8251=VECTOR('',#12557,1.);
#8252=VECTOR('',#12560,1.);
#8253=VECTOR('',#12563,1.);
#8254=VECTOR('',#12566,1.);
#8255=VECTOR('',#12569,1.);
#8256=VECTOR('',#12576,1.);
#8257=VECTOR('',#12577,1.);
#8258=VECTOR('',#12580,1.);
#8259=VECTOR('',#12581,1.);
#8260=VECTOR('',#12584,1.);
#8261=VECTOR('',#12585,1.);
#8262=VECTOR('',#12586,1.);
#8263=VECTOR('',#12589,1.);
#8264=VECTOR('',#12590,1.);
#8265=VECTOR('',#12593,1.);
#8266=VECTOR('',#12594,1.);
#8267=VECTOR('',#12597,1.);
#8268=VECTOR('',#12598,1.);
#8269=VECTOR('',#12599,1.);
#8270=VECTOR('',#12600,1.);
#8271=VECTOR('',#12603,1.);
#8272=VECTOR('',#12604,1.);
#8273=VECTOR('',#12607,1.);
#8274=VECTOR('',#12608,1.);
#8275=VECTOR('',#12655,1.);
#8276=VECTOR('',#12656,1.);
#8277=VECTOR('',#12657,1.);
#8278=VECTOR('',#12660,1.);
#8279=VECTOR('',#12661,1.);
#8280=VECTOR('',#12664,1.);
#8281=VECTOR('',#12665,1.);
#8282=VECTOR('',#12668,1.);
#8283=VECTOR('',#12669,1.);
#8284=VECTOR('',#12672,1.);
#8285=VECTOR('',#12673,1.);
#8286=VECTOR('',#12676,1.);
#8287=VECTOR('',#12677,1.);
#8288=VECTOR('',#12680,1.);
#8289=VECTOR('',#12681,1.);
#8290=VECTOR('',#12684,1.);
#8291=VECTOR('',#12685,1.);
#8292=VECTOR('',#12688,1.);
#8293=VECTOR('',#12689,1.);
#8294=VECTOR('',#12692,1.);
#8295=VECTOR('',#12693,1.);
#8296=VECTOR('',#12696,1.);
#8297=VECTOR('',#12697,1.);
#8298=VECTOR('',#12700,1.);
#8299=VECTOR('',#12701,1.);
#8300=VECTOR('',#12704,1.);
#8301=VECTOR('',#12705,1.);
#8302=VECTOR('',#12708,1.);
#8303=VECTOR('',#12709,1.);
#8304=VECTOR('',#12712,1.);
#8305=VECTOR('',#12713,1.);
#8306=VECTOR('',#12716,1.);
#8307=VECTOR('',#12717,1.);
#8308=VECTOR('',#12720,1.);
#8309=VECTOR('',#12721,1.);
#8310=VECTOR('',#12724,1.);
#8311=VECTOR('',#12729,1.);
#8312=VECTOR('',#12730,1.);
#8313=VECTOR('',#12731,1.);
#8314=VECTOR('',#12734,1.);
#8315=VECTOR('',#12735,1.);
#8316=VECTOR('',#12738,1.);
#8317=VECTOR('',#12739,1.);
#8318=VECTOR('',#12742,1.);
#8319=VECTOR('',#12743,1.);
#8320=VECTOR('',#12746,1.);
#8321=VECTOR('',#12747,1.);
#8322=VECTOR('',#12750,1.);
#8323=VECTOR('',#12751,1.);
#8324=VECTOR('',#12754,1.);
#8325=VECTOR('',#12755,1.);
#8326=VECTOR('',#12758,1.);
#8327=VECTOR('',#12759,1.);
#8328=VECTOR('',#12762,1.);
#8329=VECTOR('',#12763,1.);
#8330=VECTOR('',#12766,1.);
#8331=VECTOR('',#12767,1.);
#8332=VECTOR('',#12770,1.);
#8333=VECTOR('',#12771,1.);
#8334=VECTOR('',#12774,1.);
#8335=VECTOR('',#12779,1.);
#8336=VECTOR('',#12780,1.);
#8337=VECTOR('',#12781,1.);
#8338=VECTOR('',#12784,1.);
#8339=VECTOR('',#12785,1.);
#8340=VECTOR('',#12788,1.);
#8341=VECTOR('',#12789,1.);
#8342=VECTOR('',#12792,1.);
#8343=VECTOR('',#12793,1.);
#8344=VECTOR('',#12796,1.);
#8345=VECTOR('',#12797,1.);
#8346=VECTOR('',#12800,1.);
#8347=VECTOR('',#12801,1.);
#8348=VECTOR('',#12804,1.);
#8349=VECTOR('',#12805,1.);
#8350=VECTOR('',#12808,1.);
#8351=VECTOR('',#12809,1.);
#8352=VECTOR('',#12812,1.);
#8353=VECTOR('',#12813,1.);
#8354=VECTOR('',#12816,1.);
#8355=VECTOR('',#12821,1.);
#8356=VECTOR('',#12822,1.);
#8357=VECTOR('',#12823,1.);
#8358=VECTOR('',#12826,1.);
#8359=VECTOR('',#12827,1.);
#8360=VECTOR('',#12830,1.);
#8361=VECTOR('',#12831,1.);
#8362=VECTOR('',#12834,1.);
#8363=VECTOR('',#12835,1.);
#8364=VECTOR('',#12838,1.);
#8365=VECTOR('',#12839,1.);
#8366=VECTOR('',#12842,1.);
#8367=VECTOR('',#12843,1.);
#8368=VECTOR('',#12846,1.);
#8369=VECTOR('',#12847,1.);
#8370=VECTOR('',#12850,1.);
#8371=VECTOR('',#12851,1.);
#8372=VECTOR('',#12852,1.);
#8373=VECTOR('',#12855,1.);
#8374=VECTOR('',#12858,1.);
#8375=VECTOR('',#12859,1.);
#8376=VECTOR('',#12860,1.);
#8377=VECTOR('',#12861,1.);
#8378=VECTOR('',#12864,1.);
#8379=VECTOR('',#12865,1.);
#8380=VECTOR('',#12868,1.);
#8381=VECTOR('',#12869,1.);
#8382=VECTOR('',#12870,1.);
#8383=VECTOR('',#12871,1.);
#8384=VECTOR('',#12872,1.);
#8385=VECTOR('',#12873,1.);
#8386=VECTOR('',#12874,1.);
#8387=VECTOR('',#12875,1.);
#8388=VECTOR('',#12878,1.);
#8389=VECTOR('',#12883,1.);
#8390=VECTOR('',#12884,1.);
#8391=VECTOR('',#12885,1.);
#8392=VECTOR('',#12888,1.);
#8393=VECTOR('',#12889,1.);
#8394=VECTOR('',#12892,1.);
#8395=VECTOR('',#12893,1.);
#8396=VECTOR('',#12896,1.);
#8397=VECTOR('',#12897,1.);
#8398=VECTOR('',#12900,1.);
#8399=VECTOR('',#12901,1.);
#8400=VECTOR('',#12904,1.);
#8401=VECTOR('',#12905,1.);
#8402=VECTOR('',#12908,1.);
#8403=VECTOR('',#12909,1.);
#8404=VECTOR('',#12912,1.);
#8405=VECTOR('',#12913,1.);
#8406=VECTOR('',#12916,1.);
#8407=VECTOR('',#12917,1.);
#8408=VECTOR('',#12920,1.);
#8409=VECTOR('',#12921,1.);
#8410=VECTOR('',#12924,1.);
#8411=VECTOR('',#12925,1.);
#8412=VECTOR('',#12928,1.);
#8413=VECTOR('',#12929,1.);
#8414=VECTOR('',#12932,1.);
#8415=VECTOR('',#12933,1.);
#8416=VECTOR('',#12936,1.);
#8417=VECTOR('',#12937,1.);
#8418=VECTOR('',#12940,1.);
#8419=VECTOR('',#12941,1.);
#8420=VECTOR('',#12944,1.);
#8421=VECTOR('',#12945,1.);
#8422=VECTOR('',#12948,1.);
#8423=VECTOR('',#12949,1.);
#8424=VECTOR('',#12952,1.);
#8425=VECTOR('',#12955,1.);
#8426=VECTOR('',#12956,1.);
#8427=VECTOR('',#12959,1.);
#8428=VECTOR('',#12960,1.);
#8429=VECTOR('',#12961,1.);
#8430=VECTOR('',#12962,1.);
#8431=VECTOR('',#12963,1.);
#8432=VECTOR('',#12968,1.);
#8433=VECTOR('',#12975,1.);
#8434=VECTOR('',#12980,1.);
#8435=VECTOR('',#12981,1.);
#8436=VECTOR('',#12982,1.);
#8437=VECTOR('',#12987,1.);
#8438=VECTOR('',#12994,1.);
#8439=VECTOR('',#12999,1.);
#8440=VECTOR('',#13002,1.);
#8441=VECTOR('',#13005,1.);
#8442=VECTOR('',#13006,1.);
#8443=VECTOR('',#13009,1.);
#8444=VECTOR('',#13010,1.);
#8445=VECTOR('',#13013,1.);
#8446=VECTOR('',#13014,1.);
#8447=VECTOR('',#13017,1.);
#8448=VECTOR('',#13018,1.);
#8449=VECTOR('',#13021,1.);
#8450=VECTOR('',#13022,1.);
#8451=VECTOR('',#13025,1.);
#8452=VECTOR('',#13026,1.);
#8453=VECTOR('',#13029,1.);
#8454=VECTOR('',#13030,1.);
#8455=VECTOR('',#13033,1.);
#8456=VECTOR('',#13034,1.);
#8457=VECTOR('',#13037,1.);
#8458=VECTOR('',#13038,1.);
#8459=VECTOR('',#13041,1.);
#8460=VECTOR('',#13046,1.);
#8461=VECTOR('',#13049,1.);
#8462=VECTOR('',#13050,1.);
#8463=VECTOR('',#13053,1.);
#8464=VECTOR('',#13054,1.);
#8465=VECTOR('',#13055,1.);
#8466=VECTOR('',#13056,1.);
#8467=VECTOR('',#13067,1.);
#8468=VECTOR('',#13070,1.);
#8469=VECTOR('',#13071,1.);
#8470=VECTOR('',#13072,1.);
#8471=VECTOR('',#13075,1.);
#8472=VECTOR('',#13076,1.);
#8473=VECTOR('',#13077,1.);
#8474=VECTOR('',#13080,1.);
#8475=VECTOR('',#13081,1.);
#8476=VECTOR('',#13082,1.);
#8477=VECTOR('',#13085,1.);
#8478=VECTOR('',#13086,1.);
#8479=VECTOR('',#13087,1.);
#8480=VECTOR('',#13088,1.);
#8481=VECTOR('',#13089,1.);
#8482=VECTOR('',#13092,1.);
#8483=VECTOR('',#13095,1.);
#8484=VECTOR('',#13098,1.);
#8485=VECTOR('',#13099,1.);
#8486=VECTOR('',#13102,1.);
#8487=VECTOR('',#13105,1.);
#8488=VECTOR('',#13106,1.);
#8489=VECTOR('',#13107,1.);
#8490=VECTOR('',#13110,1.);
#8491=VECTOR('',#13111,1.);
#8492=VECTOR('',#13114,1.);
#8493=VECTOR('',#13115,1.);
#8494=VECTOR('',#13118,1.);
#8495=VECTOR('',#13119,1.);
#8496=VECTOR('',#13120,1.);
#8497=VECTOR('',#13121,1.);
#8498=VECTOR('',#13122,1.);
#8499=VECTOR('',#13123,1.);
#8500=VECTOR('',#13126,1.);
#8501=VECTOR('',#13127,1.);
#8502=VECTOR('',#13130,1.);
#8503=VECTOR('',#13131,1.);
#8504=VECTOR('',#13134,1.);
#8505=VECTOR('',#13135,1.);
#8506=VECTOR('',#13136,1.);
#8507=VECTOR('',#13137,1.);
#8508=VECTOR('',#13138,1.);
#8509=VECTOR('',#13139,1.);
#8510=VECTOR('',#13140,1.);
#8511=VECTOR('',#13143,1.);
#8512=VECTOR('',#13144,1.);
#8513=VECTOR('',#13145,1.);
#8514=VECTOR('',#13146,1.);
#8515=VECTOR('',#13147,1.);
#8516=VECTOR('',#13148,1.);
#8517=VECTOR('',#13149,1.);
#8518=VECTOR('',#13152,1.);
#8519=VECTOR('',#13153,1.);
#8520=VECTOR('',#13154,1.);
#8521=VECTOR('',#13155,1.);
#8522=VECTOR('',#13156,1.);
#8523=VECTOR('',#13157,1.);
#8524=VECTOR('',#13160,1.);
#8525=VECTOR('',#13161,1.);
#8526=VECTOR('',#13162,1.);
#8527=VECTOR('',#13163,1.);
#8528=VECTOR('',#13170,1.);
#8529=VECTOR('',#13173,1.);
#8530=VECTOR('',#13174,1.);
#8531=VECTOR('',#13175,1.);
#8532=VECTOR('',#13180,1.);
#8533=VECTOR('',#13183,1.);
#8534=VECTOR('',#13186,1.);
#8535=VECTOR('',#13187,1.);
#8536=VECTOR('',#13188,1.);
#8537=VECTOR('',#13191,1.);
#8538=VECTOR('',#13192,1.);
#8539=VECTOR('',#13193,1.);
#8540=VECTOR('',#13196,1.);
#8541=VECTOR('',#13199,1.);
#8542=VECTOR('',#13202,1.);
#8543=VECTOR('',#13203,1.);
#8544=VECTOR('',#13206,1.);
#8545=VECTOR('',#13207,1.);
#8546=VECTOR('',#13210,1.);
#8547=VECTOR('',#13211,1.);
#8548=VECTOR('',#13214,1.);
#8549=VECTOR('',#13219,1.);
#8550=VECTOR('',#13220,1.);
#8551=VECTOR('',#13223,1.);
#8552=VECTOR('',#13224,1.);
#8553=VECTOR('',#13225,1.);
#8554=VECTOR('',#13226,1.);
#8555=VECTOR('',#13229,1.);
#8556=VECTOR('',#13234,1.);
#8557=VECTOR('',#13239,1.);
#8558=VECTOR('',#13240,1.);
#8559=VECTOR('',#13243,1.);
#8560=VECTOR('',#13244,1.);
#8561=VECTOR('',#13247,1.);
#8562=VECTOR('',#13248,1.);
#8563=VECTOR('',#13251,1.);
#8564=VECTOR('',#13256,1.);
#8565=VECTOR('',#13259,1.);
#8566=VECTOR('',#13260,1.);
#8567=VECTOR('',#13263,1.);
#8568=VECTOR('',#13264,1.);
#8569=VECTOR('',#13267,1.);
#8570=VECTOR('',#13268,1.);
#8571=VECTOR('',#13269,1.);
#8572=VECTOR('',#13270,1.);
#8573=VECTOR('',#13271,1.);
#8574=VECTOR('',#13272,1.);
#8575=VECTOR('',#13275,1.);
#8576=VECTOR('',#13280,1.);
#8577=VECTOR('',#13297,1.);
#8578=VECTOR('',#13298,1.);
#8579=VECTOR('',#13299,1.);
#8580=VECTOR('',#13302,1.);
#8581=VECTOR('',#13303,1.);
#8582=VECTOR('',#13306,1.);
#8583=VECTOR('',#13307,1.);
#8584=VECTOR('',#13310,1.);
#8585=VECTOR('',#13311,1.);
#8586=VECTOR('',#13314,1.);
#8587=VECTOR('',#13315,1.);
#8588=VECTOR('',#13318,1.);
#8589=VECTOR('',#13319,1.);
#8590=VECTOR('',#13322,1.);
#8591=VECTOR('',#13323,1.);
#8592=VECTOR('',#13326,1.);
#8593=VECTOR('',#13331,1.);
#8594=VECTOR('',#13332,1.);
#8595=VECTOR('',#13333,1.);
#8596=VECTOR('',#13336,1.);
#8597=VECTOR('',#13337,1.);
#8598=VECTOR('',#13340,1.);
#8599=VECTOR('',#13341,1.);
#8600=VECTOR('',#13344,1.);
#8601=VECTOR('',#13345,1.);
#8602=VECTOR('',#13348,1.);
#8603=VECTOR('',#13349,1.);
#8604=VECTOR('',#13352,1.);
#8605=VECTOR('',#13353,1.);
#8606=VECTOR('',#13356,1.);
#8607=VECTOR('',#13357,1.);
#8608=VECTOR('',#13360,1.);
#8609=VECTOR('',#13363,1.);
#8610=VECTOR('',#13364,1.);
#8611=VECTOR('',#13367,1.);
#8612=VECTOR('',#13368,1.);
#8613=VECTOR('',#13369,1.);
#8614=VECTOR('',#13370,1.);
#8615=VECTOR('',#13371,1.);
#8616=VECTOR('',#13376,1.);
#8617=VECTOR('',#13383,1.);
#8618=VECTOR('',#13388,1.);
#8619=VECTOR('',#13389,1.);
#8620=VECTOR('',#13390,1.);
#8621=VECTOR('',#13395,1.);
#8622=VECTOR('',#13402,1.);
#8623=VECTOR('',#13407,1.);
#8624=VECTOR('',#13410,1.);
#8625=VECTOR('',#13413,1.);
#8626=VECTOR('',#13414,1.);
#8627=VECTOR('',#13417,1.);
#8628=VECTOR('',#13418,1.);
#8629=VECTOR('',#13421,1.);
#8630=VECTOR('',#13422,1.);
#8631=VECTOR('',#13425,1.);
#8632=VECTOR('',#13426,1.);
#8633=VECTOR('',#13429,1.);
#8634=VECTOR('',#13430,1.);
#8635=VECTOR('',#13433,1.);
#8636=VECTOR('',#13434,1.);
#8637=VECTOR('',#13437,1.);
#8638=VECTOR('',#13438,1.);
#8639=VECTOR('',#13441,1.);
#8640=VECTOR('',#13442,1.);
#8641=VECTOR('',#13445,1.);
#8642=VECTOR('',#13446,1.);
#8643=VECTOR('',#13449,1.);
#8644=VECTOR('',#13454,1.);
#8645=VECTOR('',#13457,1.);
#8646=VECTOR('',#13458,1.);
#8647=VECTOR('',#13461,1.);
#8648=VECTOR('',#13462,1.);
#8649=VECTOR('',#13463,1.);
#8650=VECTOR('',#13464,1.);
#8651=VECTOR('',#13471,1.);
#8652=VECTOR('',#13472,1.);
#8653=VECTOR('',#13475,1.);
#8654=VECTOR('',#13476,1.);
#8655=VECTOR('',#13477,1.);
#8656=VECTOR('',#13478,1.);
#8657=VECTOR('',#13479,1.);
#8658=VECTOR('',#13480,1.);
#8659=VECTOR('',#13481,1.);
#8660=VECTOR('',#13484,1.);
#8661=VECTOR('',#13485,1.);
#8662=VECTOR('',#13486,1.);
#8663=VECTOR('',#13487,1.);
#8664=VECTOR('',#13488,1.);
#8665=VECTOR('',#13489,1.);
#8666=VECTOR('',#13490,1.);
#8667=VECTOR('',#13493,1.);
#8668=VECTOR('',#13494,1.);
#8669=VECTOR('',#13495,1.);
#8670=VECTOR('',#13496,1.);
#8671=VECTOR('',#13497,1.);
#8672=VECTOR('',#13498,1.);
#8673=VECTOR('',#13501,1.);
#8674=VECTOR('',#13502,1.);
#8675=VECTOR('',#13503,1.);
#8676=VECTOR('',#13504,1.);
#8677=VECTOR('',#13507,1.);
#8678=VECTOR('',#13508,1.);
#8679=VECTOR('',#13511,1.);
#8680=VECTOR('',#13512,1.);
#8681=VECTOR('',#13513,1.);
#8682=VECTOR('',#13514,1.);
#8683=VECTOR('',#13515,1.);
#8684=VECTOR('',#13516,1.);
#8685=VECTOR('',#13517,1.);
#8686=VECTOR('',#13520,1.);
#8687=VECTOR('',#13521,1.);
#8688=VECTOR('',#13522,1.);
#8689=VECTOR('',#13523,1.);
#8690=VECTOR('',#13524,1.);
#8691=VECTOR('',#13525,1.);
#8692=VECTOR('',#13526,1.);
#8693=VECTOR('',#13529,1.);
#8694=VECTOR('',#13530,1.);
#8695=VECTOR('',#13531,1.);
#8696=VECTOR('',#13532,1.);
#8697=VECTOR('',#13533,1.);
#8698=VECTOR('',#13534,1.);
#8699=VECTOR('',#13537,1.);
#8700=VECTOR('',#13538,1.);
#8701=VECTOR('',#13539,1.);
#8702=VECTOR('',#13540,1.);
#8703=VECTOR('',#13543,1.);
#8704=VECTOR('',#13544,1.);
#8705=VECTOR('',#13547,1.);
#8706=VECTOR('',#13548,1.);
#8707=VECTOR('',#13549,1.);
#8708=VECTOR('',#13550,1.);
#8709=VECTOR('',#13551,1.);
#8710=VECTOR('',#13552,1.);
#8711=VECTOR('',#13553,1.);
#8712=VECTOR('',#13556,1.);
#8713=VECTOR('',#13557,1.);
#8714=VECTOR('',#13558,1.);
#8715=VECTOR('',#13559,1.);
#8716=VECTOR('',#13560,1.);
#8717=VECTOR('',#13561,1.);
#8718=VECTOR('',#13562,1.);
#8719=VECTOR('',#13565,1.);
#8720=VECTOR('',#13566,1.);
#8721=VECTOR('',#13567,1.);
#8722=VECTOR('',#13568,1.);
#8723=VECTOR('',#13569,1.);
#8724=VECTOR('',#13570,1.);
#8725=VECTOR('',#13573,1.);
#8726=VECTOR('',#13574,1.);
#8727=VECTOR('',#13575,1.);
#8728=VECTOR('',#13576,1.);
#8729=VECTOR('',#13581,1.);
#8730=VECTOR('',#13582,1.);
#8731=VECTOR('',#13583,1.);
#8732=VECTOR('',#13586,1.);
#8733=VECTOR('',#13587,1.);
#8734=VECTOR('',#13590,1.);
#8735=VECTOR('',#13591,1.);
#8736=VECTOR('',#13594,1.);
#8737=VECTOR('',#13595,1.);
#8738=VECTOR('',#13598,1.);
#8739=VECTOR('',#13599,1.);
#8740=VECTOR('',#13602,1.);
#8741=VECTOR('',#13603,1.);
#8742=VECTOR('',#13606,1.);
#8743=VECTOR('',#13607,1.);
#8744=VECTOR('',#13610,1.);
#8745=VECTOR('',#13611,1.);
#8746=VECTOR('',#13614,1.);
#8747=VECTOR('',#13615,1.);
#8748=VECTOR('',#13618,1.);
#8749=VECTOR('',#13623,1.);
#8750=VECTOR('',#13624,1.);
#8751=VECTOR('',#13625,1.);
#8752=VECTOR('',#13628,1.);
#8753=VECTOR('',#13629,1.);
#8754=VECTOR('',#13632,1.);
#8755=VECTOR('',#13633,1.);
#8756=VECTOR('',#13636,1.);
#8757=VECTOR('',#13641,1.);
#8758=VECTOR('',#13642,1.);
#8759=VECTOR('',#13643,1.);
#8760=VECTOR('',#13646,1.);
#8761=VECTOR('',#13647,1.);
#8762=VECTOR('',#13650,1.);
#8763=VECTOR('',#13651,1.);
#8764=VECTOR('',#13654,1.);
#8765=VECTOR('',#13655,1.);
#8766=VECTOR('',#13658,1.);
#8767=VECTOR('',#13659,1.);
#8768=VECTOR('',#13662,1.);
#8769=VECTOR('',#13663,1.);
#8770=VECTOR('',#13666,1.);
#8771=VECTOR('',#13667,1.);
#8772=VECTOR('',#13670,1.);
#8773=VECTOR('',#13671,1.);
#8774=VECTOR('',#13674,1.);
#8775=VECTOR('',#13675,1.);
#8776=VECTOR('',#13678,1.);
#8777=VECTOR('',#13683,1.);
#8778=VECTOR('',#13684,1.);
#8779=VECTOR('',#13685,1.);
#8780=VECTOR('',#13688,1.);
#8781=VECTOR('',#13689,1.);
#8782=VECTOR('',#13692,1.);
#8783=VECTOR('',#13693,1.);
#8784=VECTOR('',#13696,1.);
#8785=VECTOR('',#13701,1.);
#8786=VECTOR('',#13702,1.);
#8787=VECTOR('',#13703,1.);
#8788=VECTOR('',#13706,1.);
#8789=VECTOR('',#13707,1.);
#8790=VECTOR('',#13710,1.);
#8791=VECTOR('',#13711,1.);
#8792=VECTOR('',#13714,1.);
#8793=VECTOR('',#13715,1.);
#8794=VECTOR('',#13718,1.);
#8795=VECTOR('',#13719,1.);
#8796=VECTOR('',#13722,1.);
#8797=VECTOR('',#13723,1.);
#8798=VECTOR('',#13726,1.);
#8799=VECTOR('',#13731,1.);
#8800=VECTOR('',#13734,1.);
#8801=VECTOR('',#13735,1.);
#8802=VECTOR('',#13738,1.);
#8803=VECTOR('',#13739,1.);
#8804=VECTOR('',#13742,1.);
#8805=VECTOR('',#13743,1.);
#8806=VECTOR('',#13746,1.);
#8807=VECTOR('',#13747,1.);
#8808=VECTOR('',#13750,1.);
#8809=VECTOR('',#13751,1.);
#8810=VECTOR('',#13754,1.);
#8811=VECTOR('',#13755,1.);
#8812=VECTOR('',#13758,1.);
#8813=VECTOR('',#13759,1.);
#8814=VECTOR('',#13762,1.);
#8815=VECTOR('',#13763,1.);
#8816=VECTOR('',#13764,1.);
#8817=VECTOR('',#13765,1.);
#8818=VECTOR('',#13768,1.);
#8819=VECTOR('',#13773,1.);
#8820=VECTOR('',#13778,1.);
#8821=VECTOR('',#13779,1.);
#8822=VECTOR('',#13782,1.);
#8823=VECTOR('',#13783,1.);
#8824=VECTOR('',#13786,1.);
#8825=VECTOR('',#13787,1.);
#8826=VECTOR('',#13790,1.);
#8827=VECTOR('',#13791,1.);
#8828=VECTOR('',#13794,1.);
#8829=VECTOR('',#13799,1.);
#8830=VECTOR('',#13802,1.);
#8831=VECTOR('',#13805,1.);
#8832=VECTOR('',#13806,1.);
#8833=VECTOR('',#13809,1.);
#8834=VECTOR('',#13810,1.);
#8835=VECTOR('',#13813,1.);
#8836=VECTOR('',#13814,1.);
#8837=VECTOR('',#13817,1.);
#8838=VECTOR('',#13818,1.);
#8839=VECTOR('',#13821,1.);
#8840=VECTOR('',#13822,1.);
#8841=VECTOR('',#13825,1.);
#8842=VECTOR('',#13826,1.);
#8843=VECTOR('',#13829,1.);
#8844=VECTOR('',#13830,1.);
#8845=VECTOR('',#13833,1.);
#8846=VECTOR('',#13834,1.);
#8847=VECTOR('',#13837,1.);
#8848=VECTOR('',#13838,1.);
#8849=VECTOR('',#13841,1.);
#8850=VECTOR('',#13846,1.);
#8851=VECTOR('',#13849,1.);
#8852=VECTOR('',#13850,1.);
#8853=VECTOR('',#13853,1.);
#8854=VECTOR('',#13854,1.);
#8855=VECTOR('',#13857,1.);
#8856=VECTOR('',#13858,1.);
#8857=VECTOR('',#13861,1.);
#8858=VECTOR('',#13862,1.);
#8859=VECTOR('',#13865,1.);
#8860=VECTOR('',#13866,1.);
#8861=VECTOR('',#13869,1.);
#8862=VECTOR('',#13870,1.);
#8863=VECTOR('',#13871,1.);
#8864=VECTOR('',#13872,1.);
#8865=VECTOR('',#13881,1.);
#8866=VECTOR('',#13882,1.);
#8867=VECTOR('',#13883,1.);
#8868=VECTOR('',#13886,1.);
#8869=VECTOR('',#13887,1.);
#8870=VECTOR('',#13890,1.);
#8871=VECTOR('',#13891,1.);
#8872=VECTOR('',#13894,1.);
#8873=VECTOR('',#13895,1.);
#8874=VECTOR('',#13898,1.);
#8875=VECTOR('',#13899,1.);
#8876=VECTOR('',#13902,1.);
#8877=VECTOR('',#13903,1.);
#8878=VECTOR('',#13906,1.);
#8879=VECTOR('',#13907,1.);
#8880=VECTOR('',#13910,1.);
#8881=VECTOR('',#13911,1.);
#8882=VECTOR('',#13914,1.);
#8883=VECTOR('',#13915,1.);
#8884=VECTOR('',#13918,1.);
#8885=VECTOR('',#13923,1.);
#8886=VECTOR('',#13924,1.);
#8887=VECTOR('',#13925,1.);
#8888=VECTOR('',#13928,1.);
#8889=VECTOR('',#13929,1.);
#8890=VECTOR('',#13932,1.);
#8891=VECTOR('',#13933,1.);
#8892=VECTOR('',#13936,1.);
#8893=VECTOR('',#13941,1.);
#8894=VECTOR('',#13942,1.);
#8895=VECTOR('',#13943,1.);
#8896=VECTOR('',#13946,1.);
#8897=VECTOR('',#13947,1.);
#8898=VECTOR('',#13950,1.);
#8899=VECTOR('',#13951,1.);
#8900=VECTOR('',#13954,1.);
#8901=VECTOR('',#13955,1.);
#8902=VECTOR('',#13958,1.);
#8903=VECTOR('',#13959,1.);
#8904=VECTOR('',#13962,1.);
#8905=VECTOR('',#13963,1.);
#8906=VECTOR('',#13966,1.);
#8907=VECTOR('',#13967,1.);
#8908=VECTOR('',#13970,1.);
#8909=VECTOR('',#13971,1.);
#8910=VECTOR('',#13974,1.);
#8911=VECTOR('',#13975,1.);
#8912=VECTOR('',#13978,1.);
#8913=VECTOR('',#13979,1.);
#8914=VECTOR('',#13982,1.);
#8915=VECTOR('',#13983,1.);
#8916=VECTOR('',#13986,1.);
#8917=VECTOR('',#13987,1.);
#8918=VECTOR('',#13990,1.);
#8919=VECTOR('',#13991,1.);
#8920=VECTOR('',#13994,1.);
#8921=VECTOR('',#13995,1.);
#8922=VECTOR('',#13998,1.);
#8923=VECTOR('',#13999,1.);
#8924=VECTOR('',#14002,1.);
#8925=VECTOR('',#14003,1.);
#8926=VECTOR('',#14006,1.);
#8927=VECTOR('',#14007,1.);
#8928=VECTOR('',#14010,1.);
#8929=VECTOR('',#14015,1.);
#8930=VECTOR('',#14016,1.);
#8931=VECTOR('',#14017,1.);
#8932=VECTOR('',#14020,1.);
#8933=VECTOR('',#14021,1.);
#8934=VECTOR('',#14024,1.);
#8935=VECTOR('',#14025,1.);
#8936=VECTOR('',#14028,1.);
#8937=VECTOR('',#14033,1.);
#8938=VECTOR('',#14034,1.);
#8939=VECTOR('',#14035,1.);
#8940=VECTOR('',#14038,1.);
#8941=VECTOR('',#14039,1.);
#8942=VECTOR('',#14042,1.);
#8943=VECTOR('',#14043,1.);
#8944=VECTOR('',#14046,1.);
#8945=VECTOR('',#14047,1.);
#8946=VECTOR('',#14050,1.);
#8947=VECTOR('',#14051,1.);
#8948=VECTOR('',#14054,1.);
#8949=VECTOR('',#14055,1.);
#8950=VECTOR('',#14058,1.);
#8951=VECTOR('',#14059,1.);
#8952=VECTOR('',#14062,1.);
#8953=VECTOR('',#14063,1.);
#8954=VECTOR('',#14066,1.);
#8955=VECTOR('',#14067,1.);
#8956=VECTOR('',#14070,1.);
#8957=VECTOR('',#14071,1.);
#8958=VECTOR('',#14074,1.);
#8959=VECTOR('',#14075,1.);
#8960=VECTOR('',#14078,1.);
#8961=VECTOR('',#14079,1.);
#8962=VECTOR('',#14082,1.);
#8963=VECTOR('',#14083,1.);
#8964=VECTOR('',#14086,1.);
#8965=VECTOR('',#14087,1.);
#8966=VECTOR('',#14090,1.);
#8967=VECTOR('',#14091,1.);
#8968=VECTOR('',#14094,1.);
#8969=VECTOR('',#14095,1.);
#8970=VECTOR('',#14098,1.);
#8971=VECTOR('',#14099,1.);
#8972=VECTOR('',#14102,1.);
#8973=VECTOR('',#14107,1.);
#8974=VECTOR('',#14108,1.);
#8975=VECTOR('',#14109,1.);
#8976=VECTOR('',#14112,1.);
#8977=VECTOR('',#14113,1.);
#8978=VECTOR('',#14116,1.);
#8979=VECTOR('',#14117,1.);
#8980=VECTOR('',#14120,1.);
#8981=VECTOR('',#14121,1.);
#8982=VECTOR('',#14124,1.);
#8983=VECTOR('',#14125,1.);
#8984=VECTOR('',#14128,1.);
#8985=VECTOR('',#14129,1.);
#8986=VECTOR('',#14132,1.);
#8987=VECTOR('',#14133,1.);
#8988=VECTOR('',#14136,1.);
#8989=VECTOR('',#14137,1.);
#8990=VECTOR('',#14140,1.);
#8991=VECTOR('',#14141,1.);
#8992=VECTOR('',#14144,1.);
#8993=VECTOR('',#14149,1.);
#8994=VECTOR('',#14150,1.);
#8995=VECTOR('',#14151,1.);
#8996=VECTOR('',#14154,1.);
#8997=VECTOR('',#14155,1.);
#8998=VECTOR('',#14158,1.);
#8999=VECTOR('',#14159,1.);
#9000=VECTOR('',#14162,1.);
#9001=VECTOR('',#14163,1.);
#9002=VECTOR('',#14166,1.);
#9003=VECTOR('',#14167,1.);
#9004=VECTOR('',#14170,1.);
#9005=VECTOR('',#14171,1.);
#9006=VECTOR('',#14174,1.);
#9007=VECTOR('',#14175,1.);
#9008=VECTOR('',#14178,1.);
#9009=VECTOR('',#14179,1.);
#9010=VECTOR('',#14180,1.);
#9011=VECTOR('',#14183,1.);
#9012=VECTOR('',#14186,1.);
#9013=VECTOR('',#14187,1.);
#9014=VECTOR('',#14188,1.);
#9015=VECTOR('',#14189,1.);
#9016=VECTOR('',#14192,1.);
#9017=VECTOR('',#14193,1.);
#9018=VECTOR('',#14196,1.);
#9019=VECTOR('',#14197,1.);
#9020=VECTOR('',#14198,1.);
#9021=VECTOR('',#14199,1.);
#9022=VECTOR('',#14200,1.);
#9023=VECTOR('',#14201,1.);
#9024=VECTOR('',#14202,1.);
#9025=VECTOR('',#14203,1.);
#9026=VECTOR('',#14206,1.);
#9027=VECTOR('',#14211,1.);
#9028=VECTOR('',#14212,1.);
#9029=VECTOR('',#14213,1.);
#9030=VECTOR('',#14216,1.);
#9031=VECTOR('',#14217,1.);
#9032=VECTOR('',#14220,1.);
#9033=VECTOR('',#14221,1.);
#9034=VECTOR('',#14224,1.);
#9035=VECTOR('',#14225,1.);
#9036=VECTOR('',#14228,1.);
#9037=VECTOR('',#14229,1.);
#9038=VECTOR('',#14232,1.);
#9039=VECTOR('',#14233,1.);
#9040=VECTOR('',#14236,1.);
#9041=VECTOR('',#14237,1.);
#9042=VECTOR('',#14240,1.);
#9043=VECTOR('',#14241,1.);
#9044=VECTOR('',#14244,1.);
#9045=VECTOR('',#14245,1.);
#9046=VECTOR('',#14248,1.);
#9047=VECTOR('',#14253,1.);
#9048=VECTOR('',#14254,1.);
#9049=VECTOR('',#14255,1.);
#9050=VECTOR('',#14258,1.);
#9051=VECTOR('',#14259,1.);
#9052=VECTOR('',#14262,1.);
#9053=VECTOR('',#14263,1.);
#9054=VECTOR('',#14266,1.);
#9055=VECTOR('',#14267,1.);
#9056=VECTOR('',#14270,1.);
#9057=VECTOR('',#14271,1.);
#9058=VECTOR('',#14274,1.);
#9059=VECTOR('',#14275,1.);
#9060=VECTOR('',#14278,1.);
#9061=VECTOR('',#14279,1.);
#9062=VECTOR('',#14280,1.);
#9063=VECTOR('',#14281,1.);
#9064=VECTOR('',#14284,1.);
#9065=VECTOR('',#14289,1.);
#9066=VECTOR('',#14294,1.);
#9067=VECTOR('',#14295,1.);
#9068=VECTOR('',#14298,1.);
#9069=VECTOR('',#14303,1.);
#9070=VECTOR('',#14308,1.);
#9071=VECTOR('',#14311,1.);
#9072=VECTOR('',#14314,1.);
#9073=VECTOR('',#14315,1.);
#9074=VECTOR('',#14318,1.);
#9075=VECTOR('',#14319,1.);
#9076=VECTOR('',#14322,1.);
#9077=VECTOR('',#14323,1.);
#9078=VECTOR('',#14326,1.);
#9079=VECTOR('',#14331,1.);
#9080=VECTOR('',#14334,1.);
#9081=VECTOR('',#14337,1.);
#9082=VECTOR('',#14338,1.);
#9083=VECTOR('',#14341,1.);
#9084=VECTOR('',#14342,1.);
#9085=VECTOR('',#14345,1.);
#9086=VECTOR('',#14346,1.);
#9087=VECTOR('',#14349,1.);
#9088=VECTOR('',#14350,1.);
#9089=VECTOR('',#14353,1.);
#9090=VECTOR('',#14354,1.);
#9091=VECTOR('',#14357,1.);
#9092=VECTOR('',#14358,1.);
#9093=VECTOR('',#14361,1.);
#9094=VECTOR('',#14362,1.);
#9095=VECTOR('',#14365,1.);
#9096=VECTOR('',#14366,1.);
#9097=VECTOR('',#14369,1.);
#9098=VECTOR('',#14370,1.);
#9099=VECTOR('',#14373,1.);
#9100=VECTOR('',#14378,1.);
#9101=VECTOR('',#14381,1.);
#9102=VECTOR('',#14382,1.);
#9103=VECTOR('',#14385,1.);
#9104=VECTOR('',#14386,1.);
#9105=VECTOR('',#14389,1.);
#9106=VECTOR('',#14390,1.);
#9107=VECTOR('',#14393,1.);
#9108=VECTOR('',#14394,1.);
#9109=VECTOR('',#14397,1.);
#9110=VECTOR('',#14398,1.);
#9111=VECTOR('',#14401,1.);
#9112=VECTOR('',#14402,1.);
#9113=VECTOR('',#14403,1.);
#9114=VECTOR('',#14404,1.);
#9115=VECTOR('',#14429,1.);
#9116=VECTOR('',#14430,1.);
#9117=VECTOR('',#14431,1.);
#9118=VECTOR('',#14432,1.);
#9119=VECTOR('',#14435,1.);
#9120=VECTOR('',#14436,1.);
#9121=VECTOR('',#14437,1.);
#9122=VECTOR('',#14438,1.);
#9123=VECTOR('',#14441,1.);
#9124=VECTOR('',#14442,1.);
#9125=VECTOR('',#14443,1.);
#9126=VECTOR('',#14446,1.);
#9127=VECTOR('',#14447,1.);
#9128=VECTOR('',#14448,1.);
#9129=VECTOR('',#14451,1.);
#9130=VECTOR('',#14452,1.);
#9131=VECTOR('',#14453,1.);
#9132=VECTOR('',#14456,1.);
#9133=VECTOR('',#14459,1.);
#9134=VECTOR('',#14460,1.);
#9135=VECTOR('',#14463,1.);
#9136=VECTOR('',#14466,1.);
#9137=EDGE_LOOP('',(#654,#655,#656,#657,#658,#659,#660,#661,#662,#663));
#9138=EDGE_LOOP('',(#664,#665,#666,#667,#668,#669,#670,#671,#672,#673,#674,
#675,#676,#677,#678,#679,#680,#681));
#9139=EDGE_LOOP('',(#682,#683,#684,#685,#686,#687,#688,#689));
#9140=EDGE_LOOP('',(#690,#691,#692,#693,#694,#695,#696,#697,#698,#699));
#9141=EDGE_LOOP('',(#700,#701,#702,#703,#704,#705,#706,#707,#708,#709,#710,
#711,#712,#713,#714,#715,#716,#717));
#9142=EDGE_LOOP('',(#718));
#9143=EDGE_LOOP('',(#719));
#9144=EDGE_LOOP('',(#720));
#9145=EDGE_LOOP('',(#721));
#9146=EDGE_LOOP('',(#722));
#9147=EDGE_LOOP('',(#723));
#9148=EDGE_LOOP('',(#724));
#9149=EDGE_LOOP('',(#725));
#9150=EDGE_LOOP('',(#726));
#9151=EDGE_LOOP('',(#727));
#9152=EDGE_LOOP('',(#728));
#9153=EDGE_LOOP('',(#729,#730,#731,#732,#733,#734,#735,#736));
#9154=EDGE_LOOP('',(#737,#738,#739,#740,#741,#742,#743,#744));
#9155=EDGE_LOOP('',(#745));
#9156=EDGE_LOOP('',(#746,#747,#748,#749,#750,#751));
#9157=EDGE_LOOP('',(#752,#753,#754,#755,#756,#757,#758,#759,#760,#761,#762,
#763,#764,#765,#766,#767,#768,#769));
#9158=EDGE_LOOP('',(#770,#771,#772,#773,#774,#775,#776,#777,#778,#779,#780,
#781));
#9159=EDGE_LOOP('',(#782,#783,#784,#785,#786,#787,#788,#789,#790,#791));
#9160=EDGE_LOOP('',(#792,#793,#794,#795,#796,#797,#798,#799,#800,#801,#802,
#803,#804,#805,#806,#807,#808,#809,#810,#811,#812,#813,#814));
#9161=EDGE_LOOP('',(#815,#816,#817,#818,#819,#820,#821,#822,#823,#824,#825,
#826,#827,#828,#829,#830,#831,#832));
#9162=EDGE_LOOP('',(#833,#834,#835,#836,#837,#838,#839,#840,#841,#842,#843,
#844,#845,#846,#847,#848,#849));
#9163=EDGE_LOOP('',(#850,#851,#852,#853,#854,#855,#856,#857,#858,#859,#860,
#861,#862,#863,#864,#865,#866,#867,#868,#869,#870,#871,#872,#873,#874,#875,
#876));
#9164=EDGE_LOOP('',(#877,#878,#879,#880,#881,#882,#883,#884));
#9165=EDGE_LOOP('',(#885,#886,#887,#888,#889,#890,#891,#892,#893,#894));
#9166=EDGE_LOOP('',(#895,#896,#897,#898,#899,#900,#901,#902,#903,#904));
#9167=EDGE_LOOP('',(#905,#906,#907,#908,#909,#910,#911,#912,#913,#914));
#9168=EDGE_LOOP('',(#915,#916,#917,#918));
#9169=EDGE_LOOP('',(#919,#920,#921,#922,#923,#924,#925,#926,#927,#928));
#9170=EDGE_LOOP('',(#929,#930,#931,#932));
#9171=EDGE_LOOP('',(#933,#934,#935,#936,#937,#938,#939,#940,#941,#942,#943,
#944,#945,#946,#947,#948,#949,#950,#951,#952,#953,#954,#955,#956,#957,#958));
#9172=EDGE_LOOP('',(#959,#960,#961,#962,#963,#964,#965,#966,#967,#968,#969,
#970,#971,#972,#973,#974,#975,#976,#977,#978,#979,#980));
#9173=EDGE_LOOP('',(#981,#982,#983,#984,#985,#986,#987,#988,#989,#990));
#9174=EDGE_LOOP('',(#991,#992,#993,#994));
#9175=EDGE_LOOP('',(#995,#996,#997,#998,#999,#1000,#1001,#1002,#1003,#1004,
#1005,#1006,#1007,#1008,#1009,#1010,#1011,#1012));
#9176=EDGE_LOOP('',(#1013,#1014,#1015,#1016));
#9177=EDGE_LOOP('',(#1017,#1018,#1019,#1020,#1021,#1022,#1023,#1024,#1025,
#1026,#1027,#1028,#1029,#1030,#1031,#1032,#1033,#1034));
#9178=EDGE_LOOP('',(#1035,#1036,#1037,#1038,#1039,#1040,#1041,#1042,#1043,
#1044));
#9179=EDGE_LOOP('',(#1045,#1046,#1047,#1048,#1049,#1050,#1051,#1052,#1053,
#1054,#1055,#1056,#1057,#1058,#1059,#1060,#1061,#1062,#1063,#1064,#1065,
#1066,#1067));
#9180=EDGE_LOOP('',(#1068,#1069,#1070,#1071,#1072,#1073,#1074,#1075,#1076,
#1077));
#9181=EDGE_LOOP('',(#1078,#1079,#1080,#1081,#1082,#1083,#1084,#1085,#1086,
#1087,#1088,#1089,#1090,#1091,#1092,#1093,#1094,#1095,#1096,#1097));
#9182=EDGE_LOOP('',(#1098,#1099,#1100,#1101,#1102,#1103,#1104,#1105,#1106,
#1107,#1108,#1109,#1110,#1111,#1112,#1113,#1114,#1115,#1116,#1117,#1118,
#1119));
#9183=EDGE_LOOP('',(#1120,#1121,#1122,#1123));
#9184=EDGE_LOOP('',(#1124,#1125,#1126,#1127));
#9185=EDGE_LOOP('',(#1128,#1129,#1130,#1131));
#9186=EDGE_LOOP('',(#1132,#1133,#1134,#1135));
#9187=EDGE_LOOP('',(#1136,#1137,#1138,#1139));
#9188=EDGE_LOOP('',(#1140,#1141,#1142,#1143));
#9189=EDGE_LOOP('',(#1144,#1145,#1146,#1147));
#9190=EDGE_LOOP('',(#1148));
#9191=EDGE_LOOP('',(#1149));
#9192=EDGE_LOOP('',(#1150));
#9193=EDGE_LOOP('',(#1151));
#9194=EDGE_LOOP('',(#1152));
#9195=EDGE_LOOP('',(#1153));
#9196=EDGE_LOOP('',(#1154));
#9197=EDGE_LOOP('',(#1155));
#9198=EDGE_LOOP('',(#1156));
#9199=EDGE_LOOP('',(#1157));
#9200=EDGE_LOOP('',(#1158));
#9201=EDGE_LOOP('',(#1159,#1160,#1161,#1162,#1163,#1164,#1165,#1166,#1167,
#1168,#1169,#1170,#1171,#1172,#1173,#1174,#1175,#1176,#1177,#1178));
#9202=EDGE_LOOP('',(#1179));
#9203=EDGE_LOOP('',(#1180,#1181,#1182,#1183,#1184,#1185));
#9204=EDGE_LOOP('',(#1186));
#9205=EDGE_LOOP('',(#1187));
#9206=EDGE_LOOP('',(#1188,#1189,#1190,#1191));
#9207=EDGE_LOOP('',(#1192,#1193,#1194,#1195));
#9208=EDGE_LOOP('',(#1196,#1197,#1198,#1199));
#9209=EDGE_LOOP('',(#1200,#1201,#1202,#1203));
#9210=EDGE_LOOP('',(#1204,#1205,#1206,#1207));
#9211=EDGE_LOOP('',(#1208,#1209,#1210,#1211,#1212,#1213));
#9212=EDGE_LOOP('',(#1214,#1215,#1216,#1217));
#9213=EDGE_LOOP('',(#1218,#1219,#1220,#1221));
#9214=EDGE_LOOP('',(#1222));
#9215=EDGE_LOOP('',(#1223));
#9216=EDGE_LOOP('',(#1224));
#9217=EDGE_LOOP('',(#1225));
#9218=EDGE_LOOP('',(#1226,#1227,#1228,#1229));
#9219=EDGE_LOOP('',(#1230,#1231,#1232,#1233));
#9220=EDGE_LOOP('',(#1234,#1235,#1236,#1237,#1238));
#9221=EDGE_LOOP('',(#1239,#1240,#1241,#1242));
#9222=EDGE_LOOP('',(#1243,#1244,#1245,#1246,#1247));
#9223=EDGE_LOOP('',(#1248,#1249,#1250,#1251));
#9224=EDGE_LOOP('',(#1252,#1253,#1254,#1255,#1256));
#9225=EDGE_LOOP('',(#1257,#1258,#1259,#1260));
#9226=EDGE_LOOP('',(#1261));
#9227=EDGE_LOOP('',(#1262));
#9228=EDGE_LOOP('',(#1263));
#9229=EDGE_LOOP('',(#1264));
#9230=EDGE_LOOP('',(#1265));
#9231=EDGE_LOOP('',(#1266));
#9232=EDGE_LOOP('',(#1267));
#9233=EDGE_LOOP('',(#1268));
#9234=EDGE_LOOP('',(#1269));
#9235=EDGE_LOOP('',(#1270));
#9236=EDGE_LOOP('',(#1271));
#9237=EDGE_LOOP('',(#1272));
#9238=EDGE_LOOP('',(#1273));
#9239=EDGE_LOOP('',(#1274));
#9240=EDGE_LOOP('',(#1275));
#9241=EDGE_LOOP('',(#1276));
#9242=EDGE_LOOP('',(#1277));
#9243=EDGE_LOOP('',(#1278));
#9244=EDGE_LOOP('',(#1279,#1280,#1281,#1282));
#9245=EDGE_LOOP('',(#1283,#1284,#1285,#1286));
#9246=EDGE_LOOP('',(#1287,#1288,#1289,#1290));
#9247=EDGE_LOOP('',(#1291,#1292,#1293,#1294));
#9248=EDGE_LOOP('',(#1295,#1296,#1297,#1298));
#9249=EDGE_LOOP('',(#1299,#1300,#1301,#1302));
#9250=EDGE_LOOP('',(#1303,#1304,#1305,#1306));
#9251=EDGE_LOOP('',(#1307,#1308,#1309,#1310));
#9252=EDGE_LOOP('',(#1311,#1312,#1313,#1314));
#9253=EDGE_LOOP('',(#1315,#1316,#1317,#1318));
#9254=EDGE_LOOP('',(#1319,#1320,#1321,#1322));
#9255=EDGE_LOOP('',(#1323,#1324,#1325,#1326));
#9256=EDGE_LOOP('',(#1327,#1328,#1329,#1330));
#9257=EDGE_LOOP('',(#1331,#1332,#1333,#1334));
#9258=EDGE_LOOP('',(#1335,#1336,#1337,#1338));
#9259=EDGE_LOOP('',(#1339,#1340,#1341,#1342));
#9260=EDGE_LOOP('',(#1343,#1344,#1345,#1346));
#9261=EDGE_LOOP('',(#1347,#1348,#1349,#1350));
#9262=EDGE_LOOP('',(#1351,#1352,#1353,#1354,#1355,#1356,#1357,#1358,#1359,
#1360,#1361,#1362,#1363,#1364,#1365,#1366,#1367,#1368));
#9263=EDGE_LOOP('',(#1369,#1370,#1371,#1372));
#9264=EDGE_LOOP('',(#1373,#1374,#1375,#1376));
#9265=EDGE_LOOP('',(#1377,#1378,#1379,#1380));
#9266=EDGE_LOOP('',(#1381,#1382,#1383,#1384));
#9267=EDGE_LOOP('',(#1385,#1386,#1387,#1388));
#9268=EDGE_LOOP('',(#1389,#1390,#1391,#1392));
#9269=EDGE_LOOP('',(#1393,#1394,#1395,#1396));
#9270=EDGE_LOOP('',(#1397,#1398,#1399,#1400));
#9271=EDGE_LOOP('',(#1401,#1402,#1403,#1404));
#9272=EDGE_LOOP('',(#1405,#1406,#1407,#1408));
#9273=EDGE_LOOP('',(#1409,#1410,#1411,#1412));
#9274=EDGE_LOOP('',(#1413,#1414,#1415,#1416));
#9275=EDGE_LOOP('',(#1417,#1418,#1419,#1420,#1421,#1422,#1423,#1424,#1425,
#1426,#1427,#1428));
#9276=EDGE_LOOP('',(#1429,#1430,#1431,#1432));
#9277=EDGE_LOOP('',(#1433,#1434,#1435,#1436));
#9278=EDGE_LOOP('',(#1437,#1438,#1439,#1440));
#9279=EDGE_LOOP('',(#1441,#1442,#1443,#1444));
#9280=EDGE_LOOP('',(#1445,#1446,#1447,#1448));
#9281=EDGE_LOOP('',(#1449,#1450,#1451,#1452));
#9282=EDGE_LOOP('',(#1453,#1454,#1455,#1456));
#9283=EDGE_LOOP('',(#1457,#1458,#1459,#1460));
#9284=EDGE_LOOP('',(#1461,#1462,#1463,#1464));
#9285=EDGE_LOOP('',(#1465,#1466,#1467,#1468));
#9286=EDGE_LOOP('',(#1469,#1470,#1471,#1472,#1473,#1474,#1475,#1476,#1477,
#1478));
#9287=EDGE_LOOP('',(#1479,#1480,#1481,#1482));
#9288=EDGE_LOOP('',(#1483,#1484,#1485,#1486));
#9289=EDGE_LOOP('',(#1487,#1488,#1489,#1490));
#9290=EDGE_LOOP('',(#1491,#1492,#1493,#1494));
#9291=EDGE_LOOP('',(#1495,#1496,#1497,#1498));
#9292=EDGE_LOOP('',(#1499,#1500,#1501,#1502));
#9293=EDGE_LOOP('',(#1503,#1504,#1505,#1506));
#9294=EDGE_LOOP('',(#1507,#1508,#1509,#1510));
#9295=EDGE_LOOP('',(#1511,#1512,#1513,#1514));
#9296=EDGE_LOOP('',(#1515,#1516,#1517,#1518));
#9297=EDGE_LOOP('',(#1519,#1520,#1521,#1522));
#9298=EDGE_LOOP('',(#1523,#1524,#1525,#1526));
#9299=EDGE_LOOP('',(#1527,#1528,#1529,#1530));
#9300=EDGE_LOOP('',(#1531,#1532,#1533,#1534));
#9301=EDGE_LOOP('',(#1535,#1536,#1537,#1538));
#9302=EDGE_LOOP('',(#1539,#1540,#1541,#1542));
#9303=EDGE_LOOP('',(#1543,#1544,#1545,#1546));
#9304=EDGE_LOOP('',(#1547,#1548,#1549,#1550));
#9305=EDGE_LOOP('',(#1551,#1552,#1553,#1554));
#9306=EDGE_LOOP('',(#1555,#1556,#1557,#1558));
#9307=EDGE_LOOP('',(#1559,#1560,#1561,#1562));
#9308=EDGE_LOOP('',(#1563,#1564,#1565,#1566));
#9309=EDGE_LOOP('',(#1567,#1568,#1569,#1570));
#9310=EDGE_LOOP('',(#1571,#1572,#1573,#1574,#1575,#1576,#1577,#1578,#1579,
#1580,#1581,#1582,#1583,#1584,#1585,#1586,#1587,#1588,#1589,#1590,#1591,
#1592,#1593));
#9311=EDGE_LOOP('',(#1594,#1595,#1596,#1597));
#9312=EDGE_LOOP('',(#1598,#1599,#1600,#1601));
#9313=EDGE_LOOP('',(#1602,#1603,#1604,#1605));
#9314=EDGE_LOOP('',(#1606,#1607,#1608,#1609));
#9315=EDGE_LOOP('',(#1610,#1611,#1612,#1613));
#9316=EDGE_LOOP('',(#1614,#1615,#1616,#1617));
#9317=EDGE_LOOP('',(#1618,#1619,#1620,#1621));
#9318=EDGE_LOOP('',(#1622,#1623,#1624,#1625));
#9319=EDGE_LOOP('',(#1626,#1627,#1628,#1629));
#9320=EDGE_LOOP('',(#1630,#1631,#1632,#1633));
#9321=EDGE_LOOP('',(#1634,#1635,#1636,#1637));
#9322=EDGE_LOOP('',(#1638,#1639,#1640,#1641));
#9323=EDGE_LOOP('',(#1642,#1643,#1644,#1645));
#9324=EDGE_LOOP('',(#1646,#1647,#1648,#1649));
#9325=EDGE_LOOP('',(#1650,#1651,#1652,#1653));
#9326=EDGE_LOOP('',(#1654,#1655,#1656,#1657));
#9327=EDGE_LOOP('',(#1658,#1659,#1660,#1661));
#9328=EDGE_LOOP('',(#1662,#1663,#1664,#1665));
#9329=EDGE_LOOP('',(#1666,#1667,#1668,#1669,#1670,#1671,#1672,#1673,#1674,
#1675,#1676,#1677,#1678,#1679,#1680,#1681,#1682,#1683));
#9330=EDGE_LOOP('',(#1684,#1685,#1686,#1687));
#9331=EDGE_LOOP('',(#1688,#1689,#1690,#1691));
#9332=EDGE_LOOP('',(#1692,#1693,#1694,#1695));
#9333=EDGE_LOOP('',(#1696,#1697,#1698,#1699));
#9334=EDGE_LOOP('',(#1700,#1701,#1702,#1703));
#9335=EDGE_LOOP('',(#1704,#1705,#1706,#1707));
#9336=EDGE_LOOP('',(#1708,#1709,#1710,#1711));
#9337=EDGE_LOOP('',(#1712,#1713,#1714,#1715));
#9338=EDGE_LOOP('',(#1716,#1717,#1718,#1719));
#9339=EDGE_LOOP('',(#1720,#1721,#1722,#1723));
#9340=EDGE_LOOP('',(#1724,#1725,#1726,#1727));
#9341=EDGE_LOOP('',(#1728,#1729,#1730,#1731));
#9342=EDGE_LOOP('',(#1732,#1733,#1734,#1735));
#9343=EDGE_LOOP('',(#1736,#1737,#1738,#1739));
#9344=EDGE_LOOP('',(#1740,#1741,#1742,#1743));
#9345=EDGE_LOOP('',(#1744,#1745,#1746,#1747));
#9346=EDGE_LOOP('',(#1748,#1749,#1750,#1751));
#9347=EDGE_LOOP('',(#1752,#1753,#1754,#1755));
#9348=EDGE_LOOP('',(#1756,#1757,#1758,#1759));
#9349=EDGE_LOOP('',(#1760,#1761,#1762,#1763));
#9350=EDGE_LOOP('',(#1764,#1765,#1766,#1767));
#9351=EDGE_LOOP('',(#1768,#1769,#1770,#1771));
#9352=EDGE_LOOP('',(#1772,#1773,#1774,#1775));
#9353=EDGE_LOOP('',(#1776,#1777,#1778,#1779));
#9354=EDGE_LOOP('',(#1780,#1781,#1782,#1783));
#9355=EDGE_LOOP('',(#1784,#1785,#1786,#1787));
#9356=EDGE_LOOP('',(#1788,#1789,#1790,#1791));
#9357=EDGE_LOOP('',(#1792,#1793,#1794,#1795));
#9358=EDGE_LOOP('',(#1796,#1797,#1798,#1799,#1800,#1801,#1802,#1803,#1804,
#1805,#1806,#1807,#1808,#1809,#1810,#1811,#1812,#1813));
#9359=EDGE_LOOP('',(#1814,#1815,#1816,#1817,#1818,#1819,#1820,#1821,#1822,
#1823));
#9360=EDGE_LOOP('',(#1824,#1825,#1826,#1827));
#9361=EDGE_LOOP('',(#1828,#1829,#1830,#1831));
#9362=EDGE_LOOP('',(#1832,#1833,#1834,#1835));
#9363=EDGE_LOOP('',(#1836,#1837,#1838,#1839));
#9364=EDGE_LOOP('',(#1840,#1841,#1842,#1843));
#9365=EDGE_LOOP('',(#1844,#1845,#1846,#1847));
#9366=EDGE_LOOP('',(#1848,#1849,#1850,#1851));
#9367=EDGE_LOOP('',(#1852,#1853,#1854,#1855));
#9368=EDGE_LOOP('',(#1856,#1857,#1858,#1859));
#9369=EDGE_LOOP('',(#1860,#1861,#1862,#1863));
#9370=EDGE_LOOP('',(#1864,#1865,#1866,#1867));
#9371=EDGE_LOOP('',(#1868,#1869,#1870,#1871));
#9372=EDGE_LOOP('',(#1872,#1873,#1874,#1875));
#9373=EDGE_LOOP('',(#1876,#1877,#1878,#1879));
#9374=EDGE_LOOP('',(#1880,#1881,#1882,#1883));
#9375=EDGE_LOOP('',(#1884,#1885,#1886,#1887));
#9376=EDGE_LOOP('',(#1888,#1889,#1890,#1891));
#9377=EDGE_LOOP('',(#1892,#1893,#1894,#1895));
#9378=EDGE_LOOP('',(#1896,#1897,#1898,#1899));
#9379=EDGE_LOOP('',(#1900,#1901,#1902,#1903));
#9380=EDGE_LOOP('',(#1904,#1905,#1906,#1907));
#9381=EDGE_LOOP('',(#1908,#1909,#1910,#1911));
#9382=EDGE_LOOP('',(#1912,#1913,#1914,#1915));
#9383=EDGE_LOOP('',(#1916,#1917,#1918,#1919));
#9384=EDGE_LOOP('',(#1920,#1921,#1922,#1923,#1924,#1925,#1926,#1927,#1928,
#1929,#1930,#1931,#1932,#1933,#1934,#1935,#1936));
#9385=EDGE_LOOP('',(#1937,#1938,#1939,#1940,#1941,#1942,#1943));
#9386=EDGE_LOOP('',(#1944,#1945,#1946,#1947));
#9387=EDGE_LOOP('',(#1948,#1949,#1950,#1951));
#9388=EDGE_LOOP('',(#1952,#1953,#1954,#1955));
#9389=EDGE_LOOP('',(#1956,#1957,#1958,#1959));
#9390=EDGE_LOOP('',(#1960,#1961,#1962,#1963));
#9391=EDGE_LOOP('',(#1964,#1965,#1966,#1967));
#9392=EDGE_LOOP('',(#1968,#1969,#1970,#1971));
#9393=EDGE_LOOP('',(#1972,#1973,#1974,#1975));
#9394=EDGE_LOOP('',(#1976,#1977,#1978,#1979));
#9395=EDGE_LOOP('',(#1980,#1981,#1982,#1983));
#9396=EDGE_LOOP('',(#1984,#1985,#1986,#1987));
#9397=EDGE_LOOP('',(#1988,#1989,#1990,#1991));
#9398=EDGE_LOOP('',(#1992,#1993,#1994,#1995));
#9399=EDGE_LOOP('',(#1996,#1997,#1998,#1999));
#9400=EDGE_LOOP('',(#2000,#2001,#2002,#2003));
#9401=EDGE_LOOP('',(#2004,#2005,#2006,#2007));
#9402=EDGE_LOOP('',(#2008,#2009,#2010,#2011));
#9403=EDGE_LOOP('',(#2012,#2013,#2014,#2015));
#9404=EDGE_LOOP('',(#2016,#2017,#2018,#2019));
#9405=EDGE_LOOP('',(#2020,#2021,#2022,#2023));
#9406=EDGE_LOOP('',(#2024,#2025,#2026,#2027,#2028,#2029,#2030,#2031,#2032,
#2033));
#9407=EDGE_LOOP('',(#2034,#2035,#2036,#2037,#2038,#2039,#2040,#2041,#2042,
#2043));
#9408=EDGE_LOOP('',(#2044,#2045,#2046,#2047));
#9409=EDGE_LOOP('',(#2048,#2049,#2050,#2051));
#9410=EDGE_LOOP('',(#2052,#2053,#2054,#2055));
#9411=EDGE_LOOP('',(#2056,#2057,#2058,#2059));
#9412=EDGE_LOOP('',(#2060,#2061,#2062,#2063));
#9413=EDGE_LOOP('',(#2064,#2065,#2066,#2067));
#9414=EDGE_LOOP('',(#2068,#2069,#2070,#2071));
#9415=EDGE_LOOP('',(#2072,#2073,#2074,#2075));
#9416=EDGE_LOOP('',(#2076,#2077,#2078,#2079));
#9417=EDGE_LOOP('',(#2080,#2081,#2082,#2083));
#9418=EDGE_LOOP('',(#2084,#2085,#2086,#2087));
#9419=EDGE_LOOP('',(#2088,#2089,#2090,#2091));
#9420=EDGE_LOOP('',(#2092,#2093,#2094,#2095));
#9421=EDGE_LOOP('',(#2096,#2097,#2098,#2099));
#9422=EDGE_LOOP('',(#2100,#2101,#2102,#2103));
#9423=EDGE_LOOP('',(#2104,#2105,#2106,#2107));
#9424=EDGE_LOOP('',(#2108,#2109,#2110,#2111));
#9425=EDGE_LOOP('',(#2112,#2113,#2114,#2115));
#9426=EDGE_LOOP('',(#2116,#2117,#2118,#2119));
#9427=EDGE_LOOP('',(#2120,#2121,#2122,#2123));
#9428=EDGE_LOOP('',(#2124,#2125,#2126,#2127));
#9429=EDGE_LOOP('',(#2128,#2129,#2130,#2131));
#9430=EDGE_LOOP('',(#2132,#2133,#2134,#2135));
#9431=EDGE_LOOP('',(#2136,#2137,#2138,#2139));
#9432=EDGE_LOOP('',(#2140,#2141,#2142,#2143));
#9433=EDGE_LOOP('',(#2144,#2145,#2146,#2147));
#9434=EDGE_LOOP('',(#2148,#2149,#2150,#2151));
#9435=EDGE_LOOP('',(#2152,#2153,#2154,#2155));
#9436=EDGE_LOOP('',(#2156,#2157,#2158,#2159));
#9437=EDGE_LOOP('',(#2160,#2161,#2162,#2163));
#9438=EDGE_LOOP('',(#2164,#2165,#2166,#2167));
#9439=EDGE_LOOP('',(#2168,#2169,#2170,#2171));
#9440=EDGE_LOOP('',(#2172,#2173,#2174,#2175));
#9441=EDGE_LOOP('',(#2176,#2177,#2178,#2179));
#9442=EDGE_LOOP('',(#2180,#2181,#2182,#2183));
#9443=EDGE_LOOP('',(#2184,#2185,#2186,#2187,#2188,#2189,#2190,#2191,#2192,
#2193,#2194,#2195,#2196,#2197,#2198,#2199,#2200,#2201,#2202,#2203,#2204,
#2205,#2206,#2207,#2208,#2209,#2210));
#9444=EDGE_LOOP('',(#2211,#2212,#2213,#2214,#2215,#2216,#2217,#2218));
#9445=EDGE_LOOP('',(#2219,#2220,#2221,#2222));
#9446=EDGE_LOOP('',(#2223,#2224,#2225,#2226));
#9447=EDGE_LOOP('',(#2227,#2228,#2229,#2230));
#9448=EDGE_LOOP('',(#2231,#2232,#2233,#2234));
#9449=EDGE_LOOP('',(#2235,#2236,#2237,#2238));
#9450=EDGE_LOOP('',(#2239,#2240,#2241,#2242));
#9451=EDGE_LOOP('',(#2243,#2244,#2245,#2246));
#9452=EDGE_LOOP('',(#2247,#2248,#2249,#2250));
#9453=EDGE_LOOP('',(#2251,#2252,#2253,#2254,#2255,#2256,#2257,#2258));
#9454=EDGE_LOOP('',(#2259,#2260,#2261,#2262));
#9455=EDGE_LOOP('',(#2263,#2264,#2265,#2266));
#9456=EDGE_LOOP('',(#2267,#2268,#2269,#2270));
#9457=EDGE_LOOP('',(#2271,#2272,#2273,#2274));
#9458=EDGE_LOOP('',(#2275,#2276,#2277,#2278));
#9459=EDGE_LOOP('',(#2279,#2280,#2281,#2282));
#9460=EDGE_LOOP('',(#2283,#2284,#2285,#2286));
#9461=EDGE_LOOP('',(#2287,#2288,#2289,#2290));
#9462=EDGE_LOOP('',(#2291,#2292,#2293,#2294,#2295,#2296,#2297,#2298));
#9463=EDGE_LOOP('',(#2299,#2300,#2301,#2302));
#9464=EDGE_LOOP('',(#2303,#2304,#2305,#2306));
#9465=EDGE_LOOP('',(#2307,#2308,#2309,#2310));
#9466=EDGE_LOOP('',(#2311,#2312,#2313,#2314));
#9467=EDGE_LOOP('',(#2315,#2316,#2317,#2318));
#9468=EDGE_LOOP('',(#2319,#2320,#2321,#2322));
#9469=EDGE_LOOP('',(#2323,#2324,#2325,#2326));
#9470=EDGE_LOOP('',(#2327,#2328,#2329,#2330));
#9471=EDGE_LOOP('',(#2331,#2332,#2333,#2334));
#9472=EDGE_LOOP('',(#2335,#2336,#2337,#2338));
#9473=EDGE_LOOP('',(#2339,#2340,#2341,#2342));
#9474=EDGE_LOOP('',(#2343,#2344,#2345,#2346));
#9475=EDGE_LOOP('',(#2347,#2348,#2349,#2350));
#9476=EDGE_LOOP('',(#2351,#2352,#2353,#2354));
#9477=EDGE_LOOP('',(#2355,#2356,#2357,#2358));
#9478=EDGE_LOOP('',(#2359,#2360,#2361,#2362));
#9479=EDGE_LOOP('',(#2363,#2364,#2365,#2366));
#9480=EDGE_LOOP('',(#2367,#2368,#2369,#2370));
#9481=EDGE_LOOP('',(#2371,#2372,#2373,#2374));
#9482=EDGE_LOOP('',(#2375,#2376,#2377,#2378));
#9483=EDGE_LOOP('',(#2379,#2380,#2381,#2382));
#9484=EDGE_LOOP('',(#2383,#2384,#2385,#2386));
#9485=EDGE_LOOP('',(#2387,#2388,#2389,#2390));
#9486=EDGE_LOOP('',(#2391,#2392,#2393,#2394));
#9487=EDGE_LOOP('',(#2395,#2396,#2397,#2398));
#9488=EDGE_LOOP('',(#2399,#2400,#2401,#2402));
#9489=EDGE_LOOP('',(#2403,#2404,#2405,#2406));
#9490=EDGE_LOOP('',(#2407,#2408,#2409,#2410));
#9491=EDGE_LOOP('',(#2411,#2412,#2413,#2414,#2415,#2416,#2417,#2418,#2419,
#2420,#2421,#2422,#2423,#2424,#2425,#2426,#2427,#2428));
#9492=EDGE_LOOP('',(#2429,#2430,#2431,#2432,#2433,#2434,#2435,#2436,#2437,
#2438));
#9493=EDGE_LOOP('',(#2439,#2440,#2441,#2442));
#9494=EDGE_LOOP('',(#2443,#2444,#2445,#2446));
#9495=EDGE_LOOP('',(#2447,#2448,#2449,#2450));
#9496=EDGE_LOOP('',(#2451,#2452,#2453,#2454));
#9497=EDGE_LOOP('',(#2455,#2456,#2457,#2458));
#9498=EDGE_LOOP('',(#2459,#2460,#2461,#2462));
#9499=EDGE_LOOP('',(#2463,#2464,#2465,#2466));
#9500=EDGE_LOOP('',(#2467,#2468,#2469,#2470));
#9501=EDGE_LOOP('',(#2471,#2472,#2473,#2474));
#9502=EDGE_LOOP('',(#2475,#2476,#2477,#2478));
#9503=EDGE_LOOP('',(#2479,#2480,#2481,#2482));
#9504=EDGE_LOOP('',(#2483,#2484,#2485,#2486));
#9505=EDGE_LOOP('',(#2487,#2488,#2489,#2490));
#9506=EDGE_LOOP('',(#2491,#2492,#2493,#2494));
#9507=EDGE_LOOP('',(#2495,#2496,#2497,#2498));
#9508=EDGE_LOOP('',(#2499,#2500,#2501,#2502));
#9509=EDGE_LOOP('',(#2503,#2504,#2505,#2506));
#9510=EDGE_LOOP('',(#2507,#2508,#2509,#2510));
#9511=EDGE_LOOP('',(#2511,#2512,#2513,#2514));
#9512=EDGE_LOOP('',(#2515,#2516,#2517,#2518));
#9513=EDGE_LOOP('',(#2519,#2520,#2521,#2522,#2523,#2524,#2525,#2526,#2527,
#2528));
#9514=EDGE_LOOP('',(#2529,#2530,#2531,#2532,#2533,#2534,#2535,#2536,#2537,
#2538));
#9515=EDGE_LOOP('',(#2539,#2540,#2541,#2542));
#9516=EDGE_LOOP('',(#2543,#2544,#2545,#2546));
#9517=EDGE_LOOP('',(#2547,#2548,#2549,#2550));
#9518=EDGE_LOOP('',(#2551,#2552,#2553,#2554));
#9519=EDGE_LOOP('',(#2555,#2556,#2557,#2558));
#9520=EDGE_LOOP('',(#2559,#2560,#2561,#2562));
#9521=EDGE_LOOP('',(#2563,#2564,#2565,#2566));
#9522=EDGE_LOOP('',(#2567,#2568,#2569,#2570));
#9523=EDGE_LOOP('',(#2571,#2572,#2573,#2574));
#9524=EDGE_LOOP('',(#2575,#2576,#2577,#2578));
#9525=EDGE_LOOP('',(#2579,#2580,#2581,#2582));
#9526=EDGE_LOOP('',(#2583,#2584,#2585,#2586));
#9527=EDGE_LOOP('',(#2587,#2588,#2589,#2590));
#9528=EDGE_LOOP('',(#2591,#2592,#2593,#2594));
#9529=EDGE_LOOP('',(#2595,#2596,#2597,#2598));
#9530=EDGE_LOOP('',(#2599,#2600,#2601,#2602));
#9531=EDGE_LOOP('',(#2603,#2604,#2605,#2606));
#9532=EDGE_LOOP('',(#2607,#2608,#2609,#2610));
#9533=EDGE_LOOP('',(#2611,#2612,#2613,#2614));
#9534=EDGE_LOOP('',(#2615,#2616,#2617,#2618));
#9535=EDGE_LOOP('',(#2619,#2620,#2621,#2622,#2623,#2624,#2625,#2626,#2627,
#2628));
#9536=EDGE_LOOP('',(#2629,#2630,#2631,#2632,#2633,#2634,#2635,#2636,#2637,
#2638));
#9537=EDGE_LOOP('',(#2639,#2640,#2641,#2642));
#9538=EDGE_LOOP('',(#2643,#2644,#2645,#2646));
#9539=EDGE_LOOP('',(#2647,#2648,#2649,#2650));
#9540=EDGE_LOOP('',(#2651,#2652,#2653,#2654));
#9541=EDGE_LOOP('',(#2655,#2656,#2657,#2658));
#9542=EDGE_LOOP('',(#2659,#2660,#2661,#2662));
#9543=EDGE_LOOP('',(#2663,#2664,#2665,#2666));
#9544=EDGE_LOOP('',(#2667,#2668,#2669,#2670));
#9545=EDGE_LOOP('',(#2671,#2672,#2673,#2674));
#9546=EDGE_LOOP('',(#2675,#2676,#2677,#2678));
#9547=EDGE_LOOP('',(#2679,#2680,#2681,#2682));
#9548=EDGE_LOOP('',(#2683,#2684,#2685,#2686));
#9549=EDGE_LOOP('',(#2687,#2688,#2689,#2690));
#9550=EDGE_LOOP('',(#2691,#2692,#2693,#2694));
#9551=EDGE_LOOP('',(#2695,#2696,#2697,#2698));
#9552=EDGE_LOOP('',(#2699,#2700,#2701,#2702));
#9553=EDGE_LOOP('',(#2703,#2704,#2705,#2706));
#9554=EDGE_LOOP('',(#2707,#2708,#2709,#2710));
#9555=EDGE_LOOP('',(#2711,#2712,#2713,#2714));
#9556=EDGE_LOOP('',(#2715,#2716,#2717,#2718));
#9557=EDGE_LOOP('',(#2719,#2720,#2721,#2722,#2723,#2724,#2725,#2726,#2727,
#2728));
#9558=EDGE_LOOP('',(#2729,#2730,#2731,#2732,#2733,#2734,#2735,#2736,#2737,
#2738));
#9559=EDGE_LOOP('',(#2739,#2740,#2741,#2742));
#9560=EDGE_LOOP('',(#2743,#2744,#2745,#2746));
#9561=EDGE_LOOP('',(#2747,#2748,#2749,#2750));
#9562=EDGE_LOOP('',(#2751,#2752,#2753,#2754));
#9563=EDGE_LOOP('',(#2755,#2756,#2757,#2758));
#9564=EDGE_LOOP('',(#2759,#2760,#2761,#2762));
#9565=EDGE_LOOP('',(#2763,#2764,#2765,#2766));
#9566=EDGE_LOOP('',(#2767,#2768,#2769,#2770));
#9567=EDGE_LOOP('',(#2771,#2772,#2773,#2774));
#9568=EDGE_LOOP('',(#2775,#2776,#2777,#2778));
#9569=EDGE_LOOP('',(#2779,#2780,#2781,#2782,#2783,#2784,#2785,#2786,#2787,
#2788));
#9570=EDGE_LOOP('',(#2789,#2790,#2791,#2792));
#9571=EDGE_LOOP('',(#2793,#2794,#2795,#2796));
#9572=EDGE_LOOP('',(#2797,#2798,#2799,#2800));
#9573=EDGE_LOOP('',(#2801,#2802,#2803,#2804));
#9574=EDGE_LOOP('',(#2805,#2806,#2807,#2808));
#9575=EDGE_LOOP('',(#2809,#2810,#2811,#2812));
#9576=EDGE_LOOP('',(#2813,#2814,#2815,#2816));
#9577=EDGE_LOOP('',(#2817,#2818,#2819,#2820));
#9578=EDGE_LOOP('',(#2821,#2822,#2823,#2824));
#9579=EDGE_LOOP('',(#2825,#2826,#2827,#2828));
#9580=EDGE_LOOP('',(#2829,#2830,#2831,#2832));
#9581=EDGE_LOOP('',(#2833,#2834,#2835,#2836));
#9582=EDGE_LOOP('',(#2837,#2838,#2839,#2840));
#9583=EDGE_LOOP('',(#2841,#2842,#2843,#2844));
#9584=EDGE_LOOP('',(#2845,#2846,#2847,#2848));
#9585=EDGE_LOOP('',(#2849,#2850,#2851,#2852,#2853,#2854,#2855,#2856,#2857,
#2858));
#9586=EDGE_LOOP('',(#2859,#2860,#2861,#2862));
#9587=EDGE_LOOP('',(#2863,#2864,#2865,#2866));
#9588=EDGE_LOOP('',(#2867,#2868,#2869,#2870));
#9589=EDGE_LOOP('',(#2871,#2872,#2873,#2874));
#9590=EDGE_LOOP('',(#2875,#2876,#2877,#2878));
#9591=EDGE_LOOP('',(#2879,#2880,#2881,#2882));
#9592=EDGE_LOOP('',(#2883,#2884,#2885,#2886));
#9593=EDGE_LOOP('',(#2887,#2888,#2889,#2890));
#9594=EDGE_LOOP('',(#2891,#2892,#2893,#2894));
#9595=EDGE_LOOP('',(#2895,#2896,#2897,#2898));
#9596=EDGE_LOOP('',(#2899,#2900,#2901,#2902));
#9597=EDGE_LOOP('',(#2903,#2904,#2905,#2906));
#9598=EDGE_LOOP('',(#2907,#2908,#2909,#2910));
#9599=EDGE_LOOP('',(#2911,#2912,#2913,#2914));
#9600=EDGE_LOOP('',(#2915,#2916,#2917,#2918));
#9601=EDGE_LOOP('',(#2919,#2920,#2921,#2922));
#9602=EDGE_LOOP('',(#2923,#2924,#2925,#2926));
#9603=EDGE_LOOP('',(#2927,#2928,#2929,#2930));
#9604=EDGE_LOOP('',(#2931,#2932,#2933,#2934));
#9605=EDGE_LOOP('',(#2935,#2936,#2937,#2938));
#9606=EDGE_LOOP('',(#2939,#2940,#2941,#2942));
#9607=EDGE_LOOP('',(#2943,#2944,#2945,#2946));
#9608=EDGE_LOOP('',(#2947,#2948,#2949,#2950));
#9609=EDGE_LOOP('',(#2951,#2952,#2953,#2954));
#9610=EDGE_LOOP('',(#2955,#2956,#2957,#2958));
#9611=EDGE_LOOP('',(#2959,#2960,#2961,#2962));
#9612=EDGE_LOOP('',(#2963,#2964,#2965,#2966));
#9613=EDGE_LOOP('',(#2967,#2968,#2969,#2970));
#9614=EDGE_LOOP('',(#2971,#2972,#2973,#2974));
#9615=EDGE_LOOP('',(#2975,#2976,#2977,#2978));
#9616=EDGE_LOOP('',(#2979,#2980,#2981,#2982));
#9617=EDGE_LOOP('',(#2983,#2984,#2985,#2986,#2987,#2988,#2989,#2990,#2991,
#2992,#2993,#2994,#2995,#2996,#2997,#2998,#2999,#3000,#3001,#3002,#3003,
#3004,#3005,#3006,#3007,#3008));
#9618=EDGE_LOOP('',(#3009,#3010,#3011,#3012));
#9619=EDGE_LOOP('',(#3013,#3014,#3015,#3016));
#9620=EDGE_LOOP('',(#3017,#3018,#3019,#3020));
#9621=EDGE_LOOP('',(#3021,#3022,#3023,#3024));
#9622=EDGE_LOOP('',(#3025,#3026,#3027,#3028));
#9623=EDGE_LOOP('',(#3029,#3030,#3031,#3032));
#9624=EDGE_LOOP('',(#3033,#3034,#3035,#3036));
#9625=EDGE_LOOP('',(#3037,#3038,#3039,#3040));
#9626=EDGE_LOOP('',(#3041,#3042,#3043,#3044));
#9627=EDGE_LOOP('',(#3045,#3046,#3047,#3048));
#9628=EDGE_LOOP('',(#3049,#3050,#3051,#3052));
#9629=EDGE_LOOP('',(#3053,#3054,#3055,#3056));
#9630=EDGE_LOOP('',(#3057,#3058,#3059,#3060));
#9631=EDGE_LOOP('',(#3061,#3062,#3063,#3064));
#9632=EDGE_LOOP('',(#3065,#3066,#3067,#3068));
#9633=EDGE_LOOP('',(#3069,#3070,#3071,#3072));
#9634=EDGE_LOOP('',(#3073,#3074,#3075,#3076));
#9635=EDGE_LOOP('',(#3077,#3078,#3079,#3080));
#9636=EDGE_LOOP('',(#3081,#3082,#3083,#3084));
#9637=EDGE_LOOP('',(#3085,#3086,#3087,#3088));
#9638=EDGE_LOOP('',(#3089,#3090,#3091,#3092));
#9639=EDGE_LOOP('',(#3093,#3094,#3095,#3096));
#9640=EDGE_LOOP('',(#3097,#3098,#3099,#3100,#3101,#3102,#3103,#3104,#3105,
#3106,#3107,#3108,#3109,#3110,#3111,#3112,#3113,#3114,#3115,#3116,#3117,
#3118));
#9641=EDGE_LOOP('',(#3119,#3120,#3121,#3122));
#9642=EDGE_LOOP('',(#3123,#3124,#3125,#3126));
#9643=EDGE_LOOP('',(#3127,#3128,#3129,#3130));
#9644=EDGE_LOOP('',(#3131,#3132,#3133,#3134));
#9645=EDGE_LOOP('',(#3135,#3136,#3137,#3138));
#9646=EDGE_LOOP('',(#3139,#3140,#3141,#3142));
#9647=EDGE_LOOP('',(#3143,#3144,#3145,#3146));
#9648=EDGE_LOOP('',(#3147,#3148,#3149,#3150));
#9649=EDGE_LOOP('',(#3151,#3152,#3153,#3154));
#9650=EDGE_LOOP('',(#3155,#3156,#3157,#3158));
#9651=EDGE_LOOP('',(#3159,#3160,#3161,#3162,#3163,#3164,#3165,#3166,#3167,
#3168));
#9652=EDGE_LOOP('',(#3169,#3170,#3171,#3172));
#9653=EDGE_LOOP('',(#3173,#3174,#3175,#3176));
#9654=EDGE_LOOP('',(#3177,#3178,#3179,#3180));
#9655=EDGE_LOOP('',(#3181,#3182,#3183,#3184));
#9656=EDGE_LOOP('',(#3185,#3186,#3187,#3188));
#9657=EDGE_LOOP('',(#3189,#3190,#3191,#3192));
#9658=EDGE_LOOP('',(#3193,#3194,#3195,#3196));
#9659=EDGE_LOOP('',(#3197,#3198,#3199,#3200));
#9660=EDGE_LOOP('',(#3201,#3202,#3203,#3204));
#9661=EDGE_LOOP('',(#3205,#3206,#3207,#3208));
#9662=EDGE_LOOP('',(#3209,#3210,#3211,#3212));
#9663=EDGE_LOOP('',(#3213,#3214,#3215,#3216));
#9664=EDGE_LOOP('',(#3217,#3218,#3219,#3220));
#9665=EDGE_LOOP('',(#3221,#3222,#3223,#3224));
#9666=EDGE_LOOP('',(#3225,#3226,#3227,#3228));
#9667=EDGE_LOOP('',(#3229,#3230,#3231,#3232));
#9668=EDGE_LOOP('',(#3233,#3234,#3235,#3236));
#9669=EDGE_LOOP('',(#3237,#3238,#3239,#3240));
#9670=EDGE_LOOP('',(#3241,#3242,#3243,#3244));
#9671=EDGE_LOOP('',(#3245,#3246,#3247,#3248));
#9672=EDGE_LOOP('',(#3249,#3250,#3251,#3252));
#9673=EDGE_LOOP('',(#3253,#3254,#3255,#3256));
#9674=EDGE_LOOP('',(#3257,#3258,#3259,#3260));
#9675=EDGE_LOOP('',(#3261,#3262,#3263,#3264,#3265,#3266,#3267,#3268,#3269,
#3270,#3271,#3272,#3273,#3274,#3275,#3276,#3277,#3278));
#9676=EDGE_LOOP('',(#3279,#3280,#3281,#3282));
#9677=EDGE_LOOP('',(#3283,#3284,#3285,#3286));
#9678=EDGE_LOOP('',(#3287,#3288,#3289,#3290));
#9679=EDGE_LOOP('',(#3291,#3292,#3293,#3294));
#9680=EDGE_LOOP('',(#3295,#3296,#3297,#3298));
#9681=EDGE_LOOP('',(#3299,#3300,#3301,#3302));
#9682=EDGE_LOOP('',(#3303,#3304,#3305,#3306));
#9683=EDGE_LOOP('',(#3307,#3308,#3309,#3310));
#9684=EDGE_LOOP('',(#3311,#3312,#3313,#3314));
#9685=EDGE_LOOP('',(#3315,#3316,#3317,#3318));
#9686=EDGE_LOOP('',(#3319,#3320,#3321,#3322));
#9687=EDGE_LOOP('',(#3323,#3324,#3325,#3326));
#9688=EDGE_LOOP('',(#3327,#3328,#3329,#3330));
#9689=EDGE_LOOP('',(#3331,#3332,#3333,#3334));
#9690=EDGE_LOOP('',(#3335,#3336,#3337,#3338));
#9691=EDGE_LOOP('',(#3339,#3340,#3341,#3342));
#9692=EDGE_LOOP('',(#3343,#3344,#3345,#3346));
#9693=EDGE_LOOP('',(#3347,#3348,#3349,#3350));
#9694=EDGE_LOOP('',(#3351,#3352,#3353,#3354));
#9695=EDGE_LOOP('',(#3355,#3356,#3357,#3358));
#9696=EDGE_LOOP('',(#3359,#3360,#3361,#3362));
#9697=EDGE_LOOP('',(#3363,#3364,#3365,#3366));
#9698=EDGE_LOOP('',(#3367,#3368,#3369,#3370));
#9699=EDGE_LOOP('',(#3371,#3372,#3373,#3374,#3375,#3376,#3377,#3378,#3379,
#3380,#3381,#3382,#3383,#3384,#3385,#3386,#3387,#3388));
#9700=EDGE_LOOP('',(#3389,#3390,#3391,#3392));
#9701=EDGE_LOOP('',(#3393,#3394,#3395,#3396));
#9702=EDGE_LOOP('',(#3397,#3398,#3399,#3400));
#9703=EDGE_LOOP('',(#3401,#3402,#3403,#3404));
#9704=EDGE_LOOP('',(#3405,#3406,#3407,#3408));
#9705=EDGE_LOOP('',(#3409,#3410,#3411,#3412));
#9706=EDGE_LOOP('',(#3413,#3414,#3415,#3416));
#9707=EDGE_LOOP('',(#3417,#3418,#3419,#3420));
#9708=EDGE_LOOP('',(#3421,#3422,#3423,#3424));
#9709=EDGE_LOOP('',(#3425,#3426,#3427,#3428));
#9710=EDGE_LOOP('',(#3429,#3430,#3431,#3432,#3433,#3434,#3435,#3436,#3437,
#3438));
#9711=EDGE_LOOP('',(#3439,#3440,#3441,#3442));
#9712=EDGE_LOOP('',(#3443,#3444,#3445,#3446));
#9713=EDGE_LOOP('',(#3447,#3448,#3449,#3450));
#9714=EDGE_LOOP('',(#3451,#3452,#3453,#3454));
#9715=EDGE_LOOP('',(#3455,#3456,#3457,#3458));
#9716=EDGE_LOOP('',(#3459,#3460,#3461,#3462));
#9717=EDGE_LOOP('',(#3463,#3464,#3465,#3466));
#9718=EDGE_LOOP('',(#3467,#3468,#3469,#3470));
#9719=EDGE_LOOP('',(#3471,#3472,#3473,#3474));
#9720=EDGE_LOOP('',(#3475,#3476,#3477,#3478));
#9721=EDGE_LOOP('',(#3479,#3480,#3481,#3482));
#9722=EDGE_LOOP('',(#3483,#3484,#3485,#3486));
#9723=EDGE_LOOP('',(#3487,#3488,#3489,#3490));
#9724=EDGE_LOOP('',(#3491,#3492,#3493,#3494));
#9725=EDGE_LOOP('',(#3495,#3496,#3497,#3498));
#9726=EDGE_LOOP('',(#3499,#3500,#3501,#3502));
#9727=EDGE_LOOP('',(#3503,#3504,#3505,#3506));
#9728=EDGE_LOOP('',(#3507,#3508,#3509,#3510));
#9729=EDGE_LOOP('',(#3511,#3512,#3513,#3514));
#9730=EDGE_LOOP('',(#3515,#3516,#3517,#3518));
#9731=EDGE_LOOP('',(#3519,#3520,#3521,#3522));
#9732=EDGE_LOOP('',(#3523,#3524,#3525,#3526));
#9733=EDGE_LOOP('',(#3527,#3528,#3529,#3530));
#9734=EDGE_LOOP('',(#3531,#3532,#3533,#3534,#3535,#3536,#3537,#3538,#3539,
#3540,#3541,#3542,#3543,#3544,#3545,#3546,#3547,#3548,#3549,#3550,#3551,
#3552,#3553));
#9735=EDGE_LOOP('',(#3554,#3555,#3556,#3557));
#9736=EDGE_LOOP('',(#3558,#3559,#3560,#3561));
#9737=EDGE_LOOP('',(#3562,#3563,#3564,#3565));
#9738=EDGE_LOOP('',(#3566,#3567,#3568,#3569));
#9739=EDGE_LOOP('',(#3570,#3571,#3572,#3573));
#9740=EDGE_LOOP('',(#3574,#3575,#3576,#3577));
#9741=EDGE_LOOP('',(#3578,#3579,#3580,#3581));
#9742=EDGE_LOOP('',(#3582,#3583,#3584,#3585));
#9743=EDGE_LOOP('',(#3586,#3587,#3588,#3589));
#9744=EDGE_LOOP('',(#3590,#3591,#3592,#3593));
#9745=EDGE_LOOP('',(#3594,#3595,#3596,#3597,#3598,#3599,#3600,#3601,#3602,
#3603));
#9746=EDGE_LOOP('',(#3604,#3605,#3606,#3607));
#9747=EDGE_LOOP('',(#3608,#3609,#3610,#3611));
#9748=EDGE_LOOP('',(#3612,#3613,#3614,#3615));
#9749=EDGE_LOOP('',(#3616,#3617,#3618,#3619));
#9750=EDGE_LOOP('',(#3620,#3621,#3622,#3623));
#9751=EDGE_LOOP('',(#3624,#3625,#3626,#3627));
#9752=EDGE_LOOP('',(#3628,#3629,#3630,#3631));
#9753=EDGE_LOOP('',(#3632,#3633,#3634,#3635));
#9754=EDGE_LOOP('',(#3636,#3637,#3638,#3639));
#9755=EDGE_LOOP('',(#3640,#3641,#3642,#3643));
#9756=EDGE_LOOP('',(#3644,#3645,#3646,#3647));
#9757=EDGE_LOOP('',(#3648,#3649,#3650,#3651));
#9758=EDGE_LOOP('',(#3652,#3653,#3654,#3655));
#9759=EDGE_LOOP('',(#3656,#3657,#3658,#3659));
#9760=EDGE_LOOP('',(#3660,#3661,#3662,#3663));
#9761=EDGE_LOOP('',(#3664,#3665,#3666,#3667));
#9762=EDGE_LOOP('',(#3668,#3669,#3670,#3671));
#9763=EDGE_LOOP('',(#3672,#3673,#3674,#3675));
#9764=EDGE_LOOP('',(#3676,#3677,#3678,#3679));
#9765=EDGE_LOOP('',(#3680,#3681,#3682,#3683));
#9766=EDGE_LOOP('',(#3684,#3685,#3686,#3687,#3688,#3689,#3690,#3691,#3692,
#3693,#3694,#3695,#3696,#3697,#3698,#3699,#3700,#3701,#3702,#3703));
#9767=EDGE_LOOP('',(#3704,#3705,#3706,#3707));
#9768=EDGE_LOOP('',(#3708,#3709,#3710,#3711));
#9769=EDGE_LOOP('',(#3712,#3713,#3714,#3715));
#9770=EDGE_LOOP('',(#3716,#3717,#3718,#3719));
#9771=EDGE_LOOP('',(#3720,#3721,#3722,#3723));
#9772=EDGE_LOOP('',(#3724,#3725,#3726,#3727));
#9773=EDGE_LOOP('',(#3728,#3729,#3730,#3731));
#9774=EDGE_LOOP('',(#3732,#3733,#3734,#3735));
#9775=EDGE_LOOP('',(#3736,#3737,#3738,#3739));
#9776=EDGE_LOOP('',(#3740,#3741,#3742,#3743));
#9777=EDGE_LOOP('',(#3744,#3745,#3746,#3747));
#9778=EDGE_LOOP('',(#3748,#3749,#3750,#3751));
#9779=EDGE_LOOP('',(#3752,#3753,#3754,#3755));
#9780=EDGE_LOOP('',(#3756,#3757,#3758,#3759));
#9781=EDGE_LOOP('',(#3760,#3761,#3762,#3763));
#9782=EDGE_LOOP('',(#3764,#3765,#3766,#3767));
#9783=EDGE_LOOP('',(#3768,#3769,#3770,#3771));
#9784=EDGE_LOOP('',(#3772,#3773,#3774,#3775));
#9785=EDGE_LOOP('',(#3776,#3777,#3778,#3779));
#9786=EDGE_LOOP('',(#3780,#3781,#3782,#3783));
#9787=EDGE_LOOP('',(#3784,#3785,#3786,#3787));
#9788=EDGE_LOOP('',(#3788,#3789,#3790,#3791));
#9789=EDGE_LOOP('',(#3792,#3793,#3794,#3795,#3796,#3797,#3798,#3799,#3800,
#3801,#3802,#3803,#3804,#3805,#3806,#3807,#3808,#3809,#3810,#3811,#3812,
#3813));
#9790=EDGE_LOOP('',(#3814,#3815,#3816,#3817,#3818,#3819,#3820,#3821,#3822,
#3823));
#9791=EDGE_LOOP('',(#3824,#3825,#3826,#3827,#3828,#3829,#3830));
#9792=EDGE_LOOP('',(#3831,#3832,#3833,#3834,#3835,#3836,#3837,#3838,#3839,
#3840));
#9793=EDGE_LOOP('',(#3841,#3842,#3843,#3844,#3845,#3846,#3847,#3848));
#9794=EDGE_LOOP('',(#3849,#3850,#3851,#3852,#3853,#3854,#3855,#3856,#3857,
#3858));
#9795=EDGE_LOOP('',(#3859,#3860,#3861,#3862,#3863,#3864,#3865,#3866,#3867,
#3868));
#9796=EDGE_LOOP('',(#3869,#3870,#3871,#3872,#3873,#3874,#3875,#3876,#3877,
#3878));
#9797=EDGE_LOOP('',(#3879,#3880,#3881,#3882,#3883,#3884,#3885,#3886,#3887,
#3888));
#9798=EDGE_LOOP('',(#3889,#3890,#3891,#3892));
#9799=EDGE_LOOP('',(#3893,#3894,#3895,#3896));
#9800=EDGE_LOOP('',(#3897,#3898,#3899,#3900));
#9801=EDGE_LOOP('',(#3901,#3902,#3903,#3904));
#9802=EDGE_LOOP('',(#3905,#3906,#3907,#3908,#3909,#3910,#3911));
#9803=EDGE_LOOP('',(#3912,#3913,#3914,#3915,#3916,#3917,#3918,#3919,#3920,
#3921));
#9804=EDGE_LOOP('',(#3922,#3923,#3924,#3925,#3926,#3927));
#9805=EDGE_LOOP('',(#3928,#3929,#3930,#3931));
#9806=EDGE_LOOP('',(#3932,#3933,#3934,#3935));
#9807=EDGE_LOOP('',(#3936,#3937,#3938,#3939));
#9808=EDGE_LOOP('',(#3940,#3941,#3942,#3943));
#9809=EDGE_LOOP('',(#3944,#3945,#3946,#3947));
#9810=FACE_BOUND('',#9137,.T.);
#9811=FACE_BOUND('',#9138,.T.);
#9812=FACE_BOUND('',#9139,.T.);
#9813=FACE_BOUND('',#9140,.T.);
#9814=FACE_BOUND('',#9141,.T.);
#9815=FACE_BOUND('',#9142,.T.);
#9816=FACE_BOUND('',#9143,.T.);
#9817=FACE_BOUND('',#9144,.T.);
#9818=FACE_BOUND('',#9145,.T.);
#9819=FACE_BOUND('',#9146,.T.);
#9820=FACE_BOUND('',#9147,.T.);
#9821=FACE_BOUND('',#9148,.T.);
#9822=FACE_BOUND('',#9149,.T.);
#9823=FACE_BOUND('',#9150,.T.);
#9824=FACE_BOUND('',#9151,.T.);
#9825=FACE_BOUND('',#9152,.T.);
#9826=FACE_BOUND('',#9153,.T.);
#9827=FACE_BOUND('',#9154,.T.);
#9828=FACE_BOUND('',#9155,.T.);
#9829=FACE_BOUND('',#9156,.T.);
#9830=FACE_BOUND('',#9157,.T.);
#9831=FACE_BOUND('',#9158,.T.);
#9832=FACE_BOUND('',#9159,.T.);
#9833=FACE_BOUND('',#9160,.T.);
#9834=FACE_BOUND('',#9161,.T.);
#9835=FACE_BOUND('',#9162,.T.);
#9836=FACE_BOUND('',#9163,.T.);
#9837=FACE_BOUND('',#9164,.T.);
#9838=FACE_BOUND('',#9165,.T.);
#9839=FACE_BOUND('',#9166,.T.);
#9840=FACE_BOUND('',#9167,.T.);
#9841=FACE_BOUND('',#9168,.T.);
#9842=FACE_BOUND('',#9169,.T.);
#9843=FACE_BOUND('',#9170,.T.);
#9844=FACE_BOUND('',#9171,.T.);
#9845=FACE_BOUND('',#9172,.T.);
#9846=FACE_BOUND('',#9173,.T.);
#9847=FACE_BOUND('',#9174,.T.);
#9848=FACE_BOUND('',#9175,.T.);
#9849=FACE_BOUND('',#9176,.T.);
#9850=FACE_BOUND('',#9177,.T.);
#9851=FACE_BOUND('',#9178,.T.);
#9852=FACE_BOUND('',#9179,.T.);
#9853=FACE_BOUND('',#9180,.T.);
#9854=FACE_BOUND('',#9181,.T.);
#9855=FACE_BOUND('',#9182,.T.);
#9856=FACE_BOUND('',#9183,.T.);
#9857=FACE_BOUND('',#9184,.T.);
#9858=FACE_BOUND('',#9185,.T.);
#9859=FACE_BOUND('',#9186,.T.);
#9860=FACE_BOUND('',#9187,.T.);
#9861=FACE_BOUND('',#9188,.T.);
#9862=FACE_BOUND('',#9189,.T.);
#9863=FACE_BOUND('',#9190,.T.);
#9864=FACE_BOUND('',#9191,.T.);
#9865=FACE_BOUND('',#9192,.T.);
#9866=FACE_BOUND('',#9193,.T.);
#9867=FACE_BOUND('',#9194,.T.);
#9868=FACE_BOUND('',#9195,.T.);
#9869=FACE_BOUND('',#9196,.T.);
#9870=FACE_BOUND('',#9197,.T.);
#9871=FACE_BOUND('',#9198,.T.);
#9872=FACE_BOUND('',#9199,.T.);
#9873=FACE_BOUND('',#9200,.T.);
#9874=FACE_BOUND('',#9201,.T.);
#9875=FACE_BOUND('',#9202,.T.);
#9876=FACE_BOUND('',#9203,.T.);
#9877=FACE_BOUND('',#9204,.T.);
#9878=FACE_BOUND('',#9205,.T.);
#9879=FACE_BOUND('',#9206,.T.);
#9880=FACE_BOUND('',#9207,.T.);
#9881=FACE_BOUND('',#9208,.T.);
#9882=FACE_BOUND('',#9209,.T.);
#9883=FACE_BOUND('',#9210,.T.);
#9884=FACE_BOUND('',#9211,.T.);
#9885=FACE_BOUND('',#9212,.T.);
#9886=FACE_BOUND('',#9213,.T.);
#9887=FACE_BOUND('',#9214,.T.);
#9888=FACE_BOUND('',#9215,.T.);
#9889=FACE_BOUND('',#9216,.T.);
#9890=FACE_BOUND('',#9217,.T.);
#9891=FACE_BOUND('',#9218,.T.);
#9892=FACE_BOUND('',#9219,.T.);
#9893=FACE_BOUND('',#9220,.T.);
#9894=FACE_BOUND('',#9221,.T.);
#9895=FACE_BOUND('',#9222,.T.);
#9896=FACE_BOUND('',#9223,.T.);
#9897=FACE_BOUND('',#9224,.T.);
#9898=FACE_BOUND('',#9225,.T.);
#9899=FACE_BOUND('',#9226,.T.);
#9900=FACE_BOUND('',#9227,.T.);
#9901=FACE_BOUND('',#9228,.T.);
#9902=FACE_BOUND('',#9229,.T.);
#9903=FACE_BOUND('',#9230,.T.);
#9904=FACE_BOUND('',#9231,.T.);
#9905=FACE_BOUND('',#9232,.T.);
#9906=FACE_BOUND('',#9233,.T.);
#9907=FACE_BOUND('',#9234,.T.);
#9908=FACE_BOUND('',#9235,.T.);
#9909=FACE_BOUND('',#9236,.T.);
#9910=FACE_BOUND('',#9237,.T.);
#9911=FACE_BOUND('',#9238,.T.);
#9912=FACE_BOUND('',#9239,.T.);
#9913=FACE_BOUND('',#9240,.T.);
#9914=FACE_BOUND('',#9241,.T.);
#9915=FACE_BOUND('',#9242,.T.);
#9916=FACE_BOUND('',#9243,.T.);
#9917=FACE_BOUND('',#9244,.T.);
#9918=FACE_BOUND('',#9245,.T.);
#9919=FACE_BOUND('',#9246,.T.);
#9920=FACE_BOUND('',#9247,.T.);
#9921=FACE_BOUND('',#9248,.T.);
#9922=FACE_BOUND('',#9249,.T.);
#9923=FACE_BOUND('',#9250,.T.);
#9924=FACE_BOUND('',#9251,.T.);
#9925=FACE_BOUND('',#9252,.T.);
#9926=FACE_BOUND('',#9253,.T.);
#9927=FACE_BOUND('',#9254,.T.);
#9928=FACE_BOUND('',#9255,.T.);
#9929=FACE_BOUND('',#9256,.T.);
#9930=FACE_BOUND('',#9257,.T.);
#9931=FACE_BOUND('',#9258,.T.);
#9932=FACE_BOUND('',#9259,.T.);
#9933=FACE_BOUND('',#9260,.T.);
#9934=FACE_BOUND('',#9261,.T.);
#9935=FACE_BOUND('',#9262,.T.);
#9936=FACE_BOUND('',#9263,.T.);
#9937=FACE_BOUND('',#9264,.T.);
#9938=FACE_BOUND('',#9265,.T.);
#9939=FACE_BOUND('',#9266,.T.);
#9940=FACE_BOUND('',#9267,.T.);
#9941=FACE_BOUND('',#9268,.T.);
#9942=FACE_BOUND('',#9269,.T.);
#9943=FACE_BOUND('',#9270,.T.);
#9944=FACE_BOUND('',#9271,.T.);
#9945=FACE_BOUND('',#9272,.T.);
#9946=FACE_BOUND('',#9273,.T.);
#9947=FACE_BOUND('',#9274,.T.);
#9948=FACE_BOUND('',#9275,.T.);
#9949=FACE_BOUND('',#9276,.T.);
#9950=FACE_BOUND('',#9277,.T.);
#9951=FACE_BOUND('',#9278,.T.);
#9952=FACE_BOUND('',#9279,.T.);
#9953=FACE_BOUND('',#9280,.T.);
#9954=FACE_BOUND('',#9281,.T.);
#9955=FACE_BOUND('',#9282,.T.);
#9956=FACE_BOUND('',#9283,.T.);
#9957=FACE_BOUND('',#9284,.T.);
#9958=FACE_BOUND('',#9285,.T.);
#9959=FACE_BOUND('',#9286,.T.);
#9960=FACE_BOUND('',#9287,.T.);
#9961=FACE_BOUND('',#9288,.T.);
#9962=FACE_BOUND('',#9289,.T.);
#9963=FACE_BOUND('',#9290,.T.);
#9964=FACE_BOUND('',#9291,.T.);
#9965=FACE_BOUND('',#9292,.T.);
#9966=FACE_BOUND('',#9293,.T.);
#9967=FACE_BOUND('',#9294,.T.);
#9968=FACE_BOUND('',#9295,.T.);
#9969=FACE_BOUND('',#9296,.T.);
#9970=FACE_BOUND('',#9297,.T.);
#9971=FACE_BOUND('',#9298,.T.);
#9972=FACE_BOUND('',#9299,.T.);
#9973=FACE_BOUND('',#9300,.T.);
#9974=FACE_BOUND('',#9301,.T.);
#9975=FACE_BOUND('',#9302,.T.);
#9976=FACE_BOUND('',#9303,.T.);
#9977=FACE_BOUND('',#9304,.T.);
#9978=FACE_BOUND('',#9305,.T.);
#9979=FACE_BOUND('',#9306,.T.);
#9980=FACE_BOUND('',#9307,.T.);
#9981=FACE_BOUND('',#9308,.T.);
#9982=FACE_BOUND('',#9309,.T.);
#9983=FACE_BOUND('',#9310,.T.);
#9984=FACE_BOUND('',#9311,.T.);
#9985=FACE_BOUND('',#9312,.T.);
#9986=FACE_BOUND('',#9313,.T.);
#9987=FACE_BOUND('',#9314,.T.);
#9988=FACE_BOUND('',#9315,.T.);
#9989=FACE_BOUND('',#9316,.T.);
#9990=FACE_BOUND('',#9317,.T.);
#9991=FACE_BOUND('',#9318,.T.);
#9992=FACE_BOUND('',#9319,.T.);
#9993=FACE_BOUND('',#9320,.T.);
#9994=FACE_BOUND('',#9321,.T.);
#9995=FACE_BOUND('',#9322,.T.);
#9996=FACE_BOUND('',#9323,.T.);
#9997=FACE_BOUND('',#9324,.T.);
#9998=FACE_BOUND('',#9325,.T.);
#9999=FACE_BOUND('',#9326,.T.);
#10000=FACE_BOUND('',#9327,.T.);
#10001=FACE_BOUND('',#9328,.T.);
#10002=FACE_BOUND('',#9329,.T.);
#10003=FACE_BOUND('',#9330,.T.);
#10004=FACE_BOUND('',#9331,.T.);
#10005=FACE_BOUND('',#9332,.T.);
#10006=FACE_BOUND('',#9333,.T.);
#10007=FACE_BOUND('',#9334,.T.);
#10008=FACE_BOUND('',#9335,.T.);
#10009=FACE_BOUND('',#9336,.T.);
#10010=FACE_BOUND('',#9337,.T.);
#10011=FACE_BOUND('',#9338,.T.);
#10012=FACE_BOUND('',#9339,.T.);
#10013=FACE_BOUND('',#9340,.T.);
#10014=FACE_BOUND('',#9341,.T.);
#10015=FACE_BOUND('',#9342,.T.);
#10016=FACE_BOUND('',#9343,.T.);
#10017=FACE_BOUND('',#9344,.T.);
#10018=FACE_BOUND('',#9345,.T.);
#10019=FACE_BOUND('',#9346,.T.);
#10020=FACE_BOUND('',#9347,.T.);
#10021=FACE_BOUND('',#9348,.T.);
#10022=FACE_BOUND('',#9349,.T.);
#10023=FACE_BOUND('',#9350,.T.);
#10024=FACE_BOUND('',#9351,.T.);
#10025=FACE_BOUND('',#9352,.T.);
#10026=FACE_BOUND('',#9353,.T.);
#10027=FACE_BOUND('',#9354,.T.);
#10028=FACE_BOUND('',#9355,.T.);
#10029=FACE_BOUND('',#9356,.T.);
#10030=FACE_BOUND('',#9357,.T.);
#10031=FACE_BOUND('',#9358,.T.);
#10032=FACE_BOUND('',#9359,.T.);
#10033=FACE_BOUND('',#9360,.T.);
#10034=FACE_BOUND('',#9361,.T.);
#10035=FACE_BOUND('',#9362,.T.);
#10036=FACE_BOUND('',#9363,.T.);
#10037=FACE_BOUND('',#9364,.T.);
#10038=FACE_BOUND('',#9365,.T.);
#10039=FACE_BOUND('',#9366,.T.);
#10040=FACE_BOUND('',#9367,.T.);
#10041=FACE_BOUND('',#9368,.T.);
#10042=FACE_BOUND('',#9369,.T.);
#10043=FACE_BOUND('',#9370,.T.);
#10044=FACE_BOUND('',#9371,.T.);
#10045=FACE_BOUND('',#9372,.T.);
#10046=FACE_BOUND('',#9373,.T.);
#10047=FACE_BOUND('',#9374,.T.);
#10048=FACE_BOUND('',#9375,.T.);
#10049=FACE_BOUND('',#9376,.T.);
#10050=FACE_BOUND('',#9377,.T.);
#10051=FACE_BOUND('',#9378,.T.);
#10052=FACE_BOUND('',#9379,.T.);
#10053=FACE_BOUND('',#9380,.T.);
#10054=FACE_BOUND('',#9381,.T.);
#10055=FACE_BOUND('',#9382,.T.);
#10056=FACE_BOUND('',#9383,.T.);
#10057=FACE_BOUND('',#9384,.T.);
#10058=FACE_BOUND('',#9385,.T.);
#10059=FACE_BOUND('',#9386,.T.);
#10060=FACE_BOUND('',#9387,.T.);
#10061=FACE_BOUND('',#9388,.T.);
#10062=FACE_BOUND('',#9389,.T.);
#10063=FACE_BOUND('',#9390,.T.);
#10064=FACE_BOUND('',#9391,.T.);
#10065=FACE_BOUND('',#9392,.T.);
#10066=FACE_BOUND('',#9393,.T.);
#10067=FACE_BOUND('',#9394,.T.);
#10068=FACE_BOUND('',#9395,.T.);
#10069=FACE_BOUND('',#9396,.T.);
#10070=FACE_BOUND('',#9397,.T.);
#10071=FACE_BOUND('',#9398,.T.);
#10072=FACE_BOUND('',#9399,.T.);
#10073=FACE_BOUND('',#9400,.T.);
#10074=FACE_BOUND('',#9401,.T.);
#10075=FACE_BOUND('',#9402,.T.);
#10076=FACE_BOUND('',#9403,.T.);
#10077=FACE_BOUND('',#9404,.T.);
#10078=FACE_BOUND('',#9405,.T.);
#10079=FACE_BOUND('',#9406,.T.);
#10080=FACE_BOUND('',#9407,.T.);
#10081=FACE_BOUND('',#9408,.T.);
#10082=FACE_BOUND('',#9409,.T.);
#10083=FACE_BOUND('',#9410,.T.);
#10084=FACE_BOUND('',#9411,.T.);
#10085=FACE_BOUND('',#9412,.T.);
#10086=FACE_BOUND('',#9413,.T.);
#10087=FACE_BOUND('',#9414,.T.);
#10088=FACE_BOUND('',#9415,.T.);
#10089=FACE_BOUND('',#9416,.T.);
#10090=FACE_BOUND('',#9417,.T.);
#10091=FACE_BOUND('',#9418,.T.);
#10092=FACE_BOUND('',#9419,.T.);
#10093=FACE_BOUND('',#9420,.T.);
#10094=FACE_BOUND('',#9421,.T.);
#10095=FACE_BOUND('',#9422,.T.);
#10096=FACE_BOUND('',#9423,.T.);
#10097=FACE_BOUND('',#9424,.T.);
#10098=FACE_BOUND('',#9425,.T.);
#10099=FACE_BOUND('',#9426,.T.);
#10100=FACE_BOUND('',#9427,.T.);
#10101=FACE_BOUND('',#9428,.T.);
#10102=FACE_BOUND('',#9429,.T.);
#10103=FACE_BOUND('',#9430,.T.);
#10104=FACE_BOUND('',#9431,.T.);
#10105=FACE_BOUND('',#9432,.T.);
#10106=FACE_BOUND('',#9433,.T.);
#10107=FACE_BOUND('',#9434,.T.);
#10108=FACE_BOUND('',#9435,.T.);
#10109=FACE_BOUND('',#9436,.T.);
#10110=FACE_BOUND('',#9437,.T.);
#10111=FACE_BOUND('',#9438,.T.);
#10112=FACE_BOUND('',#9439,.T.);
#10113=FACE_BOUND('',#9440,.T.);
#10114=FACE_BOUND('',#9441,.T.);
#10115=FACE_BOUND('',#9442,.T.);
#10116=FACE_BOUND('',#9443,.T.);
#10117=FACE_BOUND('',#9444,.T.);
#10118=FACE_BOUND('',#9445,.T.);
#10119=FACE_BOUND('',#9446,.T.);
#10120=FACE_BOUND('',#9447,.T.);
#10121=FACE_BOUND('',#9448,.T.);
#10122=FACE_BOUND('',#9449,.T.);
#10123=FACE_BOUND('',#9450,.T.);
#10124=FACE_BOUND('',#9451,.T.);
#10125=FACE_BOUND('',#9452,.T.);
#10126=FACE_BOUND('',#9453,.T.);
#10127=FACE_BOUND('',#9454,.T.);
#10128=FACE_BOUND('',#9455,.T.);
#10129=FACE_BOUND('',#9456,.T.);
#10130=FACE_BOUND('',#9457,.T.);
#10131=FACE_BOUND('',#9458,.T.);
#10132=FACE_BOUND('',#9459,.T.);
#10133=FACE_BOUND('',#9460,.T.);
#10134=FACE_BOUND('',#9461,.T.);
#10135=FACE_BOUND('',#9462,.T.);
#10136=FACE_BOUND('',#9463,.T.);
#10137=FACE_BOUND('',#9464,.T.);
#10138=FACE_BOUND('',#9465,.T.);
#10139=FACE_BOUND('',#9466,.T.);
#10140=FACE_BOUND('',#9467,.T.);
#10141=FACE_BOUND('',#9468,.T.);
#10142=FACE_BOUND('',#9469,.T.);
#10143=FACE_BOUND('',#9470,.T.);
#10144=FACE_BOUND('',#9471,.T.);
#10145=FACE_BOUND('',#9472,.T.);
#10146=FACE_BOUND('',#9473,.T.);
#10147=FACE_BOUND('',#9474,.T.);
#10148=FACE_BOUND('',#9475,.T.);
#10149=FACE_BOUND('',#9476,.T.);
#10150=FACE_BOUND('',#9477,.T.);
#10151=FACE_BOUND('',#9478,.T.);
#10152=FACE_BOUND('',#9479,.T.);
#10153=FACE_BOUND('',#9480,.T.);
#10154=FACE_BOUND('',#9481,.T.);
#10155=FACE_BOUND('',#9482,.T.);
#10156=FACE_BOUND('',#9483,.T.);
#10157=FACE_BOUND('',#9484,.T.);
#10158=FACE_BOUND('',#9485,.T.);
#10159=FACE_BOUND('',#9486,.T.);
#10160=FACE_BOUND('',#9487,.T.);
#10161=FACE_BOUND('',#9488,.T.);
#10162=FACE_BOUND('',#9489,.T.);
#10163=FACE_BOUND('',#9490,.T.);
#10164=FACE_BOUND('',#9491,.T.);
#10165=FACE_BOUND('',#9492,.T.);
#10166=FACE_BOUND('',#9493,.T.);
#10167=FACE_BOUND('',#9494,.T.);
#10168=FACE_BOUND('',#9495,.T.);
#10169=FACE_BOUND('',#9496,.T.);
#10170=FACE_BOUND('',#9497,.T.);
#10171=FACE_BOUND('',#9498,.T.);
#10172=FACE_BOUND('',#9499,.T.);
#10173=FACE_BOUND('',#9500,.T.);
#10174=FACE_BOUND('',#9501,.T.);
#10175=FACE_BOUND('',#9502,.T.);
#10176=FACE_BOUND('',#9503,.T.);
#10177=FACE_BOUND('',#9504,.T.);
#10178=FACE_BOUND('',#9505,.T.);
#10179=FACE_BOUND('',#9506,.T.);
#10180=FACE_BOUND('',#9507,.T.);
#10181=FACE_BOUND('',#9508,.T.);
#10182=FACE_BOUND('',#9509,.T.);
#10183=FACE_BOUND('',#9510,.T.);
#10184=FACE_BOUND('',#9511,.T.);
#10185=FACE_BOUND('',#9512,.T.);
#10186=FACE_BOUND('',#9513,.T.);
#10187=FACE_BOUND('',#9514,.T.);
#10188=FACE_BOUND('',#9515,.T.);
#10189=FACE_BOUND('',#9516,.T.);
#10190=FACE_BOUND('',#9517,.T.);
#10191=FACE_BOUND('',#9518,.T.);
#10192=FACE_BOUND('',#9519,.T.);
#10193=FACE_BOUND('',#9520,.T.);
#10194=FACE_BOUND('',#9521,.T.);
#10195=FACE_BOUND('',#9522,.T.);
#10196=FACE_BOUND('',#9523,.T.);
#10197=FACE_BOUND('',#9524,.T.);
#10198=FACE_BOUND('',#9525,.T.);
#10199=FACE_BOUND('',#9526,.T.);
#10200=FACE_BOUND('',#9527,.T.);
#10201=FACE_BOUND('',#9528,.T.);
#10202=FACE_BOUND('',#9529,.T.);
#10203=FACE_BOUND('',#9530,.T.);
#10204=FACE_BOUND('',#9531,.T.);
#10205=FACE_BOUND('',#9532,.T.);
#10206=FACE_BOUND('',#9533,.T.);
#10207=FACE_BOUND('',#9534,.T.);
#10208=FACE_BOUND('',#9535,.T.);
#10209=FACE_BOUND('',#9536,.T.);
#10210=FACE_BOUND('',#9537,.T.);
#10211=FACE_BOUND('',#9538,.T.);
#10212=FACE_BOUND('',#9539,.T.);
#10213=FACE_BOUND('',#9540,.T.);
#10214=FACE_BOUND('',#9541,.T.);
#10215=FACE_BOUND('',#9542,.T.);
#10216=FACE_BOUND('',#9543,.T.);
#10217=FACE_BOUND('',#9544,.T.);
#10218=FACE_BOUND('',#9545,.T.);
#10219=FACE_BOUND('',#9546,.T.);
#10220=FACE_BOUND('',#9547,.T.);
#10221=FACE_BOUND('',#9548,.T.);
#10222=FACE_BOUND('',#9549,.T.);
#10223=FACE_BOUND('',#9550,.T.);
#10224=FACE_BOUND('',#9551,.T.);
#10225=FACE_BOUND('',#9552,.T.);
#10226=FACE_BOUND('',#9553,.T.);
#10227=FACE_BOUND('',#9554,.T.);
#10228=FACE_BOUND('',#9555,.T.);
#10229=FACE_BOUND('',#9556,.T.);
#10230=FACE_BOUND('',#9557,.T.);
#10231=FACE_BOUND('',#9558,.T.);
#10232=FACE_BOUND('',#9559,.T.);
#10233=FACE_BOUND('',#9560,.T.);
#10234=FACE_BOUND('',#9561,.T.);
#10235=FACE_BOUND('',#9562,.T.);
#10236=FACE_BOUND('',#9563,.T.);
#10237=FACE_BOUND('',#9564,.T.);
#10238=FACE_BOUND('',#9565,.T.);
#10239=FACE_BOUND('',#9566,.T.);
#10240=FACE_BOUND('',#9567,.T.);
#10241=FACE_BOUND('',#9568,.T.);
#10242=FACE_BOUND('',#9569,.T.);
#10243=FACE_BOUND('',#9570,.T.);
#10244=FACE_BOUND('',#9571,.T.);
#10245=FACE_BOUND('',#9572,.T.);
#10246=FACE_BOUND('',#9573,.T.);
#10247=FACE_BOUND('',#9574,.T.);
#10248=FACE_BOUND('',#9575,.T.);
#10249=FACE_BOUND('',#9576,.T.);
#10250=FACE_BOUND('',#9577,.T.);
#10251=FACE_BOUND('',#9578,.T.);
#10252=FACE_BOUND('',#9579,.T.);
#10253=FACE_BOUND('',#9580,.T.);
#10254=FACE_BOUND('',#9581,.T.);
#10255=FACE_BOUND('',#9582,.T.);
#10256=FACE_BOUND('',#9583,.T.);
#10257=FACE_BOUND('',#9584,.T.);
#10258=FACE_BOUND('',#9585,.T.);
#10259=FACE_BOUND('',#9586,.T.);
#10260=FACE_BOUND('',#9587,.T.);
#10261=FACE_BOUND('',#9588,.T.);
#10262=FACE_BOUND('',#9589,.T.);
#10263=FACE_BOUND('',#9590,.T.);
#10264=FACE_BOUND('',#9591,.T.);
#10265=FACE_BOUND('',#9592,.T.);
#10266=FACE_BOUND('',#9593,.T.);
#10267=FACE_BOUND('',#9594,.T.);
#10268=FACE_BOUND('',#9595,.T.);
#10269=FACE_BOUND('',#9596,.T.);
#10270=FACE_BOUND('',#9597,.T.);
#10271=FACE_BOUND('',#9598,.T.);
#10272=FACE_BOUND('',#9599,.T.);
#10273=FACE_BOUND('',#9600,.T.);
#10274=FACE_BOUND('',#9601,.T.);
#10275=FACE_BOUND('',#9602,.T.);
#10276=FACE_BOUND('',#9603,.T.);
#10277=FACE_BOUND('',#9604,.T.);
#10278=FACE_BOUND('',#9605,.T.);
#10279=FACE_BOUND('',#9606,.T.);
#10280=FACE_BOUND('',#9607,.T.);
#10281=FACE_BOUND('',#9608,.T.);
#10282=FACE_BOUND('',#9609,.T.);
#10283=FACE_BOUND('',#9610,.T.);
#10284=FACE_BOUND('',#9611,.T.);
#10285=FACE_BOUND('',#9612,.T.);
#10286=FACE_BOUND('',#9613,.T.);
#10287=FACE_BOUND('',#9614,.T.);
#10288=FACE_BOUND('',#9615,.T.);
#10289=FACE_BOUND('',#9616,.T.);
#10290=FACE_BOUND('',#9617,.T.);
#10291=FACE_BOUND('',#9618,.T.);
#10292=FACE_BOUND('',#9619,.T.);
#10293=FACE_BOUND('',#9620,.T.);
#10294=FACE_BOUND('',#9621,.T.);
#10295=FACE_BOUND('',#9622,.T.);
#10296=FACE_BOUND('',#9623,.T.);
#10297=FACE_BOUND('',#9624,.T.);
#10298=FACE_BOUND('',#9625,.T.);
#10299=FACE_BOUND('',#9626,.T.);
#10300=FACE_BOUND('',#9627,.T.);
#10301=FACE_BOUND('',#9628,.T.);
#10302=FACE_BOUND('',#9629,.T.);
#10303=FACE_BOUND('',#9630,.T.);
#10304=FACE_BOUND('',#9631,.T.);
#10305=FACE_BOUND('',#9632,.T.);
#10306=FACE_BOUND('',#9633,.T.);
#10307=FACE_BOUND('',#9634,.T.);
#10308=FACE_BOUND('',#9635,.T.);
#10309=FACE_BOUND('',#9636,.T.);
#10310=FACE_BOUND('',#9637,.T.);
#10311=FACE_BOUND('',#9638,.T.);
#10312=FACE_BOUND('',#9639,.T.);
#10313=FACE_BOUND('',#9640,.T.);
#10314=FACE_BOUND('',#9641,.T.);
#10315=FACE_BOUND('',#9642,.T.);
#10316=FACE_BOUND('',#9643,.T.);
#10317=FACE_BOUND('',#9644,.T.);
#10318=FACE_BOUND('',#9645,.T.);
#10319=FACE_BOUND('',#9646,.T.);
#10320=FACE_BOUND('',#9647,.T.);
#10321=FACE_BOUND('',#9648,.T.);
#10322=FACE_BOUND('',#9649,.T.);
#10323=FACE_BOUND('',#9650,.T.);
#10324=FACE_BOUND('',#9651,.T.);
#10325=FACE_BOUND('',#9652,.T.);
#10326=FACE_BOUND('',#9653,.T.);
#10327=FACE_BOUND('',#9654,.T.);
#10328=FACE_BOUND('',#9655,.T.);
#10329=FACE_BOUND('',#9656,.T.);
#10330=FACE_BOUND('',#9657,.T.);
#10331=FACE_BOUND('',#9658,.T.);
#10332=FACE_BOUND('',#9659,.T.);
#10333=FACE_BOUND('',#9660,.T.);
#10334=FACE_BOUND('',#9661,.T.);
#10335=FACE_BOUND('',#9662,.T.);
#10336=FACE_BOUND('',#9663,.T.);
#10337=FACE_BOUND('',#9664,.T.);
#10338=FACE_BOUND('',#9665,.T.);
#10339=FACE_BOUND('',#9666,.T.);
#10340=FACE_BOUND('',#9667,.T.);
#10341=FACE_BOUND('',#9668,.T.);
#10342=FACE_BOUND('',#9669,.T.);
#10343=FACE_BOUND('',#9670,.T.);
#10344=FACE_BOUND('',#9671,.T.);
#10345=FACE_BOUND('',#9672,.T.);
#10346=FACE_BOUND('',#9673,.T.);
#10347=FACE_BOUND('',#9674,.T.);
#10348=FACE_BOUND('',#9675,.T.);
#10349=FACE_BOUND('',#9676,.T.);
#10350=FACE_BOUND('',#9677,.T.);
#10351=FACE_BOUND('',#9678,.T.);
#10352=FACE_BOUND('',#9679,.T.);
#10353=FACE_BOUND('',#9680,.T.);
#10354=FACE_BOUND('',#9681,.T.);
#10355=FACE_BOUND('',#9682,.T.);
#10356=FACE_BOUND('',#9683,.T.);
#10357=FACE_BOUND('',#9684,.T.);
#10358=FACE_BOUND('',#9685,.T.);
#10359=FACE_BOUND('',#9686,.T.);
#10360=FACE_BOUND('',#9687,.T.);
#10361=FACE_BOUND('',#9688,.T.);
#10362=FACE_BOUND('',#9689,.T.);
#10363=FACE_BOUND('',#9690,.T.);
#10364=FACE_BOUND('',#9691,.T.);
#10365=FACE_BOUND('',#9692,.T.);
#10366=FACE_BOUND('',#9693,.T.);
#10367=FACE_BOUND('',#9694,.T.);
#10368=FACE_BOUND('',#9695,.T.);
#10369=FACE_BOUND('',#9696,.T.);
#10370=FACE_BOUND('',#9697,.T.);
#10371=FACE_BOUND('',#9698,.T.);
#10372=FACE_BOUND('',#9699,.T.);
#10373=FACE_BOUND('',#9700,.T.);
#10374=FACE_BOUND('',#9701,.T.);
#10375=FACE_BOUND('',#9702,.T.);
#10376=FACE_BOUND('',#9703,.T.);
#10377=FACE_BOUND('',#9704,.T.);
#10378=FACE_BOUND('',#9705,.T.);
#10379=FACE_BOUND('',#9706,.T.);
#10380=FACE_BOUND('',#9707,.T.);
#10381=FACE_BOUND('',#9708,.T.);
#10382=FACE_BOUND('',#9709,.T.);
#10383=FACE_BOUND('',#9710,.T.);
#10384=FACE_BOUND('',#9711,.T.);
#10385=FACE_BOUND('',#9712,.T.);
#10386=FACE_BOUND('',#9713,.T.);
#10387=FACE_BOUND('',#9714,.T.);
#10388=FACE_BOUND('',#9715,.T.);
#10389=FACE_BOUND('',#9716,.T.);
#10390=FACE_BOUND('',#9717,.T.);
#10391=FACE_BOUND('',#9718,.T.);
#10392=FACE_BOUND('',#9719,.T.);
#10393=FACE_BOUND('',#9720,.T.);
#10394=FACE_BOUND('',#9721,.T.);
#10395=FACE_BOUND('',#9722,.T.);
#10396=FACE_BOUND('',#9723,.T.);
#10397=FACE_BOUND('',#9724,.T.);
#10398=FACE_BOUND('',#9725,.T.);
#10399=FACE_BOUND('',#9726,.T.);
#10400=FACE_BOUND('',#9727,.T.);
#10401=FACE_BOUND('',#9728,.T.);
#10402=FACE_BOUND('',#9729,.T.);
#10403=FACE_BOUND('',#9730,.T.);
#10404=FACE_BOUND('',#9731,.T.);
#10405=FACE_BOUND('',#9732,.T.);
#10406=FACE_BOUND('',#9733,.T.);
#10407=FACE_BOUND('',#9734,.T.);
#10408=FACE_BOUND('',#9735,.T.);
#10409=FACE_BOUND('',#9736,.T.);
#10410=FACE_BOUND('',#9737,.T.);
#10411=FACE_BOUND('',#9738,.T.);
#10412=FACE_BOUND('',#9739,.T.);
#10413=FACE_BOUND('',#9740,.T.);
#10414=FACE_BOUND('',#9741,.T.);
#10415=FACE_BOUND('',#9742,.T.);
#10416=FACE_BOUND('',#9743,.T.);
#10417=FACE_BOUND('',#9744,.T.);
#10418=FACE_BOUND('',#9745,.T.);
#10419=FACE_BOUND('',#9746,.T.);
#10420=FACE_BOUND('',#9747,.T.);
#10421=FACE_BOUND('',#9748,.T.);
#10422=FACE_BOUND('',#9749,.T.);
#10423=FACE_BOUND('',#9750,.T.);
#10424=FACE_BOUND('',#9751,.T.);
#10425=FACE_BOUND('',#9752,.T.);
#10426=FACE_BOUND('',#9753,.T.);
#10427=FACE_BOUND('',#9754,.T.);
#10428=FACE_BOUND('',#9755,.T.);
#10429=FACE_BOUND('',#9756,.T.);
#10430=FACE_BOUND('',#9757,.T.);
#10431=FACE_BOUND('',#9758,.T.);
#10432=FACE_BOUND('',#9759,.T.);
#10433=FACE_BOUND('',#9760,.T.);
#10434=FACE_BOUND('',#9761,.T.);
#10435=FACE_BOUND('',#9762,.T.);
#10436=FACE_BOUND('',#9763,.T.);
#10437=FACE_BOUND('',#9764,.T.);
#10438=FACE_BOUND('',#9765,.T.);
#10439=FACE_BOUND('',#9766,.T.);
#10440=FACE_BOUND('',#9767,.T.);
#10441=FACE_BOUND('',#9768,.T.);
#10442=FACE_BOUND('',#9769,.T.);
#10443=FACE_BOUND('',#9770,.T.);
#10444=FACE_BOUND('',#9771,.T.);
#10445=FACE_BOUND('',#9772,.T.);
#10446=FACE_BOUND('',#9773,.T.);
#10447=FACE_BOUND('',#9774,.T.);
#10448=FACE_BOUND('',#9775,.T.);
#10449=FACE_BOUND('',#9776,.T.);
#10450=FACE_BOUND('',#9777,.T.);
#10451=FACE_BOUND('',#9778,.T.);
#10452=FACE_BOUND('',#9779,.T.);
#10453=FACE_BOUND('',#9780,.T.);
#10454=FACE_BOUND('',#9781,.T.);
#10455=FACE_BOUND('',#9782,.T.);
#10456=FACE_BOUND('',#9783,.T.);
#10457=FACE_BOUND('',#9784,.T.);
#10458=FACE_BOUND('',#9785,.T.);
#10459=FACE_BOUND('',#9786,.T.);
#10460=FACE_BOUND('',#9787,.T.);
#10461=FACE_BOUND('',#9788,.T.);
#10462=FACE_BOUND('',#9789,.T.);
#10463=FACE_BOUND('',#9790,.T.);
#10464=FACE_BOUND('',#9791,.T.);
#10465=FACE_BOUND('',#9792,.T.);
#10466=FACE_BOUND('',#9793,.T.);
#10467=FACE_BOUND('',#9794,.T.);
#10468=FACE_BOUND('',#9795,.T.);
#10469=FACE_BOUND('',#9796,.T.);
#10470=FACE_BOUND('',#9797,.T.);
#10471=FACE_BOUND('',#9798,.T.);
#10472=FACE_BOUND('',#9799,.T.);
#10473=FACE_BOUND('',#9800,.T.);
#10474=FACE_BOUND('',#9801,.T.);
#10475=FACE_BOUND('',#9802,.T.);
#10476=FACE_BOUND('',#9803,.T.);
#10477=FACE_BOUND('',#9804,.T.);
#10478=FACE_BOUND('',#9805,.T.);
#10479=FACE_BOUND('',#9806,.T.);
#10480=FACE_BOUND('',#9807,.T.);
#10481=FACE_BOUND('',#9808,.T.);
#10482=FACE_BOUND('',#9809,.T.);
#10483=PLANE('',#11471);
#10484=PLANE('',#11530);
#10485=PLANE('',#11531);
#10486=PLANE('',#11532);
#10487=PLANE('',#11533);
#10488=PLANE('',#11534);
#10489=PLANE('',#11556);
#10490=PLANE('',#11557);
#10491=PLANE('',#11558);
#10492=PLANE('',#11559);
#10493=PLANE('',#11560);
#10494=PLANE('',#11561);
#10495=PLANE('',#11562);
#10496=PLANE('',#11563);
#10497=PLANE('',#11586);
#10498=PLANE('',#11587);
#10499=PLANE('',#11588);
#10500=PLANE('',#11589);
#10501=PLANE('',#11590);
#10502=PLANE('',#11591);
#10503=PLANE('',#11592);
#10504=PLANE('',#11593);
#10505=PLANE('',#11594);
#10506=PLANE('',#11595);
#10507=PLANE('',#11596);
#10508=PLANE('',#11597);
#10509=PLANE('',#11598);
#10510=PLANE('',#11599);
#10511=PLANE('',#11600);
#10512=PLANE('',#11601);
#10513=PLANE('',#11602);
#10514=PLANE('',#11603);
#10515=PLANE('',#11604);
#10516=PLANE('',#11605);
#10517=PLANE('',#11606);
#10518=PLANE('',#11607);
#10519=PLANE('',#11608);
#10520=PLANE('',#11609);
#10521=PLANE('',#11610);
#10522=PLANE('',#11611);
#10523=PLANE('',#11612);
#10524=PLANE('',#11613);
#10525=PLANE('',#11614);
#10526=PLANE('',#11615);
#10527=PLANE('',#11616);
#10528=PLANE('',#11617);
#10529=PLANE('',#11618);
#10530=PLANE('',#11619);
#10531=PLANE('',#11620);
#10532=PLANE('',#11621);
#10533=PLANE('',#11622);
#10534=PLANE('',#11623);
#10535=PLANE('',#11624);
#10536=PLANE('',#11625);
#10537=PLANE('',#11626);
#10538=PLANE('',#11627);
#10539=PLANE('',#11628);
#10540=PLANE('',#11629);
#10541=PLANE('',#11630);
#10542=PLANE('',#11631);
#10543=PLANE('',#11632);
#10544=PLANE('',#11633);
#10545=PLANE('',#11634);
#10546=PLANE('',#11635);
#10547=PLANE('',#11636);
#10548=PLANE('',#11639);
#10549=PLANE('',#11640);
#10550=PLANE('',#11641);
#10551=PLANE('',#11642);
#10552=PLANE('',#11643);
#10553=PLANE('',#11644);
#10554=PLANE('',#11645);
#10555=PLANE('',#11646);
#10556=PLANE('',#11647);
#10557=PLANE('',#11648);
#10558=PLANE('',#11649);
#10559=PLANE('',#11650);
#10560=PLANE('',#11651);
#10561=PLANE('',#11652);
#10562=PLANE('',#11653);
#10563=PLANE('',#11654);
#10564=PLANE('',#11655);
#10565=PLANE('',#11656);
#10566=PLANE('',#11657);
#10567=PLANE('',#11658);
#10568=PLANE('',#11659);
#10569=PLANE('',#11660);
#10570=PLANE('',#11661);
#10571=PLANE('',#11662);
#10572=PLANE('',#11669);
#10573=PLANE('',#11678);
#10574=PLANE('',#11679);
#10575=PLANE('',#11680);
#10576=PLANE('',#11681);
#10577=PLANE('',#11682);
#10578=PLANE('',#11683);
#10579=PLANE('',#11684);
#10580=PLANE('',#11685);
#10581=PLANE('',#11686);
#10582=PLANE('',#11691);
#10583=PLANE('',#11694);
#10584=PLANE('',#11698);
#10585=PLANE('',#11699);
#10586=PLANE('',#11700);
#10587=PLANE('',#11703);
#10588=PLANE('',#11706);
#10589=PLANE('',#11707);
#10590=PLANE('',#11708);
#10591=PLANE('',#11709);
#10592=PLANE('',#11710);
#10593=PLANE('',#11711);
#10594=PLANE('',#11712);
#10595=PLANE('',#11713);
#10596=PLANE('',#11714);
#10597=PLANE('',#11715);
#10598=PLANE('',#11722);
#10599=PLANE('',#11723);
#10600=PLANE('',#11726);
#10601=PLANE('',#11727);
#10602=PLANE('',#11728);
#10603=PLANE('',#11731);
#10604=PLANE('',#11732);
#10605=PLANE('',#11737);
#10606=PLANE('',#11738);
#10607=PLANE('',#11739);
#10608=PLANE('',#11744);
#10609=PLANE('',#11745);
#10610=PLANE('',#11755);
#10611=PLANE('',#11756);
#10612=PLANE('',#11757);
#10613=PLANE('',#11758);
#10614=PLANE('',#11759);
#10615=PLANE('',#11760);
#10616=PLANE('',#11761);
#10617=PLANE('',#11762);
#10618=PLANE('',#11763);
#10619=PLANE('',#11764);
#10620=PLANE('',#11765);
#10621=PLANE('',#11766);
#10622=PLANE('',#11767);
#10623=PLANE('',#11768);
#10624=PLANE('',#11769);
#10625=PLANE('',#11770);
#10626=PLANE('',#11771);
#10627=PLANE('',#11772);
#10628=PLANE('',#11773);
#10629=PLANE('',#11774);
#10630=PLANE('',#11781);
#10631=PLANE('',#11790);
#10632=PLANE('',#11791);
#10633=PLANE('',#11792);
#10634=PLANE('',#11793);
#10635=PLANE('',#11794);
#10636=PLANE('',#11795);
#10637=PLANE('',#11796);
#10638=PLANE('',#11797);
#10639=PLANE('',#11798);
#10640=PLANE('',#11803);
#10641=PLANE('',#11806);
#10642=PLANE('',#11807);
#10643=PLANE('',#11808);
#10644=PLANE('',#11809);
#10645=PLANE('',#11810);
#10646=PLANE('',#11811);
#10647=PLANE('',#11812);
#10648=PLANE('',#11813);
#10649=PLANE('',#11814);
#10650=PLANE('',#11815);
#10651=PLANE('',#11816);
#10652=PLANE('',#11817);
#10653=PLANE('',#11818);
#10654=PLANE('',#11819);
#10655=PLANE('',#11820);
#10656=PLANE('',#11821);
#10657=PLANE('',#11822);
#10658=PLANE('',#11823);
#10659=PLANE('',#11824);
#10660=PLANE('',#11825);
#10661=PLANE('',#11826);
#10662=PLANE('',#11827);
#10663=PLANE('',#11828);
#10664=PLANE('',#11829);
#10665=PLANE('',#11830);
#10666=PLANE('',#11831);
#10667=PLANE('',#11832);
#10668=PLANE('',#11833);
#10669=PLANE('',#11834);
#10670=PLANE('',#11835);
#10671=PLANE('',#11836);
#10672=PLANE('',#11837);
#10673=PLANE('',#11838);
#10674=PLANE('',#11839);
#10675=PLANE('',#11840);
#10676=PLANE('',#11841);
#10677=PLANE('',#11842);
#10678=PLANE('',#11843);
#10679=PLANE('',#11844);
#10680=PLANE('',#11845);
#10681=PLANE('',#11846);
#10682=PLANE('',#11847);
#10683=PLANE('',#11848);
#10684=PLANE('',#11849);
#10685=PLANE('',#11850);
#10686=PLANE('',#11851);
#10687=PLANE('',#11852);
#10688=PLANE('',#11853);
#10689=PLANE('',#11854);
#10690=PLANE('',#11855);
#10691=PLANE('',#11856);
#10692=PLANE('',#11857);
#10693=PLANE('',#11858);
#10694=PLANE('',#11859);
#10695=PLANE('',#11864);
#10696=PLANE('',#11865);
#10697=PLANE('',#11866);
#10698=PLANE('',#11867);
#10699=PLANE('',#11868);
#10700=PLANE('',#11869);
#10701=PLANE('',#11870);
#10702=PLANE('',#11875);
#10703=PLANE('',#11876);
#10704=PLANE('',#11877);
#10705=PLANE('',#11878);
#10706=PLANE('',#11879);
#10707=PLANE('',#11880);
#10708=PLANE('',#11883);
#10709=PLANE('',#11884);
#10710=PLANE('',#11885);
#10711=PLANE('',#11886);
#10712=PLANE('',#11887);
#10713=PLANE('',#11888);
#10714=PLANE('',#11889);
#10715=PLANE('',#11890);
#10716=PLANE('',#11891);
#10717=PLANE('',#11896);
#10718=PLANE('',#11897);
#10719=PLANE('',#11898);
#10720=PLANE('',#11899);
#10721=PLANE('',#11900);
#10722=PLANE('',#11903);
#10723=PLANE('',#11904);
#10724=PLANE('',#11905);
#10725=PLANE('',#11906);
#10726=PLANE('',#11907);
#10727=PLANE('',#11908);
#10728=PLANE('',#11909);
#10729=PLANE('',#11910);
#10730=PLANE('',#11911);
#10731=PLANE('',#11912);
#10732=PLANE('',#11913);
#10733=PLANE('',#11914);
#10734=PLANE('',#11915);
#10735=PLANE('',#11916);
#10736=PLANE('',#11917);
#10737=PLANE('',#11918);
#10738=PLANE('',#11919);
#10739=PLANE('',#11920);
#10740=PLANE('',#11921);
#10741=PLANE('',#11922);
#10742=PLANE('',#11923);
#10743=PLANE('',#11924);
#10744=PLANE('',#11925);
#10745=PLANE('',#11926);
#10746=PLANE('',#11927);
#10747=PLANE('',#11928);
#10748=PLANE('',#11929);
#10749=PLANE('',#11930);
#10750=PLANE('',#11931);
#10751=PLANE('',#11932);
#10752=PLANE('',#11933);
#10753=PLANE('',#11934);
#10754=PLANE('',#11935);
#10755=PLANE('',#11936);
#10756=PLANE('',#11937);
#10757=PLANE('',#11938);
#10758=PLANE('',#11939);
#10759=PLANE('',#11940);
#10760=PLANE('',#11941);
#10761=PLANE('',#11942);
#10762=PLANE('',#11943);
#10763=PLANE('',#11944);
#10764=PLANE('',#11945);
#10765=PLANE('',#11946);
#10766=PLANE('',#11947);
#10767=PLANE('',#11948);
#10768=PLANE('',#11949);
#10769=PLANE('',#11950);
#10770=PLANE('',#11951);
#10771=PLANE('',#11952);
#10772=PLANE('',#11953);
#10773=PLANE('',#11954);
#10774=PLANE('',#11955);
#10775=PLANE('',#11956);
#10776=PLANE('',#11957);
#10777=PLANE('',#11958);
#10778=PLANE('',#11959);
#10779=PLANE('',#11960);
#10780=PLANE('',#11961);
#10781=PLANE('',#11962);
#10782=PLANE('',#11963);
#10783=PLANE('',#11964);
#10784=PLANE('',#11965);
#10785=PLANE('',#11966);
#10786=PLANE('',#11967);
#10787=PLANE('',#11968);
#10788=PLANE('',#11969);
#10789=PLANE('',#11970);
#10790=PLANE('',#11971);
#10791=PLANE('',#11972);
#10792=PLANE('',#11973);
#10793=PLANE('',#11974);
#10794=PLANE('',#11975);
#10795=PLANE('',#11976);
#10796=PLANE('',#11977);
#10797=PLANE('',#11978);
#10798=PLANE('',#11979);
#10799=PLANE('',#11980);
#10800=PLANE('',#11981);
#10801=PLANE('',#11984);
#10802=PLANE('',#11985);
#10803=PLANE('',#11986);
#10804=PLANE('',#11987);
#10805=PLANE('',#11988);
#10806=PLANE('',#11989);
#10807=PLANE('',#11990);
#10808=PLANE('',#11991);
#10809=PLANE('',#11992);
#10810=PLANE('',#11993);
#10811=PLANE('',#11994);
#10812=PLANE('',#11995);
#10813=PLANE('',#11996);
#10814=PLANE('',#11997);
#10815=PLANE('',#11998);
#10816=PLANE('',#11999);
#10817=PLANE('',#12000);
#10818=PLANE('',#12001);
#10819=PLANE('',#12002);
#10820=PLANE('',#12003);
#10821=PLANE('',#12004);
#10822=PLANE('',#12005);
#10823=PLANE('',#12010);
#10824=PLANE('',#12017);
#10825=PLANE('',#12018);
#10826=PLANE('',#12019);
#10827=PLANE('',#12020);
#10828=PLANE('',#12021);
#10829=PLANE('',#12024);
#10830=PLANE('',#12025);
#10831=PLANE('',#12026);
#10832=PLANE('',#12027);
#10833=PLANE('',#12028);
#10834=PLANE('',#12029);
#10835=PLANE('',#12030);
#10836=PLANE('',#12031);
#10837=PLANE('',#12032);
#10838=PLANE('',#12037);
#10839=PLANE('',#12038);
#10840=PLANE('',#12039);
#10841=PLANE('',#12040);
#10842=PLANE('',#12041);
#10843=PLANE('',#12044);
#10844=PLANE('',#12045);
#10845=PLANE('',#12046);
#10846=PLANE('',#12047);
#10847=PLANE('',#12048);
#10848=PLANE('',#12049);
#10849=PLANE('',#12050);
#10850=PLANE('',#12051);
#10851=PLANE('',#12052);
#10852=PLANE('',#12053);
#10853=PLANE('',#12054);
#10854=PLANE('',#12055);
#10855=PLANE('',#12056);
#10856=PLANE('',#12057);
#10857=PLANE('',#12058);
#10858=PLANE('',#12059);
#10859=PLANE('',#12060);
#10860=PLANE('',#12061);
#10861=PLANE('',#12062);
#10862=PLANE('',#12063);
#10863=PLANE('',#12064);
#10864=ADVANCED_FACE('',(#9810,#9811,#9812,#9813,#9814,#9815,#9816,#9817,
#9818,#9819,#9820,#9821,#9822,#9823,#9824,#9825,#9826,#9827,#9828,#9829,
#9830,#9831,#9832,#9833,#9834,#9835,#9836,#9837,#9838,#9839,#9840,#9841,
#9842,#9843,#9844,#9845,#9846,#9847,#9848,#9849,#9850,#9851,#9852,#9853,
#9854,#9855),#10483,.T.);
#10865=ADVANCED_FACE('',(#9856),#10484,.F.);
#10866=ADVANCED_FACE('',(#9857),#85,.F.);
#10867=ADVANCED_FACE('',(#9858),#10485,.T.);
#10868=ADVANCED_FACE('',(#9859),#86,.F.);
#10869=ADVANCED_FACE('',(#9860),#10486,.T.);
#10870=ADVANCED_FACE('',(#9861),#10487,.F.);
#10871=ADVANCED_FACE('',(#9862,#9863,#9864,#9865,#9866,#9867,#9868,#9869,
#9870,#9871,#9872,#9873,#9874,#9875,#9876),#10488,.F.);
#10872=ADVANCED_FACE('',(#9877,#9878),#15,.F.);
#10873=ADVANCED_FACE('',(#9879),#10489,.F.);
#10874=ADVANCED_FACE('',(#9880),#10490,.T.);
#10875=ADVANCED_FACE('',(#9881),#10491,.F.);
#10876=ADVANCED_FACE('',(#9882),#10492,.T.);
#10877=ADVANCED_FACE('',(#9883),#10493,.F.);
#10878=ADVANCED_FACE('',(#9884),#10494,.T.);
#10879=ADVANCED_FACE('',(#9885),#10495,.F.);
#10880=ADVANCED_FACE('',(#9886),#10496,.T.);
#10881=ADVANCED_FACE('',(#9887,#9888),#16,.F.);
#10882=ADVANCED_FACE('',(#9889,#9890),#17,.F.);
#10883=ADVANCED_FACE('',(#9891),#18,.F.);
#10884=ADVANCED_FACE('',(#9892),#19,.F.);
#10885=ADVANCED_FACE('',(#9893),#20,.F.);
#10886=ADVANCED_FACE('',(#9894),#21,.F.);
#10887=ADVANCED_FACE('',(#9895),#22,.F.);
#10888=ADVANCED_FACE('',(#9896),#23,.F.);
#10889=ADVANCED_FACE('',(#9897),#24,.F.);
#10890=ADVANCED_FACE('',(#9898),#25,.F.);
#10891=ADVANCED_FACE('',(#9899,#9900),#26,.F.);
#10892=ADVANCED_FACE('',(#9901,#9902),#27,.F.);
#10893=ADVANCED_FACE('',(#9903,#9904),#28,.F.);
#10894=ADVANCED_FACE('',(#9905,#9906),#29,.F.);
#10895=ADVANCED_FACE('',(#9907,#9908),#30,.F.);
#10896=ADVANCED_FACE('',(#9909,#9910),#31,.F.);
#10897=ADVANCED_FACE('',(#9911,#9912),#32,.F.);
#10898=ADVANCED_FACE('',(#9913,#9914),#33,.F.);
#10899=ADVANCED_FACE('',(#9915,#9916),#34,.F.);
#10900=ADVANCED_FACE('',(#9917),#10497,.T.);
#10901=ADVANCED_FACE('',(#9918),#10498,.T.);
#10902=ADVANCED_FACE('',(#9919),#10499,.T.);
#10903=ADVANCED_FACE('',(#9920),#10500,.T.);
#10904=ADVANCED_FACE('',(#9921),#10501,.T.);
#10905=ADVANCED_FACE('',(#9922),#10502,.T.);
#10906=ADVANCED_FACE('',(#9923),#10503,.T.);
#10907=ADVANCED_FACE('',(#9924),#10504,.T.);
#10908=ADVANCED_FACE('',(#9925),#10505,.T.);
#10909=ADVANCED_FACE('',(#9926),#10506,.T.);
#10910=ADVANCED_FACE('',(#9927),#10507,.T.);
#10911=ADVANCED_FACE('',(#9928),#10508,.T.);
#10912=ADVANCED_FACE('',(#9929),#10509,.T.);
#10913=ADVANCED_FACE('',(#9930),#10510,.T.);
#10914=ADVANCED_FACE('',(#9931),#10511,.T.);
#10915=ADVANCED_FACE('',(#9932),#10512,.T.);
#10916=ADVANCED_FACE('',(#9933),#10513,.T.);
#10917=ADVANCED_FACE('',(#9934),#10514,.T.);
#10918=ADVANCED_FACE('',(#9935),#10515,.T.);
#10919=ADVANCED_FACE('',(#9936),#10516,.T.);
#10920=ADVANCED_FACE('',(#9937),#10517,.T.);
#10921=ADVANCED_FACE('',(#9938),#10518,.T.);
#10922=ADVANCED_FACE('',(#9939),#10519,.T.);
#10923=ADVANCED_FACE('',(#9940),#10520,.T.);
#10924=ADVANCED_FACE('',(#9941),#10521,.T.);
#10925=ADVANCED_FACE('',(#9942),#10522,.T.);
#10926=ADVANCED_FACE('',(#9943),#10523,.T.);
#10927=ADVANCED_FACE('',(#9944),#10524,.T.);
#10928=ADVANCED_FACE('',(#9945),#10525,.T.);
#10929=ADVANCED_FACE('',(#9946),#10526,.T.);
#10930=ADVANCED_FACE('',(#9947),#10527,.T.);
#10931=ADVANCED_FACE('',(#9948),#10528,.T.);
#10932=ADVANCED_FACE('',(#9949),#10529,.T.);
#10933=ADVANCED_FACE('',(#9950),#10530,.T.);
#10934=ADVANCED_FACE('',(#9951),#10531,.T.);
#10935=ADVANCED_FACE('',(#9952),#10532,.T.);
#10936=ADVANCED_FACE('',(#9953),#10533,.T.);
#10937=ADVANCED_FACE('',(#9954),#10534,.T.);
#10938=ADVANCED_FACE('',(#9955),#10535,.T.);
#10939=ADVANCED_FACE('',(#9956),#10536,.T.);
#10940=ADVANCED_FACE('',(#9957),#10537,.T.);
#10941=ADVANCED_FACE('',(#9958),#10538,.T.);
#10942=ADVANCED_FACE('',(#9959),#10539,.T.);
#10943=ADVANCED_FACE('',(#9960),#10540,.T.);
#10944=ADVANCED_FACE('',(#9961),#10541,.T.);
#10945=ADVANCED_FACE('',(#9962),#10542,.T.);
#10946=ADVANCED_FACE('',(#9963),#10543,.T.);
#10947=ADVANCED_FACE('',(#9964),#10544,.T.);
#10948=ADVANCED_FACE('',(#9965),#10545,.T.);
#10949=ADVANCED_FACE('',(#9966),#10546,.T.);
#10950=ADVANCED_FACE('',(#9967),#10547,.T.);
#10951=ADVANCED_FACE('',(#9968),#87,.T.);
#10952=ADVANCED_FACE('',(#9969),#35,.F.);
#10953=ADVANCED_FACE('',(#9970),#88,.T.);
#10954=ADVANCED_FACE('',(#9971),#89,.T.);
#10955=ADVANCED_FACE('',(#9972),#90,.T.);
#10956=ADVANCED_FACE('',(#9973),#91,.T.);
#10957=ADVANCED_FACE('',(#9974),#10548,.T.);
#10958=ADVANCED_FACE('',(#9975),#10549,.T.);
#10959=ADVANCED_FACE('',(#9976),#92,.T.);
#10960=ADVANCED_FACE('',(#9977),#93,.T.);
#10961=ADVANCED_FACE('',(#9978),#94,.T.);
#10962=ADVANCED_FACE('',(#9979),#95,.T.);
#10963=ADVANCED_FACE('',(#9980),#96,.T.);
#10964=ADVANCED_FACE('',(#9981),#97,.T.);
#10965=ADVANCED_FACE('',(#9982),#10550,.T.);
#10966=ADVANCED_FACE('',(#9983),#10551,.T.);
#10967=ADVANCED_FACE('',(#9984),#10552,.T.);
#10968=ADVANCED_FACE('',(#9985),#10553,.T.);
#10969=ADVANCED_FACE('',(#9986),#10554,.T.);
#10970=ADVANCED_FACE('',(#9987),#10555,.T.);
#10971=ADVANCED_FACE('',(#9988),#10556,.T.);
#10972=ADVANCED_FACE('',(#9989),#10557,.T.);
#10973=ADVANCED_FACE('',(#9990),#10558,.T.);
#10974=ADVANCED_FACE('',(#9991),#10559,.T.);
#10975=ADVANCED_FACE('',(#9992),#10560,.T.);
#10976=ADVANCED_FACE('',(#9993),#10561,.T.);
#10977=ADVANCED_FACE('',(#9994),#10562,.T.);
#10978=ADVANCED_FACE('',(#9995),#10563,.T.);
#10979=ADVANCED_FACE('',(#9996),#10564,.T.);
#10980=ADVANCED_FACE('',(#9997),#10565,.T.);
#10981=ADVANCED_FACE('',(#9998),#10566,.T.);
#10982=ADVANCED_FACE('',(#9999),#10567,.T.);
#10983=ADVANCED_FACE('',(#10000),#10568,.T.);
#10984=ADVANCED_FACE('',(#10001),#10569,.T.);
#10985=ADVANCED_FACE('',(#10002),#10570,.T.);
#10986=ADVANCED_FACE('',(#10003),#98,.T.);
#10987=ADVANCED_FACE('',(#10004),#10571,.T.);
#10988=ADVANCED_FACE('',(#10005),#99,.T.);
#10989=ADVANCED_FACE('',(#10006),#100,.T.);
#10990=ADVANCED_FACE('',(#10007),#36,.T.);
#10991=ADVANCED_FACE('',(#10008),#37,.T.);
#10992=ADVANCED_FACE('',(#10009),#10572,.T.);
#10993=ADVANCED_FACE('',(#10010),#38,.T.);
#10994=ADVANCED_FACE('',(#10011),#39,.T.);
#10995=ADVANCED_FACE('',(#10012),#40,.F.);
#10996=ADVANCED_FACE('',(#10013),#10573,.T.);
#10997=ADVANCED_FACE('',(#10014),#10574,.T.);
#10998=ADVANCED_FACE('',(#10015),#10575,.T.);
#10999=ADVANCED_FACE('',(#10016),#10576,.T.);
#11000=ADVANCED_FACE('',(#10017),#10577,.T.);
#11001=ADVANCED_FACE('',(#10018),#10578,.T.);
#11002=ADVANCED_FACE('',(#10019),#10579,.T.);
#11003=ADVANCED_FACE('',(#10020),#10580,.T.);
#11004=ADVANCED_FACE('',(#10021),#10581,.T.);
#11005=ADVANCED_FACE('',(#10022),#41,.F.);
#11006=ADVANCED_FACE('',(#10023),#42,.F.);
#11007=ADVANCED_FACE('',(#10024),#101,.T.);
#11008=ADVANCED_FACE('',(#10025),#102,.T.);
#11009=ADVANCED_FACE('',(#10026),#10582,.T.);
#11010=ADVANCED_FACE('',(#10027),#103,.T.);
#11011=ADVANCED_FACE('',(#10028),#104,.T.);
#11012=ADVANCED_FACE('',(#10029),#43,.F.);
#11013=ADVANCED_FACE('',(#10030),#105,.T.);
#11014=ADVANCED_FACE('',(#10031,#10032),#10583,.T.);
#11015=ADVANCED_FACE('',(#10033),#44,.T.);
#11016=ADVANCED_FACE('',(#10034),#106,.T.);
#11017=ADVANCED_FACE('',(#10035),#107,.T.);
#11018=ADVANCED_FACE('',(#10036),#10584,.T.);
#11019=ADVANCED_FACE('',(#10037),#10585,.T.);
#11020=ADVANCED_FACE('',(#10038),#10586,.T.);
#11021=ADVANCED_FACE('',(#10039),#108,.T.);
#11022=ADVANCED_FACE('',(#10040),#45,.F.);
#11023=ADVANCED_FACE('',(#10041),#109,.T.);
#11024=ADVANCED_FACE('',(#10042),#10587,.T.);
#11025=ADVANCED_FACE('',(#10043),#46,.T.);
#11026=ADVANCED_FACE('',(#10044),#110,.T.);
#11027=ADVANCED_FACE('',(#10045),#111,.T.);
#11028=ADVANCED_FACE('',(#10046),#112,.T.);
#11029=ADVANCED_FACE('',(#10047),#10588,.T.);
#11030=ADVANCED_FACE('',(#10048),#10589,.T.);
#11031=ADVANCED_FACE('',(#10049),#10590,.T.);
#11032=ADVANCED_FACE('',(#10050),#113,.T.);
#11033=ADVANCED_FACE('',(#10051),#114,.T.);
#11034=ADVANCED_FACE('',(#10052),#115,.T.);
#11035=ADVANCED_FACE('',(#10053),#116,.T.);
#11036=ADVANCED_FACE('',(#10054),#10591,.T.);
#11037=ADVANCED_FACE('',(#10055),#117,.T.);
#11038=ADVANCED_FACE('',(#10056),#118,.T.);
#11039=ADVANCED_FACE('',(#10057,#10058),#10592,.T.);
#11040=ADVANCED_FACE('',(#10059),#119,.T.);
#11041=ADVANCED_FACE('',(#10060),#10593,.T.);
#11042=ADVANCED_FACE('',(#10061),#120,.T.);
#11043=ADVANCED_FACE('',(#10062),#121,.T.);
#11044=ADVANCED_FACE('',(#10063),#122,.T.);
#11045=ADVANCED_FACE('',(#10064),#123,.T.);
#11046=ADVANCED_FACE('',(#10065),#10594,.T.);
#11047=ADVANCED_FACE('',(#10066),#124,.T.);
#11048=ADVANCED_FACE('',(#10067),#125,.T.);
#11049=ADVANCED_FACE('',(#10068),#126,.T.);
#11050=ADVANCED_FACE('',(#10069),#10595,.T.);
#11051=ADVANCED_FACE('',(#10070),#127,.T.);
#11052=ADVANCED_FACE('',(#10071),#128,.T.);
#11053=ADVANCED_FACE('',(#10072),#129,.T.);
#11054=ADVANCED_FACE('',(#10073),#130,.T.);
#11055=ADVANCED_FACE('',(#10074),#10596,.T.);
#11056=ADVANCED_FACE('',(#10075),#131,.T.);
#11057=ADVANCED_FACE('',(#10076),#132,.T.);
#11058=ADVANCED_FACE('',(#10077),#133,.T.);
#11059=ADVANCED_FACE('',(#10078),#134,.T.);
#11060=ADVANCED_FACE('',(#10079,#10080),#10597,.T.);
#11061=ADVANCED_FACE('',(#10081),#47,.T.);
#11062=ADVANCED_FACE('',(#10082),#135,.T.);
#11063=ADVANCED_FACE('',(#10083),#136,.T.);
#11064=ADVANCED_FACE('',(#10084),#48,.T.);
#11065=ADVANCED_FACE('',(#10085),#137,.T.);
#11066=ADVANCED_FACE('',(#10086),#10598,.T.);
#11067=ADVANCED_FACE('',(#10087),#10599,.T.);
#11068=ADVANCED_FACE('',(#10088),#49,.F.);
#11069=ADVANCED_FACE('',(#10089),#10600,.T.);
#11070=ADVANCED_FACE('',(#10090),#10601,.T.);
#11071=ADVANCED_FACE('',(#10091),#10602,.T.);
#11072=ADVANCED_FACE('',(#10092),#50,.T.);
#11073=ADVANCED_FACE('',(#10093),#10603,.T.);
#11074=ADVANCED_FACE('',(#10094),#10604,.T.);
#11075=ADVANCED_FACE('',(#10095),#138,.T.);
#11076=ADVANCED_FACE('',(#10096),#139,.T.);
#11077=ADVANCED_FACE('',(#10097),#51,.F.);
#11078=ADVANCED_FACE('',(#10098),#52,.F.);
#11079=ADVANCED_FACE('',(#10099),#10605,.T.);
#11080=ADVANCED_FACE('',(#10100),#10606,.T.);
#11081=ADVANCED_FACE('',(#10101),#10607,.T.);
#11082=ADVANCED_FACE('',(#10102),#53,.T.);
#11083=ADVANCED_FACE('',(#10103),#54,.T.);
#11084=ADVANCED_FACE('',(#10104),#140,.T.);
#11085=ADVANCED_FACE('',(#10105),#141,.T.);
#11086=ADVANCED_FACE('',(#10106),#10608,.T.);
#11087=ADVANCED_FACE('',(#10107),#10609,.T.);
#11088=ADVANCED_FACE('',(#10108),#142,.T.);
#11089=ADVANCED_FACE('',(#10109),#143,.T.);
#11090=ADVANCED_FACE('',(#10110),#144,.T.);
#11091=ADVANCED_FACE('',(#10111),#145,.T.);
#11092=ADVANCED_FACE('',(#10112),#55,.F.);
#11093=ADVANCED_FACE('',(#10113),#56,.F.);
#11094=ADVANCED_FACE('',(#10114),#57,.F.);
#11095=ADVANCED_FACE('',(#10115),#58,.T.);
#11096=ADVANCED_FACE('',(#10116,#10117),#10610,.T.);
#11097=ADVANCED_FACE('',(#10118),#10611,.F.);
#11098=ADVANCED_FACE('',(#10119),#10612,.F.);
#11099=ADVANCED_FACE('',(#10120),#10613,.T.);
#11100=ADVANCED_FACE('',(#10121),#10614,.F.);
#11101=ADVANCED_FACE('',(#10122),#10615,.T.);
#11102=ADVANCED_FACE('',(#10123),#10616,.T.);
#11103=ADVANCED_FACE('',(#10124),#10617,.T.);
#11104=ADVANCED_FACE('',(#10125),#10618,.T.);
#11105=ADVANCED_FACE('',(#10126),#10619,.T.);
#11106=ADVANCED_FACE('',(#10127),#10620,.T.);
#11107=ADVANCED_FACE('',(#10128),#10621,.F.);
#11108=ADVANCED_FACE('',(#10129),#10622,.F.);
#11109=ADVANCED_FACE('',(#10130),#10623,.F.);
#11110=ADVANCED_FACE('',(#10131),#10624,.T.);
#11111=ADVANCED_FACE('',(#10132),#10625,.T.);
#11112=ADVANCED_FACE('',(#10133),#10626,.F.);
#11113=ADVANCED_FACE('',(#10134),#10627,.T.);
#11114=ADVANCED_FACE('',(#10135),#10628,.T.);
#11115=ADVANCED_FACE('',(#10136),#146,.T.);
#11116=ADVANCED_FACE('',(#10137),#10629,.T.);
#11117=ADVANCED_FACE('',(#10138),#147,.T.);
#11118=ADVANCED_FACE('',(#10139),#148,.T.);
#11119=ADVANCED_FACE('',(#10140),#59,.T.);
#11120=ADVANCED_FACE('',(#10141),#60,.T.);
#11121=ADVANCED_FACE('',(#10142),#10630,.T.);
#11122=ADVANCED_FACE('',(#10143),#61,.T.);
#11123=ADVANCED_FACE('',(#10144),#62,.T.);
#11124=ADVANCED_FACE('',(#10145),#63,.F.);
#11125=ADVANCED_FACE('',(#10146),#10631,.T.);
#11126=ADVANCED_FACE('',(#10147),#10632,.T.);
#11127=ADVANCED_FACE('',(#10148),#10633,.T.);
#11128=ADVANCED_FACE('',(#10149),#10634,.T.);
#11129=ADVANCED_FACE('',(#10150),#10635,.T.);
#11130=ADVANCED_FACE('',(#10151),#10636,.T.);
#11131=ADVANCED_FACE('',(#10152),#10637,.T.);
#11132=ADVANCED_FACE('',(#10153),#10638,.T.);
#11133=ADVANCED_FACE('',(#10154),#10639,.T.);
#11134=ADVANCED_FACE('',(#10155),#64,.F.);
#11135=ADVANCED_FACE('',(#10156),#65,.F.);
#11136=ADVANCED_FACE('',(#10157),#149,.T.);
#11137=ADVANCED_FACE('',(#10158),#150,.T.);
#11138=ADVANCED_FACE('',(#10159),#10640,.T.);
#11139=ADVANCED_FACE('',(#10160),#151,.T.);
#11140=ADVANCED_FACE('',(#10161),#152,.T.);
#11141=ADVANCED_FACE('',(#10162),#66,.F.);
#11142=ADVANCED_FACE('',(#10163),#153,.T.);
#11143=ADVANCED_FACE('',(#10164,#10165),#10641,.T.);
#11144=ADVANCED_FACE('',(#10166),#154,.T.);
#11145=ADVANCED_FACE('',(#10167),#10642,.T.);
#11146=ADVANCED_FACE('',(#10168),#155,.T.);
#11147=ADVANCED_FACE('',(#10169),#156,.T.);
#11148=ADVANCED_FACE('',(#10170),#157,.T.);
#11149=ADVANCED_FACE('',(#10171),#158,.T.);
#11150=ADVANCED_FACE('',(#10172),#10643,.T.);
#11151=ADVANCED_FACE('',(#10173),#159,.T.);
#11152=ADVANCED_FACE('',(#10174),#160,.T.);
#11153=ADVANCED_FACE('',(#10175),#161,.T.);
#11154=ADVANCED_FACE('',(#10176),#10644,.T.);
#11155=ADVANCED_FACE('',(#10177),#162,.T.);
#11156=ADVANCED_FACE('',(#10178),#163,.T.);
#11157=ADVANCED_FACE('',(#10179),#164,.T.);
#11158=ADVANCED_FACE('',(#10180),#165,.T.);
#11159=ADVANCED_FACE('',(#10181),#10645,.T.);
#11160=ADVANCED_FACE('',(#10182),#166,.T.);
#11161=ADVANCED_FACE('',(#10183),#167,.T.);
#11162=ADVANCED_FACE('',(#10184),#168,.T.);
#11163=ADVANCED_FACE('',(#10185),#169,.T.);
#11164=ADVANCED_FACE('',(#10186,#10187),#10646,.T.);
#11165=ADVANCED_FACE('',(#10188),#170,.T.);
#11166=ADVANCED_FACE('',(#10189),#10647,.T.);
#11167=ADVANCED_FACE('',(#10190),#171,.T.);
#11168=ADVANCED_FACE('',(#10191),#172,.T.);
#11169=ADVANCED_FACE('',(#10192),#173,.T.);
#11170=ADVANCED_FACE('',(#10193),#174,.T.);
#11171=ADVANCED_FACE('',(#10194),#10648,.T.);
#11172=ADVANCED_FACE('',(#10195),#175,.T.);
#11173=ADVANCED_FACE('',(#10196),#176,.T.);
#11174=ADVANCED_FACE('',(#10197),#177,.T.);
#11175=ADVANCED_FACE('',(#10198),#10649,.T.);
#11176=ADVANCED_FACE('',(#10199),#178,.T.);
#11177=ADVANCED_FACE('',(#10200),#179,.T.);
#11178=ADVANCED_FACE('',(#10201),#180,.T.);
#11179=ADVANCED_FACE('',(#10202),#181,.T.);
#11180=ADVANCED_FACE('',(#10203),#10650,.T.);
#11181=ADVANCED_FACE('',(#10204),#182,.T.);
#11182=ADVANCED_FACE('',(#10205),#183,.T.);
#11183=ADVANCED_FACE('',(#10206),#184,.T.);
#11184=ADVANCED_FACE('',(#10207),#185,.T.);
#11185=ADVANCED_FACE('',(#10208,#10209),#10651,.T.);
#11186=ADVANCED_FACE('',(#10210),#186,.T.);
#11187=ADVANCED_FACE('',(#10211),#10652,.T.);
#11188=ADVANCED_FACE('',(#10212),#187,.T.);
#11189=ADVANCED_FACE('',(#10213),#188,.T.);
#11190=ADVANCED_FACE('',(#10214),#189,.T.);
#11191=ADVANCED_FACE('',(#10215),#190,.T.);
#11192=ADVANCED_FACE('',(#10216),#10653,.T.);
#11193=ADVANCED_FACE('',(#10217),#191,.T.);
#11194=ADVANCED_FACE('',(#10218),#192,.T.);
#11195=ADVANCED_FACE('',(#10219),#193,.T.);
#11196=ADVANCED_FACE('',(#10220),#10654,.T.);
#11197=ADVANCED_FACE('',(#10221),#194,.T.);
#11198=ADVANCED_FACE('',(#10222),#195,.T.);
#11199=ADVANCED_FACE('',(#10223),#196,.T.);
#11200=ADVANCED_FACE('',(#10224),#197,.T.);
#11201=ADVANCED_FACE('',(#10225),#10655,.T.);
#11202=ADVANCED_FACE('',(#10226),#198,.T.);
#11203=ADVANCED_FACE('',(#10227),#199,.T.);
#11204=ADVANCED_FACE('',(#10228),#200,.T.);
#11205=ADVANCED_FACE('',(#10229),#201,.T.);
#11206=ADVANCED_FACE('',(#10230,#10231),#10656,.T.);
#11207=ADVANCED_FACE('',(#10232),#10657,.T.);
#11208=ADVANCED_FACE('',(#10233),#10658,.T.);
#11209=ADVANCED_FACE('',(#10234),#10659,.T.);
#11210=ADVANCED_FACE('',(#10235),#10660,.T.);
#11211=ADVANCED_FACE('',(#10236),#10661,.T.);
#11212=ADVANCED_FACE('',(#10237),#10662,.T.);
#11213=ADVANCED_FACE('',(#10238),#10663,.T.);
#11214=ADVANCED_FACE('',(#10239),#10664,.T.);
#11215=ADVANCED_FACE('',(#10240),#10665,.T.);
#11216=ADVANCED_FACE('',(#10241),#10666,.T.);
#11217=ADVANCED_FACE('',(#10242),#10667,.T.);
#11218=ADVANCED_FACE('',(#10243),#10668,.T.);
#11219=ADVANCED_FACE('',(#10244),#10669,.T.);
#11220=ADVANCED_FACE('',(#10245),#10670,.T.);
#11221=ADVANCED_FACE('',(#10246),#10671,.T.);
#11222=ADVANCED_FACE('',(#10247),#10672,.T.);
#11223=ADVANCED_FACE('',(#10248),#10673,.T.);
#11224=ADVANCED_FACE('',(#10249),#10674,.T.);
#11225=ADVANCED_FACE('',(#10250),#10675,.T.);
#11226=ADVANCED_FACE('',(#10251),#10676,.T.);
#11227=ADVANCED_FACE('',(#10252),#10677,.T.);
#11228=ADVANCED_FACE('',(#10253),#10678,.T.);
#11229=ADVANCED_FACE('',(#10254),#10679,.T.);
#11230=ADVANCED_FACE('',(#10255),#10680,.T.);
#11231=ADVANCED_FACE('',(#10256),#10681,.T.);
#11232=ADVANCED_FACE('',(#10257),#10682,.T.);
#11233=ADVANCED_FACE('',(#10258),#10683,.T.);
#11234=ADVANCED_FACE('',(#10259),#10684,.T.);
#11235=ADVANCED_FACE('',(#10260),#10685,.T.);
#11236=ADVANCED_FACE('',(#10261),#10686,.T.);
#11237=ADVANCED_FACE('',(#10262),#10687,.T.);
#11238=ADVANCED_FACE('',(#10263),#10688,.T.);
#11239=ADVANCED_FACE('',(#10264),#10689,.T.);
#11240=ADVANCED_FACE('',(#10265),#10690,.T.);
#11241=ADVANCED_FACE('',(#10266),#10691,.T.);
#11242=ADVANCED_FACE('',(#10267),#10692,.T.);
#11243=ADVANCED_FACE('',(#10268),#10693,.T.);
#11244=ADVANCED_FACE('',(#10269),#10694,.T.);
#11245=ADVANCED_FACE('',(#10270),#67,.T.);
#11246=ADVANCED_FACE('',(#10271),#68,.T.);
#11247=ADVANCED_FACE('',(#10272),#202,.T.);
#11248=ADVANCED_FACE('',(#10273),#203,.T.);
#11249=ADVANCED_FACE('',(#10274),#10695,.T.);
#11250=ADVANCED_FACE('',(#10275),#10696,.T.);
#11251=ADVANCED_FACE('',(#10276),#10697,.T.);
#11252=ADVANCED_FACE('',(#10277),#10698,.T.);
#11253=ADVANCED_FACE('',(#10278),#10699,.T.);
#11254=ADVANCED_FACE('',(#10279),#10700,.T.);
#11255=ADVANCED_FACE('',(#10280),#10701,.T.);
#11256=ADVANCED_FACE('',(#10281),#204,.T.);
#11257=ADVANCED_FACE('',(#10282),#205,.T.);
#11258=ADVANCED_FACE('',(#10283),#69,.F.);
#11259=ADVANCED_FACE('',(#10284),#70,.F.);
#11260=ADVANCED_FACE('',(#10285),#10702,.T.);
#11261=ADVANCED_FACE('',(#10286),#10703,.T.);
#11262=ADVANCED_FACE('',(#10287),#10704,.T.);
#11263=ADVANCED_FACE('',(#10288),#10705,.T.);
#11264=ADVANCED_FACE('',(#10289),#10706,.T.);
#11265=ADVANCED_FACE('',(#10290),#10707,.T.);
#11266=ADVANCED_FACE('',(#10291),#71,.F.);
#11267=ADVANCED_FACE('',(#10292),#10708,.T.);
#11268=ADVANCED_FACE('',(#10293),#10709,.T.);
#11269=ADVANCED_FACE('',(#10294),#10710,.T.);
#11270=ADVANCED_FACE('',(#10295),#10711,.T.);
#11271=ADVANCED_FACE('',(#10296),#10712,.T.);
#11272=ADVANCED_FACE('',(#10297),#10713,.T.);
#11273=ADVANCED_FACE('',(#10298),#10714,.T.);
#11274=ADVANCED_FACE('',(#10299),#10715,.T.);
#11275=ADVANCED_FACE('',(#10300),#10716,.T.);
#11276=ADVANCED_FACE('',(#10301),#72,.T.);
#11277=ADVANCED_FACE('',(#10302),#73,.T.);
#11278=ADVANCED_FACE('',(#10303),#206,.T.);
#11279=ADVANCED_FACE('',(#10304),#207,.T.);
#11280=ADVANCED_FACE('',(#10305),#10717,.T.);
#11281=ADVANCED_FACE('',(#10306),#10718,.T.);
#11282=ADVANCED_FACE('',(#10307),#10719,.T.);
#11283=ADVANCED_FACE('',(#10308),#10720,.T.);
#11284=ADVANCED_FACE('',(#10309),#10721,.T.);
#11285=ADVANCED_FACE('',(#10310),#208,.T.);
#11286=ADVANCED_FACE('',(#10311),#209,.T.);
#11287=ADVANCED_FACE('',(#10312),#74,.F.);
#11288=ADVANCED_FACE('',(#10313),#10722,.T.);
#11289=ADVANCED_FACE('',(#10314),#10723,.T.);
#11290=ADVANCED_FACE('',(#10315),#10724,.T.);
#11291=ADVANCED_FACE('',(#10316),#10725,.T.);
#11292=ADVANCED_FACE('',(#10317),#10726,.T.);
#11293=ADVANCED_FACE('',(#10318),#10727,.T.);
#11294=ADVANCED_FACE('',(#10319),#10728,.T.);
#11295=ADVANCED_FACE('',(#10320),#10729,.T.);
#11296=ADVANCED_FACE('',(#10321),#10730,.T.);
#11297=ADVANCED_FACE('',(#10322),#10731,.T.);
#11298=ADVANCED_FACE('',(#10323),#10732,.T.);
#11299=ADVANCED_FACE('',(#10324),#10733,.T.);
#11300=ADVANCED_FACE('',(#10325),#10734,.T.);
#11301=ADVANCED_FACE('',(#10326),#10735,.T.);
#11302=ADVANCED_FACE('',(#10327),#10736,.T.);
#11303=ADVANCED_FACE('',(#10328),#10737,.T.);
#11304=ADVANCED_FACE('',(#10329),#10738,.T.);
#11305=ADVANCED_FACE('',(#10330),#10739,.T.);
#11306=ADVANCED_FACE('',(#10331),#10740,.T.);
#11307=ADVANCED_FACE('',(#10332),#10741,.T.);
#11308=ADVANCED_FACE('',(#10333),#10742,.T.);
#11309=ADVANCED_FACE('',(#10334),#10743,.T.);
#11310=ADVANCED_FACE('',(#10335),#10744,.T.);
#11311=ADVANCED_FACE('',(#10336),#10745,.T.);
#11312=ADVANCED_FACE('',(#10337),#10746,.T.);
#11313=ADVANCED_FACE('',(#10338),#10747,.T.);
#11314=ADVANCED_FACE('',(#10339),#10748,.T.);
#11315=ADVANCED_FACE('',(#10340),#10749,.T.);
#11316=ADVANCED_FACE('',(#10341),#10750,.T.);
#11317=ADVANCED_FACE('',(#10342),#10751,.T.);
#11318=ADVANCED_FACE('',(#10343),#10752,.T.);
#11319=ADVANCED_FACE('',(#10344),#10753,.T.);
#11320=ADVANCED_FACE('',(#10345),#10754,.T.);
#11321=ADVANCED_FACE('',(#10346),#10755,.T.);
#11322=ADVANCED_FACE('',(#10347),#10756,.T.);
#11323=ADVANCED_FACE('',(#10348),#10757,.T.);
#11324=ADVANCED_FACE('',(#10349),#10758,.T.);
#11325=ADVANCED_FACE('',(#10350),#10759,.T.);
#11326=ADVANCED_FACE('',(#10351),#10760,.T.);
#11327=ADVANCED_FACE('',(#10352),#10761,.T.);
#11328=ADVANCED_FACE('',(#10353),#10762,.T.);
#11329=ADVANCED_FACE('',(#10354),#10763,.T.);
#11330=ADVANCED_FACE('',(#10355),#10764,.T.);
#11331=ADVANCED_FACE('',(#10356),#10765,.T.);
#11332=ADVANCED_FACE('',(#10357),#10766,.T.);
#11333=ADVANCED_FACE('',(#10358),#10767,.T.);
#11334=ADVANCED_FACE('',(#10359),#10768,.T.);
#11335=ADVANCED_FACE('',(#10360),#10769,.T.);
#11336=ADVANCED_FACE('',(#10361),#10770,.T.);
#11337=ADVANCED_FACE('',(#10362),#10771,.T.);
#11338=ADVANCED_FACE('',(#10363),#10772,.T.);
#11339=ADVANCED_FACE('',(#10364),#10773,.T.);
#11340=ADVANCED_FACE('',(#10365),#10774,.T.);
#11341=ADVANCED_FACE('',(#10366),#10775,.T.);
#11342=ADVANCED_FACE('',(#10367),#10776,.T.);
#11343=ADVANCED_FACE('',(#10368),#10777,.T.);
#11344=ADVANCED_FACE('',(#10369),#10778,.T.);
#11345=ADVANCED_FACE('',(#10370),#10779,.T.);
#11346=ADVANCED_FACE('',(#10371),#10780,.T.);
#11347=ADVANCED_FACE('',(#10372),#10781,.T.);
#11348=ADVANCED_FACE('',(#10373),#10782,.T.);
#11349=ADVANCED_FACE('',(#10374),#10783,.T.);
#11350=ADVANCED_FACE('',(#10375),#10784,.T.);
#11351=ADVANCED_FACE('',(#10376),#10785,.T.);
#11352=ADVANCED_FACE('',(#10377),#10786,.T.);
#11353=ADVANCED_FACE('',(#10378),#10787,.T.);
#11354=ADVANCED_FACE('',(#10379),#10788,.T.);
#11355=ADVANCED_FACE('',(#10380),#10789,.T.);
#11356=ADVANCED_FACE('',(#10381),#10790,.T.);
#11357=ADVANCED_FACE('',(#10382),#10791,.T.);
#11358=ADVANCED_FACE('',(#10383),#10792,.T.);
#11359=ADVANCED_FACE('',(#10384),#10793,.T.);
#11360=ADVANCED_FACE('',(#10385),#10794,.T.);
#11361=ADVANCED_FACE('',(#10386),#10795,.T.);
#11362=ADVANCED_FACE('',(#10387),#10796,.T.);
#11363=ADVANCED_FACE('',(#10388),#10797,.T.);
#11364=ADVANCED_FACE('',(#10389),#10798,.T.);
#11365=ADVANCED_FACE('',(#10390),#10799,.T.);
#11366=ADVANCED_FACE('',(#10391),#10800,.T.);
#11367=ADVANCED_FACE('',(#10392),#210,.T.);
#11368=ADVANCED_FACE('',(#10393),#75,.F.);
#11369=ADVANCED_FACE('',(#10394),#211,.T.);
#11370=ADVANCED_FACE('',(#10395),#212,.T.);
#11371=ADVANCED_FACE('',(#10396),#213,.T.);
#11372=ADVANCED_FACE('',(#10397),#214,.T.);
#11373=ADVANCED_FACE('',(#10398),#10801,.T.);
#11374=ADVANCED_FACE('',(#10399),#10802,.T.);
#11375=ADVANCED_FACE('',(#10400),#215,.T.);
#11376=ADVANCED_FACE('',(#10401),#216,.T.);
#11377=ADVANCED_FACE('',(#10402),#217,.T.);
#11378=ADVANCED_FACE('',(#10403),#218,.T.);
#11379=ADVANCED_FACE('',(#10404),#219,.T.);
#11380=ADVANCED_FACE('',(#10405),#220,.T.);
#11381=ADVANCED_FACE('',(#10406),#10803,.T.);
#11382=ADVANCED_FACE('',(#10407),#10804,.T.);
#11383=ADVANCED_FACE('',(#10408),#10805,.T.);
#11384=ADVANCED_FACE('',(#10409),#10806,.T.);
#11385=ADVANCED_FACE('',(#10410),#10807,.T.);
#11386=ADVANCED_FACE('',(#10411),#10808,.T.);
#11387=ADVANCED_FACE('',(#10412),#10809,.T.);
#11388=ADVANCED_FACE('',(#10413),#10810,.T.);
#11389=ADVANCED_FACE('',(#10414),#10811,.T.);
#11390=ADVANCED_FACE('',(#10415),#10812,.T.);
#11391=ADVANCED_FACE('',(#10416),#10813,.T.);
#11392=ADVANCED_FACE('',(#10417),#10814,.T.);
#11393=ADVANCED_FACE('',(#10418),#10815,.T.);
#11394=ADVANCED_FACE('',(#10419),#10816,.T.);
#11395=ADVANCED_FACE('',(#10420),#10817,.T.);
#11396=ADVANCED_FACE('',(#10421),#10818,.T.);
#11397=ADVANCED_FACE('',(#10422),#10819,.T.);
#11398=ADVANCED_FACE('',(#10423),#10820,.T.);
#11399=ADVANCED_FACE('',(#10424),#10821,.T.);
#11400=ADVANCED_FACE('',(#10425),#10822,.T.);
#11401=ADVANCED_FACE('',(#10426),#221,.T.);
#11402=ADVANCED_FACE('',(#10427),#222,.T.);
#11403=ADVANCED_FACE('',(#10428),#76,.F.);
#11404=ADVANCED_FACE('',(#10429),#77,.F.);
#11405=ADVANCED_FACE('',(#10430),#10823,.T.);
#11406=ADVANCED_FACE('',(#10431),#78,.T.);
#11407=ADVANCED_FACE('',(#10432),#79,.T.);
#11408=ADVANCED_FACE('',(#10433),#80,.T.);
#11409=ADVANCED_FACE('',(#10434),#223,.T.);
#11410=ADVANCED_FACE('',(#10435),#10824,.T.);
#11411=ADVANCED_FACE('',(#10436),#10825,.T.);
#11412=ADVANCED_FACE('',(#10437),#10826,.T.);
#11413=ADVANCED_FACE('',(#10438),#10827,.T.);
#11414=ADVANCED_FACE('',(#10439),#10828,.T.);
#11415=ADVANCED_FACE('',(#10440),#81,.F.);
#11416=ADVANCED_FACE('',(#10441),#10829,.T.);
#11417=ADVANCED_FACE('',(#10442),#10830,.T.);
#11418=ADVANCED_FACE('',(#10443),#10831,.T.);
#11419=ADVANCED_FACE('',(#10444),#10832,.T.);
#11420=ADVANCED_FACE('',(#10445),#10833,.T.);
#11421=ADVANCED_FACE('',(#10446),#10834,.T.);
#11422=ADVANCED_FACE('',(#10447),#10835,.T.);
#11423=ADVANCED_FACE('',(#10448),#10836,.T.);
#11424=ADVANCED_FACE('',(#10449),#10837,.T.);
#11425=ADVANCED_FACE('',(#10450),#82,.T.);
#11426=ADVANCED_FACE('',(#10451),#83,.T.);
#11427=ADVANCED_FACE('',(#10452),#224,.T.);
#11428=ADVANCED_FACE('',(#10453),#225,.T.);
#11429=ADVANCED_FACE('',(#10454),#10838,.T.);
#11430=ADVANCED_FACE('',(#10455),#10839,.T.);
#11431=ADVANCED_FACE('',(#10456),#10840,.T.);
#11432=ADVANCED_FACE('',(#10457),#10841,.T.);
#11433=ADVANCED_FACE('',(#10458),#10842,.T.);
#11434=ADVANCED_FACE('',(#10459),#226,.T.);
#11435=ADVANCED_FACE('',(#10460),#227,.T.);
#11436=ADVANCED_FACE('',(#10461),#84,.F.);
#11437=ADVANCED_FACE('',(#10462),#10843,.T.);
#11438=ADVANCED_FACE('',(#10463),#10844,.T.);
#11439=ADVANCED_FACE('',(#10464),#10845,.T.);
#11440=ADVANCED_FACE('',(#10465),#10846,.T.);
#11441=ADVANCED_FACE('',(#10466),#10847,.T.);
#11442=ADVANCED_FACE('',(#10467),#10848,.T.);
#11443=ADVANCED_FACE('',(#10468),#10849,.T.);
#11444=ADVANCED_FACE('',(#10469),#10850,.T.);
#11445=ADVANCED_FACE('',(#10470),#10851,.T.);
#11446=ADVANCED_FACE('',(#10471),#10852,.F.);
#11447=ADVANCED_FACE('',(#10472),#10853,.T.);
#11448=ADVANCED_FACE('',(#10473),#10854,.T.);
#11449=ADVANCED_FACE('',(#10474),#10855,.T.);
#11450=ADVANCED_FACE('',(#10475),#10856,.T.);
#11451=ADVANCED_FACE('',(#10476),#10857,.F.);
#11452=ADVANCED_FACE('',(#10477),#10858,.F.);
#11453=ADVANCED_FACE('',(#10478),#10859,.T.);
#11454=ADVANCED_FACE('',(#10479),#10860,.T.);
#11455=ADVANCED_FACE('',(#10480),#10861,.F.);
#11456=ADVANCED_FACE('',(#10481),#10862,.T.);
#11457=ADVANCED_FACE('',(#10482),#10863,.T.);
#11458=CLOSED_SHELL('',(#10864,#10865,#10866,#10867,#10868,#10869,#10870,
#10871,#10872,#10873,#10874,#10875,#10876,#10877,#10878,#10879,#10880,#10881,
#10882,#10883,#10884,#10885,#10886,#10887,#10888,#10889,#10890,#10891,#10892,
#10893,#10894,#10895,#10896,#10897,#10898,#10899,#10900,#10901,#10902,#10903,
#10904,#10905,#10906,#10907,#10908,#10909,#10910,#10911,#10912,#10913,#10914,
#10915,#10916,#10917,#10918,#10919,#10920,#10921,#10922,#10923,#10924,#10925,
#10926,#10927,#10928,#10929,#10930,#10931,#10932,#10933,#10934,#10935,#10936,
#10937,#10938,#10939,#10940,#10941,#10942,#10943,#10944,#10945,#10946,#10947,
#10948,#10949,#10950,#10951,#10952,#10953,#10954,#10955,#10956,#10957,#10958,
#10959,#10960,#10961,#10962,#10963,#10964,#10965,#10966,#10967,#10968,#10969,
#10970,#10971,#10972,#10973,#10974,#10975,#10976,#10977,#10978,#10979,#10980,
#10981,#10982,#10983,#10984,#10985,#10986,#10987,#10988,#10989,#10990,#10991,
#10992,#10993,#10994,#10995,#10996,#10997,#10998,#10999,#11000,#11001,#11002,
#11003,#11004,#11005,#11006,#11007,#11008,#11009,#11010,#11011,#11012,#11013,
#11014,#11015,#11016,#11017,#11018,#11019,#11020,#11021,#11022,#11023,#11024,
#11025,#11026,#11027,#11028,#11029,#11030,#11031,#11032,#11033,#11034,#11035,
#11036,#11037,#11038,#11039,#11040,#11041,#11042,#11043,#11044,#11045,#11046,
#11047,#11048,#11049,#11050,#11051,#11052,#11053,#11054,#11055,#11056,#11057,
#11058,#11059,#11060,#11061,#11062,#11063,#11064,#11065,#11066,#11067,#11068,
#11069,#11070,#11071,#11072,#11073,#11074,#11075,#11076,#11077,#11078,#11079,
#11080,#11081,#11082,#11083,#11084,#11085,#11086,#11087,#11088,#11089,#11090,
#11091,#11092,#11093,#11094,#11095,#11096,#11097,#11098,#11099,#11100,#11101,
#11102,#11103,#11104,#11105,#11106,#11107,#11108,#11109,#11110,#11111,#11112,
#11113,#11114,#11115,#11116,#11117,#11118,#11119,#11120,#11121,#11122,#11123,
#11124,#11125,#11126,#11127,#11128,#11129,#11130,#11131,#11132,#11133,#11134,
#11135,#11136,#11137,#11138,#11139,#11140,#11141,#11142,#11143,#11144,#11145,
#11146,#11147,#11148,#11149,#11150,#11151,#11152,#11153,#11154,#11155,#11156,
#11157,#11158,#11159,#11160,#11161,#11162,#11163,#11164,#11165,#11166,#11167,
#11168,#11169,#11170,#11171,#11172,#11173,#11174,#11175,#11176,#11177,#11178,
#11179,#11180,#11181,#11182,#11183,#11184,#11185,#11186,#11187,#11188,#11189,
#11190,#11191,#11192,#11193,#11194,#11195,#11196,#11197,#11198,#11199,#11200,
#11201,#11202,#11203,#11204,#11205,#11206,#11207,#11208,#11209,#11210,#11211,
#11212,#11213,#11214,#11215,#11216,#11217,#11218,#11219,#11220,#11221,#11222,
#11223,#11224,#11225,#11226,#11227,#11228,#11229,#11230,#11231,#11232,#11233,
#11234,#11235,#11236,#11237,#11238,#11239,#11240,#11241,#11242,#11243,#11244,
#11245,#11246,#11247,#11248,#11249,#11250,#11251,#11252,#11253,#11254,#11255,
#11256,#11257,#11258,#11259,#11260,#11261,#11262,#11263,#11264,#11265,#11266,
#11267,#11268,#11269,#11270,#11271,#11272,#11273,#11274,#11275,#11276,#11277,
#11278,#11279,#11280,#11281,#11282,#11283,#11284,#11285,#11286,#11287,#11288,
#11289,#11290,#11291,#11292,#11293,#11294,#11295,#11296,#11297,#11298,#11299,
#11300,#11301,#11302,#11303,#11304,#11305,#11306,#11307,#11308,#11309,#11310,
#11311,#11312,#11313,#11314,#11315,#11316,#11317,#11318,#11319,#11320,#11321,
#11322,#11323,#11324,#11325,#11326,#11327,#11328,#11329,#11330,#11331,#11332,
#11333,#11334,#11335,#11336,#11337,#11338,#11339,#11340,#11341,#11342,#11343,
#11344,#11345,#11346,#11347,#11348,#11349,#11350,#11351,#11352,#11353,#11354,
#11355,#11356,#11357,#11358,#11359,#11360,#11361,#11362,#11363,#11364,#11365,
#11366,#11367,#11368,#11369,#11370,#11371,#11372,#11373,#11374,#11375,#11376,
#11377,#11378,#11379,#11380,#11381,#11382,#11383,#11384,#11385,#11386,#11387,
#11388,#11389,#11390,#11391,#11392,#11393,#11394,#11395,#11396,#11397,#11398,
#11399,#11400,#11401,#11402,#11403,#11404,#11405,#11406,#11407,#11408,#11409,
#11410,#11411,#11412,#11413,#11414,#11415,#11416,#11417,#11418,#11419,#11420,
#11421,#11422,#11423,#11424,#11425,#11426,#11427,#11428,#11429,#11430,#11431,
#11432,#11433,#11434,#11435,#11436,#11437,#11438,#11439,#11440,#11441,#11442,
#11443,#11444,#11445,#11446,#11447,#11448,#11449,#11450,#11451,#11452,#11453,
#11454,#11455,#11456,#11457));
#11459=STYLED_ITEM('',(#11460),#11467);
#11460=PRESENTATION_STYLE_ASSIGNMENT((#11461));
#11461=SURFACE_STYLE_USAGE(.BOTH.,#11462);
#11462=SURFACE_SIDE_STYLE('',(#11463));
#11463=SURFACE_STYLE_FILL_AREA(#11464);
#11464=FILL_AREA_STYLE('',(#11465));
#11465=FILL_AREA_STYLE_COLOUR('',#11466);
#11466=COLOUR_RGB('',0.498039215686275,0.498039215686275,0.498039215686275);
#11467=MANIFOLD_SOLID_BREP('IO Cover Plate (rear)',#11458);
#11468=SHAPE_DEFINITION_REPRESENTATION(#19420,#11469);
#11469=SHAPE_REPRESENTATION('IO Cover Plate (rear)',(#11470),#19415);
#11470=AXIS2_PLACEMENT_3D('',#14473,#12065,#12066);
#11471=AXIS2_PLACEMENT_3D('',#14474,#12067,#12068);
#11472=AXIS2_PLACEMENT_3D('',#14514,#12072,#12073);
#11473=AXIS2_PLACEMENT_3D('',#14516,#12074,#12075);
#11474=AXIS2_PLACEMENT_3D('',#14536,#12077,#12078);
#11475=AXIS2_PLACEMENT_3D('',#14538,#12079,#12080);
#11476=AXIS2_PLACEMENT_3D('',#14610,#12100,#12101);
#11477=AXIS2_PLACEMENT_3D('',#14612,#12102,#12103);
#11478=AXIS2_PLACEMENT_3D('',#14632,#12105,#12106);
#11479=AXIS2_PLACEMENT_3D('',#14634,#12107,#12108);
#11480=AXIS2_PLACEMENT_3D('',#14651,#12117,#12118);
#11481=AXIS2_PLACEMENT_3D('',#14653,#12119,#12120);
#11482=AXIS2_PLACEMENT_3D('',#14655,#12121,#12122);
#11483=AXIS2_PLACEMENT_3D('',#14657,#12123,#12124);
#11484=AXIS2_PLACEMENT_3D('',#14659,#12125,#12126);
#11485=AXIS2_PLACEMENT_3D('',#14661,#12127,#12128);
#11486=AXIS2_PLACEMENT_3D('',#14663,#12129,#12130);
#11487=AXIS2_PLACEMENT_3D('',#14665,#12131,#12132);
#11488=AXIS2_PLACEMENT_3D('',#14667,#12133,#12134);
#11489=AXIS2_PLACEMENT_3D('',#14669,#12135,#12136);
#11490=AXIS2_PLACEMENT_3D('',#14671,#12137,#12138);
#11491=AXIS2_PLACEMENT_3D('',#14676,#12140,#12141);
#11492=AXIS2_PLACEMENT_3D('',#14680,#12143,#12144);
#11493=AXIS2_PLACEMENT_3D('',#14684,#12146,#12147);
#11494=AXIS2_PLACEMENT_3D('',#14688,#12149,#12150);
#11495=AXIS2_PLACEMENT_3D('',#14692,#12152,#12153);
#11496=AXIS2_PLACEMENT_3D('',#14696,#12155,#12156);
#11497=AXIS2_PLACEMENT_3D('',#14700,#12158,#12159);
#11498=AXIS2_PLACEMENT_3D('',#14704,#12161,#12162);
#11499=AXIS2_PLACEMENT_3D('',#14705,#12163,#12164);
#11500=AXIS2_PLACEMENT_3D('',#14862,#12214,#12215);
#11501=AXIS2_PLACEMENT_3D('',#14915,#12240,#12241);
#11502=AXIS2_PLACEMENT_3D('',#14962,#12246,#12247);
#11503=AXIS2_PLACEMENT_3D('',#14972,#12250,#12251);
#11504=AXIS2_PLACEMENT_3D('',#14974,#12252,#12253);
#11505=AXIS2_PLACEMENT_3D('',#14976,#12254,#12255);
#11506=AXIS2_PLACEMENT_3D('',#14978,#12256,#12257);
#11507=AXIS2_PLACEMENT_3D('',#15008,#12260,#12261);
#11508=AXIS2_PLACEMENT_3D('',#15010,#12262,#12263);
#11509=AXIS2_PLACEMENT_3D('',#15018,#12267,#12268);
#11510=AXIS2_PLACEMENT_3D('',#15020,#12269,#12270);
#11511=AXIS2_PLACEMENT_3D('',#15034,#12273,#12274);
#11512=AXIS2_PLACEMENT_3D('',#15198,#12324,#12325);
#11513=AXIS2_PLACEMENT_3D('',#15200,#12326,#12327);
#11514=AXIS2_PLACEMENT_3D('',#15232,#12335,#12336);
#11515=AXIS2_PLACEMENT_3D('',#15234,#12337,#12338);
#11516=AXIS2_PLACEMENT_3D('',#15246,#12344,#12345);
#11517=AXIS2_PLACEMENT_3D('',#15248,#12346,#12347);
#11518=AXIS2_PLACEMENT_3D('',#15276,#12353,#12354);
#11519=AXIS2_PLACEMENT_3D('',#15278,#12355,#12356);
#11520=AXIS2_PLACEMENT_3D('',#15474,#12434,#12435);
#11521=AXIS2_PLACEMENT_3D('',#15528,#12458,#12459);
#11522=AXIS2_PLACEMENT_3D('',#15530,#12460,#12461);
#11523=AXIS2_PLACEMENT_3D('',#15532,#12462,#12463);
#11524=AXIS2_PLACEMENT_3D('',#15536,#12465,#12466);
#11525=AXIS2_PLACEMENT_3D('',#15538,#12467,#12468);
#11526=AXIS2_PLACEMENT_3D('',#15560,#12475,#12476);
#11527=AXIS2_PLACEMENT_3D('',#15562,#12477,#12478);
#11528=AXIS2_PLACEMENT_3D('',#15590,#12484,#12485);
#11529=AXIS2_PLACEMENT_3D('',#15592,#12486,#12487);
#11530=AXIS2_PLACEMENT_3D('',#15609,#12496,#12497);
#11531=AXIS2_PLACEMENT_3D('',#15634,#12502,#12503);
#11532=AXIS2_PLACEMENT_3D('',#15657,#12507,#12508);
#11533=AXIS2_PLACEMENT_3D('',#15661,#12511,#12512);
#11534=AXIS2_PLACEMENT_3D('',#15663,#12514,#12515);
#11535=AXIS2_PLACEMENT_3D('',#15672,#12520,#12521);
#11536=AXIS2_PLACEMENT_3D('',#15674,#12522,#12523);
#11537=AXIS2_PLACEMENT_3D('',#15676,#12524,#12525);
#11538=AXIS2_PLACEMENT_3D('',#15678,#12526,#12527);
#11539=AXIS2_PLACEMENT_3D('',#15680,#12528,#12529);
#11540=AXIS2_PLACEMENT_3D('',#15682,#12530,#12531);
#11541=AXIS2_PLACEMENT_3D('',#15684,#12532,#12533);
#11542=AXIS2_PLACEMENT_3D('',#15686,#12534,#12535);
#11543=AXIS2_PLACEMENT_3D('',#15688,#12536,#12537);
#11544=AXIS2_PLACEMENT_3D('',#15690,#12538,#12539);
#11545=AXIS2_PLACEMENT_3D('',#15692,#12540,#12541);
#11546=AXIS2_PLACEMENT_3D('',#15703,#12546,#12547);
#11547=AXIS2_PLACEMENT_3D('',#15707,#12549,#12550);
#11548=AXIS2_PLACEMENT_3D('',#15711,#12552,#12553);
#11549=AXIS2_PLACEMENT_3D('',#15715,#12555,#12556);
#11550=AXIS2_PLACEMENT_3D('',#15719,#12558,#12559);
#11551=AXIS2_PLACEMENT_3D('',#15723,#12561,#12562);
#11552=AXIS2_PLACEMENT_3D('',#15727,#12564,#12565);
#11553=AXIS2_PLACEMENT_3D('',#15731,#12567,#12568);
#11554=AXIS2_PLACEMENT_3D('',#15734,#12570,#12571);
#11555=AXIS2_PLACEMENT_3D('',#15736,#12572,#12573);
#11556=AXIS2_PLACEMENT_3D('',#15737,#12574,#12575);
#11557=AXIS2_PLACEMENT_3D('',#15740,#12578,#12579);
#11558=AXIS2_PLACEMENT_3D('',#15743,#12582,#12583);
#11559=AXIS2_PLACEMENT_3D('',#15749,#12587,#12588);
#11560=AXIS2_PLACEMENT_3D('',#15752,#12591,#12592);
#11561=AXIS2_PLACEMENT_3D('',#15755,#12595,#12596);
#11562=AXIS2_PLACEMENT_3D('',#15762,#12601,#12602);
#11563=AXIS2_PLACEMENT_3D('',#15765,#12605,#12606);
#11564=AXIS2_PLACEMENT_3D('',#15768,#12609,#12610);
#11565=AXIS2_PLACEMENT_3D('',#15769,#12611,#12612);
#11566=AXIS2_PLACEMENT_3D('',#15770,#12613,#12614);
#11567=AXIS2_PLACEMENT_3D('',#15771,#12615,#12616);
#11568=AXIS2_PLACEMENT_3D('',#15772,#12617,#12618);
#11569=AXIS2_PLACEMENT_3D('',#15773,#12619,#12620);
#11570=AXIS2_PLACEMENT_3D('',#15774,#12621,#12622);
#11571=AXIS2_PLACEMENT_3D('',#15775,#12623,#12624);
#11572=AXIS2_PLACEMENT_3D('',#15776,#12625,#12626);
#11573=AXIS2_PLACEMENT_3D('',#15777,#12627,#12628);
#11574=AXIS2_PLACEMENT_3D('',#15778,#12629,#12630);
#11575=AXIS2_PLACEMENT_3D('',#15779,#12631,#12632);
#11576=AXIS2_PLACEMENT_3D('',#15780,#12633,#12634);
#11577=AXIS2_PLACEMENT_3D('',#15781,#12635,#12636);
#11578=AXIS2_PLACEMENT_3D('',#15782,#12637,#12638);
#11579=AXIS2_PLACEMENT_3D('',#15783,#12639,#12640);
#11580=AXIS2_PLACEMENT_3D('',#15784,#12641,#12642);
#11581=AXIS2_PLACEMENT_3D('',#15785,#12643,#12644);
#11582=AXIS2_PLACEMENT_3D('',#15786,#12645,#12646);
#11583=AXIS2_PLACEMENT_3D('',#15787,#12647,#12648);
#11584=AXIS2_PLACEMENT_3D('',#15788,#12649,#12650);
#11585=AXIS2_PLACEMENT_3D('',#15789,#12651,#12652);
#11586=AXIS2_PLACEMENT_3D('',#15790,#12653,#12654);
#11587=AXIS2_PLACEMENT_3D('',#15796,#12658,#12659);
#11588=AXIS2_PLACEMENT_3D('',#15800,#12662,#12663);
#11589=AXIS2_PLACEMENT_3D('',#15804,#12666,#12667);
#11590=AXIS2_PLACEMENT_3D('',#15808,#12670,#12671);
#11591=AXIS2_PLACEMENT_3D('',#15812,#12674,#12675);
#11592=AXIS2_PLACEMENT_3D('',#15816,#12678,#12679);
#11593=AXIS2_PLACEMENT_3D('',#15820,#12682,#12683);
#11594=AXIS2_PLACEMENT_3D('',#15824,#12686,#12687);
#11595=AXIS2_PLACEMENT_3D('',#15828,#12690,#12691);
#11596=AXIS2_PLACEMENT_3D('',#15832,#12694,#12695);
#11597=AXIS2_PLACEMENT_3D('',#15836,#12698,#12699);
#11598=AXIS2_PLACEMENT_3D('',#15840,#12702,#12703);
#11599=AXIS2_PLACEMENT_3D('',#15844,#12706,#12707);
#11600=AXIS2_PLACEMENT_3D('',#15848,#12710,#12711);
#11601=AXIS2_PLACEMENT_3D('',#15852,#12714,#12715);
#11602=AXIS2_PLACEMENT_3D('',#15856,#12718,#12719);
#11603=AXIS2_PLACEMENT_3D('',#15860,#12722,#12723);
#11604=AXIS2_PLACEMENT_3D('',#15862,#12725,#12726);
#11605=AXIS2_PLACEMENT_3D('',#15863,#12727,#12728);
#11606=AXIS2_PLACEMENT_3D('',#15869,#12732,#12733);
#11607=AXIS2_PLACEMENT_3D('',#15873,#12736,#12737);
#11608=AXIS2_PLACEMENT_3D('',#15877,#12740,#12741);
#11609=AXIS2_PLACEMENT_3D('',#15881,#12744,#12745);
#11610=AXIS2_PLACEMENT_3D('',#15885,#12748,#12749);
#11611=AXIS2_PLACEMENT_3D('',#15889,#12752,#12753);
#11612=AXIS2_PLACEMENT_3D('',#15893,#12756,#12757);
#11613=AXIS2_PLACEMENT_3D('',#15897,#12760,#12761);
#11614=AXIS2_PLACEMENT_3D('',#15901,#12764,#12765);
#11615=AXIS2_PLACEMENT_3D('',#15905,#12768,#12769);
#11616=AXIS2_PLACEMENT_3D('',#15909,#12772,#12773);
#11617=AXIS2_PLACEMENT_3D('',#15911,#12775,#12776);
#11618=AXIS2_PLACEMENT_3D('',#15912,#12777,#12778);
#11619=AXIS2_PLACEMENT_3D('',#15918,#12782,#12783);
#11620=AXIS2_PLACEMENT_3D('',#15922,#12786,#12787);
#11621=AXIS2_PLACEMENT_3D('',#15926,#12790,#12791);
#11622=AXIS2_PLACEMENT_3D('',#15930,#12794,#12795);
#11623=AXIS2_PLACEMENT_3D('',#15934,#12798,#12799);
#11624=AXIS2_PLACEMENT_3D('',#15938,#12802,#12803);
#11625=AXIS2_PLACEMENT_3D('',#15942,#12806,#12807);
#11626=AXIS2_PLACEMENT_3D('',#15946,#12810,#12811);
#11627=AXIS2_PLACEMENT_3D('',#15950,#12814,#12815);
#11628=AXIS2_PLACEMENT_3D('',#15952,#12817,#12818);
#11629=AXIS2_PLACEMENT_3D('',#15953,#12819,#12820);
#11630=AXIS2_PLACEMENT_3D('',#15959,#12824,#12825);
#11631=AXIS2_PLACEMENT_3D('',#15963,#12828,#12829);
#11632=AXIS2_PLACEMENT_3D('',#15967,#12832,#12833);
#11633=AXIS2_PLACEMENT_3D('',#15971,#12836,#12837);
#11634=AXIS2_PLACEMENT_3D('',#15975,#12840,#12841);
#11635=AXIS2_PLACEMENT_3D('',#15979,#12844,#12845);
#11636=AXIS2_PLACEMENT_3D('',#15983,#12848,#12849);
#11637=AXIS2_PLACEMENT_3D('',#16000,#12853,#12854);
#11638=AXIS2_PLACEMENT_3D('',#16003,#12856,#12857);
#11639=AXIS2_PLACEMENT_3D('',#16056,#12862,#12863);
#11640=AXIS2_PLACEMENT_3D('',#16060,#12866,#12867);
#11641=AXIS2_PLACEMENT_3D('',#16142,#12876,#12877);
#11642=AXIS2_PLACEMENT_3D('',#16144,#12879,#12880);
#11643=AXIS2_PLACEMENT_3D('',#16145,#12881,#12882);
#11644=AXIS2_PLACEMENT_3D('',#16151,#12886,#12887);
#11645=AXIS2_PLACEMENT_3D('',#16155,#12890,#12891);
#11646=AXIS2_PLACEMENT_3D('',#16159,#12894,#12895);
#11647=AXIS2_PLACEMENT_3D('',#16163,#12898,#12899);
#11648=AXIS2_PLACEMENT_3D('',#16167,#12902,#12903);
#11649=AXIS2_PLACEMENT_3D('',#16171,#12906,#12907);
#11650=AXIS2_PLACEMENT_3D('',#16175,#12910,#12911);
#11651=AXIS2_PLACEMENT_3D('',#16179,#12914,#12915);
#11652=AXIS2_PLACEMENT_3D('',#16183,#12918,#12919);
#11653=AXIS2_PLACEMENT_3D('',#16187,#12922,#12923);
#11654=AXIS2_PLACEMENT_3D('',#16191,#12926,#12927);
#11655=AXIS2_PLACEMENT_3D('',#16195,#12930,#12931);
#11656=AXIS2_PLACEMENT_3D('',#16199,#12934,#12935);
#11657=AXIS2_PLACEMENT_3D('',#16203,#12938,#12939);
#11658=AXIS2_PLACEMENT_3D('',#16207,#12942,#12943);
#11659=AXIS2_PLACEMENT_3D('',#16211,#12946,#12947);
#11660=AXIS2_PLACEMENT_3D('',#16215,#12950,#12951);
#11661=AXIS2_PLACEMENT_3D('',#16217,#12953,#12954);
#11662=AXIS2_PLACEMENT_3D('',#16238,#12957,#12958);
#11663=AXIS2_PLACEMENT_3D('',#16278,#12964,#12965);
#11664=AXIS2_PLACEMENT_3D('',#16279,#12966,#12967);
#11665=AXIS2_PLACEMENT_3D('',#16283,#12969,#12970);
#11666=AXIS2_PLACEMENT_3D('',#16284,#12971,#12972);
#11667=AXIS2_PLACEMENT_3D('',#16285,#12973,#12974);
#11668=AXIS2_PLACEMENT_3D('',#16289,#12976,#12977);
#11669=AXIS2_PLACEMENT_3D('',#16290,#12978,#12979);
#11670=AXIS2_PLACEMENT_3D('',#16296,#12983,#12984);
#11671=AXIS2_PLACEMENT_3D('',#16297,#12985,#12986);
#11672=AXIS2_PLACEMENT_3D('',#16301,#12988,#12989);
#11673=AXIS2_PLACEMENT_3D('',#16302,#12990,#12991);
#11674=AXIS2_PLACEMENT_3D('',#16303,#12992,#12993);
#11675=AXIS2_PLACEMENT_3D('',#16307,#12995,#12996);
#11676=AXIS2_PLACEMENT_3D('',#16308,#12997,#12998);
#11677=AXIS2_PLACEMENT_3D('',#16311,#13000,#13001);
#11678=AXIS2_PLACEMENT_3D('',#16314,#13003,#13004);
#11679=AXIS2_PLACEMENT_3D('',#16318,#13007,#13008);
#11680=AXIS2_PLACEMENT_3D('',#16322,#13011,#13012);
#11681=AXIS2_PLACEMENT_3D('',#16326,#13015,#13016);
#11682=AXIS2_PLACEMENT_3D('',#16330,#13019,#13020);
#11683=AXIS2_PLACEMENT_3D('',#16334,#13023,#13024);
#11684=AXIS2_PLACEMENT_3D('',#16338,#13027,#13028);
#11685=AXIS2_PLACEMENT_3D('',#16342,#13031,#13032);
#11686=AXIS2_PLACEMENT_3D('',#16346,#13035,#13036);
#11687=AXIS2_PLACEMENT_3D('',#16350,#13039,#13040);
#11688=AXIS2_PLACEMENT_3D('',#16353,#13042,#13043);
#11689=AXIS2_PLACEMENT_3D('',#16354,#13044,#13045);
#11690=AXIS2_PLACEMENT_3D('',#16357,#13047,#13048);
#11691=AXIS2_PLACEMENT_3D('',#16384,#13051,#13052);
#11692=AXIS2_PLACEMENT_3D('',#16414,#13057,#13058);
#11693=AXIS2_PLACEMENT_3D('',#16415,#13059,#13060);
#11694=AXIS2_PLACEMENT_3D('',#16430,#13061,#13062);
#11695=AXIS2_PLACEMENT_3D('',#16431,#13063,#13064);
#11696=AXIS2_PLACEMENT_3D('',#16432,#13065,#13066);
#11697=AXIS2_PLACEMENT_3D('',#16437,#13068,#13069);
#11698=AXIS2_PLACEMENT_3D('',#16474,#13073,#13074);
#11699=AXIS2_PLACEMENT_3D('',#16480,#13078,#13079);
#11700=AXIS2_PLACEMENT_3D('',#16486,#13083,#13084);
#11701=AXIS2_PLACEMENT_3D('',#16507,#13090,#13091);
#11702=AXIS2_PLACEMENT_3D('',#16510,#13093,#13094);
#11703=AXIS2_PLACEMENT_3D('',#16524,#13096,#13097);
#11704=AXIS2_PLACEMENT_3D('',#16528,#13100,#13101);
#11705=AXIS2_PLACEMENT_3D('',#16531,#13103,#13104);
#11706=AXIS2_PLACEMENT_3D('',#16571,#13108,#13109);
#11707=AXIS2_PLACEMENT_3D('',#16575,#13112,#13113);
#11708=AXIS2_PLACEMENT_3D('',#16579,#13116,#13117);
#11709=AXIS2_PLACEMENT_3D('',#16635,#13124,#13125);
#11710=AXIS2_PLACEMENT_3D('',#16664,#13128,#13129);
#11711=AXIS2_PLACEMENT_3D('',#16685,#13132,#13133);
#11712=AXIS2_PLACEMENT_3D('',#16759,#13141,#13142);
#11713=AXIS2_PLACEMENT_3D('',#16814,#13150,#13151);
#11714=AXIS2_PLACEMENT_3D('',#16870,#13158,#13159);
#11715=AXIS2_PLACEMENT_3D('',#16925,#13164,#13165);
#11716=AXIS2_PLACEMENT_3D('',#16926,#13166,#13167);
#11717=AXIS2_PLACEMENT_3D('',#16927,#13168,#13169);
#11718=AXIS2_PLACEMENT_3D('',#16932,#13171,#13172);
#11719=AXIS2_PLACEMENT_3D('',#16969,#13176,#13177);
#11720=AXIS2_PLACEMENT_3D('',#16970,#13178,#13179);
#11721=AXIS2_PLACEMENT_3D('',#16974,#13181,#13182);
#11722=AXIS2_PLACEMENT_3D('',#16992,#13184,#13185);
#11723=AXIS2_PLACEMENT_3D('',#16998,#13189,#13190);
#11724=AXIS2_PLACEMENT_3D('',#17004,#13194,#13195);
#11725=AXIS2_PLACEMENT_3D('',#17007,#13197,#13198);
#11726=AXIS2_PLACEMENT_3D('',#17010,#13200,#13201);
#11727=AXIS2_PLACEMENT_3D('',#17014,#13204,#13205);
#11728=AXIS2_PLACEMENT_3D('',#17018,#13208,#13209);
#11729=AXIS2_PLACEMENT_3D('',#17022,#13212,#13213);
#11730=AXIS2_PLACEMENT_3D('',#17025,#13215,#13216);
#11731=AXIS2_PLACEMENT_3D('',#17026,#13217,#13218);
#11732=AXIS2_PLACEMENT_3D('',#17030,#13221,#13222);
#11733=AXIS2_PLACEMENT_3D('',#17060,#13227,#13228);
#11734=AXIS2_PLACEMENT_3D('',#17063,#13230,#13231);
#11735=AXIS2_PLACEMENT_3D('',#17064,#13232,#13233);
#11736=AXIS2_PLACEMENT_3D('',#17067,#13235,#13236);
#11737=AXIS2_PLACEMENT_3D('',#17068,#13237,#13238);
#11738=AXIS2_PLACEMENT_3D('',#17072,#13241,#13242);
#11739=AXIS2_PLACEMENT_3D('',#17076,#13245,#13246);
#11740=AXIS2_PLACEMENT_3D('',#17080,#13249,#13250);
#11741=AXIS2_PLACEMENT_3D('',#17083,#13252,#13253);
#11742=AXIS2_PLACEMENT_3D('',#17084,#13254,#13255);
#11743=AXIS2_PLACEMENT_3D('',#17087,#13257,#13258);
#11744=AXIS2_PLACEMENT_3D('',#17114,#13261,#13262);
#11745=AXIS2_PLACEMENT_3D('',#17118,#13265,#13266);
#11746=AXIS2_PLACEMENT_3D('',#17174,#13273,#13274);
#11747=AXIS2_PLACEMENT_3D('',#17177,#13276,#13277);
#11748=AXIS2_PLACEMENT_3D('',#17178,#13278,#13279);
#11749=AXIS2_PLACEMENT_3D('',#17181,#13281,#13282);
#11750=AXIS2_PLACEMENT_3D('',#17182,#13283,#13284);
#11751=AXIS2_PLACEMENT_3D('',#17183,#13285,#13286);
#11752=AXIS2_PLACEMENT_3D('',#17184,#13287,#13288);
#11753=AXIS2_PLACEMENT_3D('',#17185,#13289,#13290);
#11754=AXIS2_PLACEMENT_3D('',#17186,#13291,#13292);
#11755=AXIS2_PLACEMENT_3D('',#17187,#13293,#13294);
#11756=AXIS2_PLACEMENT_3D('',#17188,#13295,#13296);
#11757=AXIS2_PLACEMENT_3D('',#17194,#13300,#13301);
#11758=AXIS2_PLACEMENT_3D('',#17198,#13304,#13305);
#11759=AXIS2_PLACEMENT_3D('',#17202,#13308,#13309);
#11760=AXIS2_PLACEMENT_3D('',#17206,#13312,#13313);
#11761=AXIS2_PLACEMENT_3D('',#17210,#13316,#13317);
#11762=AXIS2_PLACEMENT_3D('',#17214,#13320,#13321);
#11763=AXIS2_PLACEMENT_3D('',#17218,#13324,#13325);
#11764=AXIS2_PLACEMENT_3D('',#17220,#13327,#13328);
#11765=AXIS2_PLACEMENT_3D('',#17221,#13329,#13330);
#11766=AXIS2_PLACEMENT_3D('',#17227,#13334,#13335);
#11767=AXIS2_PLACEMENT_3D('',#17231,#13338,#13339);
#11768=AXIS2_PLACEMENT_3D('',#17235,#13342,#13343);
#11769=AXIS2_PLACEMENT_3D('',#17239,#13346,#13347);
#11770=AXIS2_PLACEMENT_3D('',#17243,#13350,#13351);
#11771=AXIS2_PLACEMENT_3D('',#17247,#13354,#13355);
#11772=AXIS2_PLACEMENT_3D('',#17251,#13358,#13359);
#11773=AXIS2_PLACEMENT_3D('',#17253,#13361,#13362);
#11774=AXIS2_PLACEMENT_3D('',#17274,#13365,#13366);
#11775=AXIS2_PLACEMENT_3D('',#17314,#13372,#13373);
#11776=AXIS2_PLACEMENT_3D('',#17315,#13374,#13375);
#11777=AXIS2_PLACEMENT_3D('',#17319,#13377,#13378);
#11778=AXIS2_PLACEMENT_3D('',#17320,#13379,#13380);
#11779=AXIS2_PLACEMENT_3D('',#17321,#13381,#13382);
#11780=AXIS2_PLACEMENT_3D('',#17325,#13384,#13385);
#11781=AXIS2_PLACEMENT_3D('',#17326,#13386,#13387);
#11782=AXIS2_PLACEMENT_3D('',#17332,#13391,#13392);
#11783=AXIS2_PLACEMENT_3D('',#17333,#13393,#13394);
#11784=AXIS2_PLACEMENT_3D('',#17337,#13396,#13397);
#11785=AXIS2_PLACEMENT_3D('',#17338,#13398,#13399);
#11786=AXIS2_PLACEMENT_3D('',#17339,#13400,#13401);
#11787=AXIS2_PLACEMENT_3D('',#17343,#13403,#13404);
#11788=AXIS2_PLACEMENT_3D('',#17344,#13405,#13406);
#11789=AXIS2_PLACEMENT_3D('',#17347,#13408,#13409);
#11790=AXIS2_PLACEMENT_3D('',#17350,#13411,#13412);
#11791=AXIS2_PLACEMENT_3D('',#17354,#13415,#13416);
#11792=AXIS2_PLACEMENT_3D('',#17358,#13419,#13420);
#11793=AXIS2_PLACEMENT_3D('',#17362,#13423,#13424);
#11794=AXIS2_PLACEMENT_3D('',#17366,#13427,#13428);
#11795=AXIS2_PLACEMENT_3D('',#17370,#13431,#13432);
#11796=AXIS2_PLACEMENT_3D('',#17374,#13435,#13436);
#11797=AXIS2_PLACEMENT_3D('',#17378,#13439,#13440);
#11798=AXIS2_PLACEMENT_3D('',#17382,#13443,#13444);
#11799=AXIS2_PLACEMENT_3D('',#17386,#13447,#13448);
#11800=AXIS2_PLACEMENT_3D('',#17389,#13450,#13451);
#11801=AXIS2_PLACEMENT_3D('',#17390,#13452,#13453);
#11802=AXIS2_PLACEMENT_3D('',#17393,#13455,#13456);
#11803=AXIS2_PLACEMENT_3D('',#17420,#13459,#13460);
#11804=AXIS2_PLACEMENT_3D('',#17450,#13465,#13466);
#11805=AXIS2_PLACEMENT_3D('',#17451,#13467,#13468);
#11806=AXIS2_PLACEMENT_3D('',#17466,#13469,#13470);
#11807=AXIS2_PLACEMENT_3D('',#17487,#13473,#13474);
#11808=AXIS2_PLACEMENT_3D('',#17561,#13482,#13483);
#11809=AXIS2_PLACEMENT_3D('',#17616,#13491,#13492);
#11810=AXIS2_PLACEMENT_3D('',#17672,#13499,#13500);
#11811=AXIS2_PLACEMENT_3D('',#17727,#13505,#13506);
#11812=AXIS2_PLACEMENT_3D('',#17748,#13509,#13510);
#11813=AXIS2_PLACEMENT_3D('',#17822,#13518,#13519);
#11814=AXIS2_PLACEMENT_3D('',#17877,#13527,#13528);
#11815=AXIS2_PLACEMENT_3D('',#17933,#13535,#13536);
#11816=AXIS2_PLACEMENT_3D('',#17988,#13541,#13542);
#11817=AXIS2_PLACEMENT_3D('',#18009,#13545,#13546);
#11818=AXIS2_PLACEMENT_3D('',#18083,#13554,#13555);
#11819=AXIS2_PLACEMENT_3D('',#18138,#13563,#13564);
#11820=AXIS2_PLACEMENT_3D('',#18194,#13571,#13572);
#11821=AXIS2_PLACEMENT_3D('',#18249,#13577,#13578);
#11822=AXIS2_PLACEMENT_3D('',#18250,#13579,#13580);
#11823=AXIS2_PLACEMENT_3D('',#18256,#13584,#13585);
#11824=AXIS2_PLACEMENT_3D('',#18260,#13588,#13589);
#11825=AXIS2_PLACEMENT_3D('',#18264,#13592,#13593);
#11826=AXIS2_PLACEMENT_3D('',#18268,#13596,#13597);
#11827=AXIS2_PLACEMENT_3D('',#18272,#13600,#13601);
#11828=AXIS2_PLACEMENT_3D('',#18276,#13604,#13605);
#11829=AXIS2_PLACEMENT_3D('',#18280,#13608,#13609);
#11830=AXIS2_PLACEMENT_3D('',#18284,#13612,#13613);
#11831=AXIS2_PLACEMENT_3D('',#18288,#13616,#13617);
#11832=AXIS2_PLACEMENT_3D('',#18290,#13619,#13620);
#11833=AXIS2_PLACEMENT_3D('',#18291,#13621,#13622);
#11834=AXIS2_PLACEMENT_3D('',#18297,#13626,#13627);
#11835=AXIS2_PLACEMENT_3D('',#18301,#13630,#13631);
#11836=AXIS2_PLACEMENT_3D('',#18305,#13634,#13635);
#11837=AXIS2_PLACEMENT_3D('',#18307,#13637,#13638);
#11838=AXIS2_PLACEMENT_3D('',#18308,#13639,#13640);
#11839=AXIS2_PLACEMENT_3D('',#18314,#13644,#13645);
#11840=AXIS2_PLACEMENT_3D('',#18318,#13648,#13649);
#11841=AXIS2_PLACEMENT_3D('',#18322,#13652,#13653);
#11842=AXIS2_PLACEMENT_3D('',#18326,#13656,#13657);
#11843=AXIS2_PLACEMENT_3D('',#18330,#13660,#13661);
#11844=AXIS2_PLACEMENT_3D('',#18334,#13664,#13665);
#11845=AXIS2_PLACEMENT_3D('',#18338,#13668,#13669);
#11846=AXIS2_PLACEMENT_3D('',#18342,#13672,#13673);
#11847=AXIS2_PLACEMENT_3D('',#18346,#13676,#13677);
#11848=AXIS2_PLACEMENT_3D('',#18348,#13679,#13680);
#11849=AXIS2_PLACEMENT_3D('',#18349,#13681,#13682);
#11850=AXIS2_PLACEMENT_3D('',#18355,#13686,#13687);
#11851=AXIS2_PLACEMENT_3D('',#18359,#13690,#13691);
#11852=AXIS2_PLACEMENT_3D('',#18363,#13694,#13695);
#11853=AXIS2_PLACEMENT_3D('',#18365,#13697,#13698);
#11854=AXIS2_PLACEMENT_3D('',#18366,#13699,#13700);
#11855=AXIS2_PLACEMENT_3D('',#18372,#13704,#13705);
#11856=AXIS2_PLACEMENT_3D('',#18376,#13708,#13709);
#11857=AXIS2_PLACEMENT_3D('',#18380,#13712,#13713);
#11858=AXIS2_PLACEMENT_3D('',#18384,#13716,#13717);
#11859=AXIS2_PLACEMENT_3D('',#18388,#13720,#13721);
#11860=AXIS2_PLACEMENT_3D('',#18392,#13724,#13725);
#11861=AXIS2_PLACEMENT_3D('',#18395,#13727,#13728);
#11862=AXIS2_PLACEMENT_3D('',#18396,#13729,#13730);
#11863=AXIS2_PLACEMENT_3D('',#18399,#13732,#13733);
#11864=AXIS2_PLACEMENT_3D('',#18426,#13736,#13737);
#11865=AXIS2_PLACEMENT_3D('',#18430,#13740,#13741);
#11866=AXIS2_PLACEMENT_3D('',#18434,#13744,#13745);
#11867=AXIS2_PLACEMENT_3D('',#18438,#13748,#13749);
#11868=AXIS2_PLACEMENT_3D('',#18442,#13752,#13753);
#11869=AXIS2_PLACEMENT_3D('',#18446,#13756,#13757);
#11870=AXIS2_PLACEMENT_3D('',#18450,#13760,#13761);
#11871=AXIS2_PLACEMENT_3D('',#18480,#13766,#13767);
#11872=AXIS2_PLACEMENT_3D('',#18483,#13769,#13770);
#11873=AXIS2_PLACEMENT_3D('',#18484,#13771,#13772);
#11874=AXIS2_PLACEMENT_3D('',#18487,#13774,#13775);
#11875=AXIS2_PLACEMENT_3D('',#18488,#13776,#13777);
#11876=AXIS2_PLACEMENT_3D('',#18492,#13780,#13781);
#11877=AXIS2_PLACEMENT_3D('',#18496,#13784,#13785);
#11878=AXIS2_PLACEMENT_3D('',#18500,#13788,#13789);
#11879=AXIS2_PLACEMENT_3D('',#18504,#13792,#13793);
#11880=AXIS2_PLACEMENT_3D('',#18506,#13795,#13796);
#11881=AXIS2_PLACEMENT_3D('',#18507,#13797,#13798);
#11882=AXIS2_PLACEMENT_3D('',#18510,#13800,#13801);
#11883=AXIS2_PLACEMENT_3D('',#18513,#13803,#13804);
#11884=AXIS2_PLACEMENT_3D('',#18517,#13807,#13808);
#11885=AXIS2_PLACEMENT_3D('',#18521,#13811,#13812);
#11886=AXIS2_PLACEMENT_3D('',#18525,#13815,#13816);
#11887=AXIS2_PLACEMENT_3D('',#18529,#13819,#13820);
#11888=AXIS2_PLACEMENT_3D('',#18533,#13823,#13824);
#11889=AXIS2_PLACEMENT_3D('',#18537,#13827,#13828);
#11890=AXIS2_PLACEMENT_3D('',#18541,#13831,#13832);
#11891=AXIS2_PLACEMENT_3D('',#18545,#13835,#13836);
#11892=AXIS2_PLACEMENT_3D('',#18549,#13839,#13840);
#11893=AXIS2_PLACEMENT_3D('',#18552,#13842,#13843);
#11894=AXIS2_PLACEMENT_3D('',#18553,#13844,#13845);
#11895=AXIS2_PLACEMENT_3D('',#18556,#13847,#13848);
#11896=AXIS2_PLACEMENT_3D('',#18583,#13851,#13852);
#11897=AXIS2_PLACEMENT_3D('',#18587,#13855,#13856);
#11898=AXIS2_PLACEMENT_3D('',#18591,#13859,#13860);
#11899=AXIS2_PLACEMENT_3D('',#18595,#13863,#13864);
#11900=AXIS2_PLACEMENT_3D('',#18599,#13867,#13868);
#11901=AXIS2_PLACEMENT_3D('',#18629,#13873,#13874);
#11902=AXIS2_PLACEMENT_3D('',#18630,#13875,#13876);
#11903=AXIS2_PLACEMENT_3D('',#18631,#13877,#13878);
#11904=AXIS2_PLACEMENT_3D('',#18632,#13879,#13880);
#11905=AXIS2_PLACEMENT_3D('',#18638,#13884,#13885);
#11906=AXIS2_PLACEMENT_3D('',#18642,#13888,#13889);
#11907=AXIS2_PLACEMENT_3D('',#18646,#13892,#13893);
#11908=AXIS2_PLACEMENT_3D('',#18650,#13896,#13897);
#11909=AXIS2_PLACEMENT_3D('',#18654,#13900,#13901);
#11910=AXIS2_PLACEMENT_3D('',#18658,#13904,#13905);
#11911=AXIS2_PLACEMENT_3D('',#18662,#13908,#13909);
#11912=AXIS2_PLACEMENT_3D('',#18666,#13912,#13913);
#11913=AXIS2_PLACEMENT_3D('',#18670,#13916,#13917);
#11914=AXIS2_PLACEMENT_3D('',#18672,#13919,#13920);
#11915=AXIS2_PLACEMENT_3D('',#18673,#13921,#13922);
#11916=AXIS2_PLACEMENT_3D('',#18679,#13926,#13927);
#11917=AXIS2_PLACEMENT_3D('',#18683,#13930,#13931);
#11918=AXIS2_PLACEMENT_3D('',#18687,#13934,#13935);
#11919=AXIS2_PLACEMENT_3D('',#18689,#13937,#13938);
#11920=AXIS2_PLACEMENT_3D('',#18690,#13939,#13940);
#11921=AXIS2_PLACEMENT_3D('',#18696,#13944,#13945);
#11922=AXIS2_PLACEMENT_3D('',#18700,#13948,#13949);
#11923=AXIS2_PLACEMENT_3D('',#18704,#13952,#13953);
#11924=AXIS2_PLACEMENT_3D('',#18708,#13956,#13957);
#11925=AXIS2_PLACEMENT_3D('',#18712,#13960,#13961);
#11926=AXIS2_PLACEMENT_3D('',#18716,#13964,#13965);
#11927=AXIS2_PLACEMENT_3D('',#18720,#13968,#13969);
#11928=AXIS2_PLACEMENT_3D('',#18724,#13972,#13973);
#11929=AXIS2_PLACEMENT_3D('',#18728,#13976,#13977);
#11930=AXIS2_PLACEMENT_3D('',#18732,#13980,#13981);
#11931=AXIS2_PLACEMENT_3D('',#18736,#13984,#13985);
#11932=AXIS2_PLACEMENT_3D('',#18740,#13988,#13989);
#11933=AXIS2_PLACEMENT_3D('',#18744,#13992,#13993);
#11934=AXIS2_PLACEMENT_3D('',#18748,#13996,#13997);
#11935=AXIS2_PLACEMENT_3D('',#18752,#14000,#14001);
#11936=AXIS2_PLACEMENT_3D('',#18756,#14004,#14005);
#11937=AXIS2_PLACEMENT_3D('',#18760,#14008,#14009);
#11938=AXIS2_PLACEMENT_3D('',#18762,#14011,#14012);
#11939=AXIS2_PLACEMENT_3D('',#18763,#14013,#14014);
#11940=AXIS2_PLACEMENT_3D('',#18769,#14018,#14019);
#11941=AXIS2_PLACEMENT_3D('',#18773,#14022,#14023);
#11942=AXIS2_PLACEMENT_3D('',#18777,#14026,#14027);
#11943=AXIS2_PLACEMENT_3D('',#18779,#14029,#14030);
#11944=AXIS2_PLACEMENT_3D('',#18780,#14031,#14032);
#11945=AXIS2_PLACEMENT_3D('',#18786,#14036,#14037);
#11946=AXIS2_PLACEMENT_3D('',#18790,#14040,#14041);
#11947=AXIS2_PLACEMENT_3D('',#18794,#14044,#14045);
#11948=AXIS2_PLACEMENT_3D('',#18798,#14048,#14049);
#11949=AXIS2_PLACEMENT_3D('',#18802,#14052,#14053);
#11950=AXIS2_PLACEMENT_3D('',#18806,#14056,#14057);
#11951=AXIS2_PLACEMENT_3D('',#18810,#14060,#14061);
#11952=AXIS2_PLACEMENT_3D('',#18814,#14064,#14065);
#11953=AXIS2_PLACEMENT_3D('',#18818,#14068,#14069);
#11954=AXIS2_PLACEMENT_3D('',#18822,#14072,#14073);
#11955=AXIS2_PLACEMENT_3D('',#18826,#14076,#14077);
#11956=AXIS2_PLACEMENT_3D('',#18830,#14080,#14081);
#11957=AXIS2_PLACEMENT_3D('',#18834,#14084,#14085);
#11958=AXIS2_PLACEMENT_3D('',#18838,#14088,#14089);
#11959=AXIS2_PLACEMENT_3D('',#18842,#14092,#14093);
#11960=AXIS2_PLACEMENT_3D('',#18846,#14096,#14097);
#11961=AXIS2_PLACEMENT_3D('',#18850,#14100,#14101);
#11962=AXIS2_PLACEMENT_3D('',#18852,#14103,#14104);
#11963=AXIS2_PLACEMENT_3D('',#18853,#14105,#14106);
#11964=AXIS2_PLACEMENT_3D('',#18859,#14110,#14111);
#11965=AXIS2_PLACEMENT_3D('',#18863,#14114,#14115);
#11966=AXIS2_PLACEMENT_3D('',#18867,#14118,#14119);
#11967=AXIS2_PLACEMENT_3D('',#18871,#14122,#14123);
#11968=AXIS2_PLACEMENT_3D('',#18875,#14126,#14127);
#11969=AXIS2_PLACEMENT_3D('',#18879,#14130,#14131);
#11970=AXIS2_PLACEMENT_3D('',#18883,#14134,#14135);
#11971=AXIS2_PLACEMENT_3D('',#18887,#14138,#14139);
#11972=AXIS2_PLACEMENT_3D('',#18891,#14142,#14143);
#11973=AXIS2_PLACEMENT_3D('',#18893,#14145,#14146);
#11974=AXIS2_PLACEMENT_3D('',#18894,#14147,#14148);
#11975=AXIS2_PLACEMENT_3D('',#18900,#14152,#14153);
#11976=AXIS2_PLACEMENT_3D('',#18904,#14156,#14157);
#11977=AXIS2_PLACEMENT_3D('',#18908,#14160,#14161);
#11978=AXIS2_PLACEMENT_3D('',#18912,#14164,#14165);
#11979=AXIS2_PLACEMENT_3D('',#18916,#14168,#14169);
#11980=AXIS2_PLACEMENT_3D('',#18920,#14172,#14173);
#11981=AXIS2_PLACEMENT_3D('',#18924,#14176,#14177);
#11982=AXIS2_PLACEMENT_3D('',#18941,#14181,#14182);
#11983=AXIS2_PLACEMENT_3D('',#18944,#14184,#14185);
#11984=AXIS2_PLACEMENT_3D('',#18997,#14190,#14191);
#11985=AXIS2_PLACEMENT_3D('',#19001,#14194,#14195);
#11986=AXIS2_PLACEMENT_3D('',#19083,#14204,#14205);
#11987=AXIS2_PLACEMENT_3D('',#19085,#14207,#14208);
#11988=AXIS2_PLACEMENT_3D('',#19086,#14209,#14210);
#11989=AXIS2_PLACEMENT_3D('',#19092,#14214,#14215);
#11990=AXIS2_PLACEMENT_3D('',#19096,#14218,#14219);
#11991=AXIS2_PLACEMENT_3D('',#19100,#14222,#14223);
#11992=AXIS2_PLACEMENT_3D('',#19104,#14226,#14227);
#11993=AXIS2_PLACEMENT_3D('',#19108,#14230,#14231);
#11994=AXIS2_PLACEMENT_3D('',#19112,#14234,#14235);
#11995=AXIS2_PLACEMENT_3D('',#19116,#14238,#14239);
#11996=AXIS2_PLACEMENT_3D('',#19120,#14242,#14243);
#11997=AXIS2_PLACEMENT_3D('',#19124,#14246,#14247);
#11998=AXIS2_PLACEMENT_3D('',#19126,#14249,#14250);
#11999=AXIS2_PLACEMENT_3D('',#19127,#14251,#14252);
#12000=AXIS2_PLACEMENT_3D('',#19133,#14256,#14257);
#12001=AXIS2_PLACEMENT_3D('',#19137,#14260,#14261);
#12002=AXIS2_PLACEMENT_3D('',#19141,#14264,#14265);
#12003=AXIS2_PLACEMENT_3D('',#19145,#14268,#14269);
#12004=AXIS2_PLACEMENT_3D('',#19149,#14272,#14273);
#12005=AXIS2_PLACEMENT_3D('',#19153,#14276,#14277);
#12006=AXIS2_PLACEMENT_3D('',#19183,#14282,#14283);
#12007=AXIS2_PLACEMENT_3D('',#19186,#14285,#14286);
#12008=AXIS2_PLACEMENT_3D('',#19187,#14287,#14288);
#12009=AXIS2_PLACEMENT_3D('',#19190,#14290,#14291);
#12010=AXIS2_PLACEMENT_3D('',#19191,#14292,#14293);
#12011=AXIS2_PLACEMENT_3D('',#19195,#14296,#14297);
#12012=AXIS2_PLACEMENT_3D('',#19198,#14299,#14300);
#12013=AXIS2_PLACEMENT_3D('',#19199,#14301,#14302);
#12014=AXIS2_PLACEMENT_3D('',#19202,#14304,#14305);
#12015=AXIS2_PLACEMENT_3D('',#19203,#14306,#14307);
#12016=AXIS2_PLACEMENT_3D('',#19206,#14309,#14310);
#12017=AXIS2_PLACEMENT_3D('',#19220,#14312,#14313);
#12018=AXIS2_PLACEMENT_3D('',#19224,#14316,#14317);
#12019=AXIS2_PLACEMENT_3D('',#19228,#14320,#14321);
#12020=AXIS2_PLACEMENT_3D('',#19232,#14324,#14325);
#12021=AXIS2_PLACEMENT_3D('',#19234,#14327,#14328);
#12022=AXIS2_PLACEMENT_3D('',#19235,#14329,#14330);
#12023=AXIS2_PLACEMENT_3D('',#19238,#14332,#14333);
#12024=AXIS2_PLACEMENT_3D('',#19241,#14335,#14336);
#12025=AXIS2_PLACEMENT_3D('',#19245,#14339,#14340);
#12026=AXIS2_PLACEMENT_3D('',#19249,#14343,#14344);
#12027=AXIS2_PLACEMENT_3D('',#19253,#14347,#14348);
#12028=AXIS2_PLACEMENT_3D('',#19257,#14351,#14352);
#12029=AXIS2_PLACEMENT_3D('',#19261,#14355,#14356);
#12030=AXIS2_PLACEMENT_3D('',#19265,#14359,#14360);
#12031=AXIS2_PLACEMENT_3D('',#19269,#14363,#14364);
#12032=AXIS2_PLACEMENT_3D('',#19273,#14367,#14368);
#12033=AXIS2_PLACEMENT_3D('',#19277,#14371,#14372);
#12034=AXIS2_PLACEMENT_3D('',#19280,#14374,#14375);
#12035=AXIS2_PLACEMENT_3D('',#19281,#14376,#14377);
#12036=AXIS2_PLACEMENT_3D('',#19284,#14379,#14380);
#12037=AXIS2_PLACEMENT_3D('',#19311,#14383,#14384);
#12038=AXIS2_PLACEMENT_3D('',#19315,#14387,#14388);
#12039=AXIS2_PLACEMENT_3D('',#19319,#14391,#14392);
#12040=AXIS2_PLACEMENT_3D('',#19323,#14395,#14396);
#12041=AXIS2_PLACEMENT_3D('',#19327,#14399,#14400);
#12042=AXIS2_PLACEMENT_3D('',#19357,#14405,#14406);
#12043=AXIS2_PLACEMENT_3D('',#19358,#14407,#14408);
#12044=AXIS2_PLACEMENT_3D('',#19359,#14409,#14410);
#12045=AXIS2_PLACEMENT_3D('',#19360,#14411,#14412);
#12046=AXIS2_PLACEMENT_3D('',#19361,#14413,#14414);
#12047=AXIS2_PLACEMENT_3D('',#19362,#14415,#14416);
#12048=AXIS2_PLACEMENT_3D('',#19363,#14417,#14418);
#12049=AXIS2_PLACEMENT_3D('',#19364,#14419,#14420);
#12050=AXIS2_PLACEMENT_3D('',#19365,#14421,#14422);
#12051=AXIS2_PLACEMENT_3D('',#19366,#14423,#14424);
#12052=AXIS2_PLACEMENT_3D('',#19367,#14425,#14426);
#12053=AXIS2_PLACEMENT_3D('',#19368,#14427,#14428);
#12054=AXIS2_PLACEMENT_3D('',#19377,#14433,#14434);
#12055=AXIS2_PLACEMENT_3D('',#19386,#14439,#14440);
#12056=AXIS2_PLACEMENT_3D('',#19392,#14444,#14445);
#12057=AXIS2_PLACEMENT_3D('',#19398,#14449,#14450);
#12058=AXIS2_PLACEMENT_3D('',#19402,#14454,#14455);
#12059=AXIS2_PLACEMENT_3D('',#19404,#14457,#14458);
#12060=AXIS2_PLACEMENT_3D('',#19407,#14461,#14462);
#12061=AXIS2_PLACEMENT_3D('',#19409,#14464,#14465);
#12062=AXIS2_PLACEMENT_3D('',#19411,#14467,#14468);
#12063=AXIS2_PLACEMENT_3D('',#19412,#14469,#14470);
#12064=AXIS2_PLACEMENT_3D('',#19413,#14471,#14472);
#12065=DIRECTION('',(0.,0.,1.));
#12066=DIRECTION('',(1.,0.,0.));
#12067=DIRECTION('',(0.,1.,0.));
#12068=DIRECTION('',(-1.,0.,0.));
#12069=DIRECTION('',(0.,0.,1.));
#12070=DIRECTION('',(0.,0.,-1.));
#12071=DIRECTION('',(0.164786251370833,0.,0.986329301683342));
#12072=DIRECTION('',(0.,1.,0.));
#12073=DIRECTION('',(0.,0.,1.));
#12074=DIRECTION('',(0.,1.,0.));
#12075=DIRECTION('',(0.,0.,1.));
#12076=DIRECTION('',(0.,0.,1.));
#12077=DIRECTION('',(0.,1.,0.));
#12078=DIRECTION('',(0.,0.,1.));
#12079=DIRECTION('',(0.,1.,0.));
#12080=DIRECTION('',(0.,0.,1.));
#12081=DIRECTION('',(0.,0.,1.));
#12082=DIRECTION('',(0.981948992459076,0.,0.189145912481888));
#12083=DIRECTION('',(0.,0.,1.));
#12084=DIRECTION('',(-1.,0.,0.));
#12085=DIRECTION('',(0.,0.,-1.));
#12086=DIRECTION('',(-0.977737031624433,0.,-0.209833974823531));
#12087=DIRECTION('',(0.,0.,-1.));
#12088=DIRECTION('',(1.,0.,0.));
#12089=DIRECTION('',(0.,0.,-1.));
#12090=DIRECTION('',(-1.,0.,0.));
#12091=DIRECTION('',(0.,0.,-1.));
#12092=DIRECTION('',(-1.,0.,0.));
#12093=DIRECTION('',(0.,0.,-1.));
#12094=DIRECTION('',(-1.,0.,0.));
#12095=DIRECTION('',(0.,0.,1.));
#12096=DIRECTION('',(1.,0.,0.));
#12097=DIRECTION('',(0.,0.,1.));
#12098=DIRECTION('',(0.,0.,-1.));
#12099=DIRECTION('',(0.164786251370825,0.,0.986329301683343));
#12100=DIRECTION('',(0.,1.,0.));
#12101=DIRECTION('',(0.,0.,1.));
#12102=DIRECTION('',(0.,1.,0.));
#12103=DIRECTION('',(0.,0.,1.));
#12104=DIRECTION('',(0.,0.,1.));
#12105=DIRECTION('',(0.,1.,0.));
#12106=DIRECTION('',(0.,0.,1.));
#12107=DIRECTION('',(0.,1.,0.));
#12108=DIRECTION('',(0.,0.,1.));
#12109=DIRECTION('',(0.,0.,1.));
#12110=DIRECTION('',(0.981948992459076,0.,0.189145912481888));
#12111=DIRECTION('',(0.,0.,1.));
#12112=DIRECTION('',(-1.,0.,0.));
#12113=DIRECTION('',(0.,0.,-1.));
#12114=DIRECTION('',(-0.977737031624434,0.,-0.209833974823528));
#12115=DIRECTION('',(0.,0.,-1.));
#12116=DIRECTION('',(1.,0.,0.));
#12117=DIRECTION('',(0.,-1.,0.));
#12118=DIRECTION('',(0.,0.,-1.));
#12119=DIRECTION('',(0.,-1.,0.));
#12120=DIRECTION('',(0.,0.,-1.));
#12121=DIRECTION('',(0.,-1.,0.));
#12122=DIRECTION('',(0.,0.,-1.));
#12123=DIRECTION('',(0.,-1.,0.));
#12124=DIRECTION('',(0.,0.,-1.));
#12125=DIRECTION('',(0.,-1.,0.));
#12126=DIRECTION('',(0.,0.,-1.));
#12127=DIRECTION('',(0.,-1.,0.));
#12128=DIRECTION('',(0.,0.,-1.));
#12129=DIRECTION('',(0.,-1.,0.));
#12130=DIRECTION('',(0.,0.,-1.));
#12131=DIRECTION('',(0.,-1.,0.));
#12132=DIRECTION('',(0.,0.,-1.));
#12133=DIRECTION('',(0.,-1.,0.));
#12134=DIRECTION('',(0.,0.,-1.));
#12135=DIRECTION('',(0.,1.,0.));
#12136=DIRECTION('',(0.,0.,1.));
#12137=DIRECTION('',(0.,1.,0.));
#12138=DIRECTION('',(0.,0.,1.));
#12139=DIRECTION('',(0.,0.,1.));
#12140=DIRECTION('',(0.,1.,0.));
#12141=DIRECTION('',(0.,0.,1.));
#12142=DIRECTION('',(1.,0.,0.));
#12143=DIRECTION('',(0.,1.,0.));
#12144=DIRECTION('',(0.,0.,1.));
#12145=DIRECTION('',(1.86529406019011E-16,0.,1.));
#12146=DIRECTION('',(0.,1.,0.));
#12147=DIRECTION('',(0.,0.,1.));
#12148=DIRECTION('',(1.,0.,0.));
#12149=DIRECTION('',(0.,1.,0.));
#12150=DIRECTION('',(0.,0.,1.));
#12151=DIRECTION('',(-3.33600668457079E-16,0.,-1.));
#12152=DIRECTION('',(0.,1.,0.));
#12153=DIRECTION('',(0.,0.,1.));
#12154=DIRECTION('',(-1.,0.,5.28906607512629E-16));
#12155=DIRECTION('',(0.,1.,0.));
#12156=DIRECTION('',(0.,0.,1.));
#12157=DIRECTION('',(-3.33600668457079E-16,0.,-1.));
#12158=DIRECTION('',(0.,1.,0.));
#12159=DIRECTION('',(0.,0.,1.));
#12160=DIRECTION('',(-1.,0.,5.28906607512629E-16));
#12161=DIRECTION('',(0.,1.,0.));
#12162=DIRECTION('',(0.,0.,1.));
#12163=DIRECTION('',(0.,1.,0.));
#12164=DIRECTION('',(0.,0.,1.));
#12165=DIRECTION('',(0.,0.,1.));
#12166=DIRECTION('',(-1.,0.,0.));
#12167=DIRECTION('',(0.,0.,1.));
#12168=DIRECTION('',(-1.,0.,0.));
#12169=DIRECTION('',(0.,0.,-1.));
#12170=DIRECTION('',(0.98322043917228,0.,-0.182421402236328));
#12171=DIRECTION('',(-0.282749764719182,0.,-0.959193708565297));
#12172=DIRECTION('',(-0.185407859197826,0.,-0.982661653748471));
#12173=DIRECTION('',(-1.,0.,0.));
#12174=DIRECTION('',(-0.200261814982416,0.,0.979742417913989));
#12175=DIRECTION('',(-0.280341732179138,0.,0.959900262109976));
#12176=DIRECTION('',(0.982285618313869,0.,0.187389871801389));
#12177=DIRECTION('',(0.,0.,1.));
#12178=DIRECTION('',(-1.,0.,0.));
#12179=DIRECTION('',(0.,0.,-1.));
#12180=DIRECTION('',(0.987461582434373,0.,-0.157859504674897));
#12181=DIRECTION('',(0.336850538385714,0.,-0.941558131391395));
#12182=DIRECTION('',(1.,0.,0.));
#12183=DIRECTION('',(0.33804903011955,0.,0.941128499852827));
#12184=DIRECTION('',(0.987461582434373,0.,0.157859504674895));
#12185=DIRECTION('',(0.,0.,1.));
#12186=DIRECTION('',(-1.,0.,0.));
#12187=DIRECTION('',(0.,0.,-1.));
#12188=DIRECTION('',(-1.,0.,0.));
#12189=DIRECTION('',(0.,0.,-1.));
#12190=DIRECTION('',(1.,0.,0.));
#12191=DIRECTION('',(0.,0.,-1.));
#12192=DIRECTION('',(1.,0.,0.));
#12193=DIRECTION('',(0.,0.,1.));
#12194=DIRECTION('',(1.,0.,0.));
#12195=DIRECTION('',(0.,0.,1.));
#12196=DIRECTION('',(-1.,0.,0.));
#12197=DIRECTION('',(0.,0.,1.));
#12198=DIRECTION('',(-1.,0.,0.));
#12199=DIRECTION('',(1.,0.,0.));
#12200=DIRECTION('',(0.121333560889673,0.,0.992611790682456));
#12201=DIRECTION('',(1.,0.,0.));
#12202=DIRECTION('',(0.,0.,-1.));
#12203=DIRECTION('',(1.,0.,0.));
#12204=DIRECTION('',(0.178474813899291,0.,0.983944480549392));
#12205=DIRECTION('',(-1.,0.,0.));
#12206=DIRECTION('',(-0.121333560889673,0.,0.992611790682456));
#12207=DIRECTION('',(-1.,0.,0.));
#12208=DIRECTION('',(0.,0.,-1.));
#12209=DIRECTION('',(0.,0.,-1.));
#12210=DIRECTION('',(1.,0.,0.));
#12211=DIRECTION('',(0.731240159835589,0.,0.682120098401756));
#12212=DIRECTION('',(0.,0.,-1.));
#12213=DIRECTION('',(0.938343116817218,0.,-0.345705358827063));
#12214=DIRECTION('',(0.,1.,0.));
#12215=DIRECTION('',(0.,0.,1.));
#12216=DIRECTION('',(-0.737708133813438,0.,-0.675119774044202));
#12217=DIRECTION('',(-0.936329177568968,0.,0.351123441588597));
#12218=DIRECTION('',(0.,0.,1.));
#12219=DIRECTION('',(0.996453523750656,0.,0.0841449642278168));
#12220=DIRECTION('',(0.,0.,1.));
#12221=DIRECTION('',(-1.,0.,0.));
#12222=DIRECTION('',(-1.,0.,0.));
#12223=DIRECTION('',(-0.175888825078877,0.,-0.984410037135122));
#12224=DIRECTION('',(-0.959045917681728,0.,0.283250644797171));
#12225=DIRECTION('',(-0.975818293508823,0.,0.218583297746029));
#12226=DIRECTION('',(0.,0.,1.));
#12227=DIRECTION('',(0.977212495708671,0.,0.212263369969553));
#12228=DIRECTION('',(0.958833472639301,0.,0.283968962646375));
#12229=DIRECTION('',(0.177374681691092,0.,-0.984143395189433));
#12230=DIRECTION('',(1.,0.,0.));
#12231=DIRECTION('',(0.,0.,1.));
#12232=DIRECTION('',(-1.,0.,0.));
#12233=DIRECTION('',(-0.130117916841379,0.,-0.991498526331159));
#12234=DIRECTION('',(-0.946991725416375,0.,-0.321257952419728));
#12235=DIRECTION('',(0.,0.,-1.));
#12236=DIRECTION('',(0.946699676277487,0.,-0.322117560738469));
#12237=DIRECTION('',(0.132163720091035,0.,-0.991227900682633));
#12238=DIRECTION('',(1.,0.,0.));
#12239=DIRECTION('',(0.,0.,1.));
#12240=DIRECTION('',(0.,1.,0.));
#12241=DIRECTION('',(0.,0.,1.));
#12242=DIRECTION('',(0.,0.,1.));
#12243=DIRECTION('',(0.,0.,-1.));
#12244=DIRECTION('',(1.,0.,0.));
#12245=DIRECTION('',(0.301131367937068,0.,-0.953582665134151));
#12246=DIRECTION('',(0.,1.,0.));
#12247=DIRECTION('',(0.,0.,1.));
#12248=DIRECTION('',(-0.401757221548316,0.,-0.915746217537248));
#12249=DIRECTION('',(1.,0.,0.));
#12250=DIRECTION('',(-1.8503381366757E-13,-1.,6.98542639494239E-14));
#12251=DIRECTION('',(0.915391621613359,-1.93025007694814E-13,-0.402564503005499));
#12252=DIRECTION('',(0.,1.,0.));
#12253=DIRECTION('',(0.,0.,1.));
#12254=DIRECTION('',(0.,1.,0.));
#12255=DIRECTION('',(0.,0.,1.));
#12256=DIRECTION('',(0.,1.,0.));
#12257=DIRECTION('',(0.,0.,1.));
#12258=DIRECTION('',(-1.,0.,0.));
#12259=DIRECTION('',(0.,0.,1.));
#12260=DIRECTION('',(0.,1.,0.));
#12261=DIRECTION('',(0.,0.,1.));
#12262=DIRECTION('',(0.,1.,0.));
#12263=DIRECTION('',(0.,0.,1.));
#12264=DIRECTION('',(0.163515056137549,0.,-0.986540838696673));
#12265=DIRECTION('',(1.,0.,0.));
#12266=DIRECTION('',(-0.00399996800038894,0.,0.999992000095999));
#12267=DIRECTION('',(0.,1.,0.));
#12268=DIRECTION('',(0.,0.,1.));
#12269=DIRECTION('',(0.,1.,0.));
#12270=DIRECTION('',(0.,0.,1.));
#12271=DIRECTION('',(0.,0.,-1.));
#12272=DIRECTION('',(-0.0101123733098953,0.,-0.999948868645813));
#12273=DIRECTION('',(0.,1.,0.));
#12274=DIRECTION('',(0.,0.,1.));
#12275=DIRECTION('',(-0.991259014475403,0.,-0.131930156602851));
#12276=DIRECTION('',(0.,0.,-1.));
#12277=DIRECTION('',(-1.,0.,0.));
#12278=DIRECTION('',(0.,0.,1.));
#12279=DIRECTION('',(-1.,0.,0.));
#12280=DIRECTION('',(0.,0.,1.));
#12281=DIRECTION('',(-1.,0.,0.));
#12282=DIRECTION('',(0.,0.,1.));
#12283=DIRECTION('',(1.,0.,0.));
#12284=DIRECTION('',(0.,0.,1.));
#12285=DIRECTION('',(0.,0.,1.));
#12286=DIRECTION('',(0.,0.,-1.));
#12287=DIRECTION('',(0.,0.,1.));
#12288=DIRECTION('',(0.,0.,-1.));
#12289=DIRECTION('',(0.,0.,1.));
#12290=DIRECTION('',(-0.977932327444285,0.,0.208921906317659));
#12291=DIRECTION('',(0.,0.,1.));
#12292=DIRECTION('',(0.982250188371477,0.,0.18757549798467));
#12293=DIRECTION('',(0.,0.,1.));
#12294=DIRECTION('',(-1.,0.,0.));
#12295=DIRECTION('',(0.,0.,-1.));
#12296=DIRECTION('',(-0.977638421125312,0.,-0.210292932690588));
#12297=DIRECTION('',(0.,0.,-1.));
#12298=DIRECTION('',(1.,0.,0.));
#12299=DIRECTION('',(0.,0.,-1.));
#12300=DIRECTION('',(1.,0.,0.));
#12301=DIRECTION('',(0.,0.,1.));
#12302=DIRECTION('',(-1.,0.,0.));
#12303=DIRECTION('',(0.,0.,1.));
#12304=DIRECTION('',(-0.977932327444284,0.,0.20892190631766));
#12305=DIRECTION('',(0.,0.,1.));
#12306=DIRECTION('',(0.982250188371478,0.,0.187575497984668));
#12307=DIRECTION('',(0.,0.,1.));
#12308=DIRECTION('',(-1.,0.,0.));
#12309=DIRECTION('',(0.,0.,-1.));
#12310=DIRECTION('',(-0.977638421125311,0.,-0.210292932690589));
#12311=DIRECTION('',(0.,0.,-1.));
#12312=DIRECTION('',(1.,0.,0.));
#12313=DIRECTION('',(0.,0.,-1.));
#12314=DIRECTION('',(1.,0.,0.));
#12315=DIRECTION('',(0.,0.,1.));
#12316=DIRECTION('',(-1.,0.,0.));
#12317=DIRECTION('',(0.,0.,1.));
#12318=DIRECTION('',(-0.977638421125311,0.,0.210292932690591));
#12319=DIRECTION('',(0.,0.,1.));
#12320=DIRECTION('',(0.982035379793302,0.,0.188696880828024));
#12321=DIRECTION('',(0.,0.,1.));
#12322=DIRECTION('',(-1.,0.,0.));
#12323=DIRECTION('',(-0.0844084315148705,0.,-0.996431240321779));
#12324=DIRECTION('',(0.,1.,0.));
#12325=DIRECTION('',(0.,0.,1.));
#12326=DIRECTION('',(0.,1.,0.));
#12327=DIRECTION('',(0.,0.,1.));
#12328=DIRECTION('',(0.,0.,-1.));
#12329=DIRECTION('',(-0.977737031624434,0.,-0.209833974823528));
#12330=DIRECTION('',(0.,0.,-1.));
#12331=DIRECTION('',(1.,0.,0.));
#12332=DIRECTION('',(0.,0.,1.));
#12333=DIRECTION('',(-0.972296940809866,0.,0.233749136665308));
#12334=DIRECTION('',(0.,0.,1.));
#12335=DIRECTION('',(0.,1.,0.));
#12336=DIRECTION('',(0.,0.,1.));
#12337=DIRECTION('',(0.,1.,0.));
#12338=DIRECTION('',(0.,0.,1.));
#12339=DIRECTION('',(0.,0.,-1.));
#12340=DIRECTION('',(-0.969051499227281,0.,-0.246858647499655));
#12341=DIRECTION('',(0.,0.,-1.));
#12342=DIRECTION('',(1.,0.,0.));
#12343=DIRECTION('',(0.136559074356546,0.,0.99063192923047));
#12344=DIRECTION('',(0.,1.,0.));
#12345=DIRECTION('',(0.,0.,1.));
#12346=DIRECTION('',(0.,1.,0.));
#12347=DIRECTION('',(0.,0.,1.));
#12348=DIRECTION('',(0.,0.,1.));
#12349=DIRECTION('',(0.970142500145342,0.,0.242535625036294));
#12350=DIRECTION('',(0.,0.,1.));
#12351=DIRECTION('',(-1.,0.,0.));
#12352=DIRECTION('',(0.,0.,-1.));
#12353=DIRECTION('',(0.,1.,0.));
#12354=DIRECTION('',(0.,0.,1.));
#12355=DIRECTION('',(0.,1.,0.));
#12356=DIRECTION('',(0.,0.,1.));
#12357=DIRECTION('',(0.,0.,1.));
#12358=DIRECTION('',(0.974020519407243,0.,0.22645977076215));
#12359=DIRECTION('',(0.,0.,1.));
#12360=DIRECTION('',(-1.,0.,0.));
#12361=DIRECTION('',(0.,0.,-1.));
#12362=DIRECTION('',(-0.974591610361108,0.,-0.223989269862963));
#12363=DIRECTION('',(0.,0.,-1.));
#12364=DIRECTION('',(1.,0.,0.));
#12365=DIRECTION('',(0.,0.,1.));
#12366=DIRECTION('',(-0.977932327444285,0.,0.208921906317659));
#12367=DIRECTION('',(0.,0.,1.));
#12368=DIRECTION('',(0.982250188371477,0.,0.187575497984671));
#12369=DIRECTION('',(0.,0.,1.));
#12370=DIRECTION('',(-1.,0.,0.));
#12371=DIRECTION('',(0.,0.,-1.));
#12372=DIRECTION('',(-0.977638421125311,0.,-0.210292932690589));
#12373=DIRECTION('',(0.,0.,-1.));
#12374=DIRECTION('',(1.,0.,0.));
#12375=DIRECTION('',(0.,0.,-1.));
#12376=DIRECTION('',(1.,0.,0.));
#12377=DIRECTION('',(0.,0.,1.));
#12378=DIRECTION('',(-1.,0.,0.));
#12379=DIRECTION('',(0.,0.,-1.));
#12380=DIRECTION('',(0.984410037135123,0.,-0.175888825078869));
#12381=DIRECTION('',(-0.283250644797168,0.,-0.959045917681728));
#12382=DIRECTION('',(-0.21858329774597,0.,-0.975818293508836));
#12383=DIRECTION('',(-1.,0.,0.));
#12384=DIRECTION('',(-0.212263369969507,0.,0.977212495708681));
#12385=DIRECTION('',(-0.283968962646375,0.,0.958833472639301));
#12386=DIRECTION('',(0.984143395189433,0.,0.17737468169109));
#12387=DIRECTION('',(0.,0.,1.));
#12388=DIRECTION('',(-1.,0.,0.));
#12389=DIRECTION('',(0.,0.,-1.));
#12390=DIRECTION('',(0.991498526331159,0.,-0.130117916841379));
#12391=DIRECTION('',(0.321257952419732,0.,-0.946991725416374));
#12392=DIRECTION('',(1.,0.,0.));
#12393=DIRECTION('',(0.322117560738467,0.,0.946699676277488));
#12394=DIRECTION('',(0.991227900682632,0.,0.132163720091039));
#12395=DIRECTION('',(0.,0.,1.));
#12396=DIRECTION('',(-1.,0.,0.));
#12397=DIRECTION('',(0.,0.,-1.));
#12398=DIRECTION('',(1.,0.,0.));
#12399=DIRECTION('',(0.,0.,1.));
#12400=DIRECTION('',(-1.,0.,0.));
#12401=DIRECTION('',(0.,0.,-1.));
#12402=DIRECTION('',(0.983220439172281,0.,-0.182421402236323));
#12403=DIRECTION('',(-0.282749764719185,0.,-0.959193708565296));
#12404=DIRECTION('',(-0.185407859197802,0.,-0.982661653748475));
#12405=DIRECTION('',(-1.,0.,0.));
#12406=DIRECTION('',(-0.200261814982399,0.,0.979742417913992));
#12407=DIRECTION('',(-0.280341732179134,0.,0.959900262109977));
#12408=DIRECTION('',(0.982285618313869,0.,0.187389871801385));
#12409=DIRECTION('',(0.,0.,1.));
#12410=DIRECTION('',(-1.,0.,0.));
#12411=DIRECTION('',(0.,0.,-1.));
#12412=DIRECTION('',(0.987461582434374,0.,-0.157859504674893));
#12413=DIRECTION('',(0.336850538385713,0.,-0.941558131391395));
#12414=DIRECTION('',(1.,0.,0.));
#12415=DIRECTION('',(0.338049030119547,0.,0.941128499852828));
#12416=DIRECTION('',(0.987461582434374,0.,0.157859504674893));
#12417=DIRECTION('',(0.,0.,1.));
#12418=DIRECTION('',(-1.,0.,0.));
#12419=DIRECTION('',(0.981948992459076,0.,0.189145912481888));
#12420=DIRECTION('',(0.,0.,1.));
#12421=DIRECTION('',(-1.,0.,0.));
#12422=DIRECTION('',(0.,0.,-1.));
#12423=DIRECTION('',(-0.978029023755354,0.,-0.20846877150343));
#12424=DIRECTION('',(0.,0.,-1.));
#12425=DIRECTION('',(1.,0.,0.));
#12426=DIRECTION('',(0.,0.,1.));
#12427=DIRECTION('',(-0.978029023755354,0.,0.20846877150343));
#12428=DIRECTION('',(0.,0.,1.));
#12429=DIRECTION('',(1.,0.,0.));
#12430=DIRECTION('',(0.,0.,1.));
#12431=DIRECTION('',(-0.68212009840176,0.,0.731240159835586));
#12432=DIRECTION('',(1.,0.,0.));
#12433=DIRECTION('',(0.345705358827411,0.,0.93834311681709));
#12434=DIRECTION('',(0.,1.,0.));
#12435=DIRECTION('',(0.,0.,1.));
#12436=DIRECTION('',(0.675119774044199,0.,-0.737708133813441));
#12437=DIRECTION('',(-0.351123441588186,0.,-0.936329177569121));
#12438=DIRECTION('',(-1.,0.,0.));
#12439=DIRECTION('',(-0.0841449642278344,0.,0.996453523750655));
#12440=DIRECTION('',(-1.,0.,0.));
#12441=DIRECTION('',(0.,0.,-1.));
#12442=DIRECTION('',(0.,0.,1.));
#12443=DIRECTION('',(-0.992611790682456,0.,0.121333560889673));
#12444=DIRECTION('',(0.,0.,1.));
#12445=DIRECTION('',(1.,0.,0.));
#12446=DIRECTION('',(0.,0.,1.));
#12447=DIRECTION('',(-0.983944480549392,0.,0.178474813899291));
#12448=DIRECTION('',(0.,0.,-1.));
#12449=DIRECTION('',(-0.992611790682456,0.,-0.121333560889673));
#12450=DIRECTION('',(0.,0.,-1.));
#12451=DIRECTION('',(1.,0.,0.));
#12452=DIRECTION('',(-1.,0.,0.));
#12453=DIRECTION('',(0.,0.,-1.));
#12454=DIRECTION('',(-1.,0.,0.));
#12455=DIRECTION('',(0.,0.,-1.));
#12456=DIRECTION('',(1.,0.,0.));
#12457=DIRECTION('',(0.,0.,-1.));
#12458=DIRECTION('',(0.,1.,0.));
#12459=DIRECTION('',(0.,0.,1.));
#12460=DIRECTION('',(0.,1.,0.));
#12461=DIRECTION('',(0.,0.,1.));
#12462=DIRECTION('',(0.,1.,0.));
#12463=DIRECTION('',(0.,0.,1.));
#12464=DIRECTION('',(-0.117365044853064,0.,-0.993088841064403));
#12465=DIRECTION('',(0.,1.,0.));
#12466=DIRECTION('',(0.,0.,1.));
#12467=DIRECTION('',(0.,1.,0.));
#12468=DIRECTION('',(0.,0.,1.));
#12469=DIRECTION('',(0.,0.,1.));
#12470=DIRECTION('',(1.,0.,0.));
#12471=DIRECTION('',(0.,0.,1.));
#12472=DIRECTION('',(-1.,0.,0.));
#12473=DIRECTION('',(0.,0.,1.));
#12474=DIRECTION('',(0.13655907435651,0.,0.990631929230475));
#12475=DIRECTION('',(0.,1.,0.));
#12476=DIRECTION('',(0.,0.,1.));
#12477=DIRECTION('',(0.,1.,0.));
#12478=DIRECTION('',(0.,0.,1.));
#12479=DIRECTION('',(0.,0.,1.));
#12480=DIRECTION('',(0.970142500145342,0.,0.242535625036294));
#12481=DIRECTION('',(0.,0.,1.));
#12482=DIRECTION('',(-1.,0.,0.));
#12483=DIRECTION('',(0.,0.,-1.));
#12484=DIRECTION('',(0.,1.,0.));
#12485=DIRECTION('',(0.,0.,1.));
#12486=DIRECTION('',(0.,1.,0.));
#12487=DIRECTION('',(0.,0.,1.));
#12488=DIRECTION('',(0.,0.,1.));
#12489=DIRECTION('',(0.974020519407243,0.,0.22645977076215));
#12490=DIRECTION('',(0.,0.,1.));
#12491=DIRECTION('',(-1.,0.,0.));
#12492=DIRECTION('',(0.,0.,-1.));
#12493=DIRECTION('',(-0.974591610361107,0.,-0.223989269862967));
#12494=DIRECTION('',(0.,0.,-1.));
#12495=DIRECTION('',(1.,0.,0.));
#12496=DIRECTION('',(1.,0.,0.));
#12497=DIRECTION('',(0.,0.,-1.));
#12498=DIRECTION('',(0.,0.,1.));
#12499=DIRECTION('',(0.,-1.,0.));
#12500=DIRECTION('',(0.,-1.,0.));
#12501=DIRECTION('',(0.,-1.,0.));
#12502=DIRECTION('',(0.,0.,1.));
#12503=DIRECTION('',(1.,0.,0.));
#12504=DIRECTION('',(-1.,0.,0.));
#12505=DIRECTION('',(0.,-1.,0.));
#12506=DIRECTION('',(0.,-1.,0.));
#12507=DIRECTION('',(1.,0.,0.));
#12508=DIRECTION('',(0.,0.,-1.));
#12509=DIRECTION('',(0.,0.,1.));
#12510=DIRECTION('',(0.,-1.,0.));
#12511=DIRECTION('',(0.,0.,1.));
#12512=DIRECTION('',(1.,0.,0.));
#12513=DIRECTION('',(-1.,0.,0.));
#12514=DIRECTION('',(0.,1.,0.));
#12515=DIRECTION('',(-1.,0.,0.));
#12516=DIRECTION('',(1.,0.,0.));
#12517=DIRECTION('',(0.,0.,-1.));
#12518=DIRECTION('',(-1.,0.,0.));
#12519=DIRECTION('',(0.,0.,1.));
#12520=DIRECTION('',(0.,-1.,0.));
#12521=DIRECTION('',(0.,0.,-1.));
#12522=DIRECTION('',(0.,-1.,0.));
#12523=DIRECTION('',(0.,0.,-1.));
#12524=DIRECTION('',(0.,-1.,0.));
#12525=DIRECTION('',(0.,0.,-1.));
#12526=DIRECTION('',(0.,-1.,0.));
#12527=DIRECTION('',(0.,0.,-1.));
#12528=DIRECTION('',(0.,-1.,0.));
#12529=DIRECTION('',(0.,0.,-1.));
#12530=DIRECTION('',(0.,-1.,0.));
#12531=DIRECTION('',(0.,0.,-1.));
#12532=DIRECTION('',(0.,-1.,0.));
#12533=DIRECTION('',(0.,0.,-1.));
#12534=DIRECTION('',(0.,-1.,0.));
#12535=DIRECTION('',(0.,0.,-1.));
#12536=DIRECTION('',(0.,-1.,0.));
#12537=DIRECTION('',(0.,0.,-1.));
#12538=DIRECTION('',(0.,1.,0.));
#12539=DIRECTION('',(0.,0.,1.));
#12540=DIRECTION('',(0.,1.,0.));
#12541=DIRECTION('',(0.,0.,1.));
#12542=DIRECTION('',(0.,0.,-1.));
#12543=DIRECTION('',(-1.,0.,0.));
#12544=DIRECTION('',(0.,0.,1.));
#12545=DIRECTION('',(-1.,0.,0.));
#12546=DIRECTION('',(0.,1.,0.));
#12547=DIRECTION('',(0.,0.,1.));
#12548=DIRECTION('',(0.,0.,-1.));
#12549=DIRECTION('',(0.,1.,0.));
#12550=DIRECTION('',(0.,0.,1.));
#12551=DIRECTION('',(-1.,0.,0.));
#12552=DIRECTION('',(0.,1.,0.));
#12553=DIRECTION('',(0.,0.,1.));
#12554=DIRECTION('',(-1.86529406019011E-16,0.,-1.));
#12555=DIRECTION('',(0.,1.,0.));
#12556=DIRECTION('',(0.,0.,1.));
#12557=DIRECTION('',(1.,0.,0.));
#12558=DIRECTION('',(0.,1.,0.));
#12559=DIRECTION('',(0.,0.,1.));
#12560=DIRECTION('',(3.33600668457079E-16,0.,1.));
#12561=DIRECTION('',(0.,1.,0.));
#12562=DIRECTION('',(0.,0.,1.));
#12563=DIRECTION('',(1.,0.,-5.28906607512629E-16));
#12564=DIRECTION('',(0.,1.,0.));
#12565=DIRECTION('',(0.,0.,1.));
#12566=DIRECTION('',(3.33600668457079E-16,0.,1.));
#12567=DIRECTION('',(0.,1.,0.));
#12568=DIRECTION('',(0.,0.,1.));
#12569=DIRECTION('',(1.,0.,0.));
#12570=DIRECTION('',(0.,1.,0.));
#12571=DIRECTION('',(0.,0.,1.));
#12572=DIRECTION('',(0.,1.,0.));
#12573=DIRECTION('',(0.,0.,1.));
#12574=DIRECTION('',(1.,0.,-3.33600668457079E-16));
#12575=DIRECTION('',(-3.33600668457079E-16,0.,-1.));
#12576=DIRECTION('',(0.,1.,0.));
#12577=DIRECTION('',(0.,1.,0.));
#12578=DIRECTION('',(-5.28906607512629E-16,0.,-1.));
#12579=DIRECTION('',(-1.,0.,5.28906607512629E-16));
#12580=DIRECTION('',(0.,1.,0.));
#12581=DIRECTION('',(0.,1.,0.));
#12582=DIRECTION('',(-5.28906607512629E-16,0.,-1.));
#12583=DIRECTION('',(-1.,0.,5.28906607512629E-16));
#12584=DIRECTION('',(0.,1.,0.));
#12585=DIRECTION('',(1.,-5.28906607512629E-16,-5.28906607512629E-16));
#12586=DIRECTION('',(0.,1.,0.));
#12587=DIRECTION('',(1.,0.,-3.33600668457079E-16));
#12588=DIRECTION('',(-3.33600668457079E-16,0.,-1.));
#12589=DIRECTION('',(0.,1.,0.));
#12590=DIRECTION('',(0.,1.,0.));
#12591=DIRECTION('',(-1.,0.,0.));
#12592=DIRECTION('',(0.,0.,1.));
#12593=DIRECTION('',(0.,1.,0.));
#12594=DIRECTION('',(0.,1.,0.));
#12595=DIRECTION('',(0.,0.,1.));
#12596=DIRECTION('',(1.,0.,0.));
#12597=DIRECTION('',(0.,1.,0.));
#12598=DIRECTION('',(-0.707106781186547,0.707106781186548,0.));
#12599=DIRECTION('',(1.,0.,0.));
#12600=DIRECTION('',(0.,1.,0.));
#12601=DIRECTION('',(0.,0.,1.));
#12602=DIRECTION('',(1.,0.,0.));
#12603=DIRECTION('',(0.,1.,0.));
#12604=DIRECTION('',(0.,1.,0.));
#12605=DIRECTION('',(-1.,0.,1.86529406019011E-16));
#12606=DIRECTION('',(1.86529406019011E-16,0.,1.));
#12607=DIRECTION('',(0.,1.,0.));
#12608=DIRECTION('',(0.,1.,0.));
#12609=DIRECTION('',(0.,1.,0.));
#12610=DIRECTION('',(0.,0.,1.));
#12611=DIRECTION('',(0.,1.,0.));
#12612=DIRECTION('',(0.,0.,1.));
#12613=DIRECTION('',(0.,-1.,0.));
#12614=DIRECTION('',(0.,0.,-1.));
#12615=DIRECTION('',(0.,1.,0.));
#12616=DIRECTION('',(0.,0.,1.));
#12617=DIRECTION('',(0.,-1.,0.));
#12618=DIRECTION('',(0.,0.,-1.));
#12619=DIRECTION('',(0.,0.707106781186548,-0.707106781186548));
#12620=DIRECTION('',(0.,-0.707106781186548,-0.707106781186548));
#12621=DIRECTION('',(0.,1.,0.));
#12622=DIRECTION('',(0.,0.,1.));
#12623=DIRECTION('',(0.,1.,0.));
#12624=DIRECTION('',(0.,0.,1.));
#12625=DIRECTION('',(0.,0.707106781186548,-0.707106781186548));
#12626=DIRECTION('',(0.,0.707106781186548,0.707106781186548));
#12627=DIRECTION('',(0.,-1.,0.));
#12628=DIRECTION('',(0.,0.,-1.));
#12629=DIRECTION('',(0.,-1.,0.));
#12630=DIRECTION('',(0.,0.,-1.));
#12631=DIRECTION('',(0.,0.707106781186548,-0.707106781186548));
#12632=DIRECTION('',(0.,-0.707106781186548,-0.707106781186548));
#12633=DIRECTION('',(0.,1.,0.));
#12634=DIRECTION('',(0.,0.,1.));
#12635=DIRECTION('',(0.,-1.,0.));
#12636=DIRECTION('',(0.,0.,-1.));
#12637=DIRECTION('',(0.,-1.,0.));
#12638=DIRECTION('',(0.,0.,-1.));
#12639=DIRECTION('',(0.,-1.,0.));
#12640=DIRECTION('',(0.,0.,-1.));
#12641=DIRECTION('',(0.,-1.,0.));
#12642=DIRECTION('',(0.,0.,-1.));
#12643=DIRECTION('',(0.,-1.,0.));
#12644=DIRECTION('',(0.,0.,-1.));
#12645=DIRECTION('',(0.,-1.,0.));
#12646=DIRECTION('',(0.,0.,-1.));
#12647=DIRECTION('',(0.,-1.,0.));
#12648=DIRECTION('',(0.,0.,-1.));
#12649=DIRECTION('',(0.,-1.,0.));
#12650=DIRECTION('',(0.,0.,-1.));
#12651=DIRECTION('',(0.,-1.,0.));
#12652=DIRECTION('',(0.,0.,-1.));
#12653=DIRECTION('',(0.182421402236328,0.,0.98322043917228));
#12654=DIRECTION('',(0.98322043917228,0.,-0.182421402236328));
#12655=DIRECTION('',(0.,1.,0.));
#12656=DIRECTION('',(0.98322043917228,0.,-0.182421402236328));
#12657=DIRECTION('',(0.,1.,0.));
#12658=DIRECTION('',(1.,0.,0.));
#12659=DIRECTION('',(0.,0.,-1.));
#12660=DIRECTION('',(0.,1.,0.));
#12661=DIRECTION('',(0.,0.,-1.));
#12662=DIRECTION('',(0.,0.,-1.));
#12663=DIRECTION('',(-1.,0.,0.));
#12664=DIRECTION('',(0.,1.,0.));
#12665=DIRECTION('',(-1.,0.,0.));
#12666=DIRECTION('',(-1.,0.,0.));
#12667=DIRECTION('',(0.,0.,1.));
#12668=DIRECTION('',(0.,1.,0.));
#12669=DIRECTION('',(0.,0.,1.));
#12670=DIRECTION('',(-0.157859504674895,0.,0.987461582434373));
#12671=DIRECTION('',(0.987461582434374,0.,0.157859504674895));
#12672=DIRECTION('',(0.,1.,0.));
#12673=DIRECTION('',(0.987461582434373,0.,0.157859504674895));
#12674=DIRECTION('',(-0.941128499852827,0.,0.33804903011955));
#12675=DIRECTION('',(0.33804903011955,0.,0.941128499852827));
#12676=DIRECTION('',(0.,1.,0.));
#12677=DIRECTION('',(0.33804903011955,0.,0.941128499852827));
#12678=DIRECTION('',(0.,0.,1.));
#12679=DIRECTION('',(1.,0.,0.));
#12680=DIRECTION('',(0.,1.,0.));
#12681=DIRECTION('',(1.,0.,0.));
#12682=DIRECTION('',(0.941558131391394,0.,0.336850538385714));
#12683=DIRECTION('',(0.336850538385714,0.,-0.941558131391395));
#12684=DIRECTION('',(0.,1.,0.));
#12685=DIRECTION('',(0.336850538385714,0.,-0.941558131391395));
#12686=DIRECTION('',(0.157859504674897,0.,0.987461582434373));
#12687=DIRECTION('',(0.987461582434373,0.,-0.157859504674897));
#12688=DIRECTION('',(0.,1.,0.));
#12689=DIRECTION('',(0.987461582434373,0.,-0.157859504674897));
#12690=DIRECTION('',(1.,0.,0.));
#12691=DIRECTION('',(0.,0.,-1.));
#12692=DIRECTION('',(0.,1.,0.));
#12693=DIRECTION('',(0.,0.,-1.));
#12694=DIRECTION('',(0.,0.,-1.));
#12695=DIRECTION('',(-1.,0.,0.));
#12696=DIRECTION('',(0.,1.,0.));
#12697=DIRECTION('',(-1.,0.,0.));
#12698=DIRECTION('',(-1.,0.,0.));
#12699=DIRECTION('',(0.,0.,1.));
#12700=DIRECTION('',(0.,1.,0.));
#12701=DIRECTION('',(0.,0.,1.));
#12702=DIRECTION('',(-0.187389871801389,0.,0.982285618313869));
#12703=DIRECTION('',(0.982285618313869,0.,0.187389871801389));
#12704=DIRECTION('',(0.,1.,0.));
#12705=DIRECTION('',(0.982285618313869,0.,0.187389871801389));
#12706=DIRECTION('',(-0.959900262109976,0.,-0.280341732179138));
#12707=DIRECTION('',(-0.280341732179138,0.,0.959900262109976));
#12708=DIRECTION('',(0.,1.,0.));
#12709=DIRECTION('',(-0.280341732179138,0.,0.959900262109976));
#12710=DIRECTION('',(-0.979742417913988,0.,-0.200261814982416));
#12711=DIRECTION('',(-0.200261814982416,0.,0.979742417913989));
#12712=DIRECTION('',(0.,1.,0.));
#12713=DIRECTION('',(-0.200261814982416,0.,0.979742417913989));
#12714=DIRECTION('',(0.,0.,-1.));
#12715=DIRECTION('',(-1.,0.,0.));
#12716=DIRECTION('',(0.,1.,0.));
#12717=DIRECTION('',(-1.,0.,0.));
#12718=DIRECTION('',(0.98266165374847,0.,-0.185407859197826));
#12719=DIRECTION('',(-0.185407859197826,0.,-0.982661653748471));
#12720=DIRECTION('',(0.,1.,0.));
#12721=DIRECTION('',(-0.185407859197826,0.,-0.982661653748471));
#12722=DIRECTION('',(0.959193708565297,0.,-0.282749764719182));
#12723=DIRECTION('',(-0.282749764719182,0.,-0.959193708565297));
#12724=DIRECTION('',(-0.282749764719182,0.,-0.959193708565297));
#12725=DIRECTION('',(0.,1.,0.));
#12726=DIRECTION('',(-1.,0.,0.));
#12727=DIRECTION('',(0.,0.,-1.));
#12728=DIRECTION('',(-1.,0.,0.));
#12729=DIRECTION('',(0.,1.,0.));
#12730=DIRECTION('',(-1.,0.,0.));
#12731=DIRECTION('',(0.,1.,0.));
#12732=DIRECTION('',(1.,0.,0.));
#12733=DIRECTION('',(0.,0.,-1.));
#12734=DIRECTION('',(0.,1.,0.));
#12735=DIRECTION('',(0.,0.,-1.));
#12736=DIRECTION('',(0.,0.,-1.));
#12737=DIRECTION('',(-1.,0.,0.));
#12738=DIRECTION('',(0.,1.,0.));
#12739=DIRECTION('',(-1.,0.,0.));
#12740=DIRECTION('',(-1.,0.,0.));
#12741=DIRECTION('',(0.,0.,1.));
#12742=DIRECTION('',(0.,1.,0.));
#12743=DIRECTION('',(0.,0.,1.));
#12744=DIRECTION('',(0.,0.,-1.));
#12745=DIRECTION('',(-1.,0.,0.));
#12746=DIRECTION('',(0.,1.,0.));
#12747=DIRECTION('',(-1.,0.,0.));
#12748=DIRECTION('',(-1.,0.,0.));
#12749=DIRECTION('',(0.,0.,1.));
#12750=DIRECTION('',(0.,1.,0.));
#12751=DIRECTION('',(0.,0.,1.));
#12752=DIRECTION('',(0.,0.,1.));
#12753=DIRECTION('',(1.,0.,0.));
#12754=DIRECTION('',(0.,1.,0.));
#12755=DIRECTION('',(1.,0.,0.));
#12756=DIRECTION('',(-1.,0.,0.));
#12757=DIRECTION('',(0.,0.,1.));
#12758=DIRECTION('',(0.,1.,0.));
#12759=DIRECTION('',(0.,0.,1.));
#12760=DIRECTION('',(0.,0.,1.));
#12761=DIRECTION('',(1.,0.,0.));
#12762=DIRECTION('',(0.,1.,0.));
#12763=DIRECTION('',(1.,0.,0.));
#12764=DIRECTION('',(1.,0.,0.));
#12765=DIRECTION('',(0.,0.,-1.));
#12766=DIRECTION('',(0.,1.,0.));
#12767=DIRECTION('',(0.,0.,-1.));
#12768=DIRECTION('',(0.,0.,1.));
#12769=DIRECTION('',(1.,0.,0.));
#12770=DIRECTION('',(0.,1.,0.));
#12771=DIRECTION('',(1.,0.,0.));
#12772=DIRECTION('',(1.,0.,0.));
#12773=DIRECTION('',(0.,0.,-1.));
#12774=DIRECTION('',(0.,0.,-1.));
#12775=DIRECTION('',(0.,1.,0.));
#12776=DIRECTION('',(-1.,0.,0.));
#12777=DIRECTION('',(-0.992611790682456,0.,0.121333560889673));
#12778=DIRECTION('',(0.121333560889673,0.,0.992611790682456));
#12779=DIRECTION('',(0.,1.,0.));
#12780=DIRECTION('',(0.121333560889673,0.,0.992611790682456));
#12781=DIRECTION('',(0.,1.,0.));
#12782=DIRECTION('',(0.,0.,1.));
#12783=DIRECTION('',(1.,0.,0.));
#12784=DIRECTION('',(0.,1.,0.));
#12785=DIRECTION('',(1.,0.,0.));
#12786=DIRECTION('',(1.,0.,0.));
#12787=DIRECTION('',(0.,0.,-1.));
#12788=DIRECTION('',(0.,1.,0.));
#12789=DIRECTION('',(0.,0.,-1.));
#12790=DIRECTION('',(0.,0.,-1.));
#12791=DIRECTION('',(-1.,0.,0.));
#12792=DIRECTION('',(0.,1.,0.));
#12793=DIRECTION('',(-1.,0.,0.));
#12794=DIRECTION('',(-0.992611790682456,0.,-0.121333560889673));
#12795=DIRECTION('',(-0.121333560889673,0.,0.992611790682456));
#12796=DIRECTION('',(0.,1.,0.));
#12797=DIRECTION('',(-0.121333560889673,0.,0.992611790682456));
#12798=DIRECTION('',(0.,0.,-1.));
#12799=DIRECTION('',(-1.,0.,0.));
#12800=DIRECTION('',(0.,1.,0.));
#12801=DIRECTION('',(-1.,0.,0.));
#12802=DIRECTION('',(-0.983944480549392,0.,0.178474813899291));
#12803=DIRECTION('',(0.178474813899291,0.,0.983944480549392));
#12804=DIRECTION('',(0.,1.,0.));
#12805=DIRECTION('',(0.178474813899291,0.,0.983944480549392));
#12806=DIRECTION('',(0.,0.,1.));
#12807=DIRECTION('',(1.,0.,0.));
#12808=DIRECTION('',(0.,1.,0.));
#12809=DIRECTION('',(1.,0.,0.));
#12810=DIRECTION('',(1.,0.,0.));
#12811=DIRECTION('',(0.,0.,-1.));
#12812=DIRECTION('',(0.,1.,0.));
#12813=DIRECTION('',(0.,0.,-1.));
#12814=DIRECTION('',(0.,0.,1.));
#12815=DIRECTION('',(1.,0.,0.));
#12816=DIRECTION('',(1.,0.,0.));
#12817=DIRECTION('',(0.,1.,0.));
#12818=DIRECTION('',(-1.,0.,0.));
#12819=DIRECTION('',(0.,0.,1.));
#12820=DIRECTION('',(1.,0.,0.));
#12821=DIRECTION('',(0.,1.,0.));
#12822=DIRECTION('',(1.,0.,0.));
#12823=DIRECTION('',(0.,1.,0.));
#12824=DIRECTION('',(1.,0.,0.));
#12825=DIRECTION('',(0.,0.,-1.));
#12826=DIRECTION('',(0.,1.,0.));
#12827=DIRECTION('',(0.,0.,-1.));
#12828=DIRECTION('',(0.,0.,-1.));
#12829=DIRECTION('',(-1.,0.,0.));
#12830=DIRECTION('',(0.,1.,0.));
#12831=DIRECTION('',(-1.,0.,0.));
#12832=DIRECTION('',(-1.,0.,0.));
#12833=DIRECTION('',(0.,0.,1.));
#12834=DIRECTION('',(0.,1.,0.));
#12835=DIRECTION('',(0.,0.,1.));
#12836=DIRECTION('',(-0.0841449642278168,0.,0.996453523750656));
#12837=DIRECTION('',(0.996453523750656,0.,0.0841449642278168));
#12838=DIRECTION('',(0.,1.,0.));
#12839=DIRECTION('',(0.996453523750656,0.,0.0841449642278168));
#12840=DIRECTION('',(-1.,0.,0.));
#12841=DIRECTION('',(0.,0.,1.));
#12842=DIRECTION('',(0.,1.,0.));
#12843=DIRECTION('',(0.,0.,1.));
#12844=DIRECTION('',(-0.351123441588597,0.,-0.936329177568968));
#12845=DIRECTION('',(-0.936329177568968,0.,0.351123441588597));
#12846=DIRECTION('',(0.,1.,0.));
#12847=DIRECTION('',(-0.936329177568968,0.,0.351123441588597));
#12848=DIRECTION('',(0.675119774044202,0.,-0.737708133813438));
#12849=DIRECTION('',(-0.737708133813438,0.,-0.675119774044202));
#12850=DIRECTION('',(0.,1.,0.));
#12851=DIRECTION('',(-0.737708133813438,0.,-0.675119774044202));
#12852=DIRECTION('',(0.,1.,0.));
#12853=DIRECTION('',(0.,1.,0.));
#12854=DIRECTION('',(-0.284334712163592,0.,0.958725076056138));
#12855=DIRECTION('',(0.,1.,0.));
#12856=DIRECTION('',(0.,1.,0.));
#12857=DIRECTION('',(0.,0.,1.));
#12858=DIRECTION('',(0.,1.,0.));
#12859=DIRECTION('',(0.,1.,0.));
#12860=DIRECTION('',(0.,1.,0.));
#12861=DIRECTION('',(0.,1.,0.));
#12862=DIRECTION('',(0.345705358827063,0.,0.938343116817218));
#12863=DIRECTION('',(0.938343116817218,0.,-0.345705358827063));
#12864=DIRECTION('',(0.,1.,0.));
#12865=DIRECTION('',(0.938343116817218,0.,-0.345705358827063));
#12866=DIRECTION('',(1.,0.,0.));
#12867=DIRECTION('',(0.,0.,-1.));
#12868=DIRECTION('',(0.,1.,0.));
#12869=DIRECTION('',(0.,0.,-1.));
#12870=DIRECTION('',(0.,1.,0.));
#12871=DIRECTION('',(0.,1.,0.));
#12872=DIRECTION('',(0.,1.,0.));
#12873=DIRECTION('',(0.,1.,0.));
#12874=DIRECTION('',(0.,1.,0.));
#12875=DIRECTION('',(0.,1.,0.));
#12876=DIRECTION('',(-0.682120098401756,0.,0.731240159835589));
#12877=DIRECTION('',(0.731240159835589,0.,0.682120098401756));
#12878=DIRECTION('',(0.731240159835589,0.,0.682120098401756));
#12879=DIRECTION('',(0.,1.,0.));
#12880=DIRECTION('',(-1.,0.,0.));
#12881=DIRECTION('',(0.984410037135122,0.,-0.175888825078877));
#12882=DIRECTION('',(-0.175888825078877,0.,-0.984410037135122));
#12883=DIRECTION('',(0.,1.,0.));
#12884=DIRECTION('',(-0.175888825078877,0.,-0.984410037135122));
#12885=DIRECTION('',(0.,1.,0.));
#12886=DIRECTION('',(0.,0.,-1.));
#12887=DIRECTION('',(-1.,0.,0.));
#12888=DIRECTION('',(0.,1.,0.));
#12889=DIRECTION('',(-1.,0.,0.));
#12890=DIRECTION('',(-1.,0.,0.));
#12891=DIRECTION('',(0.,0.,1.));
#12892=DIRECTION('',(0.,1.,0.));
#12893=DIRECTION('',(0.,0.,1.));
#12894=DIRECTION('',(0.,0.,1.));
#12895=DIRECTION('',(1.,0.,0.));
#12896=DIRECTION('',(0.,1.,0.));
#12897=DIRECTION('',(1.,0.,0.));
#12898=DIRECTION('',(0.991227900682632,0.,0.132163720091035));
#12899=DIRECTION('',(0.132163720091035,0.,-0.991227900682632));
#12900=DIRECTION('',(0.,1.,0.));
#12901=DIRECTION('',(0.132163720091035,0.,-0.991227900682633));
#12902=DIRECTION('',(0.322117560738469,0.,0.946699676277487));
#12903=DIRECTION('',(0.946699676277487,0.,-0.322117560738469));
#12904=DIRECTION('',(0.,1.,0.));
#12905=DIRECTION('',(0.946699676277487,0.,-0.322117560738469));
#12906=DIRECTION('',(1.,0.,0.));
#12907=DIRECTION('',(0.,0.,-1.));
#12908=DIRECTION('',(0.,1.,0.));
#12909=DIRECTION('',(0.,0.,-1.));
#12910=DIRECTION('',(0.321257952419728,0.,-0.946991725416375));
#12911=DIRECTION('',(-0.946991725416376,0.,-0.321257952419728));
#12912=DIRECTION('',(0.,1.,0.));
#12913=DIRECTION('',(-0.946991725416375,0.,-0.321257952419728));
#12914=DIRECTION('',(0.991498526331159,0.,-0.130117916841379));
#12915=DIRECTION('',(-0.130117916841379,0.,-0.991498526331159));
#12916=DIRECTION('',(0.,1.,0.));
#12917=DIRECTION('',(-0.130117916841379,0.,-0.991498526331159));
#12918=DIRECTION('',(0.,0.,-1.));
#12919=DIRECTION('',(-1.,0.,0.));
#12920=DIRECTION('',(0.,1.,0.));
#12921=DIRECTION('',(-1.,0.,0.));
#12922=DIRECTION('',(-1.,0.,0.));
#12923=DIRECTION('',(0.,0.,1.));
#12924=DIRECTION('',(0.,1.,0.));
#12925=DIRECTION('',(0.,0.,1.));
#12926=DIRECTION('',(0.,0.,1.));
#12927=DIRECTION('',(1.,0.,0.));
#12928=DIRECTION('',(0.,1.,0.));
#12929=DIRECTION('',(1.,0.,0.));
#12930=DIRECTION('',(0.984143395189433,0.,0.177374681691092));
#12931=DIRECTION('',(0.177374681691092,0.,-0.984143395189433));
#12932=DIRECTION('',(0.,1.,0.));
#12933=DIRECTION('',(0.177374681691092,0.,-0.984143395189433));
#12934=DIRECTION('',(-0.283968962646375,0.,0.958833472639301));
#12935=DIRECTION('',(0.958833472639302,0.,0.283968962646375));
#12936=DIRECTION('',(0.,1.,0.));
#12937=DIRECTION('',(0.958833472639301,0.,0.283968962646375));
#12938=DIRECTION('',(-0.212263369969553,0.,0.977212495708671));
#12939=DIRECTION('',(0.977212495708671,0.,0.212263369969553));
#12940=DIRECTION('',(0.,1.,0.));
#12941=DIRECTION('',(0.977212495708671,0.,0.212263369969553));
#12942=DIRECTION('',(-1.,0.,0.));
#12943=DIRECTION('',(0.,0.,1.));
#12944=DIRECTION('',(0.,1.,0.));
#12945=DIRECTION('',(0.,0.,1.));
#12946=DIRECTION('',(-0.218583297746029,0.,-0.975818293508823));
#12947=DIRECTION('',(-0.975818293508823,0.,0.218583297746029));
#12948=DIRECTION('',(0.,1.,0.));
#12949=DIRECTION('',(-0.975818293508823,0.,0.218583297746029));
#12950=DIRECTION('',(-0.283250644797171,0.,-0.959045917681727));
#12951=DIRECTION('',(-0.959045917681728,0.,0.283250644797171));
#12952=DIRECTION('',(-0.959045917681728,0.,0.283250644797171));
#12953=DIRECTION('',(0.,1.,0.));
#12954=DIRECTION('',(-1.,0.,0.));
#12955=DIRECTION('',(0.,1.,0.));
#12956=DIRECTION('',(0.,1.,0.));
#12957=DIRECTION('',(1.,0.,0.));
#12958=DIRECTION('',(0.,0.,-1.));
#12959=DIRECTION('',(0.,0.,-1.));
#12960=DIRECTION('',(0.,1.,0.));
#12961=DIRECTION('',(0.,0.,-1.));
#12962=DIRECTION('',(0.,1.,0.));
#12963=DIRECTION('',(0.,1.,0.));
#12964=DIRECTION('',(0.,1.,0.));
#12965=DIRECTION('',(-0.258761949595497,0.,0.965941123175495));
#12966=DIRECTION('',(0.,1.,0.));
#12967=DIRECTION('',(0.,0.,1.));
#12968=DIRECTION('',(0.,1.,0.));
#12969=DIRECTION('',(0.,1.,0.));
#12970=DIRECTION('',(0.,0.,1.));
#12971=DIRECTION('',(0.,1.,0.));
#12972=DIRECTION('',(-0.720656573377177,0.,0.693292220674851));
#12973=DIRECTION('',(0.,1.,0.));
#12974=DIRECTION('',(0.,0.,1.));
#12975=DIRECTION('',(0.,1.,0.));
#12976=DIRECTION('',(0.,1.,0.));
#12977=DIRECTION('',(0.,0.,1.));
#12978=DIRECTION('',(-1.,0.,0.));
#12979=DIRECTION('',(0.,0.,1.));
#12980=DIRECTION('',(0.,0.,1.));
#12981=DIRECTION('',(0.,1.,0.));
#12982=DIRECTION('',(0.,0.,1.));
#12983=DIRECTION('',(0.,1.,0.));
#12984=DIRECTION('',(-0.694386574045481,0.,-0.71960217188762));
#12985=DIRECTION('',(0.,1.,0.));
#12986=DIRECTION('',(0.,0.,1.));
#12987=DIRECTION('',(0.,1.,0.));
#12988=DIRECTION('',(0.,1.,0.));
#12989=DIRECTION('',(0.,0.,1.));
#12990=DIRECTION('',(0.,1.,0.));
#12991=DIRECTION('',(-0.23483195220388,0.,-0.972035984017112));
#12992=DIRECTION('',(0.,1.,0.));
#12993=DIRECTION('',(0.,0.,1.));
#12994=DIRECTION('',(0.,1.,0.));
#12995=DIRECTION('',(0.,1.,0.));
#12996=DIRECTION('',(0.,0.,1.));
#12997=DIRECTION('',(0.,1.,0.));
#12998=DIRECTION('',(-0.6842654321529,0.,-0.729233034331691));
#12999=DIRECTION('',(0.,1.,0.));
#13000=DIRECTION('',(0.,1.,0.));
#13001=DIRECTION('',(0.,0.,1.));
#13002=DIRECTION('',(0.,1.,0.));
#13003=DIRECTION('',(-0.986329301683343,0.,0.164786251370825));
#13004=DIRECTION('',(0.164786251370825,0.,0.986329301683343));
#13005=DIRECTION('',(0.,1.,0.));
#13006=DIRECTION('',(0.164786251370825,0.,0.986329301683343));
#13007=DIRECTION('',(0.,0.,1.));
#13008=DIRECTION('',(1.,0.,0.));
#13009=DIRECTION('',(0.,1.,0.));
#13010=DIRECTION('',(1.,0.,0.));
#13011=DIRECTION('',(1.,0.,0.));
#13012=DIRECTION('',(0.,0.,-1.));
#13013=DIRECTION('',(0.,1.,0.));
#13014=DIRECTION('',(0.,0.,-1.));
#13015=DIRECTION('',(0.209833974823528,0.,-0.977737031624434));
#13016=DIRECTION('',(-0.977737031624434,0.,-0.209833974823528));
#13017=DIRECTION('',(0.,1.,0.));
#13018=DIRECTION('',(-0.977737031624434,0.,-0.209833974823528));
#13019=DIRECTION('',(1.,0.,0.));
#13020=DIRECTION('',(0.,0.,-1.));
#13021=DIRECTION('',(0.,1.,0.));
#13022=DIRECTION('',(0.,0.,-1.));
#13023=DIRECTION('',(0.,0.,-1.));
#13024=DIRECTION('',(-1.,0.,0.));
#13025=DIRECTION('',(0.,1.,0.));
#13026=DIRECTION('',(-1.,0.,0.));
#13027=DIRECTION('',(-1.,0.,0.));
#13028=DIRECTION('',(0.,0.,1.));
#13029=DIRECTION('',(0.,1.,0.));
#13030=DIRECTION('',(0.,0.,1.));
#13031=DIRECTION('',(-0.189145912481888,0.,0.981948992459076));
#13032=DIRECTION('',(0.981948992459076,0.,0.189145912481888));
#13033=DIRECTION('',(0.,1.,0.));
#13034=DIRECTION('',(0.981948992459076,0.,0.189145912481888));
#13035=DIRECTION('',(-1.,0.,0.));
#13036=DIRECTION('',(0.,0.,1.));
#13037=DIRECTION('',(0.,1.,0.));
#13038=DIRECTION('',(0.,0.,1.));
#13039=DIRECTION('',(0.,1.,0.));
#13040=DIRECTION('',(-0.658407020921028,0.,0.752662072115965));
#13041=DIRECTION('',(0.,1.,0.));
#13042=DIRECTION('',(0.,1.,0.));
#13043=DIRECTION('',(0.,0.,1.));
#13044=DIRECTION('',(0.,1.,0.));
#13045=DIRECTION('',(-0.240013630759891,0.,0.970769517985322));
#13046=DIRECTION('',(0.,1.,0.));
#13047=DIRECTION('',(0.,1.,0.));
#13048=DIRECTION('',(0.,0.,1.));
#13049=DIRECTION('',(0.,1.,0.));
#13050=DIRECTION('',(0.,1.,0.));
#13051=DIRECTION('',(-1.,0.,0.));
#13052=DIRECTION('',(0.,0.,1.));
#13053=DIRECTION('',(0.,1.,0.));
#13054=DIRECTION('',(0.,0.,1.));
#13055=DIRECTION('',(0.,1.,0.));
#13056=DIRECTION('',(0.,1.,0.));
#13057=DIRECTION('',(0.,1.,0.));
#13058=DIRECTION('',(-0.243837872635582,0.,-0.969816009286583));
#13059=DIRECTION('',(0.,1.,0.));
#13060=DIRECTION('',(0.,0.,1.));
#13061=DIRECTION('',(0.,1.,0.));
#13062=DIRECTION('',(-1.,0.,0.));
#13063=DIRECTION('',(0.,1.,0.));
#13064=DIRECTION('',(0.440299981097462,0.,0.897850726259981));
#13065=DIRECTION('',(0.,1.,0.));
#13066=DIRECTION('',(0.,0.,1.));
#13067=DIRECTION('',(0.,1.,0.));
#13068=DIRECTION('',(0.,1.,0.));
#13069=DIRECTION('',(0.,0.,1.));
#13070=DIRECTION('',(0.,1.,0.));
#13071=DIRECTION('',(0.,1.,0.));
#13072=DIRECTION('',(0.,1.,0.));
#13073=DIRECTION('',(-1.,0.,0.));
#13074=DIRECTION('',(0.,0.,1.));
#13075=DIRECTION('',(0.,0.,1.));
#13076=DIRECTION('',(0.,1.,0.));
#13077=DIRECTION('',(0.,0.,1.));
#13078=DIRECTION('',(0.,0.,-1.));
#13079=DIRECTION('',(-1.,0.,0.));
#13080=DIRECTION('',(-1.,0.,0.));
#13081=DIRECTION('',(0.,1.,0.));
#13082=DIRECTION('',(-1.,0.,0.));
#13083=DIRECTION('',(0.847998304005088,0.,-0.52999894000318));
#13084=DIRECTION('',(-0.52999894000318,0.,-0.847998304005088));
#13085=DIRECTION('',(-0.52999894000318,0.,-0.847998304005088));
#13086=DIRECTION('',(0.,1.,0.));
#13087=DIRECTION('',(-0.52999894000318,0.,-0.847998304005088));
#13088=DIRECTION('',(0.,1.,0.));
#13089=DIRECTION('',(0.,1.,0.));
#13090=DIRECTION('',(0.,1.,0.));
#13091=DIRECTION('',(-0.15401650119325,0.,-0.988068275657198));
#13092=DIRECTION('',(0.,1.,0.));
#13093=DIRECTION('',(0.,1.,0.));
#13094=DIRECTION('',(0.,0.,1.));
#13095=DIRECTION('',(0.,1.,0.));
#13096=DIRECTION('',(0.915746217537248,0.,-0.401757221548316));
#13097=DIRECTION('',(-0.401757221548316,0.,-0.915746217537248));
#13098=DIRECTION('',(0.,1.,0.));
#13099=DIRECTION('',(-0.401757221548316,0.,-0.915746217537248));
#13100=DIRECTION('',(0.,1.,0.));
#13101=DIRECTION('',(-0.399883239062789,0.,-0.916566088788284));
#13102=DIRECTION('',(0.,1.,0.));
#13103=DIRECTION('',(0.,1.,0.));
#13104=DIRECTION('',(0.,0.,1.));
#13105=DIRECTION('',(0.,1.,0.));
#13106=DIRECTION('',(0.,1.,0.));
#13107=DIRECTION('',(0.,1.,0.));
#13108=DIRECTION('',(0.953582665134151,0.,0.301131367937068));
#13109=DIRECTION('',(0.301131367937068,0.,-0.953582665134151));
#13110=DIRECTION('',(0.,1.,0.));
#13111=DIRECTION('',(0.301131367937068,0.,-0.953582665134151));
#13112=DIRECTION('',(0.,0.,1.));
#13113=DIRECTION('',(1.,0.,0.));
#13114=DIRECTION('',(0.,1.,0.));
#13115=DIRECTION('',(1.,0.,0.));
#13116=DIRECTION('',(1.,0.,0.));
#13117=DIRECTION('',(0.,0.,-1.));
#13118=DIRECTION('',(0.,1.,0.));
#13119=DIRECTION('',(0.,0.,-1.));
#13120=DIRECTION('',(0.,1.,0.));
#13121=DIRECTION('',(0.,1.,0.));
#13122=DIRECTION('',(0.,1.,0.));
#13123=DIRECTION('',(0.,1.,0.));
#13124=DIRECTION('',(-1.,0.,0.));
#13125=DIRECTION('',(0.,0.,1.));
#13126=DIRECTION('',(0.,1.,0.));
#13127=DIRECTION('',(0.,0.,1.));
#13128=DIRECTION('',(0.,1.,0.));
#13129=DIRECTION('',(-1.,0.,0.));
#13130=DIRECTION('',(0.,1.,0.));
#13131=DIRECTION('',(0.,1.,0.));
#13132=DIRECTION('',(1.,0.,0.));
#13133=DIRECTION('',(0.,0.,-1.));
#13134=DIRECTION('',(0.,0.,-1.));
#13135=DIRECTION('',(0.,1.,0.));
#13136=DIRECTION('',(0.,0.,-1.));
#13137=DIRECTION('',(0.,1.,0.));
#13138=DIRECTION('',(0.,1.,0.));
#13139=DIRECTION('',(0.,1.,0.));
#13140=DIRECTION('',(0.,1.,0.));
#13141=DIRECTION('',(-1.,0.,0.));
#13142=DIRECTION('',(0.,0.,1.));
#13143=DIRECTION('',(0.,0.,1.));
#13144=DIRECTION('',(0.,1.,0.));
#13145=DIRECTION('',(0.,0.,1.));
#13146=DIRECTION('',(0.,1.,0.));
#13147=DIRECTION('',(0.,1.,0.));
#13148=DIRECTION('',(0.,1.,0.));
#13149=DIRECTION('',(0.,1.,0.));
#13150=DIRECTION('',(-1.,0.,0.));
#13151=DIRECTION('',(0.,0.,1.));
#13152=DIRECTION('',(0.,1.,0.));
#13153=DIRECTION('',(0.,0.,1.));
#13154=DIRECTION('',(0.,1.,0.));
#13155=DIRECTION('',(0.,1.,0.));
#13156=DIRECTION('',(0.,1.,0.));
#13157=DIRECTION('',(0.,1.,0.));
#13158=DIRECTION('',(1.,0.,0.));
#13159=DIRECTION('',(0.,0.,-1.));
#13160=DIRECTION('',(0.,1.,0.));
#13161=DIRECTION('',(0.,0.,-1.));
#13162=DIRECTION('',(0.,1.,0.));
#13163=DIRECTION('',(0.,1.,0.));
#13164=DIRECTION('',(0.,1.,0.));
#13165=DIRECTION('',(-1.,0.,0.));
#13166=DIRECTION('',(0.,1.,0.));
#13167=DIRECTION('',(-0.235259555133557,0.,-0.971932580850318));
#13168=DIRECTION('',(0.,1.,0.));
#13169=DIRECTION('',(0.,0.,1.));
#13170=DIRECTION('',(0.,1.,0.));
#13171=DIRECTION('',(0.,1.,0.));
#13172=DIRECTION('',(0.,0.,1.));
#13173=DIRECTION('',(0.,1.,0.));
#13174=DIRECTION('',(0.,1.,0.));
#13175=DIRECTION('',(0.,1.,0.));
#13176=DIRECTION('',(0.,1.,0.));
#13177=DIRECTION('',(0.910954877632162,0.,0.41250601319032));
#13178=DIRECTION('',(0.,1.,0.));
#13179=DIRECTION('',(0.,0.,1.));
#13180=DIRECTION('',(0.,1.,0.));
#13181=DIRECTION('',(0.,1.,0.));
#13182=DIRECTION('',(0.,0.,1.));
#13183=DIRECTION('',(0.,1.,0.));
#13184=DIRECTION('',(0.,0.,1.));
#13185=DIRECTION('',(1.,0.,0.));
#13186=DIRECTION('',(1.,0.,0.));
#13187=DIRECTION('',(0.,1.,0.));
#13188=DIRECTION('',(1.,0.,0.));
#13189=DIRECTION('',(-1.,0.,0.));
#13190=DIRECTION('',(0.,0.,1.));
#13191=DIRECTION('',(0.,0.,1.));
#13192=DIRECTION('',(0.,1.,0.));
#13193=DIRECTION('',(0.,0.,1.));
#13194=DIRECTION('',(0.,1.,0.));
#13195=DIRECTION('',(0.935479354003809,0.,-0.353381349582311));
#13196=DIRECTION('',(0.,1.,0.));
#13197=DIRECTION('',(-8.72633746197023E-13,-1.,3.29438100149287E-13));
#13198=DIRECTION('',(0.915391621613359,-9.28358370341726E-13,-0.402564503005499));
#13199=DIRECTION('',(0.,1.,0.));
#13200=DIRECTION('',(0.,0.,1.));
#13201=DIRECTION('',(1.,0.,0.));
#13202=DIRECTION('',(0.,1.,0.));
#13203=DIRECTION('',(1.,0.,0.));
#13204=DIRECTION('',(1.,0.,0.));
#13205=DIRECTION('',(0.,0.,-1.));
#13206=DIRECTION('',(0.,1.,0.));
#13207=DIRECTION('',(0.,0.,-1.));
#13208=DIRECTION('',(0.131930156602851,0.,-0.991259014475403));
#13209=DIRECTION('',(-0.991259014475403,0.,-0.131930156602851));
#13210=DIRECTION('',(0.,1.,0.));
#13211=DIRECTION('',(-0.991259014475403,0.,-0.131930156602851));
#13212=DIRECTION('',(0.,1.,0.));
#13213=DIRECTION('',(0.996768678663091,0.,-0.0803255951502161));
#13214=DIRECTION('',(0.,1.,0.));
#13215=DIRECTION('',(0.,1.,0.));
#13216=DIRECTION('',(0.,0.,1.));
#13217=DIRECTION('',(0.999948868645813,-9.48856659931275E-28,-0.0101123733098953));
#13218=DIRECTION('',(-0.0101123733098953,-2.27040204229722E-14,-0.999948868645813));
#13219=DIRECTION('',(0.,1.,0.));
#13220=DIRECTION('',(-0.0101123733098953,-2.27040204229722E-14,-0.999948868645813));
#13221=DIRECTION('',(1.,0.,0.));
#13222=DIRECTION('',(0.,0.,-1.));
#13223=DIRECTION('',(0.,1.,0.));
#13224=DIRECTION('',(0.,0.,-1.));
#13225=DIRECTION('',(0.,1.,0.));
#13226=DIRECTION('',(0.,1.,0.));
#13227=DIRECTION('',(0.,1.,0.));
#13228=DIRECTION('',(0.164764549120202,0.,0.986332927237663));
#13229=DIRECTION('',(0.,1.,0.));
#13230=DIRECTION('',(0.,1.,0.));
#13231=DIRECTION('',(0.,0.,1.));
#13232=DIRECTION('',(0.,1.,0.));
#13233=DIRECTION('',(0.446835363488851,0.,0.894616207060763));
#13234=DIRECTION('',(0.,1.,0.));
#13235=DIRECTION('',(0.,1.,0.));
#13236=DIRECTION('',(0.,0.,1.));
#13237=DIRECTION('',(-0.999992000095999,0.,-0.00399996800038894));
#13238=DIRECTION('',(-0.00399996800038894,0.,0.999992000095999));
#13239=DIRECTION('',(0.,1.,0.));
#13240=DIRECTION('',(-0.00399996800038894,0.,0.999992000095999));
#13241=DIRECTION('',(0.,0.,1.));
#13242=DIRECTION('',(1.,0.,0.));
#13243=DIRECTION('',(0.,1.,0.));
#13244=DIRECTION('',(1.,0.,0.));
#13245=DIRECTION('',(0.986540838696673,0.,0.163515056137549));
#13246=DIRECTION('',(0.163515056137549,0.,-0.986540838696673));
#13247=DIRECTION('',(0.,1.,0.));
#13248=DIRECTION('',(0.163515056137549,0.,-0.986540838696673));
#13249=DIRECTION('',(0.,1.,0.));
#13250=DIRECTION('',(0.408493155817323,0.,0.912761382646311));
#13251=DIRECTION('',(0.,1.,0.));
#13252=DIRECTION('',(0.,1.,0.));
#13253=DIRECTION('',(0.,0.,1.));
#13254=DIRECTION('',(0.,1.,0.));
#13255=DIRECTION('',(0.133274517032801,0.,0.99107916086944));
#13256=DIRECTION('',(0.,1.,0.));
#13257=DIRECTION('',(0.,1.,0.));
#13258=DIRECTION('',(0.,0.,1.));
#13259=DIRECTION('',(0.,1.,0.));
#13260=DIRECTION('',(0.,1.,0.));
#13261=DIRECTION('',(-1.,0.,0.));
#13262=DIRECTION('',(0.,0.,1.));
#13263=DIRECTION('',(0.,1.,0.));
#13264=DIRECTION('',(0.,0.,1.));
#13265=DIRECTION('',(0.,0.,-1.));
#13266=DIRECTION('',(-1.,0.,0.));
#13267=DIRECTION('',(0.,1.,0.));
#13268=DIRECTION('',(-1.,0.,0.));
#13269=DIRECTION('',(0.,1.,0.));
#13270=DIRECTION('',(0.,1.,0.));
#13271=DIRECTION('',(0.,1.,0.));
#13272=DIRECTION('',(0.,1.,0.));
#13273=DIRECTION('',(0.,1.,0.));
#13274=DIRECTION('',(-0.218493138275082,0.,-0.975838484856334));
#13275=DIRECTION('',(0.,1.,0.));
#13276=DIRECTION('',(0.,1.,0.));
#13277=DIRECTION('',(0.,0.,1.));
#13278=DIRECTION('',(0.,1.,0.));
#13279=DIRECTION('',(-0.609395123308273,0.,-0.792866687210463));
#13280=DIRECTION('',(0.,1.,0.));
#13281=DIRECTION('',(0.,1.,0.));
#13282=DIRECTION('',(0.,0.,1.));
#13283=DIRECTION('',(0.,1.,0.));
#13284=DIRECTION('',(0.971950085783143,0.,-0.235187224878695));
#13285=DIRECTION('',(0.,1.,0.));
#13286=DIRECTION('',(0.,0.,1.));
#13287=DIRECTION('',(0.,1.,0.));
#13288=DIRECTION('',(-0.653045116642143,0.,-0.757319005195202));
#13289=DIRECTION('',(0.,1.,0.));
#13290=DIRECTION('',(0.,0.,1.));
#13291=DIRECTION('',(0.,1.,0.));
#13292=DIRECTION('',(0.,0.,1.));
#13293=DIRECTION('',(0.,1.,0.));
#13294=DIRECTION('',(-1.,0.,0.));
#13295=DIRECTION('',(1.,0.,0.));
#13296=DIRECTION('',(0.,0.,-1.));
#13297=DIRECTION('',(0.,1.,0.));
#13298=DIRECTION('',(0.,0.,-1.));
#13299=DIRECTION('',(0.,1.,0.));
#13300=DIRECTION('',(0.,0.,1.));
#13301=DIRECTION('',(1.,0.,0.));
#13302=DIRECTION('',(0.,1.,0.));
#13303=DIRECTION('',(1.,0.,0.));
#13304=DIRECTION('',(-1.,0.,0.));
#13305=DIRECTION('',(0.,0.,1.));
#13306=DIRECTION('',(0.,1.,0.));
#13307=DIRECTION('',(0.,0.,1.));
#13308=DIRECTION('',(0.,0.,-1.));
#13309=DIRECTION('',(-1.,0.,0.));
#13310=DIRECTION('',(0.,1.,0.));
#13311=DIRECTION('',(-1.,0.,0.));
#13312=DIRECTION('',(1.,0.,0.));
#13313=DIRECTION('',(0.,0.,-1.));
#13314=DIRECTION('',(0.,1.,0.));
#13315=DIRECTION('',(0.,0.,-1.));
#13316=DIRECTION('',(0.,0.,-1.));
#13317=DIRECTION('',(-1.,0.,0.));
#13318=DIRECTION('',(0.,1.,0.));
#13319=DIRECTION('',(-1.,0.,0.));
#13320=DIRECTION('',(1.,0.,0.));
#13321=DIRECTION('',(0.,0.,-1.));
#13322=DIRECTION('',(0.,1.,0.));
#13323=DIRECTION('',(0.,0.,-1.));
#13324=DIRECTION('',(0.,0.,-1.));
#13325=DIRECTION('',(-1.,0.,0.));
#13326=DIRECTION('',(-1.,0.,0.));
#13327=DIRECTION('',(0.,1.,0.));
#13328=DIRECTION('',(-1.,0.,0.));
#13329=DIRECTION('',(-1.,0.,0.));
#13330=DIRECTION('',(0.,0.,1.));
#13331=DIRECTION('',(0.,1.,0.));
#13332=DIRECTION('',(0.,0.,1.));
#13333=DIRECTION('',(0.,1.,0.));
#13334=DIRECTION('',(0.,0.,-1.));
#13335=DIRECTION('',(-1.,0.,0.));
#13336=DIRECTION('',(0.,1.,0.));
#13337=DIRECTION('',(-1.,0.,0.));
#13338=DIRECTION('',(-1.,0.,0.));
#13339=DIRECTION('',(0.,0.,1.));
#13340=DIRECTION('',(0.,1.,0.));
#13341=DIRECTION('',(0.,0.,1.));
#13342=DIRECTION('',(0.,0.,1.));
#13343=DIRECTION('',(1.,0.,0.));
#13344=DIRECTION('',(0.,1.,0.));
#13345=DIRECTION('',(1.,0.,0.));
#13346=DIRECTION('',(-1.,0.,0.));
#13347=DIRECTION('',(0.,0.,1.));
#13348=DIRECTION('',(0.,1.,0.));
#13349=DIRECTION('',(0.,0.,1.));
#13350=DIRECTION('',(0.,0.,-1.));
#13351=DIRECTION('',(-1.,0.,0.));
#13352=DIRECTION('',(0.,1.,0.));
#13353=DIRECTION('',(-1.,0.,0.));
#13354=DIRECTION('',(-1.,0.,0.));
#13355=DIRECTION('',(0.,0.,1.));
#13356=DIRECTION('',(0.,1.,0.));
#13357=DIRECTION('',(0.,0.,1.));
#13358=DIRECTION('',(0.,0.,-1.));
#13359=DIRECTION('',(-1.,0.,0.));
#13360=DIRECTION('',(-1.,0.,0.));
#13361=DIRECTION('',(0.,1.,0.));
#13362=DIRECTION('',(-1.,0.,0.));
#13363=DIRECTION('',(0.,1.,0.));
#13364=DIRECTION('',(0.,1.,0.));
#13365=DIRECTION('',(1.,0.,0.));
#13366=DIRECTION('',(0.,0.,-1.));
#13367=DIRECTION('',(0.,0.,-1.));
#13368=DIRECTION('',(0.,1.,0.));
#13369=DIRECTION('',(0.,0.,-1.));
#13370=DIRECTION('',(0.,1.,0.));
#13371=DIRECTION('',(0.,1.,0.));
#13372=DIRECTION('',(0.,1.,0.));
#13373=DIRECTION('',(-0.258761949595409,0.,0.965941123175519));
#13374=DIRECTION('',(0.,1.,0.));
#13375=DIRECTION('',(0.,0.,1.));
#13376=DIRECTION('',(0.,1.,0.));
#13377=DIRECTION('',(0.,1.,0.));
#13378=DIRECTION('',(0.,0.,1.));
#13379=DIRECTION('',(0.,1.,0.));
#13380=DIRECTION('',(-0.720656573377992,0.,0.693292220674003));
#13381=DIRECTION('',(0.,1.,0.));
#13382=DIRECTION('',(0.,0.,1.));
#13383=DIRECTION('',(0.,1.,0.));
#13384=DIRECTION('',(0.,1.,0.));
#13385=DIRECTION('',(0.,0.,1.));
#13386=DIRECTION('',(-1.,0.,0.));
#13387=DIRECTION('',(0.,0.,1.));
#13388=DIRECTION('',(0.,0.,1.));
#13389=DIRECTION('',(0.,1.,0.));
#13390=DIRECTION('',(0.,0.,1.));
#13391=DIRECTION('',(0.,1.,0.));
#13392=DIRECTION('',(-0.694386574045495,0.,-0.719602171887606));
#13393=DIRECTION('',(0.,1.,0.));
#13394=DIRECTION('',(0.,0.,1.));
#13395=DIRECTION('',(0.,1.,0.));
#13396=DIRECTION('',(0.,1.,0.));
#13397=DIRECTION('',(0.,0.,1.));
#13398=DIRECTION('',(0.,1.,0.));
#13399=DIRECTION('',(-0.234831952203939,0.,-0.972035984017097));
#13400=DIRECTION('',(0.,1.,0.));
#13401=DIRECTION('',(0.,0.,1.));
#13402=DIRECTION('',(0.,1.,0.));
#13403=DIRECTION('',(0.,1.,0.));
#13404=DIRECTION('',(0.,0.,1.));
#13405=DIRECTION('',(0.,1.,0.));
#13406=DIRECTION('',(-0.684265432152844,0.,-0.729233034331744));
#13407=DIRECTION('',(0.,1.,0.));
#13408=DIRECTION('',(0.,1.,0.));
#13409=DIRECTION('',(0.,0.,1.));
#13410=DIRECTION('',(0.,1.,0.));
#13411=DIRECTION('',(-0.986329301683342,0.,0.164786251370833));
#13412=DIRECTION('',(0.164786251370833,0.,0.986329301683342));
#13413=DIRECTION('',(0.,1.,0.));
#13414=DIRECTION('',(0.164786251370833,0.,0.986329301683342));
#13415=DIRECTION('',(0.,0.,1.));
#13416=DIRECTION('',(1.,0.,0.));
#13417=DIRECTION('',(0.,1.,0.));
#13418=DIRECTION('',(1.,0.,0.));
#13419=DIRECTION('',(1.,0.,0.));
#13420=DIRECTION('',(0.,0.,-1.));
#13421=DIRECTION('',(0.,1.,0.));
#13422=DIRECTION('',(0.,0.,-1.));
#13423=DIRECTION('',(0.209833974823531,0.,-0.977737031624433));
#13424=DIRECTION('',(-0.977737031624433,0.,-0.209833974823531));
#13425=DIRECTION('',(0.,1.,0.));
#13426=DIRECTION('',(-0.977737031624433,0.,-0.209833974823531));
#13427=DIRECTION('',(1.,0.,0.));
#13428=DIRECTION('',(0.,0.,-1.));
#13429=DIRECTION('',(0.,1.,0.));
#13430=DIRECTION('',(0.,0.,-1.));
#13431=DIRECTION('',(0.,0.,-1.));
#13432=DIRECTION('',(-1.,0.,0.));
#13433=DIRECTION('',(0.,1.,0.));
#13434=DIRECTION('',(-1.,0.,0.));
#13435=DIRECTION('',(-1.,0.,0.));
#13436=DIRECTION('',(0.,0.,1.));
#13437=DIRECTION('',(0.,1.,0.));
#13438=DIRECTION('',(0.,0.,1.));
#13439=DIRECTION('',(-0.189145912481888,0.,0.981948992459076));
#13440=DIRECTION('',(0.981948992459076,0.,0.189145912481888));
#13441=DIRECTION('',(0.,1.,0.));
#13442=DIRECTION('',(0.981948992459076,0.,0.189145912481888));
#13443=DIRECTION('',(-1.,0.,0.));
#13444=DIRECTION('',(0.,0.,1.));
#13445=DIRECTION('',(0.,1.,0.));
#13446=DIRECTION('',(0.,0.,1.));
#13447=DIRECTION('',(0.,1.,0.));
#13448=DIRECTION('',(-0.658407020921097,0.,0.752662072115904));
#13449=DIRECTION('',(0.,1.,0.));
#13450=DIRECTION('',(0.,1.,0.));
#13451=DIRECTION('',(0.,0.,1.));
#13452=DIRECTION('',(0.,1.,0.));
#13453=DIRECTION('',(-0.240013630759928,0.,0.970769517985313));
#13454=DIRECTION('',(0.,1.,0.));
#13455=DIRECTION('',(0.,1.,0.));
#13456=DIRECTION('',(0.,0.,1.));
#13457=DIRECTION('',(0.,1.,0.));
#13458=DIRECTION('',(0.,1.,0.));
#13459=DIRECTION('',(-1.,0.,0.));
#13460=DIRECTION('',(0.,0.,1.));
#13461=DIRECTION('',(0.,1.,0.));
#13462=DIRECTION('',(0.,0.,1.));
#13463=DIRECTION('',(0.,1.,0.));
#13464=DIRECTION('',(0.,1.,0.));
#13465=DIRECTION('',(0.,1.,0.));
#13466=DIRECTION('',(-0.24383787263558,0.,-0.969816009286584));
#13467=DIRECTION('',(0.,1.,0.));
#13468=DIRECTION('',(0.,0.,1.));
#13469=DIRECTION('',(0.,1.,0.));
#13470=DIRECTION('',(-1.,0.,0.));
#13471=DIRECTION('',(0.,1.,0.));
#13472=DIRECTION('',(0.,1.,0.));
#13473=DIRECTION('',(1.,0.,0.));
#13474=DIRECTION('',(0.,0.,-1.));
#13475=DIRECTION('',(0.,0.,-1.));
#13476=DIRECTION('',(0.,1.,0.));
#13477=DIRECTION('',(0.,0.,-1.));
#13478=DIRECTION('',(0.,1.,0.));
#13479=DIRECTION('',(0.,1.,0.));
#13480=DIRECTION('',(0.,1.,0.));
#13481=DIRECTION('',(0.,1.,0.));
#13482=DIRECTION('',(-1.,0.,0.));
#13483=DIRECTION('',(0.,0.,1.));
#13484=DIRECTION('',(0.,0.,1.));
#13485=DIRECTION('',(0.,1.,0.));
#13486=DIRECTION('',(0.,0.,1.));
#13487=DIRECTION('',(0.,1.,0.));
#13488=DIRECTION('',(0.,1.,0.));
#13489=DIRECTION('',(0.,1.,0.));
#13490=DIRECTION('',(0.,1.,0.));
#13491=DIRECTION('',(-1.,0.,0.));
#13492=DIRECTION('',(0.,0.,1.));
#13493=DIRECTION('',(0.,1.,0.));
#13494=DIRECTION('',(0.,0.,1.));
#13495=DIRECTION('',(0.,1.,0.));
#13496=DIRECTION('',(0.,1.,0.));
#13497=DIRECTION('',(0.,1.,0.));
#13498=DIRECTION('',(0.,1.,0.));
#13499=DIRECTION('',(1.,0.,0.));
#13500=DIRECTION('',(0.,0.,-1.));
#13501=DIRECTION('',(0.,1.,0.));
#13502=DIRECTION('',(0.,0.,-1.));
#13503=DIRECTION('',(0.,1.,0.));
#13504=DIRECTION('',(0.,1.,0.));
#13505=DIRECTION('',(0.,1.,0.));
#13506=DIRECTION('',(-1.,0.,0.));
#13507=DIRECTION('',(0.,1.,0.));
#13508=DIRECTION('',(0.,1.,0.));
#13509=DIRECTION('',(1.,0.,0.));
#13510=DIRECTION('',(0.,0.,-1.));
#13511=DIRECTION('',(0.,0.,-1.));
#13512=DIRECTION('',(0.,1.,0.));
#13513=DIRECTION('',(0.,0.,-1.));
#13514=DIRECTION('',(0.,1.,0.));
#13515=DIRECTION('',(0.,1.,0.));
#13516=DIRECTION('',(0.,1.,0.));
#13517=DIRECTION('',(0.,1.,0.));
#13518=DIRECTION('',(-1.,0.,0.));
#13519=DIRECTION('',(0.,0.,1.));
#13520=DIRECTION('',(0.,0.,1.));
#13521=DIRECTION('',(0.,1.,0.));
#13522=DIRECTION('',(0.,0.,1.));
#13523=DIRECTION('',(0.,1.,0.));
#13524=DIRECTION('',(0.,1.,0.));
#13525=DIRECTION('',(0.,1.,0.));
#13526=DIRECTION('',(0.,1.,0.));
#13527=DIRECTION('',(-1.,0.,0.));
#13528=DIRECTION('',(0.,0.,1.));
#13529=DIRECTION('',(0.,1.,0.));
#13530=DIRECTION('',(0.,0.,1.));
#13531=DIRECTION('',(0.,1.,0.));
#13532=DIRECTION('',(0.,1.,0.));
#13533=DIRECTION('',(0.,1.,0.));
#13534=DIRECTION('',(0.,1.,0.));
#13535=DIRECTION('',(1.,0.,0.));
#13536=DIRECTION('',(0.,0.,-1.));
#13537=DIRECTION('',(0.,1.,0.));
#13538=DIRECTION('',(0.,0.,-1.));
#13539=DIRECTION('',(0.,1.,0.));
#13540=DIRECTION('',(0.,1.,0.));
#13541=DIRECTION('',(0.,1.,0.));
#13542=DIRECTION('',(-1.,0.,0.));
#13543=DIRECTION('',(0.,1.,0.));
#13544=DIRECTION('',(0.,1.,0.));
#13545=DIRECTION('',(1.,0.,0.));
#13546=DIRECTION('',(0.,0.,-1.));
#13547=DIRECTION('',(0.,0.,-1.));
#13548=DIRECTION('',(0.,1.,0.));
#13549=DIRECTION('',(0.,0.,-1.));
#13550=DIRECTION('',(0.,1.,0.));
#13551=DIRECTION('',(0.,1.,0.));
#13552=DIRECTION('',(0.,1.,0.));
#13553=DIRECTION('',(0.,1.,0.));
#13554=DIRECTION('',(-1.,0.,0.));
#13555=DIRECTION('',(0.,0.,1.));
#13556=DIRECTION('',(0.,0.,1.));
#13557=DIRECTION('',(0.,1.,0.));
#13558=DIRECTION('',(0.,0.,1.));
#13559=DIRECTION('',(0.,1.,0.));
#13560=DIRECTION('',(0.,1.,0.));
#13561=DIRECTION('',(0.,1.,0.));
#13562=DIRECTION('',(0.,1.,0.));
#13563=DIRECTION('',(-1.,0.,0.));
#13564=DIRECTION('',(0.,0.,1.));
#13565=DIRECTION('',(0.,1.,0.));
#13566=DIRECTION('',(0.,0.,1.));
#13567=DIRECTION('',(0.,1.,0.));
#13568=DIRECTION('',(0.,1.,0.));
#13569=DIRECTION('',(0.,1.,0.));
#13570=DIRECTION('',(0.,1.,0.));
#13571=DIRECTION('',(1.,0.,0.));
#13572=DIRECTION('',(0.,0.,-1.));
#13573=DIRECTION('',(0.,1.,0.));
#13574=DIRECTION('',(0.,0.,-1.));
#13575=DIRECTION('',(0.,1.,0.));
#13576=DIRECTION('',(0.,1.,0.));
#13577=DIRECTION('',(0.,1.,0.));
#13578=DIRECTION('',(-1.,0.,0.));
#13579=DIRECTION('',(-0.208921906317659,0.,-0.977932327444285));
#13580=DIRECTION('',(-0.977932327444285,0.,0.208921906317659));
#13581=DIRECTION('',(0.,1.,0.));
#13582=DIRECTION('',(-0.977932327444285,0.,0.208921906317659));
#13583=DIRECTION('',(0.,1.,0.));
#13584=DIRECTION('',(-1.,0.,0.));
#13585=DIRECTION('',(0.,0.,1.));
#13586=DIRECTION('',(0.,1.,0.));
#13587=DIRECTION('',(0.,0.,1.));
#13588=DIRECTION('',(0.,0.,1.));
#13589=DIRECTION('',(1.,0.,0.));
#13590=DIRECTION('',(0.,1.,0.));
#13591=DIRECTION('',(1.,0.,0.));
#13592=DIRECTION('',(1.,0.,0.));
#13593=DIRECTION('',(0.,0.,-1.));
#13594=DIRECTION('',(0.,1.,0.));
#13595=DIRECTION('',(0.,0.,-1.));
#13596=DIRECTION('',(0.210292932690588,0.,-0.977638421125311));
#13597=DIRECTION('',(-0.977638421125312,0.,-0.210292932690588));
#13598=DIRECTION('',(0.,1.,0.));
#13599=DIRECTION('',(-0.977638421125312,0.,-0.210292932690588));
#13600=DIRECTION('',(1.,0.,0.));
#13601=DIRECTION('',(0.,0.,-1.));
#13602=DIRECTION('',(0.,1.,0.));
#13603=DIRECTION('',(0.,0.,-1.));
#13604=DIRECTION('',(0.,0.,-1.));
#13605=DIRECTION('',(-1.,0.,0.));
#13606=DIRECTION('',(0.,1.,0.));
#13607=DIRECTION('',(-1.,0.,0.));
#13608=DIRECTION('',(-1.,0.,0.));
#13609=DIRECTION('',(0.,0.,1.));
#13610=DIRECTION('',(0.,1.,0.));
#13611=DIRECTION('',(0.,0.,1.));
#13612=DIRECTION('',(-0.18757549798467,0.,0.982250188371477));
#13613=DIRECTION('',(0.982250188371477,0.,0.18757549798467));
#13614=DIRECTION('',(0.,1.,0.));
#13615=DIRECTION('',(0.982250188371477,0.,0.18757549798467));
#13616=DIRECTION('',(-1.,0.,0.));
#13617=DIRECTION('',(0.,0.,1.));
#13618=DIRECTION('',(0.,0.,1.));
#13619=DIRECTION('',(0.,1.,0.));
#13620=DIRECTION('',(-1.,0.,0.));
#13621=DIRECTION('',(0.,0.,1.));
#13622=DIRECTION('',(1.,0.,0.));
#13623=DIRECTION('',(0.,1.,0.));
#13624=DIRECTION('',(1.,0.,0.));
#13625=DIRECTION('',(0.,1.,0.));
#13626=DIRECTION('',(1.,0.,0.));
#13627=DIRECTION('',(0.,0.,-1.));
#13628=DIRECTION('',(0.,1.,0.));
#13629=DIRECTION('',(0.,0.,-1.));
#13630=DIRECTION('',(0.,0.,-1.));
#13631=DIRECTION('',(-1.,0.,0.));
#13632=DIRECTION('',(0.,1.,0.));
#13633=DIRECTION('',(-1.,0.,0.));
#13634=DIRECTION('',(-1.,0.,0.));
#13635=DIRECTION('',(0.,0.,1.));
#13636=DIRECTION('',(0.,0.,1.));
#13637=DIRECTION('',(0.,1.,0.));
#13638=DIRECTION('',(-1.,0.,0.));
#13639=DIRECTION('',(-0.20892190631766,0.,-0.977932327444284));
#13640=DIRECTION('',(-0.977932327444284,0.,0.20892190631766));
#13641=DIRECTION('',(0.,1.,0.));
#13642=DIRECTION('',(-0.977932327444284,0.,0.20892190631766));
#13643=DIRECTION('',(0.,1.,0.));
#13644=DIRECTION('',(-1.,0.,0.));
#13645=DIRECTION('',(0.,0.,1.));
#13646=DIRECTION('',(0.,1.,0.));
#13647=DIRECTION('',(0.,0.,1.));
#13648=DIRECTION('',(0.,0.,1.));
#13649=DIRECTION('',(1.,0.,0.));
#13650=DIRECTION('',(0.,1.,0.));
#13651=DIRECTION('',(1.,0.,0.));
#13652=DIRECTION('',(1.,0.,0.));
#13653=DIRECTION('',(0.,0.,-1.));
#13654=DIRECTION('',(0.,1.,0.));
#13655=DIRECTION('',(0.,0.,-1.));
#13656=DIRECTION('',(0.210292932690589,0.,-0.977638421125311));
#13657=DIRECTION('',(-0.977638421125311,0.,-0.210292932690589));
#13658=DIRECTION('',(0.,1.,0.));
#13659=DIRECTION('',(-0.977638421125311,0.,-0.210292932690589));
#13660=DIRECTION('',(1.,0.,0.));
#13661=DIRECTION('',(0.,0.,-1.));
#13662=DIRECTION('',(0.,1.,0.));
#13663=DIRECTION('',(0.,0.,-1.));
#13664=DIRECTION('',(0.,0.,-1.));
#13665=DIRECTION('',(-1.,0.,0.));
#13666=DIRECTION('',(0.,1.,0.));
#13667=DIRECTION('',(-1.,0.,0.));
#13668=DIRECTION('',(-1.,0.,0.));
#13669=DIRECTION('',(0.,0.,1.));
#13670=DIRECTION('',(0.,1.,0.));
#13671=DIRECTION('',(0.,0.,1.));
#13672=DIRECTION('',(-0.187575497984668,0.,0.982250188371478));
#13673=DIRECTION('',(0.982250188371478,0.,0.187575497984668));
#13674=DIRECTION('',(0.,1.,0.));
#13675=DIRECTION('',(0.982250188371478,0.,0.187575497984668));
#13676=DIRECTION('',(-1.,0.,0.));
#13677=DIRECTION('',(0.,0.,1.));
#13678=DIRECTION('',(0.,0.,1.));
#13679=DIRECTION('',(0.,1.,0.));
#13680=DIRECTION('',(-1.,0.,0.));
#13681=DIRECTION('',(0.,0.,1.));
#13682=DIRECTION('',(1.,0.,0.));
#13683=DIRECTION('',(0.,1.,0.));
#13684=DIRECTION('',(1.,0.,0.));
#13685=DIRECTION('',(0.,1.,0.));
#13686=DIRECTION('',(1.,0.,0.));
#13687=DIRECTION('',(0.,0.,-1.));
#13688=DIRECTION('',(0.,1.,0.));
#13689=DIRECTION('',(0.,0.,-1.));
#13690=DIRECTION('',(0.,0.,-1.));
#13691=DIRECTION('',(-1.,0.,0.));
#13692=DIRECTION('',(0.,1.,0.));
#13693=DIRECTION('',(-1.,0.,0.));
#13694=DIRECTION('',(-1.,0.,0.));
#13695=DIRECTION('',(0.,0.,1.));
#13696=DIRECTION('',(0.,0.,1.));
#13697=DIRECTION('',(0.,1.,0.));
#13698=DIRECTION('',(-1.,0.,0.));
#13699=DIRECTION('',(-0.210292932690591,0.,-0.977638421125311));
#13700=DIRECTION('',(-0.977638421125311,0.,0.210292932690591));
#13701=DIRECTION('',(0.,1.,0.));
#13702=DIRECTION('',(-0.977638421125311,0.,0.210292932690591));
#13703=DIRECTION('',(0.,1.,0.));
#13704=DIRECTION('',(-1.,0.,0.));
#13705=DIRECTION('',(0.,0.,1.));
#13706=DIRECTION('',(0.,1.,0.));
#13707=DIRECTION('',(0.,0.,1.));
#13708=DIRECTION('',(0.,0.,1.));
#13709=DIRECTION('',(1.,0.,0.));
#13710=DIRECTION('',(0.,1.,0.));
#13711=DIRECTION('',(1.,0.,0.));
#13712=DIRECTION('',(1.,0.,0.));
#13713=DIRECTION('',(0.,0.,-1.));
#13714=DIRECTION('',(0.,1.,0.));
#13715=DIRECTION('',(0.,0.,-1.));
#13716=DIRECTION('',(0.246858647499655,0.,-0.969051499227281));
#13717=DIRECTION('',(-0.969051499227281,0.,-0.246858647499655));
#13718=DIRECTION('',(0.,1.,0.));
#13719=DIRECTION('',(-0.969051499227281,0.,-0.246858647499655));
#13720=DIRECTION('',(1.,0.,0.));
#13721=DIRECTION('',(0.,0.,-1.));
#13722=DIRECTION('',(0.,1.,0.));
#13723=DIRECTION('',(0.,0.,-1.));
#13724=DIRECTION('',(0.,1.,0.));
#13725=DIRECTION('',(0.653136008882595,0.,0.757240618232352));
#13726=DIRECTION('',(0.,1.,0.));
#13727=DIRECTION('',(0.,1.,0.));
#13728=DIRECTION('',(0.,0.,1.));
#13729=DIRECTION('',(0.,1.,0.));
#13730=DIRECTION('',(0.223744686453774,0.,0.974647790375427));
#13731=DIRECTION('',(0.,1.,0.));
#13732=DIRECTION('',(0.,1.,0.));
#13733=DIRECTION('',(0.,0.,1.));
#13734=DIRECTION('',(0.,1.,0.));
#13735=DIRECTION('',(0.,1.,0.));
#13736=DIRECTION('',(-1.,0.,0.));
#13737=DIRECTION('',(0.,0.,1.));
#13738=DIRECTION('',(0.,1.,0.));
#13739=DIRECTION('',(0.,0.,1.));
#13740=DIRECTION('',(-0.233749136665308,0.,-0.972296940809866));
#13741=DIRECTION('',(-0.972296940809866,0.,0.233749136665308));
#13742=DIRECTION('',(0.,1.,0.));
#13743=DIRECTION('',(-0.972296940809866,0.,0.233749136665308));
#13744=DIRECTION('',(-1.,0.,0.));
#13745=DIRECTION('',(0.,0.,1.));
#13746=DIRECTION('',(0.,1.,0.));
#13747=DIRECTION('',(0.,0.,1.));
#13748=DIRECTION('',(0.,0.,1.));
#13749=DIRECTION('',(1.,0.,0.));
#13750=DIRECTION('',(0.,1.,0.));
#13751=DIRECTION('',(1.,0.,0.));
#13752=DIRECTION('',(1.,0.,0.));
#13753=DIRECTION('',(0.,0.,-1.));
#13754=DIRECTION('',(0.,1.,0.));
#13755=DIRECTION('',(0.,0.,-1.));
#13756=DIRECTION('',(0.209833974823528,0.,-0.977737031624434));
#13757=DIRECTION('',(-0.977737031624434,0.,-0.209833974823528));
#13758=DIRECTION('',(0.,1.,0.));
#13759=DIRECTION('',(-0.977737031624434,0.,-0.209833974823528));
#13760=DIRECTION('',(1.,0.,0.));
#13761=DIRECTION('',(0.,0.,-1.));
#13762=DIRECTION('',(0.,1.,0.));
#13763=DIRECTION('',(0.,0.,-1.));
#13764=DIRECTION('',(0.,1.,0.));
#13765=DIRECTION('',(0.,1.,0.));
#13766=DIRECTION('',(0.,1.,0.));
#13767=DIRECTION('',(0.255081993598683,0.,0.966919426085608));
#13768=DIRECTION('',(0.,1.,0.));
#13769=DIRECTION('',(0.,1.,0.));
#13770=DIRECTION('',(0.,0.,1.));
#13771=DIRECTION('',(0.,1.,0.));
#13772=DIRECTION('',(0.693499202506135,0.,0.720457393690533));
#13773=DIRECTION('',(0.,1.,0.));
#13774=DIRECTION('',(0.,1.,0.));
#13775=DIRECTION('',(0.,0.,1.));
#13776=DIRECTION('',(0.996431240321779,0.,-0.0844084315148704));
#13777=DIRECTION('',(-0.0844084315148705,0.,-0.996431240321779));
#13778=DIRECTION('',(0.,1.,0.));
#13779=DIRECTION('',(-0.0844084315148705,0.,-0.996431240321779));
#13780=DIRECTION('',(0.,0.,-1.));
#13781=DIRECTION('',(-1.,0.,0.));
#13782=DIRECTION('',(0.,1.,0.));
#13783=DIRECTION('',(-1.,0.,0.));
#13784=DIRECTION('',(-1.,0.,0.));
#13785=DIRECTION('',(0.,0.,1.));
#13786=DIRECTION('',(0.,1.,0.));
#13787=DIRECTION('',(0.,0.,1.));
#13788=DIRECTION('',(-0.188696880828024,0.,0.982035379793302));
#13789=DIRECTION('',(0.982035379793302,0.,0.188696880828024));
#13790=DIRECTION('',(0.,1.,0.));
#13791=DIRECTION('',(0.982035379793302,0.,0.188696880828024));
#13792=DIRECTION('',(-1.,0.,0.));
#13793=DIRECTION('',(0.,0.,1.));
#13794=DIRECTION('',(0.,0.,1.));
#13795=DIRECTION('',(0.,1.,0.));
#13796=DIRECTION('',(-1.,0.,0.));
#13797=DIRECTION('',(0.,1.,0.));
#13798=DIRECTION('',(-0.670917834153004,0.,-0.741531698456271));
#13799=DIRECTION('',(0.,1.,0.));
#13800=DIRECTION('',(0.,1.,0.));
#13801=DIRECTION('',(0.,0.,1.));
#13802=DIRECTION('',(0.,1.,0.));
#13803=DIRECTION('',(-0.99063192923047,0.,0.136559074356546));
#13804=DIRECTION('',(0.136559074356546,0.,0.99063192923047));
#13805=DIRECTION('',(0.,1.,0.));
#13806=DIRECTION('',(0.136559074356546,0.,0.99063192923047));
#13807=DIRECTION('',(0.,0.,1.));
#13808=DIRECTION('',(1.,0.,0.));
#13809=DIRECTION('',(0.,1.,0.));
#13810=DIRECTION('',(1.,0.,0.));
#13811=DIRECTION('',(1.,0.,0.));
#13812=DIRECTION('',(0.,0.,-1.));
#13813=DIRECTION('',(0.,1.,0.));
#13814=DIRECTION('',(0.,0.,-1.));
#13815=DIRECTION('',(0.223989269862963,0.,-0.974591610361107));
#13816=DIRECTION('',(-0.974591610361108,0.,-0.223989269862963));
#13817=DIRECTION('',(0.,1.,0.));
#13818=DIRECTION('',(-0.974591610361108,0.,-0.223989269862963));
#13819=DIRECTION('',(1.,0.,0.));
#13820=DIRECTION('',(0.,0.,-1.));
#13821=DIRECTION('',(0.,1.,0.));
#13822=DIRECTION('',(0.,0.,-1.));
#13823=DIRECTION('',(0.,0.,-1.));
#13824=DIRECTION('',(-1.,0.,0.));
#13825=DIRECTION('',(0.,1.,0.));
#13826=DIRECTION('',(-1.,0.,0.));
#13827=DIRECTION('',(-1.,0.,0.));
#13828=DIRECTION('',(0.,0.,1.));
#13829=DIRECTION('',(0.,1.,0.));
#13830=DIRECTION('',(0.,0.,1.));
#13831=DIRECTION('',(-0.22645977076215,0.,0.974020519407242));
#13832=DIRECTION('',(0.974020519407243,0.,0.22645977076215));
#13833=DIRECTION('',(0.,1.,0.));
#13834=DIRECTION('',(0.974020519407243,0.,0.22645977076215));
#13835=DIRECTION('',(-1.,0.,0.));
#13836=DIRECTION('',(0.,0.,1.));
#13837=DIRECTION('',(0.,1.,0.));
#13838=DIRECTION('',(0.,0.,1.));
#13839=DIRECTION('',(0.,1.,0.));
#13840=DIRECTION('',(-0.618617568433442,0.,-0.785692245109684));
#13841=DIRECTION('',(0.,1.,0.));
#13842=DIRECTION('',(0.,1.,0.));
#13843=DIRECTION('',(0.,0.,1.));
#13844=DIRECTION('',(0.,1.,0.));
#13845=DIRECTION('',(-0.192080062150592,0.,-0.981379258861845));
#13846=DIRECTION('',(0.,1.,0.));
#13847=DIRECTION('',(0.,1.,0.));
#13848=DIRECTION('',(0.,0.,1.));
#13849=DIRECTION('',(0.,1.,0.));
#13850=DIRECTION('',(0.,1.,0.));
#13851=DIRECTION('',(1.,0.,0.));
#13852=DIRECTION('',(0.,0.,-1.));
#13853=DIRECTION('',(0.,1.,0.));
#13854=DIRECTION('',(0.,0.,-1.));
#13855=DIRECTION('',(0.,0.,-1.));
#13856=DIRECTION('',(-1.,0.,0.));
#13857=DIRECTION('',(0.,1.,0.));
#13858=DIRECTION('',(-1.,0.,0.));
#13859=DIRECTION('',(-1.,0.,0.));
#13860=DIRECTION('',(0.,0.,1.));
#13861=DIRECTION('',(0.,1.,0.));
#13862=DIRECTION('',(0.,0.,1.));
#13863=DIRECTION('',(-0.242535625036294,0.,0.970142500145342));
#13864=DIRECTION('',(0.970142500145342,0.,0.242535625036294));
#13865=DIRECTION('',(0.,1.,0.));
#13866=DIRECTION('',(0.970142500145342,0.,0.242535625036294));
#13867=DIRECTION('',(-1.,0.,0.));
#13868=DIRECTION('',(0.,0.,1.));
#13869=DIRECTION('',(0.,1.,0.));
#13870=DIRECTION('',(0.,0.,1.));
#13871=DIRECTION('',(0.,1.,0.));
#13872=DIRECTION('',(0.,1.,0.));
#13873=DIRECTION('',(0.,1.,0.));
#13874=DIRECTION('',(-0.234551013441931,0.,-0.972103812405529));
#13875=DIRECTION('',(0.,1.,0.));
#13876=DIRECTION('',(0.,0.,1.));
#13877=DIRECTION('',(0.,1.,0.));
#13878=DIRECTION('',(-1.,0.,0.));
#13879=DIRECTION('',(-0.208921906317659,0.,-0.977932327444284));
#13880=DIRECTION('',(-0.977932327444285,0.,0.208921906317659));
#13881=DIRECTION('',(0.,1.,0.));
#13882=DIRECTION('',(-0.977932327444285,0.,0.208921906317659));
#13883=DIRECTION('',(0.,1.,0.));
#13884=DIRECTION('',(-1.,0.,0.));
#13885=DIRECTION('',(0.,0.,1.));
#13886=DIRECTION('',(0.,1.,0.));
#13887=DIRECTION('',(0.,0.,1.));
#13888=DIRECTION('',(0.,0.,1.));
#13889=DIRECTION('',(1.,0.,0.));
#13890=DIRECTION('',(0.,1.,0.));
#13891=DIRECTION('',(1.,0.,0.));
#13892=DIRECTION('',(1.,0.,0.));
#13893=DIRECTION('',(0.,0.,-1.));
#13894=DIRECTION('',(0.,1.,0.));
#13895=DIRECTION('',(0.,0.,-1.));
#13896=DIRECTION('',(0.210292932690589,0.,-0.977638421125311));
#13897=DIRECTION('',(-0.977638421125311,0.,-0.210292932690589));
#13898=DIRECTION('',(0.,1.,0.));
#13899=DIRECTION('',(-0.977638421125311,0.,-0.210292932690589));
#13900=DIRECTION('',(1.,0.,0.));
#13901=DIRECTION('',(0.,0.,-1.));
#13902=DIRECTION('',(0.,1.,0.));
#13903=DIRECTION('',(0.,0.,-1.));
#13904=DIRECTION('',(0.,0.,-1.));
#13905=DIRECTION('',(-1.,0.,0.));
#13906=DIRECTION('',(0.,1.,0.));
#13907=DIRECTION('',(-1.,0.,0.));
#13908=DIRECTION('',(-1.,0.,0.));
#13909=DIRECTION('',(0.,0.,1.));
#13910=DIRECTION('',(0.,1.,0.));
#13911=DIRECTION('',(0.,0.,1.));
#13912=DIRECTION('',(-0.187575497984671,0.,0.982250188371477));
#13913=DIRECTION('',(0.982250188371477,0.,0.187575497984671));
#13914=DIRECTION('',(0.,1.,0.));
#13915=DIRECTION('',(0.982250188371477,0.,0.187575497984671));
#13916=DIRECTION('',(-1.,0.,0.));
#13917=DIRECTION('',(0.,0.,1.));
#13918=DIRECTION('',(0.,0.,1.));
#13919=DIRECTION('',(0.,1.,0.));
#13920=DIRECTION('',(-1.,0.,0.));
#13921=DIRECTION('',(0.,0.,1.));
#13922=DIRECTION('',(1.,0.,0.));
#13923=DIRECTION('',(0.,1.,0.));
#13924=DIRECTION('',(1.,0.,0.));
#13925=DIRECTION('',(0.,1.,0.));
#13926=DIRECTION('',(1.,0.,0.));
#13927=DIRECTION('',(0.,0.,-1.));
#13928=DIRECTION('',(0.,1.,0.));
#13929=DIRECTION('',(0.,0.,-1.));
#13930=DIRECTION('',(0.,0.,-1.));
#13931=DIRECTION('',(-1.,0.,0.));
#13932=DIRECTION('',(0.,1.,0.));
#13933=DIRECTION('',(-1.,0.,0.));
#13934=DIRECTION('',(-1.,0.,0.));
#13935=DIRECTION('',(0.,0.,1.));
#13936=DIRECTION('',(0.,0.,1.));
#13937=DIRECTION('',(0.,1.,0.));
#13938=DIRECTION('',(-1.,0.,0.));
#13939=DIRECTION('',(0.175888825078869,0.,0.984410037135123));
#13940=DIRECTION('',(0.984410037135123,0.,-0.175888825078869));
#13941=DIRECTION('',(0.,1.,0.));
#13942=DIRECTION('',(0.984410037135123,0.,-0.175888825078869));
#13943=DIRECTION('',(0.,1.,0.));
#13944=DIRECTION('',(1.,0.,0.));
#13945=DIRECTION('',(0.,0.,-1.));
#13946=DIRECTION('',(0.,1.,0.));
#13947=DIRECTION('',(0.,0.,-1.));
#13948=DIRECTION('',(0.,0.,-1.));
#13949=DIRECTION('',(-1.,0.,0.));
#13950=DIRECTION('',(0.,1.,0.));
#13951=DIRECTION('',(-1.,0.,0.));
#13952=DIRECTION('',(-1.,0.,0.));
#13953=DIRECTION('',(0.,0.,1.));
#13954=DIRECTION('',(0.,1.,0.));
#13955=DIRECTION('',(0.,0.,1.));
#13956=DIRECTION('',(-0.132163720091039,0.,0.991227900682632));
#13957=DIRECTION('',(0.991227900682632,0.,0.132163720091039));
#13958=DIRECTION('',(0.,1.,0.));
#13959=DIRECTION('',(0.991227900682632,0.,0.132163720091039));
#13960=DIRECTION('',(-0.946699676277488,0.,0.322117560738467));
#13961=DIRECTION('',(0.322117560738467,0.,0.946699676277488));
#13962=DIRECTION('',(0.,1.,0.));
#13963=DIRECTION('',(0.322117560738467,0.,0.946699676277488));
#13964=DIRECTION('',(0.,0.,1.));
#13965=DIRECTION('',(1.,0.,0.));
#13966=DIRECTION('',(0.,1.,0.));
#13967=DIRECTION('',(1.,0.,0.));
#13968=DIRECTION('',(0.946991725416374,0.,0.321257952419732));
#13969=DIRECTION('',(0.321257952419732,0.,-0.946991725416374));
#13970=DIRECTION('',(0.,1.,0.));
#13971=DIRECTION('',(0.321257952419732,0.,-0.946991725416374));
#13972=DIRECTION('',(0.130117916841379,0.,0.991498526331159));
#13973=DIRECTION('',(0.991498526331159,0.,-0.130117916841379));
#13974=DIRECTION('',(0.,1.,0.));
#13975=DIRECTION('',(0.991498526331159,0.,-0.130117916841379));
#13976=DIRECTION('',(1.,0.,0.));
#13977=DIRECTION('',(0.,0.,-1.));
#13978=DIRECTION('',(0.,1.,0.));
#13979=DIRECTION('',(0.,0.,-1.));
#13980=DIRECTION('',(0.,0.,-1.));
#13981=DIRECTION('',(-1.,0.,0.));
#13982=DIRECTION('',(0.,1.,0.));
#13983=DIRECTION('',(-1.,0.,0.));
#13984=DIRECTION('',(-1.,0.,0.));
#13985=DIRECTION('',(0.,0.,1.));
#13986=DIRECTION('',(0.,1.,0.));
#13987=DIRECTION('',(0.,0.,1.));
#13988=DIRECTION('',(-0.17737468169109,0.,0.984143395189433));
#13989=DIRECTION('',(0.984143395189433,0.,0.17737468169109));
#13990=DIRECTION('',(0.,1.,0.));
#13991=DIRECTION('',(0.984143395189433,0.,0.17737468169109));
#13992=DIRECTION('',(-0.958833472639301,0.,-0.283968962646375));
#13993=DIRECTION('',(-0.283968962646375,0.,0.958833472639302));
#13994=DIRECTION('',(0.,1.,0.));
#13995=DIRECTION('',(-0.283968962646375,0.,0.958833472639301));
#13996=DIRECTION('',(-0.977212495708681,0.,-0.212263369969507));
#13997=DIRECTION('',(-0.212263369969507,0.,0.977212495708681));
#13998=DIRECTION('',(0.,1.,0.));
#13999=DIRECTION('',(-0.212263369969507,0.,0.977212495708681));
#14000=DIRECTION('',(0.,0.,-1.));
#14001=DIRECTION('',(-1.,0.,0.));
#14002=DIRECTION('',(0.,1.,0.));
#14003=DIRECTION('',(-1.,0.,0.));
#14004=DIRECTION('',(0.975818293508836,0.,-0.21858329774597));
#14005=DIRECTION('',(-0.21858329774597,0.,-0.975818293508836));
#14006=DIRECTION('',(0.,1.,0.));
#14007=DIRECTION('',(-0.21858329774597,0.,-0.975818293508836));
#14008=DIRECTION('',(0.959045917681728,0.,-0.283250644797168));
#14009=DIRECTION('',(-0.283250644797168,0.,-0.959045917681728));
#14010=DIRECTION('',(-0.283250644797168,0.,-0.959045917681728));
#14011=DIRECTION('',(0.,1.,0.));
#14012=DIRECTION('',(-1.,0.,0.));
#14013=DIRECTION('',(0.,0.,1.));
#14014=DIRECTION('',(1.,0.,0.));
#14015=DIRECTION('',(0.,1.,0.));
#14016=DIRECTION('',(1.,0.,0.));
#14017=DIRECTION('',(0.,1.,0.));
#14018=DIRECTION('',(1.,0.,0.));
#14019=DIRECTION('',(0.,0.,-1.));
#14020=DIRECTION('',(0.,1.,0.));
#14021=DIRECTION('',(0.,0.,-1.));
#14022=DIRECTION('',(0.,0.,-1.));
#14023=DIRECTION('',(-1.,0.,0.));
#14024=DIRECTION('',(0.,1.,0.));
#14025=DIRECTION('',(-1.,0.,0.));
#14026=DIRECTION('',(-1.,0.,0.));
#14027=DIRECTION('',(0.,0.,1.));
#14028=DIRECTION('',(0.,0.,1.));
#14029=DIRECTION('',(0.,1.,0.));
#14030=DIRECTION('',(-1.,0.,0.));
#14031=DIRECTION('',(0.182421402236323,0.,0.983220439172281));
#14032=DIRECTION('',(0.983220439172281,0.,-0.182421402236323));
#14033=DIRECTION('',(0.,1.,0.));
#14034=DIRECTION('',(0.983220439172281,0.,-0.182421402236323));
#14035=DIRECTION('',(0.,1.,0.));
#14036=DIRECTION('',(1.,0.,0.));
#14037=DIRECTION('',(0.,0.,-1.));
#14038=DIRECTION('',(0.,1.,0.));
#14039=DIRECTION('',(0.,0.,-1.));
#14040=DIRECTION('',(0.,0.,-1.));
#14041=DIRECTION('',(-1.,0.,0.));
#14042=DIRECTION('',(0.,1.,0.));
#14043=DIRECTION('',(-1.,0.,0.));
#14044=DIRECTION('',(-1.,0.,0.));
#14045=DIRECTION('',(0.,0.,1.));
#14046=DIRECTION('',(0.,1.,0.));
#14047=DIRECTION('',(0.,0.,1.));
#14048=DIRECTION('',(-0.157859504674893,0.,0.987461582434374));
#14049=DIRECTION('',(0.987461582434374,0.,0.157859504674893));
#14050=DIRECTION('',(0.,1.,0.));
#14051=DIRECTION('',(0.987461582434374,0.,0.157859504674893));
#14052=DIRECTION('',(-0.941128499852827,0.,0.338049030119547));
#14053=DIRECTION('',(0.338049030119547,0.,0.941128499852828));
#14054=DIRECTION('',(0.,1.,0.));
#14055=DIRECTION('',(0.338049030119547,0.,0.941128499852828));
#14056=DIRECTION('',(0.,0.,1.));
#14057=DIRECTION('',(1.,0.,0.));
#14058=DIRECTION('',(0.,1.,0.));
#14059=DIRECTION('',(1.,0.,0.));
#14060=DIRECTION('',(0.941558131391395,0.,0.336850538385713));
#14061=DIRECTION('',(0.336850538385713,0.,-0.941558131391395));
#14062=DIRECTION('',(0.,1.,0.));
#14063=DIRECTION('',(0.336850538385713,0.,-0.941558131391395));
#14064=DIRECTION('',(0.157859504674893,0.,0.987461582434374));
#14065=DIRECTION('',(0.987461582434374,0.,-0.157859504674893));
#14066=DIRECTION('',(0.,1.,0.));
#14067=DIRECTION('',(0.987461582434374,0.,-0.157859504674893));
#14068=DIRECTION('',(1.,0.,0.));
#14069=DIRECTION('',(0.,0.,-1.));
#14070=DIRECTION('',(0.,1.,0.));
#14071=DIRECTION('',(0.,0.,-1.));
#14072=DIRECTION('',(0.,0.,-1.));
#14073=DIRECTION('',(-1.,0.,0.));
#14074=DIRECTION('',(0.,1.,0.));
#14075=DIRECTION('',(-1.,0.,0.));
#14076=DIRECTION('',(-1.,0.,0.));
#14077=DIRECTION('',(0.,0.,1.));
#14078=DIRECTION('',(0.,1.,0.));
#14079=DIRECTION('',(0.,0.,1.));
#14080=DIRECTION('',(-0.187389871801385,0.,0.982285618313869));
#14081=DIRECTION('',(0.98228561831387,0.,0.187389871801385));
#14082=DIRECTION('',(0.,1.,0.));
#14083=DIRECTION('',(0.982285618313869,0.,0.187389871801385));
#14084=DIRECTION('',(-0.959900262109977,0.,-0.280341732179134));
#14085=DIRECTION('',(-0.280341732179134,0.,0.959900262109977));
#14086=DIRECTION('',(0.,1.,0.));
#14087=DIRECTION('',(-0.280341732179134,0.,0.959900262109977));
#14088=DIRECTION('',(-0.979742417913992,0.,-0.200261814982399));
#14089=DIRECTION('',(-0.200261814982399,0.,0.979742417913992));
#14090=DIRECTION('',(0.,1.,0.));
#14091=DIRECTION('',(-0.200261814982399,0.,0.979742417913992));
#14092=DIRECTION('',(0.,0.,-1.));
#14093=DIRECTION('',(-1.,0.,0.));
#14094=DIRECTION('',(0.,1.,0.));
#14095=DIRECTION('',(-1.,0.,0.));
#14096=DIRECTION('',(0.982661653748475,0.,-0.185407859197802));
#14097=DIRECTION('',(-0.185407859197802,0.,-0.982661653748475));
#14098=DIRECTION('',(0.,1.,0.));
#14099=DIRECTION('',(-0.185407859197802,0.,-0.982661653748475));
#14100=DIRECTION('',(0.959193708565296,0.,-0.282749764719185));
#14101=DIRECTION('',(-0.282749764719185,0.,-0.959193708565296));
#14102=DIRECTION('',(-0.282749764719185,0.,-0.959193708565296));
#14103=DIRECTION('',(0.,1.,0.));
#14104=DIRECTION('',(-1.,0.,0.));
#14105=DIRECTION('',(-1.,0.,0.));
#14106=DIRECTION('',(0.,0.,1.));
#14107=DIRECTION('',(0.,1.,0.));
#14108=DIRECTION('',(0.,0.,1.));
#14109=DIRECTION('',(0.,1.,0.));
#14110=DIRECTION('',(-0.189145912481888,0.,0.981948992459076));
#14111=DIRECTION('',(0.981948992459076,0.,0.189145912481888));
#14112=DIRECTION('',(0.,1.,0.));
#14113=DIRECTION('',(0.981948992459076,0.,0.189145912481888));
#14114=DIRECTION('',(-1.,0.,0.));
#14115=DIRECTION('',(0.,0.,1.));
#14116=DIRECTION('',(0.,1.,0.));
#14117=DIRECTION('',(0.,0.,1.));
#14118=DIRECTION('',(-0.20846877150343,0.,-0.978029023755354));
#14119=DIRECTION('',(-0.978029023755354,0.,0.20846877150343));
#14120=DIRECTION('',(0.,1.,0.));
#14121=DIRECTION('',(-0.978029023755354,0.,0.20846877150343));
#14122=DIRECTION('',(-1.,0.,0.));
#14123=DIRECTION('',(0.,0.,1.));
#14124=DIRECTION('',(0.,1.,0.));
#14125=DIRECTION('',(0.,0.,1.));
#14126=DIRECTION('',(0.,0.,1.));
#14127=DIRECTION('',(1.,0.,0.));
#14128=DIRECTION('',(0.,1.,0.));
#14129=DIRECTION('',(1.,0.,0.));
#14130=DIRECTION('',(1.,0.,0.));
#14131=DIRECTION('',(0.,0.,-1.));
#14132=DIRECTION('',(0.,1.,0.));
#14133=DIRECTION('',(0.,0.,-1.));
#14134=DIRECTION('',(0.20846877150343,0.,-0.978029023755354));
#14135=DIRECTION('',(-0.978029023755354,0.,-0.20846877150343));
#14136=DIRECTION('',(0.,1.,0.));
#14137=DIRECTION('',(-0.978029023755354,0.,-0.20846877150343));
#14138=DIRECTION('',(1.,0.,0.));
#14139=DIRECTION('',(0.,0.,-1.));
#14140=DIRECTION('',(0.,1.,0.));
#14141=DIRECTION('',(0.,0.,-1.));
#14142=DIRECTION('',(0.,0.,-1.));
#14143=DIRECTION('',(-1.,0.,0.));
#14144=DIRECTION('',(-1.,0.,0.));
#14145=DIRECTION('',(0.,1.,0.));
#14146=DIRECTION('',(-1.,0.,0.));
#14147=DIRECTION('',(-1.,0.,0.));
#14148=DIRECTION('',(0.,0.,1.));
#14149=DIRECTION('',(0.,1.,0.));
#14150=DIRECTION('',(0.,0.,1.));
#14151=DIRECTION('',(0.,1.,0.));
#14152=DIRECTION('',(0.,0.,1.));
#14153=DIRECTION('',(1.,0.,0.));
#14154=DIRECTION('',(0.,1.,0.));
#14155=DIRECTION('',(1.,0.,0.));
#14156=DIRECTION('',(1.,0.,0.));
#14157=DIRECTION('',(0.,0.,-1.));
#14158=DIRECTION('',(0.,1.,0.));
#14159=DIRECTION('',(0.,0.,-1.));
#14160=DIRECTION('',(0.,0.,-1.));
#14161=DIRECTION('',(-1.,0.,0.));
#14162=DIRECTION('',(0.,1.,0.));
#14163=DIRECTION('',(-1.,0.,0.));
#14164=DIRECTION('',(-0.996453523750655,0.,-0.0841449642278344));
#14165=DIRECTION('',(-0.0841449642278344,0.,0.996453523750655));
#14166=DIRECTION('',(0.,1.,0.));
#14167=DIRECTION('',(-0.0841449642278344,0.,0.996453523750655));
#14168=DIRECTION('',(0.,0.,-1.));
#14169=DIRECTION('',(-1.,0.,0.));
#14170=DIRECTION('',(0.,1.,0.));
#14171=DIRECTION('',(-1.,0.,0.));
#14172=DIRECTION('',(0.936329177569121,0.,-0.351123441588186));
#14173=DIRECTION('',(-0.351123441588186,0.,-0.936329177569121));
#14174=DIRECTION('',(0.,1.,0.));
#14175=DIRECTION('',(-0.351123441588186,0.,-0.936329177569121));
#14176=DIRECTION('',(0.737708133813441,0.,0.675119774044199));
#14177=DIRECTION('',(0.675119774044199,0.,-0.737708133813441));
#14178=DIRECTION('',(0.,1.,0.));
#14179=DIRECTION('',(0.675119774044199,0.,-0.737708133813441));
#14180=DIRECTION('',(0.,1.,0.));
#14181=DIRECTION('',(0.,1.,0.));
#14182=DIRECTION('',(-0.958725076056159,0.,-0.28433471216352));
#14183=DIRECTION('',(0.,1.,0.));
#14184=DIRECTION('',(0.,1.,0.));
#14185=DIRECTION('',(0.,0.,1.));
#14186=DIRECTION('',(0.,1.,0.));
#14187=DIRECTION('',(0.,1.,0.));
#14188=DIRECTION('',(0.,1.,0.));
#14189=DIRECTION('',(0.,1.,0.));
#14190=DIRECTION('',(-0.93834311681709,0.,0.345705358827411));
#14191=DIRECTION('',(0.345705358827411,0.,0.93834311681709));
#14192=DIRECTION('',(0.,1.,0.));
#14193=DIRECTION('',(0.345705358827411,0.,0.93834311681709));
#14194=DIRECTION('',(0.,0.,1.));
#14195=DIRECTION('',(1.,0.,0.));
#14196=DIRECTION('',(0.,1.,0.));
#14197=DIRECTION('',(1.,0.,0.));
#14198=DIRECTION('',(0.,1.,0.));
#14199=DIRECTION('',(0.,1.,0.));
#14200=DIRECTION('',(0.,1.,0.));
#14201=DIRECTION('',(0.,1.,0.));
#14202=DIRECTION('',(0.,1.,0.));
#14203=DIRECTION('',(0.,1.,0.));
#14204=DIRECTION('',(-0.731240159835586,0.,-0.68212009840176));
#14205=DIRECTION('',(-0.68212009840176,0.,0.731240159835586));
#14206=DIRECTION('',(-0.68212009840176,0.,0.731240159835586));
#14207=DIRECTION('',(0.,1.,0.));
#14208=DIRECTION('',(-1.,0.,0.));
#14209=DIRECTION('',(-0.121333560889673,0.,-0.992611790682456));
#14210=DIRECTION('',(-0.992611790682456,0.,0.121333560889673));
#14211=DIRECTION('',(0.,1.,0.));
#14212=DIRECTION('',(-0.992611790682456,0.,0.121333560889673));
#14213=DIRECTION('',(0.,1.,0.));
#14214=DIRECTION('',(-1.,0.,0.));
#14215=DIRECTION('',(0.,0.,1.));
#14216=DIRECTION('',(0.,1.,0.));
#14217=DIRECTION('',(0.,0.,1.));
#14218=DIRECTION('',(0.,0.,1.));
#14219=DIRECTION('',(1.,0.,0.));
#14220=DIRECTION('',(0.,1.,0.));
#14221=DIRECTION('',(1.,0.,0.));
#14222=DIRECTION('',(1.,0.,0.));
#14223=DIRECTION('',(0.,0.,-1.));
#14224=DIRECTION('',(0.,1.,0.));
#14225=DIRECTION('',(0.,0.,-1.));
#14226=DIRECTION('',(0.121333560889673,0.,-0.992611790682456));
#14227=DIRECTION('',(-0.992611790682456,0.,-0.121333560889673));
#14228=DIRECTION('',(0.,1.,0.));
#14229=DIRECTION('',(-0.992611790682456,0.,-0.121333560889673));
#14230=DIRECTION('',(1.,0.,0.));
#14231=DIRECTION('',(0.,0.,-1.));
#14232=DIRECTION('',(0.,1.,0.));
#14233=DIRECTION('',(0.,0.,-1.));
#14234=DIRECTION('',(-0.178474813899291,0.,-0.983944480549392));
#14235=DIRECTION('',(-0.983944480549392,0.,0.178474813899291));
#14236=DIRECTION('',(0.,1.,0.));
#14237=DIRECTION('',(-0.983944480549392,0.,0.178474813899291));
#14238=DIRECTION('',(-1.,0.,0.));
#14239=DIRECTION('',(0.,0.,1.));
#14240=DIRECTION('',(0.,1.,0.));
#14241=DIRECTION('',(0.,0.,1.));
#14242=DIRECTION('',(0.,0.,1.));
#14243=DIRECTION('',(1.,0.,0.));
#14244=DIRECTION('',(0.,1.,0.));
#14245=DIRECTION('',(1.,0.,0.));
#14246=DIRECTION('',(-1.,0.,0.));
#14247=DIRECTION('',(0.,0.,1.));
#14248=DIRECTION('',(0.,0.,1.));
#14249=DIRECTION('',(0.,1.,0.));
#14250=DIRECTION('',(-1.,0.,0.));
#14251=DIRECTION('',(1.,0.,0.));
#14252=DIRECTION('',(0.,0.,-1.));
#14253=DIRECTION('',(0.,1.,0.));
#14254=DIRECTION('',(0.,0.,-1.));
#14255=DIRECTION('',(0.,1.,0.));
#14256=DIRECTION('',(0.,0.,-1.));
#14257=DIRECTION('',(-1.,0.,0.));
#14258=DIRECTION('',(0.,1.,0.));
#14259=DIRECTION('',(-1.,0.,0.));
#14260=DIRECTION('',(-1.,0.,0.));
#14261=DIRECTION('',(0.,0.,1.));
#14262=DIRECTION('',(0.,1.,0.));
#14263=DIRECTION('',(0.,0.,1.));
#14264=DIRECTION('',(0.,0.,-1.));
#14265=DIRECTION('',(-1.,0.,0.));
#14266=DIRECTION('',(0.,1.,0.));
#14267=DIRECTION('',(-1.,0.,0.));
#14268=DIRECTION('',(-1.,0.,0.));
#14269=DIRECTION('',(0.,0.,1.));
#14270=DIRECTION('',(0.,1.,0.));
#14271=DIRECTION('',(0.,0.,1.));
#14272=DIRECTION('',(0.,0.,1.));
#14273=DIRECTION('',(1.,0.,0.));
#14274=DIRECTION('',(0.,1.,0.));
#14275=DIRECTION('',(1.,0.,0.));
#14276=DIRECTION('',(-1.,0.,0.));
#14277=DIRECTION('',(0.,0.,1.));
#14278=DIRECTION('',(0.,1.,0.));
#14279=DIRECTION('',(0.,0.,1.));
#14280=DIRECTION('',(0.,1.,0.));
#14281=DIRECTION('',(0.,1.,0.));
#14282=DIRECTION('',(0.,1.,0.));
#14283=DIRECTION('',(-0.0739355417629058,0.,-0.997263022308671));
#14284=DIRECTION('',(0.,1.,0.));
#14285=DIRECTION('',(0.,1.,0.));
#14286=DIRECTION('',(0.,0.,1.));
#14287=DIRECTION('',(0.,1.,0.));
#14288=DIRECTION('',(-0.226011475238208,0.,-0.974124639386895));
#14289=DIRECTION('',(0.,1.,0.));
#14290=DIRECTION('',(0.,1.,0.));
#14291=DIRECTION('',(0.,0.,1.));
#14292=DIRECTION('',(0.993088841064403,0.,-0.117365044853064));
#14293=DIRECTION('',(-0.117365044853064,0.,-0.993088841064403));
#14294=DIRECTION('',(0.,1.,0.));
#14295=DIRECTION('',(-0.117365044853064,0.,-0.993088841064403));
#14296=DIRECTION('',(0.,1.,0.));
#14297=DIRECTION('',(-0.166511599074986,0.,-0.986039495848666));
#14298=DIRECTION('',(0.,1.,0.));
#14299=DIRECTION('',(0.,1.,0.));
#14300=DIRECTION('',(0.,0.,1.));
#14301=DIRECTION('',(0.,1.,0.));
#14302=DIRECTION('',(-0.0513517458554748,0.,-0.998680628728521));
#14303=DIRECTION('',(0.,1.,0.));
#14304=DIRECTION('',(0.,1.,0.));
#14305=DIRECTION('',(0.,0.,1.));
#14306=DIRECTION('',(0.,1.,0.));
#14307=DIRECTION('',(0.372059556370114,0.,-0.928208859316519));
#14308=DIRECTION('',(0.,1.,0.));
#14309=DIRECTION('',(0.,1.,0.));
#14310=DIRECTION('',(0.,0.,1.));
#14311=DIRECTION('',(0.,1.,0.));
#14312=DIRECTION('',(1.,0.,0.));
#14313=DIRECTION('',(0.,0.,-1.));
#14314=DIRECTION('',(0.,1.,0.));
#14315=DIRECTION('',(0.,0.,-1.));
#14316=DIRECTION('',(0.,0.,1.));
#14317=DIRECTION('',(1.,0.,0.));
#14318=DIRECTION('',(0.,1.,0.));
#14319=DIRECTION('',(1.,0.,0.));
#14320=DIRECTION('',(1.,0.,0.));
#14321=DIRECTION('',(0.,0.,-1.));
#14322=DIRECTION('',(0.,1.,0.));
#14323=DIRECTION('',(0.,0.,-1.));
#14324=DIRECTION('',(0.,0.,-1.));
#14325=DIRECTION('',(-1.,0.,0.));
#14326=DIRECTION('',(-1.,0.,0.));
#14327=DIRECTION('',(0.,1.,0.));
#14328=DIRECTION('',(-1.,0.,0.));
#14329=DIRECTION('',(0.,1.,0.));
#14330=DIRECTION('',(-0.670917834153,0.,-0.741531698456274));
#14331=DIRECTION('',(0.,1.,0.));
#14332=DIRECTION('',(0.,1.,0.));
#14333=DIRECTION('',(0.,0.,1.));
#14334=DIRECTION('',(0.,1.,0.));
#14335=DIRECTION('',(-0.990631929230475,0.,0.13655907435651));
#14336=DIRECTION('',(0.13655907435651,0.,0.990631929230475));
#14337=DIRECTION('',(0.,1.,0.));
#14338=DIRECTION('',(0.13655907435651,0.,0.990631929230475));
#14339=DIRECTION('',(0.,0.,1.));
#14340=DIRECTION('',(1.,0.,0.));
#14341=DIRECTION('',(0.,1.,0.));
#14342=DIRECTION('',(1.,0.,0.));
#14343=DIRECTION('',(1.,0.,0.));
#14344=DIRECTION('',(0.,0.,-1.));
#14345=DIRECTION('',(0.,1.,0.));
#14346=DIRECTION('',(0.,0.,-1.));
#14347=DIRECTION('',(0.223989269862967,0.,-0.974591610361106));
#14348=DIRECTION('',(-0.974591610361107,0.,-0.223989269862967));
#14349=DIRECTION('',(0.,1.,0.));
#14350=DIRECTION('',(-0.974591610361107,0.,-0.223989269862967));
#14351=DIRECTION('',(1.,0.,0.));
#14352=DIRECTION('',(0.,0.,-1.));
#14353=DIRECTION('',(0.,1.,0.));
#14354=DIRECTION('',(0.,0.,-1.));
#14355=DIRECTION('',(0.,0.,-1.));
#14356=DIRECTION('',(-1.,0.,0.));
#14357=DIRECTION('',(0.,1.,0.));
#14358=DIRECTION('',(-1.,0.,0.));
#14359=DIRECTION('',(-1.,0.,0.));
#14360=DIRECTION('',(0.,0.,1.));
#14361=DIRECTION('',(0.,1.,0.));
#14362=DIRECTION('',(0.,0.,1.));
#14363=DIRECTION('',(-0.22645977076215,0.,0.974020519407242));
#14364=DIRECTION('',(0.974020519407243,0.,0.22645977076215));
#14365=DIRECTION('',(0.,1.,0.));
#14366=DIRECTION('',(0.974020519407243,0.,0.22645977076215));
#14367=DIRECTION('',(-1.,0.,0.));
#14368=DIRECTION('',(0.,0.,1.));
#14369=DIRECTION('',(0.,1.,0.));
#14370=DIRECTION('',(0.,0.,1.));
#14371=DIRECTION('',(0.,1.,0.));
#14372=DIRECTION('',(-0.618617568433411,0.,-0.785692245109708));
#14373=DIRECTION('',(0.,1.,0.));
#14374=DIRECTION('',(0.,1.,0.));
#14375=DIRECTION('',(0.,0.,1.));
#14376=DIRECTION('',(0.,1.,0.));
#14377=DIRECTION('',(-0.192080062145807,0.,-0.981379258862782));
#14378=DIRECTION('',(0.,1.,0.));
#14379=DIRECTION('',(0.,1.,0.));
#14380=DIRECTION('',(0.,0.,1.));
#14381=DIRECTION('',(0.,1.,0.));
#14382=DIRECTION('',(0.,1.,0.));
#14383=DIRECTION('',(1.,0.,0.));
#14384=DIRECTION('',(0.,0.,-1.));
#14385=DIRECTION('',(0.,1.,0.));
#14386=DIRECTION('',(0.,0.,-1.));
#14387=DIRECTION('',(0.,0.,-1.));
#14388=DIRECTION('',(-1.,0.,0.));
#14389=DIRECTION('',(0.,1.,0.));
#14390=DIRECTION('',(-1.,0.,0.));
#14391=DIRECTION('',(-1.,0.,0.));
#14392=DIRECTION('',(0.,0.,1.));
#14393=DIRECTION('',(0.,1.,0.));
#14394=DIRECTION('',(0.,0.,1.));
#14395=DIRECTION('',(-0.242535625036294,0.,0.970142500145342));
#14396=DIRECTION('',(0.970142500145342,0.,0.242535625036294));
#14397=DIRECTION('',(0.,1.,0.));
#14398=DIRECTION('',(0.970142500145342,0.,0.242535625036294));
#14399=DIRECTION('',(-1.,0.,0.));
#14400=DIRECTION('',(0.,0.,1.));
#14401=DIRECTION('',(0.,1.,0.));
#14402=DIRECTION('',(0.,0.,1.));
#14403=DIRECTION('',(0.,1.,0.));
#14404=DIRECTION('',(0.,1.,0.));
#14405=DIRECTION('',(0.,1.,0.));
#14406=DIRECTION('',(-0.234551013441921,0.,-0.972103812405531));
#14407=DIRECTION('',(0.,1.,0.));
#14408=DIRECTION('',(0.,0.,1.));
#14409=DIRECTION('',(0.,1.,0.));
#14410=DIRECTION('',(-1.,0.,0.));
#14411=DIRECTION('',(0.,1.,0.));
#14412=DIRECTION('',(-1.,0.,0.));
#14413=DIRECTION('',(0.,1.,0.));
#14414=DIRECTION('',(-1.,0.,0.));
#14415=DIRECTION('',(0.,1.,0.));
#14416=DIRECTION('',(-1.,0.,0.));
#14417=DIRECTION('',(0.,1.,0.));
#14418=DIRECTION('',(-1.,0.,0.));
#14419=DIRECTION('',(0.,1.,0.));
#14420=DIRECTION('',(-1.,0.,0.));
#14421=DIRECTION('',(0.,1.,0.));
#14422=DIRECTION('',(-1.,0.,0.));
#14423=DIRECTION('',(0.,1.,0.));
#14424=DIRECTION('',(-1.,0.,0.));
#14425=DIRECTION('',(0.,1.,0.));
#14426=DIRECTION('',(-1.,0.,0.));
#14427=DIRECTION('',(0.,0.,1.));
#14428=DIRECTION('',(1.,0.,0.));
#14429=DIRECTION('',(0.707106781186547,-0.707106781186548,0.));
#14430=DIRECTION('',(1.,0.,0.));
#14431=DIRECTION('',(-0.707106781186547,-0.707106781186548,0.));
#14432=DIRECTION('',(-1.,0.,0.));
#14433=DIRECTION('',(0.,-1.,0.));
#14434=DIRECTION('',(1.,0.,0.));
#14435=DIRECTION('',(0.,0.,-1.));
#14436=DIRECTION('',(1.,0.,0.));
#14437=DIRECTION('',(0.,0.,-1.));
#14438=DIRECTION('',(1.,0.,0.));
#14439=DIRECTION('',(0.,0.,1.));
#14440=DIRECTION('',(1.,0.,0.));
#14441=DIRECTION('',(-0.707106781186547,0.707106781186548,0.));
#14442=DIRECTION('',(1.,0.,0.));
#14443=DIRECTION('',(0.707106781186547,0.707106781186548,0.));
#14444=DIRECTION('',(0.,-1.,0.));
#14445=DIRECTION('',(1.,0.,0.));
#14446=DIRECTION('',(0.,0.,-1.));
#14447=DIRECTION('',(1.,0.,0.));
#14448=DIRECTION('',(0.,0.,-1.));
#14449=DIRECTION('',(-0.707106781186548,-0.707106781186547,0.));
#14450=DIRECTION('',(0.,0.,1.));
#14451=DIRECTION('',(-0.577350269189625,0.577350269189626,-0.577350269189626));
#14452=DIRECTION('',(-0.577350269189625,0.577350269189626,0.577350269189626));
#14453=DIRECTION('',(0.577350269189625,-0.577350269189626,0.577350269189626));
#14454=DIRECTION('',(0.,0.707106781186548,-0.707106781186548));
#14455=DIRECTION('',(1.,0.,0.));
#14456=DIRECTION('',(0.577350269189625,0.577350269189626,0.577350269189626));
#14457=DIRECTION('',(-0.707106781186548,0.707106781186547,0.));
#14458=DIRECTION('',(0.,0.,-1.));
#14459=DIRECTION('',(0.577350269189625,0.577350269189626,-0.577350269189626));
#14460=DIRECTION('',(-0.577350269189625,-0.577350269189626,0.577350269189626));
#14461=DIRECTION('',(-0.707106781186548,-0.707106781186547,0.));
#14462=DIRECTION('',(0.,0.,1.));
#14463=DIRECTION('',(0.577350269189625,-0.577350269189626,0.577350269189626));
#14464=DIRECTION('',(0.,-0.707106781186548,-0.707106781186548));
#14465=DIRECTION('',(-1.,0.,0.));
#14466=DIRECTION('',(0.577350269189625,0.577350269189626,-0.577350269189626));
#14467=DIRECTION('',(-0.707106781186548,0.707106781186547,0.));
#14468=DIRECTION('',(0.,0.,-1.));
#14469=DIRECTION('',(0.,-0.707106781186548,-0.707106781186548));
#14470=DIRECTION('',(-1.,0.,0.));
#14471=DIRECTION('',(0.,-0.707106781186548,-0.707106781186548));
#14472=DIRECTION('',(-1.,0.,0.));
#14473=CARTESIAN_POINT('',(0.,0.,0.));
#14474=CARTESIAN_POINT('',(0.,0.103,-0.0824750125));
#14475=CARTESIAN_POINT('',(-0.0605126505304015,0.103,-0.0980985662360739));
#14476=CARTESIAN_POINT('',(-0.0605126505304015,0.103,-0.0981272120694072));
#14477=CARTESIAN_POINT('',(-0.0605126505304015,0.103,-0.0980699204027406));
#14478=CARTESIAN_POINT('',(-0.0605126505304015,0.103,-0.0980699204027406));
#14479=CARTESIAN_POINT('',(-0.0605126505304015,0.103,-0.0974136704027406));
#14480=CARTESIAN_POINT('',(-0.0608802720581793,0.103,-0.0969943995694072));
#14481=CARTESIAN_POINT('',(-0.0608802720581793,0.103,-0.0969943995694072));
#14482=CARTESIAN_POINT('',(-0.0608802720581793,0.103,-0.0969943995694072));
#14483=CARTESIAN_POINT('',(-0.0612478935859571,0.103,-0.0965751287360739));
#14484=CARTESIAN_POINT('',(-0.0618963310859571,0.103,-0.0965751287360739));
#14485=CARTESIAN_POINT('',(-0.0618963310859571,0.103,-0.0965751287360739));
#14486=CARTESIAN_POINT('',(-0.0618963310859571,0.103,-0.0965751287360739));
#14487=CARTESIAN_POINT('',(-0.0625473727526237,0.103,-0.0965751287360739));
#14488=CARTESIAN_POINT('',(-0.0629149942804015,0.103,-0.0969930974860739));
#14489=CARTESIAN_POINT('',(-0.0629149942804015,0.103,-0.0969930974860739));
#14490=CARTESIAN_POINT('',(-0.0629149942804015,0.103,-0.0969930974860739));
#14491=CARTESIAN_POINT('',(-0.0632826158081793,0.103,-0.0974110662360739));
#14492=CARTESIAN_POINT('',(-0.0632826158081793,0.103,-0.0980699204027406));
#14493=CARTESIAN_POINT('',(-0.0632826158081793,0.103,-0.0980699204027406));
#14494=CARTESIAN_POINT('',(-0.0632826158081793,0.103,-0.0980985662360739));
#14495=CARTESIAN_POINT('',(-0.0632826158081793,0.103,-0.0981272120694072));
#14496=CARTESIAN_POINT('',(-0.0632826158081793,0.103,-0.0981272120694072));
#14497=CARTESIAN_POINT('',(-0.0632826158081793,0.103,-0.0987886704027406));
#14498=CARTESIAN_POINT('',(-0.0629149942804015,0.103,-0.0992053370694072));
#14499=CARTESIAN_POINT('',(-0.0629149942804015,0.103,-0.0992053370694072));
#14500=CARTESIAN_POINT('',(-0.0629149942804015,0.103,-0.0992053370694072));
#14501=CARTESIAN_POINT('',(-0.0625473727526237,0.103,-0.0996220037360739));
#14502=CARTESIAN_POINT('',(-0.0619015394192904,0.103,-0.0996220037360739));
#14503=CARTESIAN_POINT('',(-0.0619015394192904,0.103,-0.0996220037360739));
#14504=CARTESIAN_POINT('',(-0.0619015394192904,0.103,-0.0996220037360739));
#14505=CARTESIAN_POINT('',(-0.0612478935859571,0.103,-0.0996220037360739));
#14506=CARTESIAN_POINT('',(-0.0608802720581793,0.103,-0.0992053370694072));
#14507=CARTESIAN_POINT('',(-0.0608802720581793,0.103,-0.0992053370694072));
#14508=CARTESIAN_POINT('',(-0.0608802720581793,0.103,-0.0992053370694072));
#14509=CARTESIAN_POINT('',(-0.0605126505304015,0.103,-0.0987886704027406));
#14510=CARTESIAN_POINT('',(-0.0605126505304015,0.103,-0.0981272120694072));
#14511=CARTESIAN_POINT('',(-0.0528967651137348,0.103,-0.099385458597185));
#14512=CARTESIAN_POINT('',(-0.0529267130304015,0.103,-0.0995647120694072));
#14513=CARTESIAN_POINT('',(-0.0528668171970682,0.103,-0.0992062051249628));
#14514=CARTESIAN_POINT('',(-0.0520530368192401,0.103,-0.0986790370478293));
#14515=CARTESIAN_POINT('',(-0.0525401349601602,0.103,-0.0995163436152572));
#14516=CARTESIAN_POINT('',(-0.0521273039438224,0.103,-0.0987572769295813));
#14517=CARTESIAN_POINT('',(-0.0521098727526237,0.103,-0.0996220037360739));
#14518=CARTESIAN_POINT('',(-0.0521098727526237,0.103,-0.0996220037360739));
#14519=CARTESIAN_POINT('',(-0.0515673380304015,0.103,-0.0996220037360739));
#14520=CARTESIAN_POINT('',(-0.0512674248359571,0.103,-0.0992257363749628));
#14521=CARTESIAN_POINT('',(-0.0512674248359571,0.103,-0.0992257363749628));
#14522=CARTESIAN_POINT('',(-0.0512674248359571,0.103,-0.0992257363749628));
#14523=CARTESIAN_POINT('',(-0.0509675116415126,0.103,-0.0988294690138517));
#14524=CARTESIAN_POINT('',(-0.0509675116415126,0.103,-0.098178427347185));
#14525=CARTESIAN_POINT('',(-0.0509675116415126,0.103,-0.098178427347185));
#14526=CARTESIAN_POINT('',(-0.0509675116415126,0.103,-0.0981497815138517));
#14527=CARTESIAN_POINT('',(-0.0509675116415126,0.103,-0.0981211356805183));
#14528=CARTESIAN_POINT('',(-0.0509675116415126,0.103,-0.0981211356805183));
#14529=CARTESIAN_POINT('',(-0.0509675116415126,0.103,-0.0974266912360739));
#14530=CARTESIAN_POINT('',(-0.0512687269192904,0.103,-0.0970009099860739));
#14531=CARTESIAN_POINT('',(-0.0512687269192904,0.103,-0.0970009099860739));
#14532=CARTESIAN_POINT('',(-0.0512687269192904,0.103,-0.0970009099860739));
#14533=CARTESIAN_POINT('',(-0.0515699421970682,0.103,-0.0965751287360739));
#14534=CARTESIAN_POINT('',(-0.0521150810859571,0.103,-0.0965751287360739));
#14535=CARTESIAN_POINT('',(-0.0521150810859571,0.103,-0.0965751287360739));
#14536=CARTESIAN_POINT('',(-0.0521286351815584,0.103,-0.0973892241715037));
#14537=CARTESIAN_POINT('',(-0.0525114317023502,0.103,-0.0966713326517125));
#14538=CARTESIAN_POINT('',(-0.0520401757333119,0.103,-0.0975158360299377));
#14539=CARTESIAN_POINT('',(-0.0528208102526237,0.103,-0.096944052347185));
#14540=CARTESIAN_POINT('',(-0.0528208102526237,0.103,-0.0964180106805183));
#14541=CARTESIAN_POINT('',(-0.0528208102526237,0.103,-0.0958919690138517));
#14542=CARTESIAN_POINT('',(-0.0526090046970682,0.103,-0.0958511704027406));
#14543=CARTESIAN_POINT('',(-0.0523971991415126,0.103,-0.0958103717916294));
#14544=CARTESIAN_POINT('',(-0.0523971991415126,0.103,-0.0955716565138517));
#14545=CARTESIAN_POINT('',(-0.0523971991415126,0.103,-0.0953329412360739));
#14546=CARTESIAN_POINT('',(-0.0532166435859571,0.103,-0.0953329412360739));
#14547=CARTESIAN_POINT('',(-0.0536124769192904,0.103,-0.0953329412360739));
#14548=CARTESIAN_POINT('',(-0.0536124769192904,0.103,-0.097170614847185));
#14549=CARTESIAN_POINT('',(-0.0536124769192904,0.103,-0.0990082884582961));
#14550=CARTESIAN_POINT('',(-0.0538025810859571,0.103,-0.0990490870694072));
#14551=CARTESIAN_POINT('',(-0.0539926852526237,0.103,-0.0990898856805184));
#14552=CARTESIAN_POINT('',(-0.0539926852526237,0.103,-0.0993272988749628));
#14553=CARTESIAN_POINT('',(-0.0539926852526237,0.103,-0.0995647120694072));
#14554=CARTESIAN_POINT('',(-0.0534596991415126,0.103,-0.0995647120694072));
#14555=CARTESIAN_POINT('',(-0.0558682898472942,0.103,-0.0918209087385743));
#14556=CARTESIAN_POINT('',(-0.0558682898472942,0.103,-0.0908209087385742));
#14557=CARTESIAN_POINT('',(-0.0558682898472942,0.103,-0.0928209087385743));
#14558=CARTESIAN_POINT('',(-0.0561182898472942,0.103,-0.0908209087385742));
#14559=CARTESIAN_POINT('',(-0.0563682898472942,0.103,-0.0908209087385742));
#14560=CARTESIAN_POINT('',(-0.0563682898472942,0.103,-0.0918209087385743));
#14561=CARTESIAN_POINT('',(-0.0563682898472942,0.103,-0.0928209087385743));
#14562=CARTESIAN_POINT('',(-0.0588682898472942,0.103,-0.0928209087385743));
#14563=CARTESIAN_POINT('',(-0.0613682898472942,0.103,-0.0928209087385743));
#14564=CARTESIAN_POINT('',(-0.0613682898472942,0.103,-0.0930709087385743));
#14565=CARTESIAN_POINT('',(-0.0613682898472942,0.103,-0.0933209087385743));
#14566=CARTESIAN_POINT('',(-0.0588682898472942,0.103,-0.0933209087385743));
#14567=CARTESIAN_POINT('',(-0.0503682898472942,0.103,-0.0933209087385743));
#14568=CARTESIAN_POINT('',(-0.0503682898472942,0.103,-0.0930709087385743));
#14569=CARTESIAN_POINT('',(-0.0503682898472942,0.103,-0.0928209087385743));
#14570=CARTESIAN_POINT('',(-0.0531182898472942,0.103,-0.0928209087385743));
#14571=CARTESIAN_POINT('',(-0.0143585104282984,0.103,-0.0980985662360739));
#14572=CARTESIAN_POINT('',(-0.0143585104282984,0.103,-0.0981272120694072));
#14573=CARTESIAN_POINT('',(-0.0143585104282984,0.103,-0.0980699204027406));
#14574=CARTESIAN_POINT('',(-0.0143585104282984,0.103,-0.0980699204027406));
#14575=CARTESIAN_POINT('',(-0.0143585104282984,0.103,-0.0974136704027406));
#14576=CARTESIAN_POINT('',(-0.0147261319560762,0.103,-0.0969943995694072));
#14577=CARTESIAN_POINT('',(-0.0147261319560762,0.103,-0.0969943995694072));
#14578=CARTESIAN_POINT('',(-0.0147261319560762,0.103,-0.0969943995694072));
#14579=CARTESIAN_POINT('',(-0.015093753483854,0.103,-0.0965751287360739));
#14580=CARTESIAN_POINT('',(-0.015742190983854,0.103,-0.0965751287360739));
#14581=CARTESIAN_POINT('',(-0.015742190983854,0.103,-0.0965751287360739));
#14582=CARTESIAN_POINT('',(-0.015742190983854,0.103,-0.0965751287360739));
#14583=CARTESIAN_POINT('',(-0.0163932326505206,0.103,-0.0965751287360739));
#14584=CARTESIAN_POINT('',(-0.0167608541782984,0.103,-0.0969930974860739));
#14585=CARTESIAN_POINT('',(-0.0167608541782984,0.103,-0.0969930974860739));
#14586=CARTESIAN_POINT('',(-0.0167608541782984,0.103,-0.0969930974860739));
#14587=CARTESIAN_POINT('',(-0.0171284757060762,0.103,-0.0974110662360739));
#14588=CARTESIAN_POINT('',(-0.0171284757060762,0.103,-0.0980699204027406));
#14589=CARTESIAN_POINT('',(-0.0171284757060762,0.103,-0.0980699204027406));
#14590=CARTESIAN_POINT('',(-0.0171284757060762,0.103,-0.0980985662360739));
#14591=CARTESIAN_POINT('',(-0.0171284757060762,0.103,-0.0981272120694072));
#14592=CARTESIAN_POINT('',(-0.0171284757060762,0.103,-0.0981272120694072));
#14593=CARTESIAN_POINT('',(-0.0171284757060762,0.103,-0.0987886704027406));
#14594=CARTESIAN_POINT('',(-0.0167608541782984,0.103,-0.0992053370694072));
#14595=CARTESIAN_POINT('',(-0.0167608541782984,0.103,-0.0992053370694072));
#14596=CARTESIAN_POINT('',(-0.0167608541782984,0.103,-0.0992053370694072));
#14597=CARTESIAN_POINT('',(-0.0163932326505206,0.103,-0.0996220037360739));
#14598=CARTESIAN_POINT('',(-0.0157473993171873,0.103,-0.0996220037360739));
#14599=CARTESIAN_POINT('',(-0.0157473993171873,0.103,-0.0996220037360739));
#14600=CARTESIAN_POINT('',(-0.0157473993171873,0.103,-0.0996220037360739));
#14601=CARTESIAN_POINT('',(-0.015093753483854,0.103,-0.0996220037360739));
#14602=CARTESIAN_POINT('',(-0.0147261319560762,0.103,-0.0992053370694072));
#14603=CARTESIAN_POINT('',(-0.0147261319560762,0.103,-0.0992053370694072));
#14604=CARTESIAN_POINT('',(-0.0147261319560762,0.103,-0.0992053370694072));
#14605=CARTESIAN_POINT('',(-0.0143585104282984,0.103,-0.0987886704027406));
#14606=CARTESIAN_POINT('',(-0.0143585104282984,0.103,-0.0981272120694072));
#14607=CARTESIAN_POINT('',(-0.010050784733854,0.103,-0.099385458597185));
#14608=CARTESIAN_POINT('',(-0.0100807326505206,0.103,-0.0995647120694072));
#14609=CARTESIAN_POINT('',(-0.0100208368171873,0.103,-0.0992062051249628));
#14610=CARTESIAN_POINT('',(-0.00920705643935962,0.103,-0.0986790370478299));
#14611=CARTESIAN_POINT('',(-0.00969415458027935,0.103,-0.0995163436152572));
#14612=CARTESIAN_POINT('',(-0.00928132356394149,0.103,-0.0987572769295812));
#14613=CARTESIAN_POINT('',(-0.00926389237274287,0.103,-0.0996220037360739));
#14614=CARTESIAN_POINT('',(-0.00926389237274287,0.103,-0.0996220037360739));
#14615=CARTESIAN_POINT('',(-0.00872135765052065,0.103,-0.0996220037360739));
#14616=CARTESIAN_POINT('',(-0.0084214444560762,0.103,-0.0992257363749628));
#14617=CARTESIAN_POINT('',(-0.0084214444560762,0.103,-0.0992257363749628));
#14618=CARTESIAN_POINT('',(-0.0084214444560762,0.103,-0.0992257363749628));
#14619=CARTESIAN_POINT('',(-0.00812153126163176,0.103,-0.0988294690138517));
#14620=CARTESIAN_POINT('',(-0.00812153126163176,0.103,-0.098178427347185));
#14621=CARTESIAN_POINT('',(-0.00812153126163176,0.103,-0.098178427347185));
#14622=CARTESIAN_POINT('',(-0.00812153126163176,0.103,-0.0981497815138517));
#14623=CARTESIAN_POINT('',(-0.00812153126163176,0.103,-0.0981211356805183));
#14624=CARTESIAN_POINT('',(-0.00812153126163176,0.103,-0.0981211356805183));
#14625=CARTESIAN_POINT('',(-0.00812153126163176,0.103,-0.0974266912360739));
#14626=CARTESIAN_POINT('',(-0.00842274653940953,0.103,-0.0970009099860739));
#14627=CARTESIAN_POINT('',(-0.00842274653940953,0.103,-0.0970009099860739));
#14628=CARTESIAN_POINT('',(-0.00842274653940953,0.103,-0.0970009099860739));
#14629=CARTESIAN_POINT('',(-0.00872396181718731,0.103,-0.0965751287360739));
#14630=CARTESIAN_POINT('',(-0.0092691007060762,0.103,-0.0965751287360739));
#14631=CARTESIAN_POINT('',(-0.0092691007060762,0.103,-0.0965751287360739));
#14632=CARTESIAN_POINT('',(-0.00928265480167583,0.103,-0.0973892241715105));
#14633=CARTESIAN_POINT('',(-0.00966545132246931,0.103,-0.0966713326517125));
#14634=CARTESIAN_POINT('',(-0.00919419535343406,0.103,-0.0975158360299344));
#14635=CARTESIAN_POINT('',(-0.00997482987274287,0.103,-0.096944052347185));
#14636=CARTESIAN_POINT('',(-0.00997482987274287,0.103,-0.0964180106805183));
#14637=CARTESIAN_POINT('',(-0.00997482987274287,0.103,-0.0958919690138517));
#14638=CARTESIAN_POINT('',(-0.00976302431718731,0.103,-0.0958511704027406));
#14639=CARTESIAN_POINT('',(-0.00955121876163176,0.103,-0.0958103717916294));
#14640=CARTESIAN_POINT('',(-0.00955121876163176,0.103,-0.0955716565138517));
#14641=CARTESIAN_POINT('',(-0.00955121876163176,0.103,-0.0953329412360739));
#14642=CARTESIAN_POINT('',(-0.0103706632060762,0.103,-0.0953329412360739));
#14643=CARTESIAN_POINT('',(-0.0107664965394095,0.103,-0.0953329412360739));
#14644=CARTESIAN_POINT('',(-0.0107664965394095,0.103,-0.097170614847185));
#14645=CARTESIAN_POINT('',(-0.0107664965394095,0.103,-0.0990082884582961));
#14646=CARTESIAN_POINT('',(-0.0109566007060762,0.103,-0.0990490870694072));
#14647=CARTESIAN_POINT('',(-0.0111467048727429,0.103,-0.0990898856805184));
#14648=CARTESIAN_POINT('',(-0.0111467048727429,0.103,-0.0993272988749628));
#14649=CARTESIAN_POINT('',(-0.0111467048727429,0.103,-0.0995647120694072));
#14650=CARTESIAN_POINT('',(-0.0106137187616318,0.103,-0.0995647120694072));
#14651=CARTESIAN_POINT('',(-0.0295658443930299,0.103,-0.0655));
#14652=CARTESIAN_POINT('',(-0.0295658443930299,0.103,-0.06705));
#14653=CARTESIAN_POINT('',(-0.0878717960622738,0.103,-0.0678585537306534));
#14654=CARTESIAN_POINT('',(-0.0878717960622738,0.103,-0.0694085537306534));
#14655=CARTESIAN_POINT('',(-0.0878717960622737,0.103,-0.0971414462693468));
#14656=CARTESIAN_POINT('',(-0.0878717960622737,0.103,-0.0986914462693468));
#14657=CARTESIAN_POINT('',(-0.0295658443930299,0.103,-0.0995));
#14658=CARTESIAN_POINT('',(-0.0295658443930299,0.103,-0.10105));
#14659=CARTESIAN_POINT('',(0.0295658443930299,0.103,-0.0995));
#14660=CARTESIAN_POINT('',(0.0295658443930299,0.103,-0.10105));
#14661=CARTESIAN_POINT('',(0.0878717960622738,0.103,-0.0971414462693467));
#14662=CARTESIAN_POINT('',(0.0878717960622738,0.103,-0.0986914462693467));
#14663=CARTESIAN_POINT('',(0.0878717960622738,0.103,-0.0678585537306533));
#14664=CARTESIAN_POINT('',(0.0878717960622738,0.103,-0.0694085537306533));
#14665=CARTESIAN_POINT('',(0.02956584439303,0.103,-0.0655));
#14666=CARTESIAN_POINT('',(0.02956584439303,0.103,-0.06705));
#14667=CARTESIAN_POINT('',(6.93889390390723E-18,0.103,-0.0655));
#14668=CARTESIAN_POINT('',(6.93889390390723E-18,0.103,-0.06705));
#14669=CARTESIAN_POINT('',(0.0764264737416302,0.103,-0.0772));
#14670=CARTESIAN_POINT('',(0.0764264737416302,0.103,-0.0712));
#14671=CARTESIAN_POINT('',(0.0259797812312107,0.103,-0.077204289927067));
#14672=CARTESIAN_POINT('',(0.0259797812312107,0.103,-0.071204289927067));
#14673=CARTESIAN_POINT('',(-0.0754264737416302,0.103,-0.078));
#14674=CARTESIAN_POINT('',(-0.0754264737416302,0.103,-0.0843));
#14675=CARTESIAN_POINT('',(-0.0754264737416302,0.103,-0.0717));
#14676=CARTESIAN_POINT('',(-0.0724264737416302,0.103,-0.0843));
#14677=CARTESIAN_POINT('',(-0.0724264737416302,0.103,-0.0873));
#14678=CARTESIAN_POINT('',(-0.0457828924225418,0.103,-0.0873));
#14679=CARTESIAN_POINT('',(-0.0191393111034533,0.103,-0.0873));
#14680=CARTESIAN_POINT('',(-0.0191393111034533,0.103,-0.0843));
#14681=CARTESIAN_POINT('',(-0.0161393111034533,0.103,-0.0843));
#14682=CARTESIAN_POINT('',(-0.0161393111034533,0.103,-0.078));
#14683=CARTESIAN_POINT('',(-0.0161393111034533,0.103,-0.0717));
#14684=CARTESIAN_POINT('',(-0.0191393111034533,0.103,-0.0717));
#14685=CARTESIAN_POINT('',(-0.0191393111034533,0.103,-0.0687));
#14686=CARTESIAN_POINT('',(-0.0457828924225418,0.103,-0.0687));
#14687=CARTESIAN_POINT('',(-0.0724264737416302,0.103,-0.0687));
#14688=CARTESIAN_POINT('',(-0.0724264737416302,0.103,-0.0717));
#14689=CARTESIAN_POINT('',(0.0150993246229553,0.103,-0.0795));
#14690=CARTESIAN_POINT('',(0.0150993246229553,0.103,-0.0747));
#14691=CARTESIAN_POINT('',(0.0150993246229553,0.103,-0.0843));
#14692=CARTESIAN_POINT('',(0.0120993246229553,0.103,-0.0747));
#14693=CARTESIAN_POINT('',(0.0120993246229553,0.103,-0.0717));
#14694=CARTESIAN_POINT('',(0.001980006759751,0.103,-0.0717));
#14695=CARTESIAN_POINT('',(-0.00813931110345332,0.103,-0.0717));
#14696=CARTESIAN_POINT('',(-0.00813931110345332,0.103,-0.0747));
#14697=CARTESIAN_POINT('',(-0.0111393111034533,0.103,-0.0747));
#14698=CARTESIAN_POINT('',(-0.0111393111034533,0.103,-0.0795));
#14699=CARTESIAN_POINT('',(-0.0111393111034533,0.103,-0.0843));
#14700=CARTESIAN_POINT('',(-0.00813931110345332,0.103,-0.0843));
#14701=CARTESIAN_POINT('',(-0.00813931110345332,0.103,-0.0873));
#14702=CARTESIAN_POINT('',(0.001980006759751,0.103,-0.0873));
#14703=CARTESIAN_POINT('',(0.0120993246229553,0.103,-0.0873));
#14704=CARTESIAN_POINT('',(0.0120993246229553,0.103,-0.0843));
#14705=CARTESIAN_POINT('',(0.0557874663431975,0.103,-0.0782));
#14706=CARTESIAN_POINT('',(0.0557874663431975,0.103,-0.0697));
#14707=CARTESIAN_POINT('',(-0.0914264737416302,0.103,-0.0839));
#14708=CARTESIAN_POINT('',(-0.0914264737416302,0.103,-0.1023));
#14709=CARTESIAN_POINT('',(-0.0914264737416302,0.103,-0.0655));
#14710=CARTESIAN_POINT('',(-0.0914264737416302,0.103,-0.0655));
#14711=CARTESIAN_POINT('',(-0.0914264737416302,0.103,-0.0650166666666667));
#14712=CARTESIAN_POINT('',(-0.0913042336395392,0.103,-0.0641839696339653));
#14713=CARTESIAN_POINT('',(-0.0907908941412884,0.103,-0.0633355796003419));
#14714=CARTESIAN_POINT('',(-0.089942504107665,0.103,-0.0628222401020911));
#14715=CARTESIAN_POINT('',(-0.0891098070749636,0.103,-0.0627));
#14716=CARTESIAN_POINT('',(-0.0886264737416302,0.103,-0.0627));
#14717=CARTESIAN_POINT('',(-0.0886264737416302,0.103,-0.0627));
#14718=CARTESIAN_POINT('',(0.,0.103,-0.0627));
#14719=CARTESIAN_POINT('',(0.0886264737416302,0.103,-0.0627));
#14720=CARTESIAN_POINT('',(0.0886264737416302,0.103,-0.0627));
#14721=CARTESIAN_POINT('',(0.0891098070749636,0.103,-0.0627));
#14722=CARTESIAN_POINT('',(0.089942504107665,0.103,-0.0628222401020911));
#14723=CARTESIAN_POINT('',(0.0907908941412884,0.103,-0.0633355796003419));
#14724=CARTESIAN_POINT('',(0.0913042336395392,0.103,-0.0641839696339653));
#14725=CARTESIAN_POINT('',(0.0914264737416302,0.103,-0.0650166666666667));
#14726=CARTESIAN_POINT('',(0.0914264737416302,0.103,-0.0655));
#14727=CARTESIAN_POINT('',(0.0914264737416302,0.103,-0.0655));
#14728=CARTESIAN_POINT('',(0.0914264737416302,0.103,-0.0839));
#14729=CARTESIAN_POINT('',(0.0914264737416302,0.103,-0.1023));
#14730=CARTESIAN_POINT('',(0.,0.103,-0.1023));
#14731=CARTESIAN_POINT('',(-0.00439930903940953,0.103,-0.0968685315138517));
#14732=CARTESIAN_POINT('',(-0.00439930903940953,0.103,-0.0966298162360739));
#14733=CARTESIAN_POINT('',(-0.00439930903940953,0.103,-0.0971072467916295));
#14734=CARTESIAN_POINT('',(-0.0042612882060762,0.103,-0.0971328544305183));
#14735=CARTESIAN_POINT('',(-0.00412326737274287,0.103,-0.0971584620694072));
#14736=CARTESIAN_POINT('',(-0.00431684376163175,0.103,-0.097815146097185));
#14737=CARTESIAN_POINT('',(-0.00451042015052064,0.103,-0.0984718301249628));
#14738=CARTESIAN_POINT('',(-0.00453646181718731,0.103,-0.0986098509582961));
#14739=CARTESIAN_POINT('',(-0.00456250348385398,0.103,-0.0987478717916295));
#14740=CARTESIAN_POINT('',(-0.00457075001163175,0.103,-0.0987478717916295));
#14741=CARTESIAN_POINT('',(-0.00457899653940953,0.103,-0.0987478717916295));
#14742=CARTESIAN_POINT('',(-0.00460720834496509,0.103,-0.0986098509582961));
#14743=CARTESIAN_POINT('',(-0.00463542015052064,0.103,-0.0984718301249628));
#14744=CARTESIAN_POINT('',(-0.00482682640052064,0.103,-0.0978164481805183));
#14745=CARTESIAN_POINT('',(-0.00501823265052064,0.103,-0.0971610662360739));
#14746=CARTESIAN_POINT('',(-0.00487717362274287,0.103,-0.0971341565138517));
#14747=CARTESIAN_POINT('',(-0.00473611459496509,0.103,-0.0971072467916295));
#14748=CARTESIAN_POINT('',(-0.00473611459496509,0.103,-0.0968685315138517));
#14749=CARTESIAN_POINT('',(-0.00473611459496509,0.103,-0.0966298162360739));
#14750=CARTESIAN_POINT('',(-0.0054019132060762,0.103,-0.0966298162360739));
#14751=CARTESIAN_POINT('',(-0.00606771181718731,0.103,-0.0966298162360739));
#14752=CARTESIAN_POINT('',(-0.00606771181718731,0.103,-0.0968685315138517));
#14753=CARTESIAN_POINT('',(-0.00606771181718731,0.103,-0.0971072467916295));
#14754=CARTESIAN_POINT('',(-0.00594010765052064,0.103,-0.097127646097185));
#14755=CARTESIAN_POINT('',(-0.00581250348385398,0.103,-0.0971480454027406));
#14756=CARTESIAN_POINT('',(-0.00538021181718731,0.103,-0.0983563787360739));
#14757=CARTESIAN_POINT('',(-0.00494792015052064,0.103,-0.0995647120694072));
#14758=CARTESIAN_POINT('',(-0.00456944792829842,0.103,-0.0995647120694072));
#14759=CARTESIAN_POINT('',(-0.0041909757060762,0.103,-0.0995647120694072));
#14760=CARTESIAN_POINT('',(-0.00375694792829842,0.103,-0.0983563787360739));
#14761=CARTESIAN_POINT('',(-0.00332292015052065,0.103,-0.0971480454027406));
#14762=CARTESIAN_POINT('',(-0.00319531598385398,0.103,-0.097127646097185));
#14763=CARTESIAN_POINT('',(-0.00306771181718731,0.103,-0.0971072467916295));
#14764=CARTESIAN_POINT('',(-0.00306771181718731,0.103,-0.0968685315138517));
#14765=CARTESIAN_POINT('',(-0.00306771181718731,0.103,-0.0966298162360739));
#14766=CARTESIAN_POINT('',(-0.00373351042829842,0.103,-0.0966298162360739));
#14767=CARTESIAN_POINT('',(0.050448376399504,0.103,-0.0905948494110485));
#14768=CARTESIAN_POINT('',(0.050448376399504,0.103,-0.0900605612166041));
#14769=CARTESIAN_POINT('',(0.050448376399504,0.103,-0.091129137605493));
#14770=CARTESIAN_POINT('',(0.0499613972328373,0.103,-0.091129137605493));
#14771=CARTESIAN_POINT('',(0.0494744180661706,0.103,-0.0911291376054929));
#14772=CARTESIAN_POINT('',(0.0494744180661706,0.103,-0.0914711514943818));
#14773=CARTESIAN_POINT('',(0.0494744180661706,0.103,-0.0918131653832707));
#14774=CARTESIAN_POINT('',(0.0499613972328373,0.103,-0.0918131653832707));
#14775=CARTESIAN_POINT('',(0.050448376399504,0.103,-0.0918131653832707));
#14776=CARTESIAN_POINT('',(0.050448376399504,0.103,-0.0923747973277152));
#14777=CARTESIAN_POINT('',(0.050448376399504,0.103,-0.0929364292721596));
#14778=CARTESIAN_POINT('',(0.0508242444550595,0.103,-0.0929364292721596));
#14779=CARTESIAN_POINT('',(0.0512001125106151,0.103,-0.0929364292721596));
#14780=CARTESIAN_POINT('',(0.0512001125106151,0.103,-0.0923747973277152));
#14781=CARTESIAN_POINT('',(0.0512001125106151,0.103,-0.0918131653832707));
#14782=CARTESIAN_POINT('',(0.0516909979272817,0.103,-0.0918131653832707));
#14783=CARTESIAN_POINT('',(0.0521818833439484,0.103,-0.0918131653832707));
#14784=CARTESIAN_POINT('',(0.0521818833439484,0.103,-0.0914711514943818));
#14785=CARTESIAN_POINT('',(0.0521818833439484,0.103,-0.091129137605493));
#14786=CARTESIAN_POINT('',(0.0516909979272817,0.103,-0.091129137605493));
#14787=CARTESIAN_POINT('',(0.0512001125106151,0.103,-0.091129137605493));
#14788=CARTESIAN_POINT('',(0.0512001125106151,0.103,-0.0905948494110485));
#14789=CARTESIAN_POINT('',(0.0512001125106151,0.103,-0.0900605612166041));
#14790=CARTESIAN_POINT('',(0.0508242444550595,0.103,-0.0900605612166041));
#14791=CARTESIAN_POINT('',(-0.080503738935318,0.103,-0.0861848995026163));
#14792=CARTESIAN_POINT('',(-0.0807411521297625,0.103,-0.0861848995026163));
#14793=CARTESIAN_POINT('',(-0.0802663257408736,0.103,-0.0861848995026163));
#14794=CARTESIAN_POINT('',(-0.0802255271297625,0.103,-0.0858511321415052));
#14795=CARTESIAN_POINT('',(-0.0801847285186514,0.103,-0.0855173647803941));
#14796=CARTESIAN_POINT('',(-0.078847488935318,0.103,-0.0855173647803941));
#14797=CARTESIAN_POINT('',(-0.0775102493519847,0.103,-0.0855173647803941));
#14798=CARTESIAN_POINT('',(-0.0775102493519847,0.103,-0.0858550383915052));
#14799=CARTESIAN_POINT('',(-0.0775102493519847,0.103,-0.0861927120026163));
#14800=CARTESIAN_POINT('',(-0.0772836868519847,0.103,-0.0861927120026163));
#14801=CARTESIAN_POINT('',(-0.0770571243519847,0.103,-0.0861927120026163));
#14802=CARTESIAN_POINT('',(-0.0769243118519847,0.103,-0.0854605071415052));
#14803=CARTESIAN_POINT('',(-0.0767914993519847,0.103,-0.0847283022803941));
#14804=CARTESIAN_POINT('',(-0.078488113935318,0.103,-0.0847283022803941));
#14805=CARTESIAN_POINT('',(-0.0801847285186514,0.103,-0.0847283022803941));
#14806=CARTESIAN_POINT('',(-0.0802255271297625,0.103,-0.084394534919283));
#14807=CARTESIAN_POINT('',(-0.0802663257408736,0.103,-0.0840607675581719));
#14808=CARTESIAN_POINT('',(-0.080503738935318,0.103,-0.0840607675581719));
#14809=CARTESIAN_POINT('',(-0.0807411521297625,0.103,-0.0840607675581719));
#14810=CARTESIAN_POINT('',(-0.0807411521297625,0.103,-0.0851228335303941));
#14811=CARTESIAN_POINT('',(-0.0807411521297625,0.103,-0.0823602467248385));
#14812=CARTESIAN_POINT('',(-0.0807411521297625,0.103,-0.0810121564470607));
#14813=CARTESIAN_POINT('',(-0.0807411521297625,0.103,-0.0837083370026163));
#14814=CARTESIAN_POINT('',(-0.0804820375464291,0.103,-0.0837083370026163));
#14815=CARTESIAN_POINT('',(-0.0802229229630958,0.103,-0.0837083370026163));
#14816=CARTESIAN_POINT('',(-0.0795380271297625,0.103,-0.0830694481137274));
#14817=CARTESIAN_POINT('',(-0.0788531312964291,0.103,-0.0824305592248385));
#14818=CARTESIAN_POINT('',(-0.0788531312964291,0.103,-0.0824305592248385));
#14819=CARTESIAN_POINT('',(-0.0785354229630958,0.103,-0.0821536495026163));
#14820=CARTESIAN_POINT('',(-0.0783171069908736,0.103,-0.0820368960303941));
#14821=CARTESIAN_POINT('',(-0.0783171069908736,0.103,-0.0820368960303941));
#14822=CARTESIAN_POINT('',(-0.0783171069908736,0.103,-0.0820368960303941));
#14823=CARTESIAN_POINT('',(-0.0780987910186514,0.103,-0.0819201425581718));
#14824=CARTESIAN_POINT('',(-0.0779121590742069,0.103,-0.0819201425581718));
#14825=CARTESIAN_POINT('',(-0.0779121590742069,0.103,-0.0819201425581718));
#14826=CARTESIAN_POINT('',(-0.0779121590742069,0.103,-0.0819201425581718));
#14827=CARTESIAN_POINT('',(-0.0776621590742069,0.103,-0.0819201425581718));
#14828=CARTESIAN_POINT('',(-0.0775033049075403,0.103,-0.082054691169283));
#14829=CARTESIAN_POINT('',(-0.0775033049075403,0.103,-0.082054691169283));
#14830=CARTESIAN_POINT('',(-0.0775033049075403,0.103,-0.082054691169283));
#14831=CARTESIAN_POINT('',(-0.0773444507408736,0.103,-0.0821892397803941));
#14832=CARTESIAN_POINT('',(-0.0773444507408736,0.103,-0.0824357675581719));
#14833=CARTESIAN_POINT('',(-0.0773444507408736,0.103,-0.0824357675581719));
#14834=CARTESIAN_POINT('',(-0.0773444507408736,0.103,-0.0824357675581719));
#14835=CARTESIAN_POINT('',(-0.0773444507408736,0.103,-0.0827100731137274));
#14836=CARTESIAN_POINT('',(-0.0775306486575403,0.103,-0.0828524342248385));
#14837=CARTESIAN_POINT('',(-0.0775306486575403,0.103,-0.0828524342248385));
#14838=CARTESIAN_POINT('',(-0.0775306486575403,0.103,-0.0828524342248385));
#14839=CARTESIAN_POINT('',(-0.0777168465742069,0.103,-0.0829947953359496));
#14840=CARTESIAN_POINT('',(-0.0780258743519847,0.103,-0.0829947953359496));
#14841=CARTESIAN_POINT('',(-0.0780258743519847,0.103,-0.0829947953359496));
#14842=CARTESIAN_POINT('',(-0.0780258743519847,0.103,-0.0833797779748385));
#14843=CARTESIAN_POINT('',(-0.0780258743519847,0.103,-0.0837647606137274));
#14844=CARTESIAN_POINT('',(-0.0780176278242069,0.103,-0.0837677988081719));
#14845=CARTESIAN_POINT('',(-0.0780093812964291,0.103,-0.0837708370026163));
#14846=CARTESIAN_POINT('',(-0.0780093812964291,0.103,-0.0837708370026163));
#14847=CARTESIAN_POINT('',(-0.0774746590742069,0.103,-0.0837838578359496));
#14848=CARTESIAN_POINT('',(-0.0771044333797625,0.103,-0.0834192745026163));
#14849=CARTESIAN_POINT('',(-0.0771044333797625,0.103,-0.0834192745026163));
#14850=CARTESIAN_POINT('',(-0.0771044333797625,0.103,-0.0834192745026163));
#14851=CARTESIAN_POINT('',(-0.076734207685318,0.103,-0.083054691169283));
#14852=CARTESIAN_POINT('',(-0.076734207685318,0.103,-0.0824357675581719));
#14853=CARTESIAN_POINT('',(-0.076734207685318,0.103,-0.0824357675581719));
#14854=CARTESIAN_POINT('',(-0.076734207685318,0.103,-0.0824357675581719));
#14855=CARTESIAN_POINT('',(-0.076734207685318,0.103,-0.0818255245026163));
#14856=CARTESIAN_POINT('',(-0.0770519160186514,0.103,-0.0814756981137274));
#14857=CARTESIAN_POINT('',(-0.0770519160186514,0.103,-0.0814756981137274));
#14858=CARTESIAN_POINT('',(-0.0770519160186514,0.103,-0.0814756981137274));
#14859=CARTESIAN_POINT('',(-0.0773696243519847,0.103,-0.0811258717248385));
#14860=CARTESIAN_POINT('',(-0.077898270185318,0.103,-0.0811258717248385));
#14861=CARTESIAN_POINT('',(-0.077898270185318,0.103,-0.0811258717248385));
#14862=CARTESIAN_POINT('',(-0.0779034566004707,0.103,-0.082318063832187));
#14863=CARTESIAN_POINT('',(-0.0785597285186514,0.103,-0.0813224863081719));
#14864=CARTESIAN_POINT('',(-0.0785597285186514,0.103,-0.0813224863081719));
#14865=CARTESIAN_POINT('',(-0.0788635479630958,0.103,-0.0815191008915052));
#14866=CARTESIAN_POINT('',(-0.0793522632408736,0.103,-0.0819748300581718));
#14867=CARTESIAN_POINT('',(-0.0793522632408736,0.103,-0.0819748300581718));
#14868=CARTESIAN_POINT('',(-0.0797359437964291,0.103,-0.0823259585303941));
#14869=CARTESIAN_POINT('',(-0.0801196243519847,0.103,-0.0826770870026163));
#14870=CARTESIAN_POINT('',(-0.0801265687964291,0.103,-0.0826744828359496));
#14871=CARTESIAN_POINT('',(-0.0801335132408736,0.103,-0.082671878669283));
#14872=CARTESIAN_POINT('',(-0.0801335132408736,0.103,-0.0821592918637274));
#14873=CARTESIAN_POINT('',(-0.0801335132408736,0.103,-0.0816467050581718));
#14874=CARTESIAN_POINT('',(-0.0799382007408736,0.103,-0.0816302120026163));
#14875=CARTESIAN_POINT('',(-0.0797428882408736,0.103,-0.0816137189470607));
#14876=CARTESIAN_POINT('',(-0.0797428882408736,0.103,-0.0813129376970607));
#14877=CARTESIAN_POINT('',(-0.0797428882408736,0.103,-0.0810121564470607));
#14878=CARTESIAN_POINT('',(-0.080242020185318,0.103,-0.0810121564470607));
#14879=CARTESIAN_POINT('',(-0.0770302146297625,0.103,-0.0792994828359496));
#14880=CARTESIAN_POINT('',(-0.0767914993519847,0.103,-0.0792994828359496));
#14881=CARTESIAN_POINT('',(-0.0772689299075403,0.103,-0.0792994828359496));
#14882=CARTESIAN_POINT('',(-0.0772958396297625,0.103,-0.0794500904748385));
#14883=CARTESIAN_POINT('',(-0.0773227493519847,0.103,-0.0796006981137274));
#14884=CARTESIAN_POINT('',(-0.0785072111575403,0.103,-0.0792508717248385));
#14885=CARTESIAN_POINT('',(-0.0796916729630958,0.103,-0.0789010453359496));
#14886=CARTESIAN_POINT('',(-0.0798001799075403,0.103,-0.0788767397803941));
#14887=CARTESIAN_POINT('',(-0.0799086868519847,0.103,-0.0788524342248385));
#14888=CARTESIAN_POINT('',(-0.0799086868519847,0.103,-0.0788441876970607));
#14889=CARTESIAN_POINT('',(-0.0799086868519847,0.103,-0.078835941169283));
#14890=CARTESIAN_POINT('',(-0.0798027840742069,0.103,-0.0788129376970607));
#14891=CARTESIAN_POINT('',(-0.0796968812964291,0.103,-0.0787899342248385));
#14892=CARTESIAN_POINT('',(-0.0785098153242069,0.103,-0.0784383717248385));
#14893=CARTESIAN_POINT('',(-0.0773227493519847,0.103,-0.0780868092248385));
#14894=CARTESIAN_POINT('',(-0.0772958396297625,0.103,-0.0782361147803941));
#14895=CARTESIAN_POINT('',(-0.0772689299075403,0.103,-0.0783854203359496));
#14896=CARTESIAN_POINT('',(-0.0770302146297625,0.103,-0.0783854203359496));
#14897=CARTESIAN_POINT('',(-0.0767914993519847,0.103,-0.0783854203359496));
#14898=CARTESIAN_POINT('',(-0.0767914993519847,0.103,-0.077664066169283));
#14899=CARTESIAN_POINT('',(-0.0767914993519847,0.103,-0.0769427120026163));
#14900=CARTESIAN_POINT('',(-0.0770302146297625,0.103,-0.0769427120026163));
#14901=CARTESIAN_POINT('',(-0.0772689299075403,0.103,-0.0769427120026163));
#14902=CARTESIAN_POINT('',(-0.0772906312964291,0.103,-0.0771080765859496));
#14903=CARTESIAN_POINT('',(-0.077312332685318,0.103,-0.077273441169283));
#14904=CARTESIAN_POINT('',(-0.0790267424075403,0.103,-0.0778550383915052));
#14905=CARTESIAN_POINT('',(-0.0807411521297625,0.103,-0.0784366356137274));
#14906=CARTESIAN_POINT('',(-0.0807411521297625,0.103,-0.078843753669283));
#14907=CARTESIAN_POINT('',(-0.0807411521297625,0.103,-0.0792508717248385));
#14908=CARTESIAN_POINT('',(-0.0790267424075403,0.103,-0.0798342050581719));
#14909=CARTESIAN_POINT('',(-0.077312332685318,0.103,-0.0804175383915052));
#14910=CARTESIAN_POINT('',(-0.0772906312964291,0.103,-0.0805802988081718));
#14911=CARTESIAN_POINT('',(-0.0772689299075403,0.103,-0.0807430592248385));
#14912=CARTESIAN_POINT('',(-0.0770302146297625,0.103,-0.0807430592248385));
#14913=CARTESIAN_POINT('',(-0.0767914993519847,0.103,-0.0807430592248385));
#14914=CARTESIAN_POINT('',(-0.0767914993519847,0.103,-0.0800212710303941));
#14915=CARTESIAN_POINT('',(-0.0128339306911412,0.103,-0.0976133123312519));
#14916=CARTESIAN_POINT('',(-0.0134487882060762,0.103,-0.0995243474860739));
#14917=CARTESIAN_POINT('',(-0.012804690983854,0.103,-0.0996220037360739));
#14918=CARTESIAN_POINT('',(-0.012804690983854,0.103,-0.0996220037360739));
#14919=CARTESIAN_POINT('',(-0.0121692743171873,0.103,-0.0996220037360739));
#14920=CARTESIAN_POINT('',(-0.0117895000116318,0.103,-0.0992148856805183));
#14921=CARTESIAN_POINT('',(-0.0117895000116318,0.103,-0.0992148856805183));
#14922=CARTESIAN_POINT('',(-0.0117895000116318,0.103,-0.0992148856805183));
#14923=CARTESIAN_POINT('',(-0.0114097257060762,0.103,-0.0988077676249628));
#14924=CARTESIAN_POINT('',(-0.0114097257060762,0.103,-0.0981810315138517));
#14925=CARTESIAN_POINT('',(-0.0114097257060762,0.103,-0.0981810315138517));
#14926=CARTESIAN_POINT('',(-0.0114097257060762,0.103,-0.0981267780416294));
#14927=CARTESIAN_POINT('',(-0.0114097257060762,0.103,-0.0980725245694072));
#14928=CARTESIAN_POINT('',(-0.0114097257060762,0.103,-0.0980725245694072));
#14929=CARTESIAN_POINT('',(-0.0114097257060762,0.103,-0.0974188787360739));
#14930=CARTESIAN_POINT('',(-0.011769534733854,0.103,-0.0969957016527406));
#14931=CARTESIAN_POINT('',(-0.011769534733854,0.103,-0.0969957016527406));
#14932=CARTESIAN_POINT('',(-0.011769534733854,0.103,-0.0969957016527406));
#14933=CARTESIAN_POINT('',(-0.0121293437616318,0.103,-0.0965725245694072));
#14934=CARTESIAN_POINT('',(-0.0127335104282984,0.103,-0.0965751287360739));
#14935=CARTESIAN_POINT('',(-0.0127335104282984,0.103,-0.0965751287360739));
#14936=CARTESIAN_POINT('',(-0.0127335104282984,0.103,-0.0965751287360739));
#14937=CARTESIAN_POINT('',(-0.013328128483854,0.103,-0.0965751287360739));
#14938=CARTESIAN_POINT('',(-0.013656253483854,0.103,-0.0969332016527406));
#14939=CARTESIAN_POINT('',(-0.013656253483854,0.103,-0.0969332016527406));
#14940=CARTESIAN_POINT('',(-0.013656253483854,0.103,-0.0969332016527406));
#14941=CARTESIAN_POINT('',(-0.013984378483854,0.103,-0.0972912745694072));
#14942=CARTESIAN_POINT('',(-0.013984378483854,0.103,-0.0979015176249628));
#14943=CARTESIAN_POINT('',(-0.013984378483854,0.103,-0.0979015176249628));
#14944=CARTESIAN_POINT('',(-0.013984378483854,0.103,-0.0981172294305183));
#14945=CARTESIAN_POINT('',(-0.013984378483854,0.103,-0.0983329412360739));
#14946=CARTESIAN_POINT('',(-0.0131080764005206,0.103,-0.0983329412360739));
#14947=CARTESIAN_POINT('',(-0.0122317743171873,0.103,-0.0983329412360739));
#14948=CARTESIAN_POINT('',(-0.0122291701505206,0.103,-0.0983411877638517));
#14949=CARTESIAN_POINT('',(-0.012226565983854,0.103,-0.0983494342916295));
#14950=CARTESIAN_POINT('',(-0.012226565983854,0.103,-0.0983494342916295));
#14951=CARTESIAN_POINT('',(-0.0122482673727429,0.103,-0.098639364847185));
#14952=CARTESIAN_POINT('',(-0.0124205764005206,0.103,-0.098826864847185));
#14953=CARTESIAN_POINT('',(-0.0124205764005206,0.103,-0.098826864847185));
#14954=CARTESIAN_POINT('',(-0.0124205764005206,0.103,-0.098826864847185));
#14955=CARTESIAN_POINT('',(-0.0125928854282984,0.103,-0.099014364847185));
#14956=CARTESIAN_POINT('',(-0.0128888923727429,0.103,-0.099014364847185));
#14957=CARTESIAN_POINT('',(-0.0128888923727429,0.103,-0.099014364847185));
#14958=CARTESIAN_POINT('',(-0.0128888923727429,0.103,-0.099014364847185));
#14959=CARTESIAN_POINT('',(-0.0131519132060762,0.103,-0.099014364847185));
#14960=CARTESIAN_POINT('',(-0.0133255243171873,0.103,-0.0989614134582961));
#14961=CARTESIAN_POINT('',(-0.0133255243171873,0.103,-0.0989614134582961));
#14962=CARTESIAN_POINT('',(-0.0127104502136363,0.103,-0.0970669167729666));
#14963=CARTESIAN_POINT('',(-0.0137048645949651,0.103,-0.0987938787360739));
#14964=CARTESIAN_POINT('',(-0.0138120694560762,0.103,-0.0990382363749628));
#14965=CARTESIAN_POINT('',(-0.0139192743171873,0.103,-0.0992825940138517));
#14966=CARTESIAN_POINT('',(-0.0139192743171873,0.103,-0.0992825940138517));
#14967=CARTESIAN_POINT('',(-0.0137378507060762,0.103,-0.0994266912360739));
#14968=CARTESIAN_POINT('',(-0.0134487882060762,0.103,-0.0995243474860739));
#14969=CARTESIAN_POINT('',(-0.0467639526137348,0.103,-0.0995647120694072));
#14970=CARTESIAN_POINT('',(-0.0472209838637348,0.103,-0.0995647120694072));
#14971=CARTESIAN_POINT('',(-0.0463069213637348,0.103,-0.0995647120694072));
#14972=CARTESIAN_POINT('',(-0.0476890004403673,0.103,-0.0989569110327118));
#14973=CARTESIAN_POINT('',(-0.0462500707295366,0.103,-0.0994141021922866));
#14974=CARTESIAN_POINT('',(-0.0473166663194279,0.103,-0.0990729367836974));
#14975=CARTESIAN_POINT('',(-0.0462123217748141,0.103,-0.0992584809715638));
#14976=CARTESIAN_POINT('',(-0.0453838408062331,0.103,-0.0985310337925354));
#14977=CARTESIAN_POINT('',(-0.045869084579371,0.103,-0.0995215158445559));
#14978=CARTESIAN_POINT('',(-0.0454288927219628,0.103,-0.098598079387198));
#14979=CARTESIAN_POINT('',(-0.0454067477526237,0.103,-0.0996220037360739));
#14980=CARTESIAN_POINT('',(-0.0454067477526237,0.103,-0.0996220037360739));
#14981=CARTESIAN_POINT('',(-0.0449753241415126,0.103,-0.0996220037360739));
#14982=CARTESIAN_POINT('',(-0.0447214178915126,0.103,-0.0993871947082961));
#14983=CARTESIAN_POINT('',(-0.0447214178915126,0.103,-0.0993871947082961));
#14984=CARTESIAN_POINT('',(-0.0447214178915126,0.103,-0.0993871947082961));
#14985=CARTESIAN_POINT('',(-0.0444675116415126,0.103,-0.0991523856805183));
#14986=CARTESIAN_POINT('',(-0.0444675116415126,0.103,-0.0987478717916295));
#14987=CARTESIAN_POINT('',(-0.0444675116415126,0.103,-0.0987478717916295));
#14988=CARTESIAN_POINT('',(-0.0444675116415126,0.103,-0.0987478717916295));
#14989=CARTESIAN_POINT('',(-0.0444675116415126,0.103,-0.0983355454027406));
#14990=CARTESIAN_POINT('',(-0.0447986748359571,0.103,-0.0981107190138517));
#14991=CARTESIAN_POINT('',(-0.0447986748359571,0.103,-0.0981107190138517));
#14992=CARTESIAN_POINT('',(-0.0447986748359571,0.103,-0.0981107190138517));
#14993=CARTESIAN_POINT('',(-0.0451298380304015,0.103,-0.0978858926249628));
#14994=CARTESIAN_POINT('',(-0.0457695949748459,0.103,-0.0978858926249628));
#14995=CARTESIAN_POINT('',(-0.0457695949748459,0.103,-0.0978858926249628));
#14996=CARTESIAN_POINT('',(-0.0459718519192904,0.103,-0.0978858926249628));
#14997=CARTESIAN_POINT('',(-0.0461741088637348,0.103,-0.0978858926249628));
#14998=CARTESIAN_POINT('',(-0.0461741088637348,0.103,-0.0977417954027406));
#14999=CARTESIAN_POINT('',(-0.0461741088637348,0.103,-0.0975976981805183));
#15000=CARTESIAN_POINT('',(-0.0461741088637348,0.103,-0.0975976981805183));
#15001=CARTESIAN_POINT('',(-0.0461741088637348,0.103,-0.0973867606805183));
#15002=CARTESIAN_POINT('',(-0.0460521470581793,0.103,-0.0972700072082961));
#15003=CARTESIAN_POINT('',(-0.0460521470581793,0.103,-0.0972700072082961));
#15004=CARTESIAN_POINT('',(-0.0460521470581793,0.103,-0.0972700072082961));
#15005=CARTESIAN_POINT('',(-0.0459301852526237,0.103,-0.0971532537360739));
#15006=CARTESIAN_POINT('',(-0.0456914699748459,0.103,-0.0971532537360739));
#15007=CARTESIAN_POINT('',(-0.0456914699748459,0.103,-0.0971532537360739));
#15008=CARTESIAN_POINT('',(-0.0456769997861431,0.103,-0.0980096348987646));
#15009=CARTESIAN_POINT('',(-0.0454497212099847,0.103,-0.0971845273726807));
#15010=CARTESIAN_POINT('',(-0.045616266567738,0.103,-0.097804058680185));
#15011=CARTESIAN_POINT('',(-0.0452792342514112,0.103,-0.0972586094989448));
#15012=CARTESIAN_POINT('',(-0.0452531019192904,0.103,-0.0974162745694072));
#15013=CARTESIAN_POINT('',(-0.0452270602526237,0.103,-0.0975733926249628));
#15014=CARTESIAN_POINT('',(-0.0449288831692904,0.103,-0.0975733926249628));
#15015=CARTESIAN_POINT('',(-0.044630706085957,0.103,-0.0975733926249628));
#15016=CARTESIAN_POINT('',(-0.0446320081692904,0.103,-0.0972478717916295));
#15017=CARTESIAN_POINT('',(-0.0446333121137403,0.103,-0.0969218856791603));
#15018=CARTESIAN_POINT('',(-0.0458569994423895,0.103,-0.0987708056939781));
#15019=CARTESIAN_POINT('',(-0.0451311289314605,0.103,-0.09667535669984));
#15020=CARTESIAN_POINT('',(-0.0457222995204198,0.103,-0.0983833091580407));
#15021=CARTESIAN_POINT('',(-0.0457426852526237,0.103,-0.0965751287360739));
#15022=CARTESIAN_POINT('',(-0.0457426852526237,0.103,-0.0965751287360739));
#15023=CARTESIAN_POINT('',(-0.0462878241415126,0.103,-0.0965751287360739));
#15024=CARTESIAN_POINT('',(-0.0466285359470682,0.103,-0.096842489847185));
#15025=CARTESIAN_POINT('',(-0.0466285359470682,0.103,-0.096842489847185));
#15026=CARTESIAN_POINT('',(-0.0466285359470682,0.103,-0.096842489847185));
#15027=CARTESIAN_POINT('',(-0.0469692477526237,0.103,-0.0971098509582961));
#15028=CARTESIAN_POINT('',(-0.0469692477526237,0.103,-0.0976037745694072));
#15029=CARTESIAN_POINT('',(-0.0469692477526237,0.103,-0.0976037745694072));
#15030=CARTESIAN_POINT('',(-0.0469692477526237,0.103,-0.098209677347185));
#15031=CARTESIAN_POINT('',(-0.046969139502462,0.103,-0.0988155812196848));
#15032=CARTESIAN_POINT('',(-0.046798994701736,0.103,-0.0820017393959535));
#15033=CARTESIAN_POINT('',(-0.0469704487002189,0.103,-0.0989436191934952));
#15034=CARTESIAN_POINT('',(-0.0479258469497742,0.103,-0.0989251390724963));
#15035=CARTESIAN_POINT('',(-0.0469796421816888,0.103,-0.099057764665282));
#15036=CARTESIAN_POINT('',(-0.0471003241415126,0.103,-0.0990738266527406));
#15037=CARTESIAN_POINT('',(-0.0472209838637348,0.103,-0.0990898856805184));
#15038=CARTESIAN_POINT('',(-0.0472209838637348,0.103,-0.0993272988749628));
#15039=CARTESIAN_POINT('',(-0.0146020786179304,0.103,-0.0933209087385743));
#15040=CARTESIAN_POINT('',(0.00471949720895874,0.103,-0.0933209087385743));
#15041=CARTESIAN_POINT('',(-0.0339236544448196,0.103,-0.0933209087385743));
#15042=CARTESIAN_POINT('',(0.00471949720895874,0.103,-0.0918209087385743));
#15043=CARTESIAN_POINT('',(0.00471949720895874,0.103,-0.0908209087385742));
#15044=CARTESIAN_POINT('',(0.00446949720895874,0.103,-0.0908209087385742));
#15045=CARTESIAN_POINT('',(0.00421949720895873,0.103,-0.0908209087385742));
#15046=CARTESIAN_POINT('',(0.00421949720895873,0.103,-0.0918209087385743));
#15047=CARTESIAN_POINT('',(0.00421949720895873,0.103,-0.0928209087385743));
#15048=CARTESIAN_POINT('',(-0.0146020786179304,0.103,-0.0928209087385743));
#15049=CARTESIAN_POINT('',(-0.0334236544448196,0.103,-0.0928209087385743));
#15050=CARTESIAN_POINT('',(-0.0334236544448196,0.103,-0.0918209087385743));
#15051=CARTESIAN_POINT('',(-0.0334236544448196,0.103,-0.0908209087385742));
#15052=CARTESIAN_POINT('',(-0.0336736544448196,0.103,-0.0908209087385742));
#15053=CARTESIAN_POINT('',(-0.0339236544448196,0.103,-0.0908209087385742));
#15054=CARTESIAN_POINT('',(-0.0339236544448196,0.103,-0.0918209087385743));
#15055=CARTESIAN_POINT('',(-0.0560360880304015,0.103,-0.0980985662360739));
#15056=CARTESIAN_POINT('',(-0.0560360880304015,0.103,-0.0981272120694072));
#15057=CARTESIAN_POINT('',(-0.0560360880304015,0.103,-0.0980699204027406));
#15058=CARTESIAN_POINT('',(-0.0560360880304015,0.103,-0.0980699204027406));
#15059=CARTESIAN_POINT('',(-0.0560360880304015,0.103,-0.0974136704027406));
#15060=CARTESIAN_POINT('',(-0.0564037095581793,0.103,-0.0969943995694072));
#15061=CARTESIAN_POINT('',(-0.0564037095581793,0.103,-0.0969943995694072));
#15062=CARTESIAN_POINT('',(-0.0564037095581793,0.103,-0.0969943995694072));
#15063=CARTESIAN_POINT('',(-0.0567713310859571,0.103,-0.0965751287360739));
#15064=CARTESIAN_POINT('',(-0.0574197685859571,0.103,-0.0965751287360739));
#15065=CARTESIAN_POINT('',(-0.0574197685859571,0.103,-0.0965751287360739));
#15066=CARTESIAN_POINT('',(-0.0574197685859571,0.103,-0.0965751287360739));
#15067=CARTESIAN_POINT('',(-0.0580708102526237,0.103,-0.0965751287360739));
#15068=CARTESIAN_POINT('',(-0.0584384317804015,0.103,-0.0969930974860739));
#15069=CARTESIAN_POINT('',(-0.0584384317804015,0.103,-0.0969930974860739));
#15070=CARTESIAN_POINT('',(-0.0584384317804015,0.103,-0.0969930974860739));
#15071=CARTESIAN_POINT('',(-0.0588060533081793,0.103,-0.0974110662360739));
#15072=CARTESIAN_POINT('',(-0.0588060533081793,0.103,-0.0980699204027406));
#15073=CARTESIAN_POINT('',(-0.0588060533081793,0.103,-0.0980699204027406));
#15074=CARTESIAN_POINT('',(-0.0588060533081793,0.103,-0.0980985662360739));
#15075=CARTESIAN_POINT('',(-0.0588060533081793,0.103,-0.0981272120694072));
#15076=CARTESIAN_POINT('',(-0.0588060533081793,0.103,-0.0981272120694072));
#15077=CARTESIAN_POINT('',(-0.0588060533081793,0.103,-0.0987886704027406));
#15078=CARTESIAN_POINT('',(-0.0584384317804015,0.103,-0.0992053370694072));
#15079=CARTESIAN_POINT('',(-0.0584384317804015,0.103,-0.0992053370694072));
#15080=CARTESIAN_POINT('',(-0.0584384317804015,0.103,-0.0992053370694072));
#15081=CARTESIAN_POINT('',(-0.0580708102526237,0.103,-0.0996220037360739));
#15082=CARTESIAN_POINT('',(-0.0574249769192904,0.103,-0.0996220037360739));
#15083=CARTESIAN_POINT('',(-0.0574249769192904,0.103,-0.0996220037360739));
#15084=CARTESIAN_POINT('',(-0.0574249769192904,0.103,-0.0996220037360739));
#15085=CARTESIAN_POINT('',(-0.0567713310859571,0.103,-0.0996220037360739));
#15086=CARTESIAN_POINT('',(-0.0564037095581793,0.103,-0.0992053370694072));
#15087=CARTESIAN_POINT('',(-0.0564037095581793,0.103,-0.0992053370694072));
#15088=CARTESIAN_POINT('',(-0.0564037095581793,0.103,-0.0992053370694072));
#15089=CARTESIAN_POINT('',(-0.0560360880304015,0.103,-0.0987886704027406));
#15090=CARTESIAN_POINT('',(-0.0560360880304015,0.103,-0.0981272120694072));
#15091=CARTESIAN_POINT('',(0.0570299736217262,0.103,-0.0918661167721596));
#15092=CARTESIAN_POINT('',(0.0570299736217262,0.103,-0.091894762605493));
#15093=CARTESIAN_POINT('',(0.0570299736217262,0.103,-0.0918374709388263));
#15094=CARTESIAN_POINT('',(0.0570299736217262,0.103,-0.0918374709388263));
#15095=CARTESIAN_POINT('',(0.0570299736217262,0.103,-0.0911812209388263));
#15096=CARTESIAN_POINT('',(0.0566623520939484,0.103,-0.090761950105493));
#15097=CARTESIAN_POINT('',(0.0566623520939484,0.103,-0.090761950105493));
#15098=CARTESIAN_POINT('',(0.0566623520939484,0.103,-0.090761950105493));
#15099=CARTESIAN_POINT('',(0.0562947305661706,0.103,-0.0903426792721596));
#15100=CARTESIAN_POINT('',(0.0556462930661706,0.103,-0.0903426792721596));
#15101=CARTESIAN_POINT('',(0.0556462930661706,0.103,-0.0903426792721596));
#15102=CARTESIAN_POINT('',(0.0556462930661706,0.103,-0.0903426792721596));
#15103=CARTESIAN_POINT('',(0.054995251399504,0.103,-0.0903426792721596));
#15104=CARTESIAN_POINT('',(0.0546276298717262,0.103,-0.0907606480221596));
#15105=CARTESIAN_POINT('',(0.0546276298717262,0.103,-0.0907606480221596));
#15106=CARTESIAN_POINT('',(0.0546276298717262,0.103,-0.0907606480221596));
#15107=CARTESIAN_POINT('',(0.0542600083439484,0.103,-0.0911786167721596));
#15108=CARTESIAN_POINT('',(0.0542600083439484,0.103,-0.0918374709388263));
#15109=CARTESIAN_POINT('',(0.0542600083439484,0.103,-0.0918374709388263));
#15110=CARTESIAN_POINT('',(0.0542600083439484,0.103,-0.0918661167721596));
#15111=CARTESIAN_POINT('',(0.0542600083439484,0.103,-0.091894762605493));
#15112=CARTESIAN_POINT('',(0.0542600083439484,0.103,-0.091894762605493));
#15113=CARTESIAN_POINT('',(0.0542600083439484,0.103,-0.0925562209388263));
#15114=CARTESIAN_POINT('',(0.0546276298717262,0.103,-0.092972887605493));
#15115=CARTESIAN_POINT('',(0.0546276298717262,0.103,-0.092972887605493));
#15116=CARTESIAN_POINT('',(0.0546276298717262,0.103,-0.092972887605493));
#15117=CARTESIAN_POINT('',(0.054995251399504,0.103,-0.0933895542721596));
#15118=CARTESIAN_POINT('',(0.0556410847328373,0.103,-0.0933895542721596));
#15119=CARTESIAN_POINT('',(0.0556410847328373,0.103,-0.0933895542721596));
#15120=CARTESIAN_POINT('',(0.0556410847328373,0.103,-0.0933895542721596));
#15121=CARTESIAN_POINT('',(0.0562947305661706,0.103,-0.0933895542721596));
#15122=CARTESIAN_POINT('',(0.0566623520939484,0.103,-0.092972887605493));
#15123=CARTESIAN_POINT('',(0.0566623520939484,0.103,-0.092972887605493));
#15124=CARTESIAN_POINT('',(0.0566623520939484,0.103,-0.092972887605493));
#15125=CARTESIAN_POINT('',(0.0570299736217262,0.103,-0.0925562209388263));
#15126=CARTESIAN_POINT('',(0.0570299736217262,0.103,-0.091894762605493));
#15127=CARTESIAN_POINT('',(-0.00629601042829842,0.103,-0.0993272988749628));
#15128=CARTESIAN_POINT('',(-0.00629601042829842,0.103,-0.0995647120694072));
#15129=CARTESIAN_POINT('',(-0.00629601042829842,0.103,-0.0990898856805184));
#15130=CARTESIAN_POINT('',(-0.00648698265052065,0.103,-0.0990490870694072));
#15131=CARTESIAN_POINT('',(-0.00667795487274287,0.103,-0.0990082884582961));
#15132=CARTESIAN_POINT('',(-0.00667795487274287,0.103,-0.0980981322082961));
#15133=CARTESIAN_POINT('',(-0.00667795487274287,0.103,-0.0971879759582961));
#15134=CARTESIAN_POINT('',(-0.00646658334496509,0.103,-0.0971476113749628));
#15135=CARTESIAN_POINT('',(-0.00625521181718731,0.103,-0.0971072467916295));
#15136=CARTESIAN_POINT('',(-0.00625521181718731,0.103,-0.0968685315138517));
#15137=CARTESIAN_POINT('',(-0.00625521181718731,0.103,-0.0966298162360739));
#15138=CARTESIAN_POINT('',(-0.0068628507060762,0.103,-0.0966298162360739));
#15139=CARTESIAN_POINT('',(-0.00747048959496509,0.103,-0.0966298162360739));
#15140=CARTESIAN_POINT('',(-0.00747048959496509,0.103,-0.097819052347185));
#15141=CARTESIAN_POINT('',(-0.00747048959496509,0.103,-0.0990082884582961));
#15142=CARTESIAN_POINT('',(-0.00766015973385398,0.103,-0.0990490870694072));
#15143=CARTESIAN_POINT('',(-0.00784982987274287,0.103,-0.0990898856805184));
#15144=CARTESIAN_POINT('',(-0.00784982987274287,0.103,-0.0993272988749628));
#15145=CARTESIAN_POINT('',(-0.00784982987274287,0.103,-0.0995647120694072));
#15146=CARTESIAN_POINT('',(-0.00707292015052064,0.103,-0.0995647120694072));
#15147=CARTESIAN_POINT('',(-0.00747048959496509,0.103,-0.0956298162360739));
#15148=CARTESIAN_POINT('',(-0.00747048959496509,0.103,-0.0953329412360739));
#15149=CARTESIAN_POINT('',(-0.00747048959496509,0.103,-0.0959266912360739));
#15150=CARTESIAN_POINT('',(-0.00707422223385398,0.103,-0.0959266912360739));
#15151=CARTESIAN_POINT('',(-0.00667795487274287,0.103,-0.0959266912360739));
#15152=CARTESIAN_POINT('',(-0.00667795487274287,0.103,-0.0956298162360739));
#15153=CARTESIAN_POINT('',(-0.00667795487274287,0.103,-0.0953329412360739));
#15154=CARTESIAN_POINT('',(-0.00707422223385398,0.103,-0.0953329412360739));
#15155=CARTESIAN_POINT('',(-0.0188107673727429,0.103,-0.0993272988749628));
#15156=CARTESIAN_POINT('',(-0.0188107673727429,0.103,-0.0995647120694072));
#15157=CARTESIAN_POINT('',(-0.0188107673727429,0.103,-0.0990898856805184));
#15158=CARTESIAN_POINT('',(-0.0190017395949651,0.103,-0.0990490870694072));
#15159=CARTESIAN_POINT('',(-0.0191927118171873,0.103,-0.0990082884582961));
#15160=CARTESIAN_POINT('',(-0.0191927118171873,0.103,-0.0980981322082961));
#15161=CARTESIAN_POINT('',(-0.0191927118171873,0.103,-0.0971879759582961));
#15162=CARTESIAN_POINT('',(-0.0189813402894096,0.103,-0.0971476113749628));
#15163=CARTESIAN_POINT('',(-0.0187699687616317,0.103,-0.0971072467916295));
#15164=CARTESIAN_POINT('',(-0.0187699687616317,0.103,-0.0968685315138517));
#15165=CARTESIAN_POINT('',(-0.0187699687616317,0.103,-0.0966298162360739));
#15166=CARTESIAN_POINT('',(-0.0193776076505206,0.103,-0.0966298162360739));
#15167=CARTESIAN_POINT('',(-0.0199852465394095,0.103,-0.0966298162360739));
#15168=CARTESIAN_POINT('',(-0.0199852465394095,0.103,-0.097819052347185));
#15169=CARTESIAN_POINT('',(-0.0199852465394095,0.103,-0.0990082884582961));
#15170=CARTESIAN_POINT('',(-0.0201749166782984,0.103,-0.0990490870694072));
#15171=CARTESIAN_POINT('',(-0.0203645868171873,0.103,-0.0990898856805184));
#15172=CARTESIAN_POINT('',(-0.0203645868171873,0.103,-0.0993272988749628));
#15173=CARTESIAN_POINT('',(-0.0203645868171873,0.103,-0.0995647120694072));
#15174=CARTESIAN_POINT('',(-0.0195876770949651,0.103,-0.0995647120694072));
#15175=CARTESIAN_POINT('',(-0.0199852465394095,0.103,-0.0956298162360739));
#15176=CARTESIAN_POINT('',(-0.0199852465394095,0.103,-0.0953329412360739));
#15177=CARTESIAN_POINT('',(-0.0199852465394095,0.103,-0.0959266912360739));
#15178=CARTESIAN_POINT('',(-0.0195889791782984,0.103,-0.0959266912360739));
#15179=CARTESIAN_POINT('',(-0.0191927118171873,0.103,-0.0959266912360739));
#15180=CARTESIAN_POINT('',(-0.0191927118171873,0.103,-0.0956298162360739));
#15181=CARTESIAN_POINT('',(-0.0191927118171873,0.103,-0.0953329412360739));
#15182=CARTESIAN_POINT('',(-0.0195889791782984,0.103,-0.0953329412360739));
#15183=CARTESIAN_POINT('',(-0.0205824687616318,0.103,-0.0993272988749628));
#15184=CARTESIAN_POINT('',(-0.0205824687616318,0.103,-0.0995647120694072));
#15185=CARTESIAN_POINT('',(-0.0205824687616318,0.103,-0.0990898856805184));
#15186=CARTESIAN_POINT('',(-0.0207721389005207,0.103,-0.0990490870694072));
#15187=CARTESIAN_POINT('',(-0.0209618090394095,0.103,-0.0990082884582961));
#15188=CARTESIAN_POINT('',(-0.0209618090394095,0.103,-0.0980981322082961));
#15189=CARTESIAN_POINT('',(-0.0209618090394095,0.103,-0.0971879759582961));
#15190=CARTESIAN_POINT('',(-0.0207517395949651,0.103,-0.0971476113749628));
#15191=CARTESIAN_POINT('',(-0.0205416701505206,0.103,-0.0971072467916295));
#15192=CARTESIAN_POINT('',(-0.0205416701505206,0.103,-0.0968685315138517));
#15193=CARTESIAN_POINT('',(-0.0205416701505206,0.103,-0.0966298162360739));
#15194=CARTESIAN_POINT('',(-0.0211206632060762,0.103,-0.0966298162360739));
#15195=CARTESIAN_POINT('',(-0.0216996562616317,0.103,-0.0966298162360739));
#15196=CARTESIAN_POINT('',(-0.0217174514005207,0.103,-0.0968398856805183));
#15197=CARTESIAN_POINT('',(-0.0217352465394095,0.103,-0.0970499551249628));
#15198=CARTESIAN_POINT('',(-0.0226465271334857,0.103,-0.0976268007168921));
#15199=CARTESIAN_POINT('',(-0.0220962692709553,0.103,-0.0966999764218059));
#15200=CARTESIAN_POINT('',(-0.0225620636139447,0.103,-0.0975104133655594));
#15201=CARTESIAN_POINT('',(-0.0225763923727429,0.103,-0.0965751287360739));
#15202=CARTESIAN_POINT('',(-0.0225763923727429,0.103,-0.0965751287360739));
#15203=CARTESIAN_POINT('',(-0.0230208368171873,0.103,-0.0965751287360739));
#15204=CARTESIAN_POINT('',(-0.0232704027894096,0.103,-0.0968546426249628));
#15205=CARTESIAN_POINT('',(-0.0232704027894096,0.103,-0.0968546426249628));
#15206=CARTESIAN_POINT('',(-0.0232704027894096,0.103,-0.0968546426249628));
#15207=CARTESIAN_POINT('',(-0.0235199687616317,0.103,-0.0971341565138517));
#15208=CARTESIAN_POINT('',(-0.0235199687616317,0.103,-0.0977305106805183));
#15209=CARTESIAN_POINT('',(-0.0235199687616317,0.103,-0.0977305106805183));
#15210=CARTESIAN_POINT('',(-0.0235199687616317,0.103,-0.0983693995694072));
#15211=CARTESIAN_POINT('',(-0.0235199687616317,0.103,-0.0990082884582961));
#15212=CARTESIAN_POINT('',(-0.0237100729282985,0.103,-0.0990490870694072));
#15213=CARTESIAN_POINT('',(-0.0239001770949651,0.103,-0.0990898856805184));
#15214=CARTESIAN_POINT('',(-0.0239001770949651,0.103,-0.0993272988749628));
#15215=CARTESIAN_POINT('',(-0.0239001770949651,0.103,-0.0995647120694072));
#15216=CARTESIAN_POINT('',(-0.0231432326505207,0.103,-0.0995647120694072));
#15217=CARTESIAN_POINT('',(-0.0223862882060762,0.103,-0.0995647120694072));
#15218=CARTESIAN_POINT('',(-0.0223862882060762,0.103,-0.0993272988749628));
#15219=CARTESIAN_POINT('',(-0.0223862882060762,0.103,-0.0990898856805183));
#15220=CARTESIAN_POINT('',(-0.0225559930671873,0.103,-0.0990490870694072));
#15221=CARTESIAN_POINT('',(-0.0227256979282985,0.103,-0.0990082884582961));
#15222=CARTESIAN_POINT('',(-0.0227256979282985,0.103,-0.0983711356805183));
#15223=CARTESIAN_POINT('',(-0.0227256979282985,0.103,-0.0977339829027406));
#15224=CARTESIAN_POINT('',(-0.0227256979282985,0.103,-0.0977339829027406));
#15225=CARTESIAN_POINT('',(-0.0227256979282985,0.103,-0.0974379759582961));
#15226=CARTESIAN_POINT('',(-0.0226063402894095,0.103,-0.0973147120694072));
#15227=CARTESIAN_POINT('',(-0.0226063402894095,0.103,-0.0973147120694072));
#15228=CARTESIAN_POINT('',(-0.0226063402894095,0.103,-0.0973147120694072));
#15229=CARTESIAN_POINT('',(-0.0224869826505207,0.103,-0.0971914481805183));
#15230=CARTESIAN_POINT('',(-0.0222456632060762,0.103,-0.0971914481805183));
#15231=CARTESIAN_POINT('',(-0.0222456632060762,0.103,-0.0971914481805183));
#15232=CARTESIAN_POINT('',(-0.0222336169993559,0.103,-0.097806619686146));
#15233=CARTESIAN_POINT('',(-0.0219630348622873,0.103,-0.0972546619668537));
#15234=CARTESIAN_POINT('',(-0.0222245236935541,0.103,-0.0977674399678396));
#15235=CARTESIAN_POINT('',(-0.0217543437616317,0.103,-0.0974356044148957));
#15236=CARTESIAN_POINT('',(-0.0217543437616317,0.103,-0.0982218301249628));
#15237=CARTESIAN_POINT('',(-0.0217543437616317,0.103,-0.0990082884582961));
#15238=CARTESIAN_POINT('',(-0.0219145000116318,0.103,-0.0990490870694072));
#15239=CARTESIAN_POINT('',(-0.0220746562616317,0.103,-0.0990898856805184));
#15240=CARTESIAN_POINT('',(-0.0220746562616317,0.103,-0.0993272988749628));
#15241=CARTESIAN_POINT('',(-0.0220746562616317,0.103,-0.0995647120694072));
#15242=CARTESIAN_POINT('',(-0.0213285625116317,0.103,-0.0995647120694072));
#15243=CARTESIAN_POINT('',(-0.0495695081692904,0.103,-0.0993789481805183));
#15244=CARTESIAN_POINT('',(-0.0495951158081793,0.103,-0.0995647120694072));
#15245=CARTESIAN_POINT('',(-0.0495439005304015,0.103,-0.0991931842916295));
#15246=CARTESIAN_POINT('',(-0.0487226511616102,0.103,-0.0986422959708296));
#15247=CARTESIAN_POINT('',(-0.0491950799620143,0.103,-0.0995107188469243));
#15248=CARTESIAN_POINT('',(-0.0487421448525955,0.103,-0.0986375924203061));
#15249=CARTESIAN_POINT('',(-0.0487218519192904,0.103,-0.0996220037360739));
#15250=CARTESIAN_POINT('',(-0.0487218519192904,0.103,-0.0996220037360739));
#15251=CARTESIAN_POINT('',(-0.0482574421970682,0.103,-0.0996220037360739));
#15252=CARTESIAN_POINT('',(-0.0479944213637348,0.103,-0.0993246947082961));
#15253=CARTESIAN_POINT('',(-0.0479944213637348,0.103,-0.0993246947082961));
#15254=CARTESIAN_POINT('',(-0.0479944213637348,0.103,-0.0993246947082961));
#15255=CARTESIAN_POINT('',(-0.0477314005304015,0.103,-0.0990273856805183));
#15256=CARTESIAN_POINT('',(-0.0477314005304015,0.103,-0.0984006495694072));
#15257=CARTESIAN_POINT('',(-0.0477314005304015,0.103,-0.0984006495694072));
#15258=CARTESIAN_POINT('',(-0.0477314005304015,0.103,-0.0977943127638517));
#15259=CARTESIAN_POINT('',(-0.0477314005304015,0.103,-0.0971879759582961));
#15260=CARTESIAN_POINT('',(-0.0475699421970682,0.103,-0.0971476113749628));
#15261=CARTESIAN_POINT('',(-0.0474084838637348,0.103,-0.0971072467916295));
#15262=CARTESIAN_POINT('',(-0.0474084838637348,0.103,-0.0968685315138517));
#15263=CARTESIAN_POINT('',(-0.0474084838637348,0.103,-0.0966298162360739));
#15264=CARTESIAN_POINT('',(-0.0481276678915126,0.103,-0.0966298162360739));
#15265=CARTESIAN_POINT('',(-0.0485239352526237,0.103,-0.0966298162360739));
#15266=CARTESIAN_POINT('',(-0.0485239352526237,0.103,-0.097518271097185));
#15267=CARTESIAN_POINT('',(-0.0485239352526237,0.103,-0.0984067259582961));
#15268=CARTESIAN_POINT('',(-0.0485239352526237,0.103,-0.0984067259582961));
#15269=CARTESIAN_POINT('',(-0.0485239352526237,0.103,-0.0987261704027406));
#15270=CARTESIAN_POINT('',(-0.0486307060859571,0.103,-0.098865927347185));
#15271=CARTESIAN_POINT('',(-0.0486307060859571,0.103,-0.098865927347185));
#15272=CARTESIAN_POINT('',(-0.0486307060859571,0.103,-0.098865927347185));
#15273=CARTESIAN_POINT('',(-0.0487374769192904,0.103,-0.0990056842916295));
#15274=CARTESIAN_POINT('',(-0.0489492824748459,0.103,-0.0990056842916295));
#15275=CARTESIAN_POINT('',(-0.0489492824748459,0.103,-0.0990056842916295));
#15276=CARTESIAN_POINT('',(-0.048970873962647,0.103,-0.09820769340418));
#15277=CARTESIAN_POINT('',(-0.0492735952101217,0.103,-0.098945153678591));
#15278=CARTESIAN_POINT('',(-0.0490511280219284,0.103,-0.0984304754546271));
#15279=CARTESIAN_POINT('',(-0.0494970255304015,0.103,-0.098769709780675));
#15280=CARTESIAN_POINT('',(-0.0494970255304015,0.103,-0.0979787745694072));
#15281=CARTESIAN_POINT('',(-0.0494970255304015,0.103,-0.0971879759582961));
#15282=CARTESIAN_POINT('',(-0.0493234144192904,0.103,-0.0971476113749628));
#15283=CARTESIAN_POINT('',(-0.0491498033081793,0.103,-0.0971072467916295));
#15284=CARTESIAN_POINT('',(-0.0491498033081793,0.103,-0.0968685315138517));
#15285=CARTESIAN_POINT('',(-0.0491498033081793,0.103,-0.0966298162360739));
#15286=CARTESIAN_POINT('',(-0.0498932928915126,0.103,-0.0966298162360739));
#15287=CARTESIAN_POINT('',(-0.0502895602526237,0.103,-0.0966298162360739));
#15288=CARTESIAN_POINT('',(-0.0502895602526237,0.103,-0.097819052347185));
#15289=CARTESIAN_POINT('',(-0.0502895602526237,0.103,-0.0990082884582961));
#15290=CARTESIAN_POINT('',(-0.0504670776137348,0.103,-0.0990490870694072));
#15291=CARTESIAN_POINT('',(-0.0506445949748459,0.103,-0.0990898856805184));
#15292=CARTESIAN_POINT('',(-0.0506445949748459,0.103,-0.0993272988749628));
#15293=CARTESIAN_POINT('',(-0.0506445949748459,0.103,-0.0995647120694072));
#15294=CARTESIAN_POINT('',(-0.0501198553915126,0.103,-0.0995647120694072));
#15295=CARTESIAN_POINT('',(-0.0542209838637348,0.103,-0.0993272988749628));
#15296=CARTESIAN_POINT('',(-0.0542209838637348,0.103,-0.0995647120694072));
#15297=CARTESIAN_POINT('',(-0.0542209838637348,0.103,-0.0990898856805184));
#15298=CARTESIAN_POINT('',(-0.0544119560859571,0.103,-0.0990490870694072));
#15299=CARTESIAN_POINT('',(-0.0546029283081793,0.103,-0.0990082884582961));
#15300=CARTESIAN_POINT('',(-0.0546029283081793,0.103,-0.0980981322082961));
#15301=CARTESIAN_POINT('',(-0.0546029283081793,0.103,-0.0971879759582961));
#15302=CARTESIAN_POINT('',(-0.0543915567804015,0.103,-0.0971476113749628));
#15303=CARTESIAN_POINT('',(-0.0541801852526237,0.103,-0.0971072467916295));
#15304=CARTESIAN_POINT('',(-0.0541801852526237,0.103,-0.0968685315138517));
#15305=CARTESIAN_POINT('',(-0.0541801852526237,0.103,-0.0966298162360739));
#15306=CARTESIAN_POINT('',(-0.0547878241415126,0.103,-0.0966298162360739));
#15307=CARTESIAN_POINT('',(-0.0553954630304015,0.103,-0.0966298162360739));
#15308=CARTESIAN_POINT('',(-0.0553954630304015,0.103,-0.097819052347185));
#15309=CARTESIAN_POINT('',(-0.0553954630304015,0.103,-0.0990082884582961));
#15310=CARTESIAN_POINT('',(-0.0555851331692904,0.103,-0.0990490870694072));
#15311=CARTESIAN_POINT('',(-0.0557748033081793,0.103,-0.0990898856805184));
#15312=CARTESIAN_POINT('',(-0.0557748033081793,0.103,-0.0993272988749628));
#15313=CARTESIAN_POINT('',(-0.0557748033081793,0.103,-0.0995647120694072));
#15314=CARTESIAN_POINT('',(-0.0549978935859571,0.103,-0.0995647120694072));
#15315=CARTESIAN_POINT('',(-0.0553954630304015,0.103,-0.0956298162360739));
#15316=CARTESIAN_POINT('',(-0.0553954630304015,0.103,-0.0953329412360739));
#15317=CARTESIAN_POINT('',(-0.0553954630304015,0.103,-0.0959266912360739));
#15318=CARTESIAN_POINT('',(-0.0549991956692904,0.103,-0.0959266912360739));
#15319=CARTESIAN_POINT('',(-0.0546029283081793,0.103,-0.0959266912360739));
#15320=CARTESIAN_POINT('',(-0.0546029283081793,0.103,-0.0956298162360739));
#15321=CARTESIAN_POINT('',(-0.0546029283081793,0.103,-0.0953329412360739));
#15322=CARTESIAN_POINT('',(-0.0549991956692904,0.103,-0.0953329412360739));
#15323=CARTESIAN_POINT('',(0.0241023789013777,0.103,-0.089621325105493));
#15324=CARTESIAN_POINT('',(0.0241023789013777,0.103,-0.0893826098277152));
#15325=CARTESIAN_POINT('',(0.0241023789013777,0.103,-0.0898600403832707));
#15326=CARTESIAN_POINT('',(0.0242529865402666,0.103,-0.089886950105493));
#15327=CARTESIAN_POINT('',(0.0244035941791555,0.103,-0.0899138598277152));
#15328=CARTESIAN_POINT('',(0.0240537677902666,0.103,-0.0910983216332707));
#15329=CARTESIAN_POINT('',(0.0237039414013777,0.103,-0.0922827834388263));
#15330=CARTESIAN_POINT('',(0.0236796358458222,0.103,-0.0923912903832707));
#15331=CARTESIAN_POINT('',(0.0236553302902666,0.103,-0.0924997973277152));
#15332=CARTESIAN_POINT('',(0.0236470837624889,0.103,-0.0924997973277152));
#15333=CARTESIAN_POINT('',(0.023638837234711,0.103,-0.0924997973277152));
#15334=CARTESIAN_POINT('',(0.0236158337624889,0.103,-0.0923938945499374));
#15335=CARTESIAN_POINT('',(0.0235928302902666,0.103,-0.0922879917721596));
#15336=CARTESIAN_POINT('',(0.0232412677902666,0.103,-0.0911009257999374));
#15337=CARTESIAN_POINT('',(0.0228897052902666,0.103,-0.0899138598277152));
#15338=CARTESIAN_POINT('',(0.0230390108458222,0.103,-0.089886950105493));
#15339=CARTESIAN_POINT('',(0.0231883164013777,0.103,-0.0898600403832707));
#15340=CARTESIAN_POINT('',(0.0231883164013777,0.103,-0.089621325105493));
#15341=CARTESIAN_POINT('',(0.0231883164013777,0.103,-0.0893826098277152));
#15342=CARTESIAN_POINT('',(0.022466962234711,0.103,-0.0893826098277152));
#15343=CARTESIAN_POINT('',(0.0217456080680444,0.103,-0.0893826098277152));
#15344=CARTESIAN_POINT('',(0.0217456080680444,0.103,-0.089621325105493));
#15345=CARTESIAN_POINT('',(0.0217456080680444,0.103,-0.0898600403832707));
#15346=CARTESIAN_POINT('',(0.0219109726513777,0.103,-0.0898817417721596));
#15347=CARTESIAN_POINT('',(0.0220763372347111,0.103,-0.0899034431610485));
#15348=CARTESIAN_POINT('',(0.0226579344569333,0.103,-0.0916178528832707));
#15349=CARTESIAN_POINT('',(0.0232395316791555,0.103,-0.093332262605493));
#15350=CARTESIAN_POINT('',(0.0236466497347111,0.103,-0.093332262605493));
#15351=CARTESIAN_POINT('',(0.0240537677902666,0.103,-0.093332262605493));
#15352=CARTESIAN_POINT('',(0.0246371011235999,0.103,-0.0916178528832707));
#15353=CARTESIAN_POINT('',(0.0252204344569333,0.103,-0.0899034431610485));
#15354=CARTESIAN_POINT('',(0.0253831948736,0.103,-0.0898817417721596));
#15355=CARTESIAN_POINT('',(0.0255459552902666,0.103,-0.0898600403832707));
#15356=CARTESIAN_POINT('',(0.0255459552902666,0.103,-0.089621325105493));
#15357=CARTESIAN_POINT('',(0.0255459552902666,0.103,-0.0893826098277152));
#15358=CARTESIAN_POINT('',(0.0248241670958222,0.103,-0.0893826098277152));
#15359=CARTESIAN_POINT('',(0.0606923000106151,0.103,-0.0916434605221596));
#15360=CARTESIAN_POINT('',(0.0606923000106151,0.103,-0.0913383389943819));
#15361=CARTESIAN_POINT('',(0.0606923000106151,0.103,-0.0919485820499374));
#15362=CARTESIAN_POINT('',(0.0614574909828373,0.103,-0.0919485820499374));
#15363=CARTESIAN_POINT('',(0.0622226819550595,0.103,-0.0919485820499374));
#15364=CARTESIAN_POINT('',(0.0622226819550595,0.103,-0.0916434605221596));
#15365=CARTESIAN_POINT('',(0.0622226819550595,0.103,-0.0913383389943818));
#15366=CARTESIAN_POINT('',(0.0614574909828373,0.103,-0.0913383389943818));
#15367=CARTESIAN_POINT('',(0.0589509805661706,0.103,-0.0906360820499374));
#15368=CARTESIAN_POINT('',(0.0589509805661706,0.103,-0.0903973667721596));
#15369=CARTESIAN_POINT('',(0.0589509805661706,0.103,-0.0908747973277152));
#15370=CARTESIAN_POINT('',(0.059089001399504,0.103,-0.0909004049666041));
#15371=CARTESIAN_POINT('',(0.0592270222328373,0.103,-0.090926012605493));
#15372=CARTESIAN_POINT('',(0.0590334458439484,0.103,-0.0915826966332707));
#15373=CARTESIAN_POINT('',(0.0588398694550595,0.103,-0.0922393806610485));
#15374=CARTESIAN_POINT('',(0.0588138277883928,0.103,-0.0923774014943819));
#15375=CARTESIAN_POINT('',(0.0587877861217262,0.103,-0.0925154223277152));
#15376=CARTESIAN_POINT('',(0.0587795395939484,0.103,-0.0925154223277152));
#15377=CARTESIAN_POINT('',(0.0587712930661706,0.103,-0.0925154223277152));
#15378=CARTESIAN_POINT('',(0.0587430812606151,0.103,-0.0923774014943819));
#15379=CARTESIAN_POINT('',(0.0587148694550595,0.103,-0.0922393806610485));
#15380=CARTESIAN_POINT('',(0.0585234632050595,0.103,-0.0915839987166041));
#15381=CARTESIAN_POINT('',(0.0583320569550595,0.103,-0.0909286167721596));
#15382=CARTESIAN_POINT('',(0.0584731159828373,0.103,-0.0909017070499374));
#15383=CARTESIAN_POINT('',(0.0586141750106151,0.103,-0.0908747973277152));
#15384=CARTESIAN_POINT('',(0.0586141750106151,0.103,-0.0906360820499374));
#15385=CARTESIAN_POINT('',(0.0586141750106151,0.103,-0.0903973667721596));
#15386=CARTESIAN_POINT('',(0.057948376399504,0.103,-0.0903973667721596));
#15387=CARTESIAN_POINT('',(0.0572825777883929,0.103,-0.0903973667721596));
#15388=CARTESIAN_POINT('',(0.0572825777883929,0.103,-0.0906360820499374));
#15389=CARTESIAN_POINT('',(0.0572825777883928,0.103,-0.0908747973277152));
#15390=CARTESIAN_POINT('',(0.0574101819550595,0.103,-0.0908951966332707));
#15391=CARTESIAN_POINT('',(0.0575377861217262,0.103,-0.0909155959388263));
#15392=CARTESIAN_POINT('',(0.0579700777883929,0.103,-0.0921239292721596));
#15393=CARTESIAN_POINT('',(0.0584023694550595,0.103,-0.093332262605493));
#15394=CARTESIAN_POINT('',(0.0587808416772817,0.103,-0.093332262605493));
#15395=CARTESIAN_POINT('',(0.059159313899504,0.103,-0.093332262605493));
#15396=CARTESIAN_POINT('',(0.0595933416772817,0.103,-0.0921239292721596));
#15397=CARTESIAN_POINT('',(0.0600273694550595,0.103,-0.0909155959388263));
#15398=CARTESIAN_POINT('',(0.0601549736217262,0.103,-0.0908951966332707));
#15399=CARTESIAN_POINT('',(0.0602825777883929,0.103,-0.0908747973277152));
#15400=CARTESIAN_POINT('',(0.0602825777883929,0.103,-0.0906360820499374));
#15401=CARTESIAN_POINT('',(0.0602825777883928,0.103,-0.0903973667721596));
#15402=CARTESIAN_POINT('',(0.0596167791772817,0.103,-0.0903973667721596));
#15403=CARTESIAN_POINT('',(0.0537877861217262,0.103,-0.0896187209388263));
#15404=CARTESIAN_POINT('',(0.0535759805661706,0.103,-0.0896595195499374));
#15405=CARTESIAN_POINT('',(0.0539995916772817,0.103,-0.0895779223277152));
#15406=CARTESIAN_POINT('',(0.0539995916772817,0.103,-0.0893392070499374));
#15407=CARTESIAN_POINT('',(0.0539995916772817,0.103,-0.0891004917721596));
#15408=CARTESIAN_POINT('',(0.0533919527883928,0.103,-0.0891004917721596));
#15409=CARTESIAN_POINT('',(0.052784313899504,0.103,-0.0891004917721596));
#15410=CARTESIAN_POINT('',(0.052784313899504,0.103,-0.0909381653832707));
#15411=CARTESIAN_POINT('',(0.052784313899504,0.103,-0.0927758389943818));
#15412=CARTESIAN_POINT('',(0.052592907649504,0.103,-0.092816637605493));
#15413=CARTESIAN_POINT('',(0.052401501399504,0.103,-0.0928574362166041));
#15414=CARTESIAN_POINT('',(0.052401501399504,0.103,-0.0930948494110485));
#15415=CARTESIAN_POINT('',(0.052401501399504,0.103,-0.093332262605493));
#15416=CARTESIAN_POINT('',(0.0531801472328373,0.103,-0.093332262605493));
#15417=CARTESIAN_POINT('',(0.0539587930661706,0.103,-0.093332262605493));
#15418=CARTESIAN_POINT('',(0.0539587930661706,0.103,-0.0930948494110485));
#15419=CARTESIAN_POINT('',(0.0539587930661706,0.103,-0.0928574362166041));
#15420=CARTESIAN_POINT('',(0.0537673868161706,0.103,-0.092816637605493));
#15421=CARTESIAN_POINT('',(0.0535759805661706,0.103,-0.0927758389943819));
#15422=CARTESIAN_POINT('',(0.0535759805661706,0.103,-0.0912176792721596));
#15423=CARTESIAN_POINT('',(0.0271631427902666,0.103,-0.093332262605493));
#15424=CARTESIAN_POINT('',(0.0258150525124889,0.103,-0.093332262605493));
#15425=CARTESIAN_POINT('',(0.0285112330680444,0.103,-0.093332262605493));
#15426=CARTESIAN_POINT('',(0.0285112330680444,0.103,-0.0930731480221596));
#15427=CARTESIAN_POINT('',(0.0285112330680444,0.103,-0.0928140334388263));
#15428=CARTESIAN_POINT('',(0.0278723441791555,0.103,-0.092129137605493));
#15429=CARTESIAN_POINT('',(0.0272334552902666,0.103,-0.0914442417721596));
#15430=CARTESIAN_POINT('',(0.0272334552902666,0.103,-0.0914442417721596));
#15431=CARTESIAN_POINT('',(0.0269565455680444,0.103,-0.0911265334388263));
#15432=CARTESIAN_POINT('',(0.0268397920958222,0.103,-0.0909082174666041));
#15433=CARTESIAN_POINT('',(0.0268397920958222,0.103,-0.0909082174666041));
#15434=CARTESIAN_POINT('',(0.0268397920958222,0.103,-0.0909082174666041));
#15435=CARTESIAN_POINT('',(0.0267230386235999,0.103,-0.0906899014943818));
#15436=CARTESIAN_POINT('',(0.0267230386235999,0.103,-0.0905032695499374));
#15437=CARTESIAN_POINT('',(0.0267230386235999,0.103,-0.0905032695499374));
#15438=CARTESIAN_POINT('',(0.0267230386235999,0.103,-0.0905032695499374));
#15439=CARTESIAN_POINT('',(0.0267230386235999,0.103,-0.0902532695499374));
#15440=CARTESIAN_POINT('',(0.0268575872347111,0.103,-0.0900944153832707));
#15441=CARTESIAN_POINT('',(0.0268575872347111,0.103,-0.0900944153832707));
#15442=CARTESIAN_POINT('',(0.0268575872347111,0.103,-0.0900944153832707));
#15443=CARTESIAN_POINT('',(0.0269921358458222,0.103,-0.0899355612166041));
#15444=CARTESIAN_POINT('',(0.0272386636235999,0.103,-0.0899355612166041));
#15445=CARTESIAN_POINT('',(0.0272386636235999,0.103,-0.0899355612166041));
#15446=CARTESIAN_POINT('',(0.0272386636235999,0.103,-0.0899355612166041));
#15447=CARTESIAN_POINT('',(0.0275129691791555,0.103,-0.0899355612166041));
#15448=CARTESIAN_POINT('',(0.0276553302902666,0.103,-0.0901217591332707));
#15449=CARTESIAN_POINT('',(0.0276553302902666,0.103,-0.0901217591332707));
#15450=CARTESIAN_POINT('',(0.0276553302902666,0.103,-0.0901217591332707));
#15451=CARTESIAN_POINT('',(0.0277976914013777,0.103,-0.0903079570499374));
#15452=CARTESIAN_POINT('',(0.0277976914013777,0.103,-0.0906169848277152));
#15453=CARTESIAN_POINT('',(0.0277976914013777,0.103,-0.0906169848277152));
#15454=CARTESIAN_POINT('',(0.0281826740402666,0.103,-0.0906169848277152));
#15455=CARTESIAN_POINT('',(0.0285676566791555,0.103,-0.0906169848277152));
#15456=CARTESIAN_POINT('',(0.0285706948735999,0.103,-0.0906087382999374));
#15457=CARTESIAN_POINT('',(0.0285737330680444,0.103,-0.0906004917721596));
#15458=CARTESIAN_POINT('',(0.0285737330680444,0.103,-0.0906004917721596));
#15459=CARTESIAN_POINT('',(0.0285867539013777,0.103,-0.0900657695499374));
#15460=CARTESIAN_POINT('',(0.0282221705680444,0.103,-0.089695543855493));
#15461=CARTESIAN_POINT('',(0.0282221705680444,0.103,-0.089695543855493));
#15462=CARTESIAN_POINT('',(0.0282221705680444,0.103,-0.089695543855493));
#15463=CARTESIAN_POINT('',(0.027857587234711,0.103,-0.0893253181610485));
#15464=CARTESIAN_POINT('',(0.0272386636235999,0.103,-0.0893253181610485));
#15465=CARTESIAN_POINT('',(0.0272386636235999,0.103,-0.0893253181610485));
#15466=CARTESIAN_POINT('',(0.0272386636235999,0.103,-0.0893253181610485));
#15467=CARTESIAN_POINT('',(0.0266284205680444,0.103,-0.0893253181610485));
#15468=CARTESIAN_POINT('',(0.0262785941791555,0.103,-0.0896430264943818));
#15469=CARTESIAN_POINT('',(0.0262785941791555,0.103,-0.0896430264943818));
#15470=CARTESIAN_POINT('',(0.0262785941791555,0.103,-0.0896430264943818));
#15471=CARTESIAN_POINT('',(0.0259287677902666,0.103,-0.0899607348277152));
#15472=CARTESIAN_POINT('',(0.0259287677902666,0.103,-0.0904893806610485));
#15473=CARTESIAN_POINT('',(0.0259287677902666,0.103,-0.0904893806610485));
#15474=CARTESIAN_POINT('',(0.0271209598976166,0.103,-0.0904945670762008));
#15475=CARTESIAN_POINT('',(0.0261253823735999,0.103,-0.0911508389943819));
#15476=CARTESIAN_POINT('',(0.0261253823735999,0.103,-0.0911508389943819));
#15477=CARTESIAN_POINT('',(0.0263219969569333,0.103,-0.0914546584388263));
#15478=CARTESIAN_POINT('',(0.0267777261235999,0.103,-0.0919433737166041));
#15479=CARTESIAN_POINT('',(0.0267777261235999,0.103,-0.0919433737166041));
#15480=CARTESIAN_POINT('',(0.0271288545958222,0.103,-0.0923270542721596));
#15481=CARTESIAN_POINT('',(0.0274799830680444,0.103,-0.0927107348277152));
#15482=CARTESIAN_POINT('',(0.0274773789013777,0.103,-0.0927176792721596));
#15483=CARTESIAN_POINT('',(0.027474774734711,0.103,-0.0927246237166041));
#15484=CARTESIAN_POINT('',(0.0269621879291555,0.103,-0.0927246237166041));
#15485=CARTESIAN_POINT('',(0.0264496011235999,0.103,-0.0927246237166041));
#15486=CARTESIAN_POINT('',(0.0264331080680444,0.103,-0.0925293112166041));
#15487=CARTESIAN_POINT('',(0.0264166150124889,0.103,-0.0923339987166041));
#15488=CARTESIAN_POINT('',(0.0261158337624889,0.103,-0.0923339987166041));
#15489=CARTESIAN_POINT('',(0.0258150525124889,0.103,-0.0923339987166041));
#15490=CARTESIAN_POINT('',(0.0258150525124889,0.103,-0.0928331306610485));
#15491=CARTESIAN_POINT('',(0.0309877955680444,0.103,-0.0930948494110485));
#15492=CARTESIAN_POINT('',(0.0309877955680444,0.103,-0.093332262605493));
#15493=CARTESIAN_POINT('',(0.0309877955680444,0.103,-0.0928574362166041));
#15494=CARTESIAN_POINT('',(0.0306540282069333,0.103,-0.092816637605493));
#15495=CARTESIAN_POINT('',(0.0303202608458222,0.103,-0.0927758389943818));
#15496=CARTESIAN_POINT('',(0.0303202608458222,0.103,-0.0914385994110485));
#15497=CARTESIAN_POINT('',(0.0303202608458222,0.103,-0.0901013598277152));
#15498=CARTESIAN_POINT('',(0.0306579344569333,0.103,-0.0901013598277152));
#15499=CARTESIAN_POINT('',(0.0309956080680444,0.103,-0.0901013598277152));
#15500=CARTESIAN_POINT('',(0.0309956080680444,0.103,-0.0898747973277152));
#15501=CARTESIAN_POINT('',(0.0309956080680444,0.103,-0.0896482348277152));
#15502=CARTESIAN_POINT('',(0.0302634032069333,0.103,-0.0895154223277152));
#15503=CARTESIAN_POINT('',(0.0295311983458222,0.103,-0.0893826098277152));
#15504=CARTESIAN_POINT('',(0.0295311983458222,0.103,-0.0910792244110485));
#15505=CARTESIAN_POINT('',(0.0295311983458222,0.103,-0.0927758389943818));
#15506=CARTESIAN_POINT('',(0.0291974309847111,0.103,-0.092816637605493));
#15507=CARTESIAN_POINT('',(0.0288636636235999,0.103,-0.0928574362166041));
#15508=CARTESIAN_POINT('',(0.0288636636235999,0.103,-0.0930948494110485));
#15509=CARTESIAN_POINT('',(0.0288636636235999,0.103,-0.093332262605493));
#15510=CARTESIAN_POINT('',(0.0299257295958222,0.103,-0.093332262605493));
#15511=CARTESIAN_POINT('',(-0.0678685533081793,0.103,-0.0959110662360739));
#15512=CARTESIAN_POINT('',(-0.0674735880304015,0.103,-0.0959110662360739));
#15513=CARTESIAN_POINT('',(-0.0682635185859571,0.103,-0.0959110662360739));
#15514=CARTESIAN_POINT('',(-0.0682635185859571,0.103,-0.0962704412360739));
#15515=CARTESIAN_POINT('',(-0.0682635185859571,0.103,-0.0966298162360739));
#15516=CARTESIAN_POINT('',(-0.0685213310859571,0.103,-0.0966298162360739));
#15517=CARTESIAN_POINT('',(-0.0687791435859571,0.103,-0.0966298162360739));
#15518=CARTESIAN_POINT('',(-0.0687791435859571,0.103,-0.0969075940138517));
#15519=CARTESIAN_POINT('',(-0.0687791435859571,0.103,-0.0971853717916294));
#15520=CARTESIAN_POINT('',(-0.0685213310859571,0.103,-0.0971853717916294));
#15521=CARTESIAN_POINT('',(-0.0682635185859571,0.103,-0.0971853717916294));
#15522=CARTESIAN_POINT('',(-0.0682635185859571,0.103,-0.0979327676249628));
#15523=CARTESIAN_POINT('',(-0.0682635185859571,0.103,-0.0986801634582961));
#15524=CARTESIAN_POINT('',(-0.0682635185859571,0.103,-0.0986801634582961));
#15525=CARTESIAN_POINT('',(-0.0682635185859571,0.103,-0.0988511704027406));
#15526=CARTESIAN_POINT('',(-0.0683338310859571,0.103,-0.098924521097185));
#15527=CARTESIAN_POINT('',(-0.0683338310859571,0.103,-0.098924521097185));
#15528=CARTESIAN_POINT('',(-0.0685099942549534,0.103,-0.0987463193624008));
#15529=CARTESIAN_POINT('',(-0.0685239168655139,0.103,-0.0989974694693592));
#15530=CARTESIAN_POINT('',(-0.068534427500835,0.103,-0.097714588238525));
#15531=CARTESIAN_POINT('',(-0.0686663021963752,0.103,-0.0989909779705042));
#15532=CARTESIAN_POINT('',(-0.0684924543199752,0.103,-0.0975691870430678));
#15533=CARTESIAN_POINT('',(-0.0688034412489078,0.103,-0.0989674230636058));
#15534=CARTESIAN_POINT('',(-0.0688373033081793,0.103,-0.0992539481805183));
#15535=CARTESIAN_POINT('',(-0.0688711522456882,0.103,-0.0995403622671323));
#15536=CARTESIAN_POINT('',(-0.0683109589199786,0.103,-0.0977312366614128));
#15537=CARTESIAN_POINT('',(-0.0686081465277064,0.103,-0.0996016710287049));
#15538=CARTESIAN_POINT('',(-0.0683372033626407,0.103,-0.0977919455322001));
#15539=CARTESIAN_POINT('',(-0.0683260185859571,0.103,-0.0996220037360739));
#15540=CARTESIAN_POINT('',(-0.0683260185859571,0.103,-0.0996220037360739));
#15541=CARTESIAN_POINT('',(-0.0679162963637348,0.103,-0.0996220037360739));
#15542=CARTESIAN_POINT('',(-0.0676949421970682,0.103,-0.0993967433194072));
#15543=CARTESIAN_POINT('',(-0.0676949421970682,0.103,-0.0993967433194072));
#15544=CARTESIAN_POINT('',(-0.0676949421970682,0.103,-0.0993967433194072));
#15545=CARTESIAN_POINT('',(-0.0674735880304015,0.103,-0.0991714829027406));
#15546=CARTESIAN_POINT('',(-0.0674735880304015,0.103,-0.0986827676249628));
#15547=CARTESIAN_POINT('',(-0.0674735880304015,0.103,-0.0986827676249628));
#15548=CARTESIAN_POINT('',(-0.0674735880304015,0.103,-0.0979340697082961));
#15549=CARTESIAN_POINT('',(-0.0674735880304015,0.103,-0.0971853717916294));
#15550=CARTESIAN_POINT('',(-0.0672583102526237,0.103,-0.0971853717916294));
#15551=CARTESIAN_POINT('',(-0.0670430324748459,0.103,-0.0971853717916294));
#15552=CARTESIAN_POINT('',(-0.0670430324748459,0.103,-0.0969075940138517));
#15553=CARTESIAN_POINT('',(-0.0670430324748459,0.103,-0.0966298162360739));
#15554=CARTESIAN_POINT('',(-0.0672583102526237,0.103,-0.0966298162360739));
#15555=CARTESIAN_POINT('',(-0.0674735880304015,0.103,-0.0966298162360739));
#15556=CARTESIAN_POINT('',(-0.0674735880304015,0.103,-0.0962704412360739));
#15557=CARTESIAN_POINT('',(-0.0657066609470682,0.103,-0.0993789481805183));
#15558=CARTESIAN_POINT('',(-0.0657322685859571,0.103,-0.0995647120694072));
#15559=CARTESIAN_POINT('',(-0.0656810533081793,0.103,-0.0991931842916295));
#15560=CARTESIAN_POINT('',(-0.0648598039393879,0.103,-0.0986422959708295));
#15561=CARTESIAN_POINT('',(-0.0653322327397921,0.103,-0.0995107188469243));
#15562=CARTESIAN_POINT('',(-0.0648792976303732,0.103,-0.098637592420306));
#15563=CARTESIAN_POINT('',(-0.0648590046970682,0.103,-0.0996220037360739));
#15564=CARTESIAN_POINT('',(-0.0648590046970682,0.103,-0.0996220037360739));
#15565=CARTESIAN_POINT('',(-0.064394594974846,0.103,-0.0996220037360739));
#15566=CARTESIAN_POINT('',(-0.0641315741415126,0.103,-0.0993246947082961));
#15567=CARTESIAN_POINT('',(-0.0641315741415126,0.103,-0.0993246947082961));
#15568=CARTESIAN_POINT('',(-0.0641315741415126,0.103,-0.0993246947082961));
#15569=CARTESIAN_POINT('',(-0.0638685533081793,0.103,-0.0990273856805183));
#15570=CARTESIAN_POINT('',(-0.0638685533081793,0.103,-0.0984006495694072));
#15571=CARTESIAN_POINT('',(-0.0638685533081793,0.103,-0.0984006495694072));
#15572=CARTESIAN_POINT('',(-0.0638685533081793,0.103,-0.0977943127638517));
#15573=CARTESIAN_POINT('',(-0.0638685533081793,0.103,-0.0971879759582961));
#15574=CARTESIAN_POINT('',(-0.063707094974846,0.103,-0.0971476113749628));
#15575=CARTESIAN_POINT('',(-0.0635456366415126,0.103,-0.0971072467916295));
#15576=CARTESIAN_POINT('',(-0.0635456366415126,0.103,-0.0968685315138517));
#15577=CARTESIAN_POINT('',(-0.0635456366415126,0.103,-0.0966298162360739));
#15578=CARTESIAN_POINT('',(-0.0642648206692904,0.103,-0.0966298162360739));
#15579=CARTESIAN_POINT('',(-0.0646610880304015,0.103,-0.0966298162360739));
#15580=CARTESIAN_POINT('',(-0.0646610880304015,0.103,-0.097518271097185));
#15581=CARTESIAN_POINT('',(-0.0646610880304015,0.103,-0.0984067259582961));
#15582=CARTESIAN_POINT('',(-0.0646610880304015,0.103,-0.0984067259582961));
#15583=CARTESIAN_POINT('',(-0.0646610880304015,0.103,-0.0987261704027406));
#15584=CARTESIAN_POINT('',(-0.0647678588637349,0.103,-0.098865927347185));
#15585=CARTESIAN_POINT('',(-0.0647678588637349,0.103,-0.098865927347185));
#15586=CARTESIAN_POINT('',(-0.0647678588637349,0.103,-0.098865927347185));
#15587=CARTESIAN_POINT('',(-0.0648746296970682,0.103,-0.0990056842916295));
#15588=CARTESIAN_POINT('',(-0.0650864352526237,0.103,-0.0990056842916295));
#15589=CARTESIAN_POINT('',(-0.0650864352526237,0.103,-0.0990056842916295));
#15590=CARTESIAN_POINT('',(-0.0651080267404354,0.103,-0.0982076934042137));
#15591=CARTESIAN_POINT('',(-0.0654107479878996,0.103,-0.0989451536785912));
#15592=CARTESIAN_POINT('',(-0.0651882807997055,0.103,-0.0984304754546261));
#15593=CARTESIAN_POINT('',(-0.0656341783081793,0.103,-0.0987697097806751));
#15594=CARTESIAN_POINT('',(-0.0656341783081793,0.103,-0.0979787745694072));
#15595=CARTESIAN_POINT('',(-0.0656341783081793,0.103,-0.0971879759582961));
#15596=CARTESIAN_POINT('',(-0.0654605671970682,0.103,-0.0971476113749628));
#15597=CARTESIAN_POINT('',(-0.0652869560859571,0.103,-0.0971072467916295));
#15598=CARTESIAN_POINT('',(-0.0652869560859571,0.103,-0.0968685315138517));
#15599=CARTESIAN_POINT('',(-0.0652869560859571,0.103,-0.0966298162360739));
#15600=CARTESIAN_POINT('',(-0.0660304456692904,0.103,-0.0966298162360739));
#15601=CARTESIAN_POINT('',(-0.0664267130304015,0.103,-0.0966298162360739));
#15602=CARTESIAN_POINT('',(-0.0664267130304015,0.103,-0.097819052347185));
#15603=CARTESIAN_POINT('',(-0.0664267130304015,0.103,-0.0990082884582961));
#15604=CARTESIAN_POINT('',(-0.0666042303915126,0.103,-0.0990490870694072));
#15605=CARTESIAN_POINT('',(-0.0667817477526237,0.103,-0.0990898856805184));
#15606=CARTESIAN_POINT('',(-0.0667817477526237,0.103,-0.0993272988749628));
#15607=CARTESIAN_POINT('',(-0.0667817477526237,0.103,-0.0995647120694072));
#15608=CARTESIAN_POINT('',(-0.0662570081692904,0.103,-0.0995647120694072));
#15609=CARTESIAN_POINT('',(-0.0914264737416302,0.103,-0.0839));
#15610=CARTESIAN_POINT('',(-0.0914264737416302,0.1,-0.0839));
#15611=CARTESIAN_POINT('',(-0.0914264737416302,0.1,-0.1023));
#15612=CARTESIAN_POINT('',(-0.0914264737416302,0.1,-0.0655));
#15613=CARTESIAN_POINT('',(-0.0914264737416302,0.103,-0.0655));
#15614=CARTESIAN_POINT('',(-0.0914264737416302,0.103,-0.1023));
#15615=CARTESIAN_POINT('',(-0.0914264737416302,0.103,-0.0655));
#15616=CARTESIAN_POINT('',(-0.0914264737416302,0.1,-0.0655));
#15617=CARTESIAN_POINT('',(-0.0914264737416302,0.103,-0.0645333333333334));
#15618=CARTESIAN_POINT('',(-0.0914264737416302,0.1,-0.0645333333333334));
#15619=CARTESIAN_POINT('',(-0.0909602976958224,0.103,-0.063166176045808));
#15620=CARTESIAN_POINT('',(-0.0909602976958224,0.1,-0.063166176045808));
#15621=CARTESIAN_POINT('',(-0.089593140408297,0.103,-0.0627));
#15622=CARTESIAN_POINT('',(-0.089593140408297,0.1,-0.0627));
#15623=CARTESIAN_POINT('',(-0.0886264737416302,0.103,-0.0627));
#15624=CARTESIAN_POINT('',(-0.0886264737416302,0.1,-0.0627));
#15625=CARTESIAN_POINT('',(-0.0914264737416302,0.1,-0.0655));
#15626=CARTESIAN_POINT('',(-0.0914264737416302,0.1,-0.0650166666666667));
#15627=CARTESIAN_POINT('',(-0.0913042336395392,0.1,-0.0641839696339653));
#15628=CARTESIAN_POINT('',(-0.0907908941412884,0.1,-0.0633355796003419));
#15629=CARTESIAN_POINT('',(-0.089942504107665,0.1,-0.0628222401020911));
#15630=CARTESIAN_POINT('',(-0.0891098070749636,0.1,-0.0627));
#15631=CARTESIAN_POINT('',(-0.0886264737416302,0.1,-0.0627));
#15632=CARTESIAN_POINT('',(-0.0886264737416302,0.1,-0.0627));
#15633=CARTESIAN_POINT('',(-0.0886264737416302,0.103,-0.0627));
#15634=CARTESIAN_POINT('',(0.,0.103,-0.0627));
#15635=CARTESIAN_POINT('',(0.,0.1,-0.0627));
#15636=CARTESIAN_POINT('',(0.0886264737416302,0.1,-0.0627));
#15637=CARTESIAN_POINT('',(0.0886264737416302,0.103,-0.0627));
#15638=CARTESIAN_POINT('',(0.0886264737416302,0.103,-0.0627));
#15639=CARTESIAN_POINT('',(0.0886264737416302,0.1,-0.0627));
#15640=CARTESIAN_POINT('',(0.089593140408297,0.103,-0.0627));
#15641=CARTESIAN_POINT('',(0.089593140408297,0.1,-0.0627));
#15642=CARTESIAN_POINT('',(0.0909602976958223,0.103,-0.063166176045808));
#15643=CARTESIAN_POINT('',(0.0909602976958223,0.1,-0.063166176045808));
#15644=CARTESIAN_POINT('',(0.0914264737416302,0.103,-0.0645333333333334));
#15645=CARTESIAN_POINT('',(0.0914264737416302,0.1,-0.0645333333333334));
#15646=CARTESIAN_POINT('',(0.0914264737416302,0.103,-0.0655));
#15647=CARTESIAN_POINT('',(0.0914264737416302,0.1,-0.0655));
#15648=CARTESIAN_POINT('',(0.0886264737416302,0.1,-0.0627));
#15649=CARTESIAN_POINT('',(0.0891098070749636,0.1,-0.0627));
#15650=CARTESIAN_POINT('',(0.089942504107665,0.1,-0.0628222401020911));
#15651=CARTESIAN_POINT('',(0.0907908941412884,0.1,-0.0633355796003419));
#15652=CARTESIAN_POINT('',(0.0913042336395392,0.1,-0.0641839696339653));
#15653=CARTESIAN_POINT('',(0.0914264737416302,0.1,-0.0650166666666667));
#15654=CARTESIAN_POINT('',(0.0914264737416302,0.1,-0.0655));
#15655=CARTESIAN_POINT('',(0.0914264737416302,0.1,-0.0655));
#15656=CARTESIAN_POINT('',(0.0914264737416302,0.103,-0.0655));
#15657=CARTESIAN_POINT('',(0.0914264737416302,0.103,-0.0839));
#15658=CARTESIAN_POINT('',(0.0914264737416302,0.1,-0.0839));
#15659=CARTESIAN_POINT('',(0.0914264737416302,0.1,-0.1023));
#15660=CARTESIAN_POINT('',(0.0914264737416302,0.103,-0.1023));
#15661=CARTESIAN_POINT('',(0.,0.103,-0.1023));
#15662=CARTESIAN_POINT('',(0.,0.1,-0.1023));
#15663=CARTESIAN_POINT('',(0.,0.1,-0.0824750125));
#15664=CARTESIAN_POINT('',(0.,0.1,-0.091));
#15665=CARTESIAN_POINT('',(-0.023,0.1,-0.091));
#15666=CARTESIAN_POINT('',(0.023,0.1,-0.091));
#15667=CARTESIAN_POINT('',(0.023,0.1,-0.0824750125));
#15668=CARTESIAN_POINT('',(0.023,0.1,-0.096));
#15669=CARTESIAN_POINT('',(-0.02,0.1,-0.096));
#15670=CARTESIAN_POINT('',(-0.023,0.1,-0.096));
#15671=CARTESIAN_POINT('',(-0.023,0.1,-0.091));
#15672=CARTESIAN_POINT('',(-0.0295658443930299,0.1,-0.0655));
#15673=CARTESIAN_POINT('',(-0.0295658443930299,0.1,-0.06705));
#15674=CARTESIAN_POINT('',(-0.0878717960622738,0.1,-0.0678585537306534));
#15675=CARTESIAN_POINT('',(-0.0878717960622738,0.1,-0.0694085537306534));
#15676=CARTESIAN_POINT('',(-0.0878717960622737,0.1,-0.0971414462693468));
#15677=CARTESIAN_POINT('',(-0.0878717960622737,0.1,-0.0986914462693468));
#15678=CARTESIAN_POINT('',(-0.0295658443930299,0.1,-0.0995));
#15679=CARTESIAN_POINT('',(-0.0295658443930299,0.1,-0.10105));
#15680=CARTESIAN_POINT('',(0.0295658443930299,0.1,-0.0995));
#15681=CARTESIAN_POINT('',(0.0295658443930299,0.1,-0.10105));
#15682=CARTESIAN_POINT('',(0.0878717960622738,0.1,-0.0971414462693467));
#15683=CARTESIAN_POINT('',(0.0878717960622738,0.1,-0.0986914462693467));
#15684=CARTESIAN_POINT('',(0.0878717960622738,0.1,-0.0678585537306533));
#15685=CARTESIAN_POINT('',(0.0878717960622738,0.1,-0.0694085537306533));
#15686=CARTESIAN_POINT('',(0.02956584439303,0.1,-0.0655));
#15687=CARTESIAN_POINT('',(0.02956584439303,0.1,-0.06705));
#15688=CARTESIAN_POINT('',(6.93889390390723E-18,0.1,-0.0655));
#15689=CARTESIAN_POINT('',(6.93889390390723E-18,0.1,-0.06705));
#15690=CARTESIAN_POINT('',(0.0764264737416302,0.1,-0.0772));
#15691=CARTESIAN_POINT('',(0.0764264737416302,0.1,-0.0712));
#15692=CARTESIAN_POINT('',(0.0259797812312107,0.1,-0.077204289927067));
#15693=CARTESIAN_POINT('',(0.0259797812312107,0.1,-0.071204289927067));
#15694=CARTESIAN_POINT('',(0.023,0.1,-0.0824750125));
#15695=CARTESIAN_POINT('',(0.023,0.1,-0.0844));
#15696=CARTESIAN_POINT('',(0.023,0.1,-0.0894));
#15697=CARTESIAN_POINT('',(-0.023,0.1,-0.0894));
#15698=CARTESIAN_POINT('',(-0.023,0.1,-0.0894));
#15699=CARTESIAN_POINT('',(-0.023,0.1,-0.0874));
#15700=CARTESIAN_POINT('',(-0.023,0.1,-0.0873));
#15701=CARTESIAN_POINT('',(-0.0457828924225418,0.1,-0.0873));
#15702=CARTESIAN_POINT('',(-0.0724264737416302,0.1,-0.0873));
#15703=CARTESIAN_POINT('',(-0.0724264737416302,0.1,-0.0843));
#15704=CARTESIAN_POINT('',(-0.0754264737416302,0.1,-0.0843));
#15705=CARTESIAN_POINT('',(-0.0754264737416302,0.1,-0.078));
#15706=CARTESIAN_POINT('',(-0.0754264737416302,0.1,-0.0717));
#15707=CARTESIAN_POINT('',(-0.0724264737416302,0.1,-0.0717));
#15708=CARTESIAN_POINT('',(-0.0724264737416302,0.1,-0.0687));
#15709=CARTESIAN_POINT('',(-0.0457828924225418,0.1,-0.0687));
#15710=CARTESIAN_POINT('',(-0.0191393111034533,0.1,-0.0687));
#15711=CARTESIAN_POINT('',(-0.0191393111034533,0.1,-0.0717));
#15712=CARTESIAN_POINT('',(-0.0161393111034533,0.1,-0.0717));
#15713=CARTESIAN_POINT('',(-0.0161393111034533,0.1,-0.078));
#15714=CARTESIAN_POINT('',(-0.0161393111034533,0.1,-0.0843));
#15715=CARTESIAN_POINT('',(-0.0191393111034533,0.1,-0.0843));
#15716=CARTESIAN_POINT('',(-0.0161409782333403,0.1,-0.0844));
#15717=CARTESIAN_POINT('',(0.,0.1,-0.0844));
#15718=CARTESIAN_POINT('',(-0.0111376439735663,0.1,-0.0844));
#15719=CARTESIAN_POINT('',(-0.00813931110345332,0.1,-0.0843));
#15720=CARTESIAN_POINT('',(-0.0111393111034533,0.1,-0.0843));
#15721=CARTESIAN_POINT('',(-0.0111393111034533,0.1,-0.0795));
#15722=CARTESIAN_POINT('',(-0.0111393111034533,0.1,-0.0747));
#15723=CARTESIAN_POINT('',(-0.00813931110345332,0.1,-0.0747));
#15724=CARTESIAN_POINT('',(-0.00813931110345332,0.1,-0.0717));
#15725=CARTESIAN_POINT('',(0.001980006759751,0.1,-0.0717));
#15726=CARTESIAN_POINT('',(0.0120993246229553,0.1,-0.0717));
#15727=CARTESIAN_POINT('',(0.0120993246229553,0.1,-0.0747));
#15728=CARTESIAN_POINT('',(0.0150993246229553,0.1,-0.0747));
#15729=CARTESIAN_POINT('',(0.0150993246229553,0.1,-0.0795));
#15730=CARTESIAN_POINT('',(0.0150993246229553,0.1,-0.0843));
#15731=CARTESIAN_POINT('',(0.0120993246229553,0.1,-0.0843));
#15732=CARTESIAN_POINT('',(0.0150976574930683,0.1,-0.0844));
#15733=CARTESIAN_POINT('',(0.,0.1,-0.0844));
#15734=CARTESIAN_POINT('',(0.0557874663431975,0.1,-0.0782));
#15735=CARTESIAN_POINT('',(0.0557874663431975,0.1,-0.0697));
#15736=CARTESIAN_POINT('',(0.0557874663431975,0.099998,-0.0782));
#15737=CARTESIAN_POINT('',(0.0150993246229553,0.099998,-0.0795));
#15738=CARTESIAN_POINT('',(0.0150993246229553,0.1,-0.0843));
#15739=CARTESIAN_POINT('',(0.0150993246229553,0.099998,-0.0747));
#15740=CARTESIAN_POINT('',(0.001980006759751,0.099998,-0.0717));
#15741=CARTESIAN_POINT('',(-0.00813931110345331,0.103,-0.0717));
#15742=CARTESIAN_POINT('',(0.0120993246229553,0.099998,-0.0717));
#15743=CARTESIAN_POINT('',(0.001980006759751,0.099998,-0.0873));
#15744=CARTESIAN_POINT('',(-0.00813931110345332,0.099998,-0.0873));
#15745=CARTESIAN_POINT('',(-0.00813931110345332,0.0971,-0.0873));
#15746=CARTESIAN_POINT('',(0.001980006759751,0.0971,-0.0873));
#15747=CARTESIAN_POINT('',(0.0120993246229553,0.0971,-0.0873));
#15748=CARTESIAN_POINT('',(0.0120993246229553,0.103,-0.0873));
#15749=CARTESIAN_POINT('',(-0.0111393111034533,0.099998,-0.0795));
#15750=CARTESIAN_POINT('',(-0.0111393111034533,0.099998,-0.0843));
#15751=CARTESIAN_POINT('',(-0.0111393111034533,0.1,-0.0747));
#15752=CARTESIAN_POINT('',(-0.0754264737416302,0.099998,-0.078));
#15753=CARTESIAN_POINT('',(-0.0754264737416302,0.1,-0.0717));
#15754=CARTESIAN_POINT('',(-0.0754264737416302,0.099998,-0.0843));
#15755=CARTESIAN_POINT('',(-0.0457828924225418,0.099998,-0.0873));
#15756=CARTESIAN_POINT('',(-0.0724264737416302,0.099998,-0.0873));
#15757=CARTESIAN_POINT('',(-0.02,0.097,-0.0873));
#15758=CARTESIAN_POINT('',(-0.0201,0.0971,-0.0873));
#15759=CARTESIAN_POINT('',(0.,0.0971,-0.0873));
#15760=CARTESIAN_POINT('',(-0.0191393111034533,0.0971,-0.0873));
#15761=CARTESIAN_POINT('',(-0.0191393111034533,0.103,-0.0873));
#15762=CARTESIAN_POINT('',(-0.0457828924225418,0.099998,-0.0687));
#15763=CARTESIAN_POINT('',(-0.0724264737416302,0.103,-0.0687));
#15764=CARTESIAN_POINT('',(-0.0191393111034533,0.099998,-0.0687));
#15765=CARTESIAN_POINT('',(-0.0161393111034533,0.099998,-0.078));
#15766=CARTESIAN_POINT('',(-0.0161393111034533,0.1,-0.0843));
#15767=CARTESIAN_POINT('',(-0.0161393111034533,0.099998,-0.0717));
#15768=CARTESIAN_POINT('',(0.0259797812312107,0.099998,-0.077204289927067));
#15769=CARTESIAN_POINT('',(0.0764264737416302,0.099998,-0.0772));
#15770=CARTESIAN_POINT('',(-0.0724264737416302,0.099998,-0.0717));
#15771=CARTESIAN_POINT('',(-0.0724264737416302,0.099998,-0.0843));
#15772=CARTESIAN_POINT('',(-0.0191393111034533,0.099998,-0.0843));
#15773=CARTESIAN_POINT('',(-0.0191393111034533,0.1001,-0.0843));
#15774=CARTESIAN_POINT('',(-0.0191393111034533,0.099998,-0.0717));
#15775=CARTESIAN_POINT('',(-0.00813931110345332,0.099998,-0.0843));
#15776=CARTESIAN_POINT('',(-0.00813931110345332,0.1001,-0.0843));
#15777=CARTESIAN_POINT('',(-0.00813931110345332,0.099998,-0.0747));
#15778=CARTESIAN_POINT('',(0.0120993246229553,0.099998,-0.0843));
#15779=CARTESIAN_POINT('',(0.0120993246229553,0.1001,-0.0843));
#15780=CARTESIAN_POINT('',(0.0120993246229553,0.099998,-0.0747));
#15781=CARTESIAN_POINT('',(6.93889390390723E-18,0.103,-0.0655));
#15782=CARTESIAN_POINT('',(0.02956584439303,0.103,-0.0655));
#15783=CARTESIAN_POINT('',(0.0878717960622738,0.103,-0.0678585537306533));
#15784=CARTESIAN_POINT('',(0.0878717960622738,0.103,-0.0971414462693467));
#15785=CARTESIAN_POINT('',(0.0295658443930299,0.103,-0.0995));
#15786=CARTESIAN_POINT('',(-0.0295658443930299,0.103,-0.0995));
#15787=CARTESIAN_POINT('',(-0.0878717960622737,0.103,-0.0971414462693468));
#15788=CARTESIAN_POINT('',(-0.0878717960622738,0.103,-0.0678585537306534));
#15789=CARTESIAN_POINT('',(-0.0295658443930299,0.103,-0.0655));
#15790=CARTESIAN_POINT('',(-0.0042612882060762,0.10299,-0.0971328544305183));
#15791=CARTESIAN_POINT('',(-0.00439930903940953,0.10299,-0.0971072467916295));
#15792=CARTESIAN_POINT('',(-0.00439930903940953,0.10299,-0.0971072467916295));
#15793=CARTESIAN_POINT('',(-0.0042612882060762,0.10299,-0.0971328544305183));
#15794=CARTESIAN_POINT('',(-0.00412326737274287,0.10299,-0.0971584620694072));
#15795=CARTESIAN_POINT('',(-0.00412326737274287,0.10299,-0.0971584620694072));
#15796=CARTESIAN_POINT('',(-0.00439930903940953,0.10299,-0.0968685315138517));
#15797=CARTESIAN_POINT('',(-0.00439930903940953,0.10299,-0.0966298162360739));
#15798=CARTESIAN_POINT('',(-0.00439930903940953,0.10299,-0.0966298162360739));
#15799=CARTESIAN_POINT('',(-0.00439930903940953,0.10299,-0.0968685315138517));
#15800=CARTESIAN_POINT('',(-0.00373351042829842,0.10299,-0.0966298162360739));
#15801=CARTESIAN_POINT('',(-0.00306771181718731,0.10299,-0.0966298162360739));
#15802=CARTESIAN_POINT('',(-0.00306771181718731,0.10299,-0.0966298162360739));
#15803=CARTESIAN_POINT('',(-0.00373351042829842,0.10299,-0.0966298162360739));
#15804=CARTESIAN_POINT('',(-0.00306771181718731,0.10299,-0.0968685315138517));
#15805=CARTESIAN_POINT('',(-0.00306771181718731,0.10299,-0.0971072467916295));
#15806=CARTESIAN_POINT('',(-0.00306771181718731,0.10299,-0.0971072467916295));
#15807=CARTESIAN_POINT('',(-0.00306771181718731,0.10299,-0.0968685315138517));
#15808=CARTESIAN_POINT('',(-0.00319531598385398,0.10299,-0.097127646097185));
#15809=CARTESIAN_POINT('',(-0.00332292015052065,0.10299,-0.0971480454027406));
#15810=CARTESIAN_POINT('',(-0.00332292015052065,0.10299,-0.0971480454027406));
#15811=CARTESIAN_POINT('',(-0.00319531598385398,0.10299,-0.097127646097185));
#15812=CARTESIAN_POINT('',(-0.00375694792829842,0.10299,-0.0983563787360739));
#15813=CARTESIAN_POINT('',(-0.0041909757060762,0.10299,-0.0995647120694072));
#15814=CARTESIAN_POINT('',(-0.0041909757060762,0.10299,-0.0995647120694072));
#15815=CARTESIAN_POINT('',(-0.00375694792829842,0.10299,-0.0983563787360739));
#15816=CARTESIAN_POINT('',(-0.00456944792829842,0.10299,-0.0995647120694072));
#15817=CARTESIAN_POINT('',(-0.00494792015052064,0.10299,-0.0995647120694072));
#15818=CARTESIAN_POINT('',(-0.00494792015052064,0.10299,-0.0995647120694072));
#15819=CARTESIAN_POINT('',(-0.00456944792829842,0.10299,-0.0995647120694072));
#15820=CARTESIAN_POINT('',(-0.00538021181718731,0.10299,-0.0983563787360739));
#15821=CARTESIAN_POINT('',(-0.00581250348385398,0.10299,-0.0971480454027406));
#15822=CARTESIAN_POINT('',(-0.00581250348385398,0.10299,-0.0971480454027406));
#15823=CARTESIAN_POINT('',(-0.00538021181718731,0.10299,-0.0983563787360739));
#15824=CARTESIAN_POINT('',(-0.00594010765052064,0.10299,-0.097127646097185));
#15825=CARTESIAN_POINT('',(-0.00606771181718731,0.10299,-0.0971072467916295));
#15826=CARTESIAN_POINT('',(-0.00606771181718731,0.10299,-0.0971072467916295));
#15827=CARTESIAN_POINT('',(-0.00594010765052064,0.10299,-0.097127646097185));
#15828=CARTESIAN_POINT('',(-0.00606771181718731,0.10299,-0.0968685315138517));
#15829=CARTESIAN_POINT('',(-0.00606771181718731,0.10299,-0.0966298162360739));
#15830=CARTESIAN_POINT('',(-0.00606771181718731,0.10299,-0.0966298162360739));
#15831=CARTESIAN_POINT('',(-0.00606771181718731,0.10299,-0.0968685315138517));
#15832=CARTESIAN_POINT('',(-0.0054019132060762,0.10299,-0.0966298162360739));
#15833=CARTESIAN_POINT('',(-0.00473611459496509,0.10299,-0.0966298162360739));
#15834=CARTESIAN_POINT('',(-0.00473611459496509,0.10299,-0.0966298162360739));
#15835=CARTESIAN_POINT('',(-0.0054019132060762,0.10299,-0.0966298162360739));
#15836=CARTESIAN_POINT('',(-0.00473611459496509,0.10299,-0.0968685315138517));
#15837=CARTESIAN_POINT('',(-0.00473611459496509,0.10299,-0.0971072467916295));
#15838=CARTESIAN_POINT('',(-0.00473611459496509,0.10299,-0.0971072467916295));
#15839=CARTESIAN_POINT('',(-0.00473611459496509,0.10299,-0.0968685315138517));
#15840=CARTESIAN_POINT('',(-0.00487717362274287,0.10299,-0.0971341565138517));
#15841=CARTESIAN_POINT('',(-0.00501823265052064,0.10299,-0.0971610662360739));
#15842=CARTESIAN_POINT('',(-0.00501823265052064,0.10299,-0.0971610662360739));
#15843=CARTESIAN_POINT('',(-0.00487717362274287,0.10299,-0.0971341565138517));
#15844=CARTESIAN_POINT('',(-0.00482682640052064,0.10299,-0.0978164481805183));
#15845=CARTESIAN_POINT('',(-0.00463542015052064,0.10299,-0.0984718301249628));
#15846=CARTESIAN_POINT('',(-0.00463542015052064,0.10299,-0.0984718301249628));
#15847=CARTESIAN_POINT('',(-0.00482682640052064,0.10299,-0.0978164481805183));
#15848=CARTESIAN_POINT('',(-0.00460720834496509,0.10299,-0.0986098509582961));
#15849=CARTESIAN_POINT('',(-0.00457899653940953,0.10299,-0.0987478717916295));
#15850=CARTESIAN_POINT('',(-0.00457899653940953,0.10299,-0.0987478717916295));
#15851=CARTESIAN_POINT('',(-0.00460720834496509,0.10299,-0.0986098509582961));
#15852=CARTESIAN_POINT('',(-0.00457075001163175,0.10299,-0.0987478717916295));
#15853=CARTESIAN_POINT('',(-0.00456250348385398,0.10299,-0.0987478717916295));
#15854=CARTESIAN_POINT('',(-0.00456250348385398,0.10299,-0.0987478717916295));
#15855=CARTESIAN_POINT('',(-0.00457075001163175,0.10299,-0.0987478717916295));
#15856=CARTESIAN_POINT('',(-0.00453646181718731,0.10299,-0.0986098509582961));
#15857=CARTESIAN_POINT('',(-0.00451042015052064,0.10299,-0.0984718301249628));
#15858=CARTESIAN_POINT('',(-0.00451042015052064,0.10299,-0.0984718301249628));
#15859=CARTESIAN_POINT('',(-0.00453646181718731,0.10299,-0.0986098509582961));
#15860=CARTESIAN_POINT('',(-0.00431684376163175,0.10299,-0.097815146097185));
#15861=CARTESIAN_POINT('',(-0.00431684376163175,0.10299,-0.097815146097185));
#15862=CARTESIAN_POINT('',(0.,0.10299,-0.0825));
#15863=CARTESIAN_POINT('',(0.0499613972328373,0.10299,-0.091129137605493));
#15864=CARTESIAN_POINT('',(0.050448376399504,0.10299,-0.091129137605493));
#15865=CARTESIAN_POINT('',(0.050448376399504,0.10299,-0.091129137605493));
#15866=CARTESIAN_POINT('',(0.0499613972328373,0.10299,-0.091129137605493));
#15867=CARTESIAN_POINT('',(0.0494744180661706,0.10299,-0.0911291376054929));
#15868=CARTESIAN_POINT('',(0.0494744180661706,0.10299,-0.0911291376054929));
#15869=CARTESIAN_POINT('',(0.050448376399504,0.10299,-0.0905948494110485));
#15870=CARTESIAN_POINT('',(0.050448376399504,0.10299,-0.0900605612166041));
#15871=CARTESIAN_POINT('',(0.050448376399504,0.10299,-0.0900605612166041));
#15872=CARTESIAN_POINT('',(0.050448376399504,0.10299,-0.0905948494110485));
#15873=CARTESIAN_POINT('',(0.0508242444550595,0.10299,-0.0900605612166041));
#15874=CARTESIAN_POINT('',(0.0512001125106151,0.10299,-0.0900605612166041));
#15875=CARTESIAN_POINT('',(0.0512001125106151,0.10299,-0.0900605612166041));
#15876=CARTESIAN_POINT('',(0.0508242444550595,0.10299,-0.0900605612166041));
#15877=CARTESIAN_POINT('',(0.0512001125106151,0.10299,-0.0905948494110485));
#15878=CARTESIAN_POINT('',(0.0512001125106151,0.10299,-0.091129137605493));
#15879=CARTESIAN_POINT('',(0.0512001125106151,0.10299,-0.091129137605493));
#15880=CARTESIAN_POINT('',(0.0512001125106151,0.10299,-0.0905948494110485));
#15881=CARTESIAN_POINT('',(0.0516909979272817,0.10299,-0.091129137605493));
#15882=CARTESIAN_POINT('',(0.0521818833439484,0.10299,-0.091129137605493));
#15883=CARTESIAN_POINT('',(0.0521818833439484,0.10299,-0.091129137605493));
#15884=CARTESIAN_POINT('',(0.0516909979272817,0.10299,-0.091129137605493));
#15885=CARTESIAN_POINT('',(0.0521818833439484,0.10299,-0.0914711514943818));
#15886=CARTESIAN_POINT('',(0.0521818833439484,0.10299,-0.0918131653832707));
#15887=CARTESIAN_POINT('',(0.0521818833439484,0.10299,-0.0918131653832707));
#15888=CARTESIAN_POINT('',(0.0521818833439484,0.10299,-0.0914711514943818));
#15889=CARTESIAN_POINT('',(0.0516909979272817,0.10299,-0.0918131653832707));
#15890=CARTESIAN_POINT('',(0.0512001125106151,0.10299,-0.0918131653832707));
#15891=CARTESIAN_POINT('',(0.0512001125106151,0.10299,-0.0918131653832707));
#15892=CARTESIAN_POINT('',(0.0516909979272817,0.10299,-0.0918131653832707));
#15893=CARTESIAN_POINT('',(0.0512001125106151,0.10299,-0.0923747973277152));
#15894=CARTESIAN_POINT('',(0.0512001125106151,0.10299,-0.0929364292721596));
#15895=CARTESIAN_POINT('',(0.0512001125106151,0.10299,-0.0929364292721596));
#15896=CARTESIAN_POINT('',(0.0512001125106151,0.10299,-0.0923747973277152));
#15897=CARTESIAN_POINT('',(0.0508242444550595,0.10299,-0.0929364292721596));
#15898=CARTESIAN_POINT('',(0.050448376399504,0.10299,-0.0929364292721596));
#15899=CARTESIAN_POINT('',(0.050448376399504,0.10299,-0.0929364292721596));
#15900=CARTESIAN_POINT('',(0.0508242444550595,0.10299,-0.0929364292721596));
#15901=CARTESIAN_POINT('',(0.050448376399504,0.10299,-0.0923747973277152));
#15902=CARTESIAN_POINT('',(0.050448376399504,0.10299,-0.0918131653832707));
#15903=CARTESIAN_POINT('',(0.050448376399504,0.10299,-0.0918131653832707));
#15904=CARTESIAN_POINT('',(0.050448376399504,0.10299,-0.0923747973277152));
#15905=CARTESIAN_POINT('',(0.0499613972328373,0.10299,-0.0918131653832707));
#15906=CARTESIAN_POINT('',(0.0494744180661706,0.10299,-0.0918131653832707));
#15907=CARTESIAN_POINT('',(0.0494744180661706,0.10299,-0.0918131653832707));
#15908=CARTESIAN_POINT('',(0.0499613972328373,0.10299,-0.0918131653832707));
#15909=CARTESIAN_POINT('',(0.0494744180661706,0.10299,-0.0914711514943818));
#15910=CARTESIAN_POINT('',(0.0494744180661706,0.10299,-0.0914711514943818));
#15911=CARTESIAN_POINT('',(0.,0.10299,-0.0825));
#15912=CARTESIAN_POINT('',(-0.0802255271297625,0.10299,-0.0858511321415052));
#15913=CARTESIAN_POINT('',(-0.0802663257408736,0.10299,-0.0861848995026163));
#15914=CARTESIAN_POINT('',(-0.0802663257408736,0.10299,-0.0861848995026163));
#15915=CARTESIAN_POINT('',(-0.0802255271297625,0.10299,-0.0858511321415052));
#15916=CARTESIAN_POINT('',(-0.0801847285186514,0.10299,-0.0855173647803941));
#15917=CARTESIAN_POINT('',(-0.0801847285186514,0.10299,-0.0855173647803941));
#15918=CARTESIAN_POINT('',(-0.080503738935318,0.10299,-0.0861848995026163));
#15919=CARTESIAN_POINT('',(-0.0807411521297625,0.10299,-0.0861848995026163));
#15920=CARTESIAN_POINT('',(-0.0807411521297625,0.10299,-0.0861848995026163));
#15921=CARTESIAN_POINT('',(-0.080503738935318,0.10299,-0.0861848995026163));
#15922=CARTESIAN_POINT('',(-0.0807411521297625,0.10299,-0.0851228335303941));
#15923=CARTESIAN_POINT('',(-0.0807411521297625,0.10299,-0.0840607675581719));
#15924=CARTESIAN_POINT('',(-0.0807411521297625,0.10299,-0.0840607675581719));
#15925=CARTESIAN_POINT('',(-0.0807411521297625,0.10299,-0.0851228335303941));
#15926=CARTESIAN_POINT('',(-0.080503738935318,0.10299,-0.0840607675581719));
#15927=CARTESIAN_POINT('',(-0.0802663257408736,0.10299,-0.0840607675581719));
#15928=CARTESIAN_POINT('',(-0.0802663257408736,0.10299,-0.0840607675581719));
#15929=CARTESIAN_POINT('',(-0.080503738935318,0.10299,-0.0840607675581719));
#15930=CARTESIAN_POINT('',(-0.0802255271297625,0.10299,-0.084394534919283));
#15931=CARTESIAN_POINT('',(-0.0801847285186514,0.10299,-0.0847283022803941));
#15932=CARTESIAN_POINT('',(-0.0801847285186514,0.10299,-0.0847283022803941));
#15933=CARTESIAN_POINT('',(-0.0802255271297625,0.10299,-0.084394534919283));
#15934=CARTESIAN_POINT('',(-0.078488113935318,0.10299,-0.0847283022803941));
#15935=CARTESIAN_POINT('',(-0.0767914993519847,0.10299,-0.0847283022803941));
#15936=CARTESIAN_POINT('',(-0.0767914993519847,0.10299,-0.0847283022803941));
#15937=CARTESIAN_POINT('',(-0.078488113935318,0.10299,-0.0847283022803941));
#15938=CARTESIAN_POINT('',(-0.0769243118519847,0.10299,-0.0854605071415052));
#15939=CARTESIAN_POINT('',(-0.0770571243519847,0.10299,-0.0861927120026163));
#15940=CARTESIAN_POINT('',(-0.0770571243519847,0.10299,-0.0861927120026163));
#15941=CARTESIAN_POINT('',(-0.0769243118519847,0.10299,-0.0854605071415052));
#15942=CARTESIAN_POINT('',(-0.0772836868519847,0.10299,-0.0861927120026163));
#15943=CARTESIAN_POINT('',(-0.0775102493519847,0.10299,-0.0861927120026163));
#15944=CARTESIAN_POINT('',(-0.0775102493519847,0.10299,-0.0861927120026163));
#15945=CARTESIAN_POINT('',(-0.0772836868519847,0.10299,-0.0861927120026163));
#15946=CARTESIAN_POINT('',(-0.0775102493519847,0.10299,-0.0858550383915052));
#15947=CARTESIAN_POINT('',(-0.0775102493519847,0.10299,-0.0855173647803941));
#15948=CARTESIAN_POINT('',(-0.0775102493519847,0.10299,-0.0855173647803941));
#15949=CARTESIAN_POINT('',(-0.0775102493519847,0.10299,-0.0858550383915052));
#15950=CARTESIAN_POINT('',(-0.078847488935318,0.10299,-0.0855173647803941));
#15951=CARTESIAN_POINT('',(-0.078847488935318,0.10299,-0.0855173647803941));
#15952=CARTESIAN_POINT('',(0.,0.10299,-0.0825));
#15953=CARTESIAN_POINT('',(-0.0804820375464291,0.10299,-0.0837083370026163));
#15954=CARTESIAN_POINT('',(-0.0807411521297625,0.10299,-0.0837083370026163));
#15955=CARTESIAN_POINT('',(-0.0807411521297625,0.10299,-0.0837083370026163));
#15956=CARTESIAN_POINT('',(-0.0804820375464291,0.10299,-0.0837083370026163));
#15957=CARTESIAN_POINT('',(-0.0802229229630958,0.10299,-0.0837083370026163));
#15958=CARTESIAN_POINT('',(-0.0802229229630958,0.10299,-0.0837083370026163));
#15959=CARTESIAN_POINT('',(-0.0807411521297625,0.10299,-0.0823602467248385));
#15960=CARTESIAN_POINT('',(-0.0807411521297625,0.10299,-0.0810121564470607));
#15961=CARTESIAN_POINT('',(-0.0807411521297625,0.10299,-0.0810121564470607));
#15962=CARTESIAN_POINT('',(-0.0807411521297625,0.10299,-0.0823602467248385));
#15963=CARTESIAN_POINT('',(-0.080242020185318,0.10299,-0.0810121564470607));
#15964=CARTESIAN_POINT('',(-0.0797428882408736,0.10299,-0.0810121564470607));
#15965=CARTESIAN_POINT('',(-0.0797428882408736,0.10299,-0.0810121564470607));
#15966=CARTESIAN_POINT('',(-0.080242020185318,0.10299,-0.0810121564470607));
#15967=CARTESIAN_POINT('',(-0.0797428882408736,0.10299,-0.0813129376970607));
#15968=CARTESIAN_POINT('',(-0.0797428882408736,0.10299,-0.0816137189470607));
#15969=CARTESIAN_POINT('',(-0.0797428882408736,0.10299,-0.0816137189470607));
#15970=CARTESIAN_POINT('',(-0.0797428882408736,0.10299,-0.0813129376970607));
#15971=CARTESIAN_POINT('',(-0.0799382007408736,0.10299,-0.0816302120026163));
#15972=CARTESIAN_POINT('',(-0.0801335132408736,0.10299,-0.0816467050581718));
#15973=CARTESIAN_POINT('',(-0.0801335132408736,0.10299,-0.0816467050581718));
#15974=CARTESIAN_POINT('',(-0.0799382007408736,0.10299,-0.0816302120026163));
#15975=CARTESIAN_POINT('',(-0.0801335132408736,0.10299,-0.0821592918637274));
#15976=CARTESIAN_POINT('',(-0.0801335132408736,0.10299,-0.082671878669283));
#15977=CARTESIAN_POINT('',(-0.0801335132408736,0.10299,-0.082671878669283));
#15978=CARTESIAN_POINT('',(-0.0801335132408736,0.10299,-0.0821592918637274));
#15979=CARTESIAN_POINT('',(-0.0801265687964291,0.10299,-0.0826744828359496));
#15980=CARTESIAN_POINT('',(-0.0801196243519847,0.10299,-0.0826770870026163));
#15981=CARTESIAN_POINT('',(-0.0801196243519847,0.10299,-0.0826770870026163));
#15982=CARTESIAN_POINT('',(-0.0801265687964291,0.10299,-0.0826744828359496));
#15983=CARTESIAN_POINT('',(-0.0797359437964291,0.10299,-0.0823259585303941));
#15984=CARTESIAN_POINT('',(-0.0793522632408736,0.10299,-0.0819748300581718));
#15985=CARTESIAN_POINT('',(-0.0793522632408736,0.10299,-0.0819748300581718));
#15986=CARTESIAN_POINT('',(-0.0797359437964291,0.10299,-0.0823259585303941));
#15987=CARTESIAN_POINT('',(-0.0785597285186514,0.10299,-0.0813224863081719));
#15988=CARTESIAN_POINT('',(-0.0785597285186514,0.103,-0.0813224863081719));
#15989=CARTESIAN_POINT('',(-0.0787622748149477,0.10299,-0.0814535626970608));
#15990=CARTESIAN_POINT('',(-0.0787622748149477,0.103,-0.0814535626970608));
#15991=CARTESIAN_POINT('',(-0.0790264530556884,0.10299,-0.0816710106137274));
#15992=CARTESIAN_POINT('',(-0.0790264530556884,0.103,-0.0816710106137274));
#15993=CARTESIAN_POINT('',(-0.0793522632408736,0.10299,-0.0819748300581718));
#15994=CARTESIAN_POINT('',(-0.0793522632408736,0.103,-0.0819748300581718));
#15995=CARTESIAN_POINT('',(-0.0785597285186514,0.10299,-0.0813224863081719));
#15996=CARTESIAN_POINT('',(-0.0785597285186514,0.10299,-0.0813224863081719));
#15997=CARTESIAN_POINT('',(-0.0785597285186514,0.10299,-0.0813224863081719));
#15998=CARTESIAN_POINT('',(-0.0788635479630958,0.10299,-0.0815191008915052));
#15999=CARTESIAN_POINT('',(-0.0793522632408736,0.10299,-0.0819748300581718));
#16000=CARTESIAN_POINT('',(-0.0779034566004707,0.10299,-0.082318063832187));
#16001=CARTESIAN_POINT('',(-0.077898270185318,0.10299,-0.0811258717248385));
#16002=CARTESIAN_POINT('',(-0.077898270185318,0.10299,-0.0811258717248385));
#16003=CARTESIAN_POINT('',(-0.0779034566004707,0.10299,-0.082318063832187));
#16004=CARTESIAN_POINT('',(-0.0770519160186514,0.10299,-0.0814756981137274));
#16005=CARTESIAN_POINT('',(-0.0770519160186514,0.103,-0.0814756981137274));
#16006=CARTESIAN_POINT('',(-0.0772637215742069,0.10299,-0.0812424805211348));
#16007=CARTESIAN_POINT('',(-0.0772637215742069,0.103,-0.0812424805211348));
#16008=CARTESIAN_POINT('',(-0.0775458396297625,0.10299,-0.0811258717248385));
#16009=CARTESIAN_POINT('',(-0.0775458396297625,0.103,-0.0811258717248385));
#16010=CARTESIAN_POINT('',(-0.077898270185318,0.10299,-0.0811258717248385));
#16011=CARTESIAN_POINT('',(-0.077898270185318,0.103,-0.0811258717248385));
#16012=CARTESIAN_POINT('',(-0.0770519160186514,0.10299,-0.0814756981137274));
#16013=CARTESIAN_POINT('',(-0.0770519160186514,0.10299,-0.0814756981137274));
#16014=CARTESIAN_POINT('',(-0.0770519160186514,0.10299,-0.0814756981137274));
#16015=CARTESIAN_POINT('',(-0.0773696243519847,0.10299,-0.0811258717248385));
#16016=CARTESIAN_POINT('',(-0.077898270185318,0.10299,-0.0811258717248385));
#16017=CARTESIAN_POINT('',(-0.076734207685318,0.10299,-0.0824357675581719));
#16018=CARTESIAN_POINT('',(-0.076734207685318,0.103,-0.0824357675581719));
#16019=CARTESIAN_POINT('',(-0.076734207685318,0.10299,-0.0820289388544682));
#16020=CARTESIAN_POINT('',(-0.076734207685318,0.103,-0.0820289388544682));
#16021=CARTESIAN_POINT('',(-0.0768401104630958,0.10299,-0.08170891570632));
#16022=CARTESIAN_POINT('',(-0.0768401104630958,0.103,-0.08170891570632));
#16023=CARTESIAN_POINT('',(-0.0770519160186514,0.10299,-0.0814756981137274));
#16024=CARTESIAN_POINT('',(-0.0770519160186514,0.103,-0.0814756981137274));
#16025=CARTESIAN_POINT('',(-0.076734207685318,0.10299,-0.0824357675581719));
#16026=CARTESIAN_POINT('',(-0.076734207685318,0.10299,-0.0824357675581719));
#16027=CARTESIAN_POINT('',(-0.076734207685318,0.10299,-0.0824357675581719));
#16028=CARTESIAN_POINT('',(-0.076734207685318,0.10299,-0.0818255245026163));
#16029=CARTESIAN_POINT('',(-0.0770519160186514,0.10299,-0.0814756981137274));
#16030=CARTESIAN_POINT('',(-0.0771044333797625,0.10299,-0.0834192745026163));
#16031=CARTESIAN_POINT('',(-0.0771044333797625,0.103,-0.0834192745026163));
#16032=CARTESIAN_POINT('',(-0.0768576162501328,0.10299,-0.0831762189470607));
#16033=CARTESIAN_POINT('',(-0.0768576162501328,0.103,-0.0831762189470607));
#16034=CARTESIAN_POINT('',(-0.076734207685318,0.10299,-0.0828483832989126));
#16035=CARTESIAN_POINT('',(-0.076734207685318,0.103,-0.0828483832989126));
#16036=CARTESIAN_POINT('',(-0.076734207685318,0.10299,-0.0824357675581719));
#16037=CARTESIAN_POINT('',(-0.076734207685318,0.103,-0.0824357675581719));
#16038=CARTESIAN_POINT('',(-0.0771044333797625,0.10299,-0.0834192745026163));
#16039=CARTESIAN_POINT('',(-0.0771044333797625,0.10299,-0.0834192745026163));
#16040=CARTESIAN_POINT('',(-0.0771044333797625,0.10299,-0.0834192745026163));
#16041=CARTESIAN_POINT('',(-0.076734207685318,0.10299,-0.083054691169283));
#16042=CARTESIAN_POINT('',(-0.076734207685318,0.10299,-0.0824357675581719));
#16043=CARTESIAN_POINT('',(-0.0780093812964291,0.10299,-0.0837708370026163));
#16044=CARTESIAN_POINT('',(-0.0780093812964291,0.103,-0.0837708370026163));
#16045=CARTESIAN_POINT('',(-0.0776528998149476,0.10299,-0.0837795175581719));
#16046=CARTESIAN_POINT('',(-0.0776528998149476,0.103,-0.0837795175581719));
#16047=CARTESIAN_POINT('',(-0.0773512505093921,0.10299,-0.0836623300581718));
#16048=CARTESIAN_POINT('',(-0.0773512505093921,0.103,-0.0836623300581718));
#16049=CARTESIAN_POINT('',(-0.0771044333797625,0.10299,-0.0834192745026163));
#16050=CARTESIAN_POINT('',(-0.0771044333797625,0.103,-0.0834192745026163));
#16051=CARTESIAN_POINT('',(-0.0780093812964291,0.10299,-0.0837708370026163));
#16052=CARTESIAN_POINT('',(-0.0780093812964291,0.10299,-0.0837708370026163));
#16053=CARTESIAN_POINT('',(-0.0780093812964291,0.10299,-0.0837708370026163));
#16054=CARTESIAN_POINT('',(-0.0774746590742069,0.10299,-0.0837838578359496));
#16055=CARTESIAN_POINT('',(-0.0771044333797625,0.10299,-0.0834192745026163));
#16056=CARTESIAN_POINT('',(-0.0780176278242069,0.10299,-0.0837677988081719));
#16057=CARTESIAN_POINT('',(-0.0780258743519847,0.10299,-0.0837647606137274));
#16058=CARTESIAN_POINT('',(-0.0780258743519847,0.10299,-0.0837647606137274));
#16059=CARTESIAN_POINT('',(-0.0780176278242069,0.10299,-0.0837677988081719));
#16060=CARTESIAN_POINT('',(-0.0780258743519847,0.10299,-0.0833797779748385));
#16061=CARTESIAN_POINT('',(-0.0780258743519847,0.10299,-0.0829947953359496));
#16062=CARTESIAN_POINT('',(-0.0780258743519847,0.10299,-0.0829947953359496));
#16063=CARTESIAN_POINT('',(-0.0780258743519847,0.10299,-0.0833797779748385));
#16064=CARTESIAN_POINT('',(-0.0775306486575403,0.10299,-0.0828524342248385));
#16065=CARTESIAN_POINT('',(-0.0775306486575403,0.103,-0.0828524342248385));
#16066=CARTESIAN_POINT('',(-0.0776547806019847,0.10299,-0.0829473416322459));
#16067=CARTESIAN_POINT('',(-0.0776547806019847,0.103,-0.0829473416322459));
#16068=CARTESIAN_POINT('',(-0.0778198558334662,0.10299,-0.0829947953359496));
#16069=CARTESIAN_POINT('',(-0.0778198558334662,0.103,-0.0829947953359496));
#16070=CARTESIAN_POINT('',(-0.0780258743519847,0.10299,-0.0829947953359496));
#16071=CARTESIAN_POINT('',(-0.0780258743519847,0.103,-0.0829947953359496));
#16072=CARTESIAN_POINT('',(-0.0775306486575403,0.10299,-0.0828524342248385));
#16073=CARTESIAN_POINT('',(-0.0775306486575403,0.10299,-0.0828524342248385));
#16074=CARTESIAN_POINT('',(-0.0775306486575403,0.10299,-0.0828524342248385));
#16075=CARTESIAN_POINT('',(-0.0777168465742069,0.10299,-0.0829947953359496));
#16076=CARTESIAN_POINT('',(-0.0780258743519847,0.10299,-0.0829947953359496));
#16077=CARTESIAN_POINT('',(-0.0773444507408736,0.10299,-0.0824357675581719));
#16078=CARTESIAN_POINT('',(-0.0773444507408736,0.103,-0.0824357675581719));
#16079=CARTESIAN_POINT('',(-0.0773444507408736,0.10299,-0.0826186379285422));
#16080=CARTESIAN_POINT('',(-0.0773444507408736,0.103,-0.0826186379285422));
#16081=CARTESIAN_POINT('',(-0.0774065167130958,0.10299,-0.0827575268174311));
#16082=CARTESIAN_POINT('',(-0.0774065167130958,0.103,-0.0827575268174311));
#16083=CARTESIAN_POINT('',(-0.0775306486575403,0.10299,-0.0828524342248385));
#16084=CARTESIAN_POINT('',(-0.0775306486575403,0.103,-0.0828524342248385));
#16085=CARTESIAN_POINT('',(-0.0773444507408736,0.10299,-0.0824357675581719));
#16086=CARTESIAN_POINT('',(-0.0773444507408736,0.10299,-0.0824357675581719));
#16087=CARTESIAN_POINT('',(-0.0773444507408736,0.10299,-0.0824357675581719));
#16088=CARTESIAN_POINT('',(-0.0773444507408736,0.10299,-0.0827100731137274));
#16089=CARTESIAN_POINT('',(-0.0775306486575403,0.10299,-0.0828524342248385));
#16090=CARTESIAN_POINT('',(-0.0775033049075403,0.10299,-0.082054691169283));
#16091=CARTESIAN_POINT('',(-0.0775033049075403,0.103,-0.082054691169283));
#16092=CARTESIAN_POINT('',(-0.0773974021297625,0.10299,-0.0821443902433571));
#16093=CARTESIAN_POINT('',(-0.0773974021297625,0.103,-0.0821443902433571));
#16094=CARTESIAN_POINT('',(-0.0773444507408736,0.10299,-0.08227141570632));
#16095=CARTESIAN_POINT('',(-0.0773444507408736,0.103,-0.08227141570632));
#16096=CARTESIAN_POINT('',(-0.0773444507408736,0.10299,-0.0824357675581719));
#16097=CARTESIAN_POINT('',(-0.0773444507408736,0.103,-0.0824357675581719));
#16098=CARTESIAN_POINT('',(-0.0775033049075403,0.10299,-0.082054691169283));
#16099=CARTESIAN_POINT('',(-0.0775033049075403,0.10299,-0.082054691169283));
#16100=CARTESIAN_POINT('',(-0.0775033049075403,0.10299,-0.082054691169283));
#16101=CARTESIAN_POINT('',(-0.0773444507408736,0.10299,-0.0821892397803941));
#16102=CARTESIAN_POINT('',(-0.0773444507408736,0.10299,-0.0824357675581719));
#16103=CARTESIAN_POINT('',(-0.0779121590742069,0.10299,-0.0819201425581718));
#16104=CARTESIAN_POINT('',(-0.0779121590742069,0.103,-0.0819201425581718));
#16105=CARTESIAN_POINT('',(-0.0777454924075402,0.10299,-0.0819201425581718));
#16106=CARTESIAN_POINT('',(-0.0777454924075402,0.103,-0.0819201425581718));
#16107=CARTESIAN_POINT('',(-0.077609207685318,0.10299,-0.0819649920952089));
#16108=CARTESIAN_POINT('',(-0.077609207685318,0.103,-0.0819649920952089));
#16109=CARTESIAN_POINT('',(-0.0775033049075403,0.10299,-0.082054691169283));
#16110=CARTESIAN_POINT('',(-0.0775033049075403,0.103,-0.082054691169283));
#16111=CARTESIAN_POINT('',(-0.0779121590742069,0.10299,-0.0819201425581718));
#16112=CARTESIAN_POINT('',(-0.0779121590742069,0.10299,-0.0819201425581718));
#16113=CARTESIAN_POINT('',(-0.0779121590742069,0.10299,-0.0819201425581718));
#16114=CARTESIAN_POINT('',(-0.0776621590742069,0.10299,-0.0819201425581718));
#16115=CARTESIAN_POINT('',(-0.0775033049075403,0.10299,-0.082054691169283));
#16116=CARTESIAN_POINT('',(-0.0783171069908736,0.10299,-0.0820368960303941));
#16117=CARTESIAN_POINT('',(-0.0783171069908736,0.103,-0.0820368960303941));
#16118=CARTESIAN_POINT('',(-0.0781715630093921,0.10299,-0.0819590603822459));
#16119=CARTESIAN_POINT('',(-0.0781715630093921,0.103,-0.0819590603822459));
#16120=CARTESIAN_POINT('',(-0.0780365803705032,0.10299,-0.0819201425581718));
#16121=CARTESIAN_POINT('',(-0.0780365803705032,0.103,-0.0819201425581718));
#16122=CARTESIAN_POINT('',(-0.0779121590742069,0.10299,-0.0819201425581718));
#16123=CARTESIAN_POINT('',(-0.0779121590742069,0.103,-0.0819201425581718));
#16124=CARTESIAN_POINT('',(-0.0783171069908736,0.10299,-0.0820368960303941));
#16125=CARTESIAN_POINT('',(-0.0783171069908736,0.10299,-0.0820368960303941));
#16126=CARTESIAN_POINT('',(-0.0783171069908736,0.10299,-0.0820368960303941));
#16127=CARTESIAN_POINT('',(-0.0780987910186514,0.10299,-0.0819201425581718));
#16128=CARTESIAN_POINT('',(-0.0779121590742069,0.10299,-0.0819201425581718));
#16129=CARTESIAN_POINT('',(-0.0788531312964291,0.10299,-0.0824305592248385));
#16130=CARTESIAN_POINT('',(-0.0788531312964291,0.103,-0.0824305592248385));
#16131=CARTESIAN_POINT('',(-0.0786413257408736,0.10299,-0.082245952743357));
#16132=CARTESIAN_POINT('',(-0.0786413257408736,0.103,-0.082245952743357));
#16133=CARTESIAN_POINT('',(-0.0784626509723551,0.10299,-0.0821147316785422));
#16134=CARTESIAN_POINT('',(-0.0784626509723551,0.103,-0.0821147316785422));
#16135=CARTESIAN_POINT('',(-0.0783171069908736,0.10299,-0.0820368960303941));
#16136=CARTESIAN_POINT('',(-0.0783171069908736,0.103,-0.0820368960303941));
#16137=CARTESIAN_POINT('',(-0.0788531312964291,0.10299,-0.0824305592248385));
#16138=CARTESIAN_POINT('',(-0.0788531312964291,0.10299,-0.0824305592248385));
#16139=CARTESIAN_POINT('',(-0.0788531312964291,0.10299,-0.0824305592248385));
#16140=CARTESIAN_POINT('',(-0.0785354229630958,0.10299,-0.0821536495026163));
#16141=CARTESIAN_POINT('',(-0.0783171069908736,0.10299,-0.0820368960303941));
#16142=CARTESIAN_POINT('',(-0.0795380271297625,0.10299,-0.0830694481137274));
#16143=CARTESIAN_POINT('',(-0.0795380271297625,0.10299,-0.0830694481137274));
#16144=CARTESIAN_POINT('',(0.,0.10299,-0.0825));
#16145=CARTESIAN_POINT('',(-0.0772958396297625,0.10299,-0.0794500904748385));
#16146=CARTESIAN_POINT('',(-0.0772689299075403,0.10299,-0.0792994828359496));
#16147=CARTESIAN_POINT('',(-0.0772689299075403,0.10299,-0.0792994828359496));
#16148=CARTESIAN_POINT('',(-0.0772958396297625,0.10299,-0.0794500904748385));
#16149=CARTESIAN_POINT('',(-0.0773227493519847,0.10299,-0.0796006981137274));
#16150=CARTESIAN_POINT('',(-0.0773227493519847,0.10299,-0.0796006981137274));
#16151=CARTESIAN_POINT('',(-0.0770302146297625,0.10299,-0.0792994828359496));
#16152=CARTESIAN_POINT('',(-0.0767914993519847,0.10299,-0.0792994828359496));
#16153=CARTESIAN_POINT('',(-0.0767914993519847,0.10299,-0.0792994828359496));
#16154=CARTESIAN_POINT('',(-0.0770302146297625,0.10299,-0.0792994828359496));
#16155=CARTESIAN_POINT('',(-0.0767914993519847,0.10299,-0.0800212710303941));
#16156=CARTESIAN_POINT('',(-0.0767914993519847,0.10299,-0.0807430592248385));
#16157=CARTESIAN_POINT('',(-0.0767914993519847,0.10299,-0.0807430592248385));
#16158=CARTESIAN_POINT('',(-0.0767914993519847,0.10299,-0.0800212710303941));
#16159=CARTESIAN_POINT('',(-0.0770302146297625,0.10299,-0.0807430592248385));
#16160=CARTESIAN_POINT('',(-0.0772689299075403,0.10299,-0.0807430592248385));
#16161=CARTESIAN_POINT('',(-0.0772689299075403,0.10299,-0.0807430592248385));
#16162=CARTESIAN_POINT('',(-0.0770302146297625,0.10299,-0.0807430592248385));
#16163=CARTESIAN_POINT('',(-0.0772906312964291,0.10299,-0.0805802988081718));
#16164=CARTESIAN_POINT('',(-0.077312332685318,0.10299,-0.0804175383915052));
#16165=CARTESIAN_POINT('',(-0.077312332685318,0.10299,-0.0804175383915052));
#16166=CARTESIAN_POINT('',(-0.0772906312964291,0.10299,-0.0805802988081718));
#16167=CARTESIAN_POINT('',(-0.0790267424075403,0.10299,-0.0798342050581719));
#16168=CARTESIAN_POINT('',(-0.0807411521297625,0.10299,-0.0792508717248385));
#16169=CARTESIAN_POINT('',(-0.0807411521297625,0.10299,-0.0792508717248385));
#16170=CARTESIAN_POINT('',(-0.0790267424075403,0.10299,-0.0798342050581719));
#16171=CARTESIAN_POINT('',(-0.0807411521297625,0.10299,-0.078843753669283));
#16172=CARTESIAN_POINT('',(-0.0807411521297625,0.10299,-0.0784366356137274));
#16173=CARTESIAN_POINT('',(-0.0807411521297625,0.10299,-0.0784366356137274));
#16174=CARTESIAN_POINT('',(-0.0807411521297625,0.10299,-0.078843753669283));
#16175=CARTESIAN_POINT('',(-0.0790267424075403,0.10299,-0.0778550383915052));
#16176=CARTESIAN_POINT('',(-0.077312332685318,0.10299,-0.077273441169283));
#16177=CARTESIAN_POINT('',(-0.077312332685318,0.10299,-0.077273441169283));
#16178=CARTESIAN_POINT('',(-0.0790267424075403,0.10299,-0.0778550383915052));
#16179=CARTESIAN_POINT('',(-0.0772906312964291,0.10299,-0.0771080765859496));
#16180=CARTESIAN_POINT('',(-0.0772689299075403,0.10299,-0.0769427120026163));
#16181=CARTESIAN_POINT('',(-0.0772689299075403,0.10299,-0.0769427120026163));
#16182=CARTESIAN_POINT('',(-0.0772906312964291,0.10299,-0.0771080765859496));
#16183=CARTESIAN_POINT('',(-0.0770302146297625,0.10299,-0.0769427120026163));
#16184=CARTESIAN_POINT('',(-0.0767914993519847,0.10299,-0.0769427120026163));
#16185=CARTESIAN_POINT('',(-0.0767914993519847,0.10299,-0.0769427120026163));
#16186=CARTESIAN_POINT('',(-0.0770302146297625,0.10299,-0.0769427120026163));
#16187=CARTESIAN_POINT('',(-0.0767914993519847,0.10299,-0.077664066169283));
#16188=CARTESIAN_POINT('',(-0.0767914993519847,0.10299,-0.0783854203359496));
#16189=CARTESIAN_POINT('',(-0.0767914993519847,0.10299,-0.0783854203359496));
#16190=CARTESIAN_POINT('',(-0.0767914993519847,0.10299,-0.077664066169283));
#16191=CARTESIAN_POINT('',(-0.0770302146297625,0.10299,-0.0783854203359496));
#16192=CARTESIAN_POINT('',(-0.0772689299075403,0.10299,-0.0783854203359496));
#16193=CARTESIAN_POINT('',(-0.0772689299075403,0.10299,-0.0783854203359496));
#16194=CARTESIAN_POINT('',(-0.0770302146297625,0.10299,-0.0783854203359496));
#16195=CARTESIAN_POINT('',(-0.0772958396297625,0.10299,-0.0782361147803941));
#16196=CARTESIAN_POINT('',(-0.0773227493519847,0.10299,-0.0780868092248385));
#16197=CARTESIAN_POINT('',(-0.0773227493519847,0.10299,-0.0780868092248385));
#16198=CARTESIAN_POINT('',(-0.0772958396297625,0.10299,-0.0782361147803941));
#16199=CARTESIAN_POINT('',(-0.0785098153242069,0.10299,-0.0784383717248385));
#16200=CARTESIAN_POINT('',(-0.0796968812964291,0.10299,-0.0787899342248385));
#16201=CARTESIAN_POINT('',(-0.0796968812964291,0.10299,-0.0787899342248385));
#16202=CARTESIAN_POINT('',(-0.0785098153242069,0.10299,-0.0784383717248385));
#16203=CARTESIAN_POINT('',(-0.0798027840742069,0.10299,-0.0788129376970607));
#16204=CARTESIAN_POINT('',(-0.0799086868519847,0.10299,-0.078835941169283));
#16205=CARTESIAN_POINT('',(-0.0799086868519847,0.10299,-0.078835941169283));
#16206=CARTESIAN_POINT('',(-0.0798027840742069,0.10299,-0.0788129376970607));
#16207=CARTESIAN_POINT('',(-0.0799086868519847,0.10299,-0.0788441876970607));
#16208=CARTESIAN_POINT('',(-0.0799086868519847,0.10299,-0.0788524342248385));
#16209=CARTESIAN_POINT('',(-0.0799086868519847,0.10299,-0.0788524342248385));
#16210=CARTESIAN_POINT('',(-0.0799086868519847,0.10299,-0.0788441876970607));
#16211=CARTESIAN_POINT('',(-0.0798001799075403,0.10299,-0.0788767397803941));
#16212=CARTESIAN_POINT('',(-0.0796916729630958,0.10299,-0.0789010453359496));
#16213=CARTESIAN_POINT('',(-0.0796916729630958,0.10299,-0.0789010453359496));
#16214=CARTESIAN_POINT('',(-0.0798001799075403,0.10299,-0.0788767397803941));
#16215=CARTESIAN_POINT('',(-0.0785072111575403,0.10299,-0.0792508717248385));
#16216=CARTESIAN_POINT('',(-0.0785072111575403,0.10299,-0.0792508717248385));
#16217=CARTESIAN_POINT('',(0.,0.10299,-0.0825));
#16218=CARTESIAN_POINT('',(-0.00891406598385398,0.10299,-0.098178427347185));
#16219=CARTESIAN_POINT('',(-0.00891406598385398,0.103,-0.098178427347185));
#16220=CARTESIAN_POINT('',(-0.00891406598385398,0.10299,-0.0984353717916295));
#16221=CARTESIAN_POINT('',(-0.00891406598385398,0.103,-0.0984353717916295));
#16222=CARTESIAN_POINT('',(-0.00895703473385398,0.10299,-0.098637484060148));
#16223=CARTESIAN_POINT('',(-0.00895703473385398,0.103,-0.098637484060148));
#16224=CARTESIAN_POINT('',(-0.00904297223385398,0.10299,-0.0987847641527406));
#16225=CARTESIAN_POINT('',(-0.00904297223385398,0.103,-0.0987847641527406));
#16226=CARTESIAN_POINT('',(-0.00891406598385398,0.103,-0.098178427347185));
#16227=CARTESIAN_POINT('',(-0.00891406598385398,0.103,-0.0985638440138517));
#16228=CARTESIAN_POINT('',(-0.00904297223385398,0.103,-0.0987847641527406));
#16229=CARTESIAN_POINT('',(-0.00891406598385398,0.103,-0.098178427347185));
#16230=CARTESIAN_POINT('',(-0.00904297223385398,0.103,-0.0987847641527406));
#16231=CARTESIAN_POINT('',(-0.00891406598385398,0.10299,-0.098178427347185));
#16232=CARTESIAN_POINT('',(-0.00891406598385398,0.10299,-0.098178427347185));
#16233=CARTESIAN_POINT('',(-0.00891406598385398,0.10299,-0.098178427347185));
#16234=CARTESIAN_POINT('',(-0.00891406598385398,0.10299,-0.0985638440138517));
#16235=CARTESIAN_POINT('',(-0.00904297223385398,0.10299,-0.0987847641527406));
#16236=CARTESIAN_POINT('',(-0.00904297223385398,0.10299,-0.0987847641527406));
#16237=CARTESIAN_POINT('',(-0.00904297223385398,0.10299,-0.0987847641527406));
#16238=CARTESIAN_POINT('',(-0.00891406598385398,0.10299,-0.0981497815138517));
#16239=CARTESIAN_POINT('',(-0.00891406598385398,0.103,-0.0981497815138517));
#16240=CARTESIAN_POINT('',(-0.00891406598385398,0.103,-0.0981211356805183));
#16241=CARTESIAN_POINT('',(-0.00891406598385398,0.10299,-0.0981211356805183));
#16242=CARTESIAN_POINT('',(-0.00891406598385398,0.10299,-0.0981211356805183));
#16243=CARTESIAN_POINT('',(-0.00891406598385398,0.10299,-0.0981497815138517));
#16244=CARTESIAN_POINT('',(-0.00904687848385398,0.10299,-0.0974488266527406));
#16245=CARTESIAN_POINT('',(-0.00904687848385398,0.103,-0.0974488266527406));
#16246=CARTESIAN_POINT('',(-0.00895833681718731,0.10299,-0.0976204123008887));
#16247=CARTESIAN_POINT('',(-0.00895833681718731,0.103,-0.0976204123008887));
#16248=CARTESIAN_POINT('',(-0.00891406598385398,0.10299,-0.097844515310148));
#16249=CARTESIAN_POINT('',(-0.00891406598385398,0.103,-0.097844515310148));
#16250=CARTESIAN_POINT('',(-0.00891406598385398,0.10299,-0.0981211356805183));
#16251=CARTESIAN_POINT('',(-0.00891406598385398,0.103,-0.0981211356805183));
#16252=CARTESIAN_POINT('',(-0.00904687848385398,0.103,-0.0974488266527406));
#16253=CARTESIAN_POINT('',(-0.00891406598385398,0.103,-0.0977062051249628));
#16254=CARTESIAN_POINT('',(-0.00891406598385398,0.103,-0.0981211356805183));
#16255=CARTESIAN_POINT('',(-0.00904687848385398,0.103,-0.0974488266527406));
#16256=CARTESIAN_POINT('',(-0.00904687848385398,0.10299,-0.0974488266527406));
#16257=CARTESIAN_POINT('',(-0.00904687848385398,0.10299,-0.0974488266527406));
#16258=CARTESIAN_POINT('',(-0.00904687848385398,0.10299,-0.0974488266527406));
#16259=CARTESIAN_POINT('',(-0.00891406598385398,0.10299,-0.0977062051249628));
#16260=CARTESIAN_POINT('',(-0.00891406598385398,0.10299,-0.0981211356805183));
#16261=CARTESIAN_POINT('',(-0.00947048959496509,0.10299,-0.0971914481805183));
#16262=CARTESIAN_POINT('',(-0.00947048959496509,0.103,-0.0971914481805183));
#16263=CARTESIAN_POINT('',(-0.00927662385422435,0.10299,-0.0971914481805183));
#16264=CARTESIAN_POINT('',(-0.00927662385422435,0.103,-0.0971914481805183));
#16265=CARTESIAN_POINT('',(-0.00913542015052065,0.10299,-0.0972772410045924));
#16266=CARTESIAN_POINT('',(-0.00913542015052065,0.103,-0.0972772410045924));
#16267=CARTESIAN_POINT('',(-0.00904687848385398,0.10299,-0.0974488266527406));
#16268=CARTESIAN_POINT('',(-0.00904687848385398,0.103,-0.0974488266527406));
#16269=CARTESIAN_POINT('',(-0.00947048959496509,0.103,-0.0971914481805183));
#16270=CARTESIAN_POINT('',(-0.00917969098385398,0.103,-0.0971914481805183));
#16271=CARTESIAN_POINT('',(-0.00904687848385398,0.103,-0.0974488266527406));
#16272=CARTESIAN_POINT('',(-0.00947048959496509,0.103,-0.0971914481805183));
#16273=CARTESIAN_POINT('',(-0.00947048959496509,0.10299,-0.0971914481805183));
#16274=CARTESIAN_POINT('',(-0.00947048959496509,0.10299,-0.0971914481805183));
#16275=CARTESIAN_POINT('',(-0.00947048959496509,0.10299,-0.0971914481805183));
#16276=CARTESIAN_POINT('',(-0.00917969098385398,0.10299,-0.0971914481805183));
#16277=CARTESIAN_POINT('',(-0.00904687848385398,0.10299,-0.0974488266527406));
#16278=CARTESIAN_POINT('',(-0.00948542897065703,0.10299,-0.0977492018935805));
#16279=CARTESIAN_POINT('',(-0.00948542897065703,0.103,-0.0977492018935805));
#16280=CARTESIAN_POINT('',(-0.00976705302289742,0.103,-0.0972684967069608));
#16281=CARTESIAN_POINT('',(-0.00976693056718731,0.10299,-0.0972687051249628));
#16282=CARTESIAN_POINT('',(-0.00976705302289742,0.10299,-0.0972684967069607));
#16283=CARTESIAN_POINT('',(-0.00948542897065703,0.10299,-0.0977492018935805));
#16284=CARTESIAN_POINT('',(-0.0094459241874122,0.10299,-0.0977813757708053));
#16285=CARTESIAN_POINT('',(-0.0094459241874122,0.103,-0.0977813757708053));
#16286=CARTESIAN_POINT('',(-0.00997482987274287,0.103,-0.0974873244326649));
#16287=CARTESIAN_POINT('',(-0.00997482987274287,0.10299,-0.0974873244326649));
#16288=CARTESIAN_POINT('',(-0.00997482987274287,0.10299,-0.0974873244326649));
#16289=CARTESIAN_POINT('',(-0.0094459241874122,0.10299,-0.0977813757708053));
#16290=CARTESIAN_POINT('',(-0.00997482987274287,0.10299,-0.0981094169305183));
#16291=CARTESIAN_POINT('',(-0.00997482987274287,0.103,-0.0981094169305183));
#16292=CARTESIAN_POINT('',(-0.00997482987274287,0.103,-0.098731694921392));
#16293=CARTESIAN_POINT('',(-0.00997482987274287,0.10299,-0.098731694921392));
#16294=CARTESIAN_POINT('',(-0.00997482987274287,0.10299,-0.098731694921392));
#16295=CARTESIAN_POINT('',(-0.00997482987274287,0.10299,-0.0981094169305183));
#16296=CARTESIAN_POINT('',(-0.00949143523388503,0.10299,-0.098444965613977));
#16297=CARTESIAN_POINT('',(-0.00949143523388503,0.103,-0.098444965613977));
#16298=CARTESIAN_POINT('',(-0.00976576603855239,0.103,-0.0989356296502902));
#16299=CARTESIAN_POINT('',(-0.00976562848385398,0.10299,-0.0989353717916295));
#16300=CARTESIAN_POINT('',(-0.00976576603855239,0.10299,-0.0989356296502902));
#16301=CARTESIAN_POINT('',(-0.00949143523388503,0.10299,-0.098444965613977));
#16302=CARTESIAN_POINT('',(-0.00948179865259681,0.10299,-0.0983890528226955));
#16303=CARTESIAN_POINT('',(-0.00948179865259681,0.103,-0.0983890528226955));
#16304=CARTESIAN_POINT('',(-0.0094644132060762,0.103,-0.0990056842916295));
#16305=CARTESIAN_POINT('',(-0.0094644132060762,0.10299,-0.0990056842916295));
#16306=CARTESIAN_POINT('',(-0.0094644132060762,0.10299,-0.0990056842916295));
#16307=CARTESIAN_POINT('',(-0.00948179865259681,0.10299,-0.0983890528226955));
#16308=CARTESIAN_POINT('',(-0.00920705643935962,0.10299,-0.0986790370478299));
#16309=CARTESIAN_POINT('',(-0.0100206787060209,0.10299,-0.0992052585607188));
#16310=CARTESIAN_POINT('',(-0.0100208368171873,0.10299,-0.0992062051249628));
#16311=CARTESIAN_POINT('',(-0.00920705643935962,0.10299,-0.0986790370478299));
#16312=CARTESIAN_POINT('',(-0.0096941549218101,0.10299,-0.0995163433692692));
#16313=CARTESIAN_POINT('',(-0.00969401390052065,0.10299,-0.0995161009582961));
#16314=CARTESIAN_POINT('',(-0.010050784733854,0.10299,-0.099385458597185));
#16315=CARTESIAN_POINT('',(-0.0100807326505206,0.10299,-0.0995647120694072));
#16316=CARTESIAN_POINT('',(-0.0100807326505206,0.10299,-0.0995647120694072));
#16317=CARTESIAN_POINT('',(-0.010050784733854,0.10299,-0.099385458597185));
#16318=CARTESIAN_POINT('',(-0.0106137187616318,0.10299,-0.0995647120694072));
#16319=CARTESIAN_POINT('',(-0.0111467048727429,0.10299,-0.0995647120694072));
#16320=CARTESIAN_POINT('',(-0.0111467048727429,0.10299,-0.0995647120694072));
#16321=CARTESIAN_POINT('',(-0.0106137187616318,0.10299,-0.0995647120694072));
#16322=CARTESIAN_POINT('',(-0.0111467048727429,0.10299,-0.0993272988749628));
#16323=CARTESIAN_POINT('',(-0.0111467048727429,0.10299,-0.0990898856805184));
#16324=CARTESIAN_POINT('',(-0.0111467048727429,0.10299,-0.0990898856805184));
#16325=CARTESIAN_POINT('',(-0.0111467048727429,0.10299,-0.0993272988749628));
#16326=CARTESIAN_POINT('',(-0.0109566007060762,0.10299,-0.0990490870694072));
#16327=CARTESIAN_POINT('',(-0.0107664965394095,0.10299,-0.0990082884582961));
#16328=CARTESIAN_POINT('',(-0.0107664965394095,0.10299,-0.0990082884582961));
#16329=CARTESIAN_POINT('',(-0.0109566007060762,0.10299,-0.0990490870694072));
#16330=CARTESIAN_POINT('',(-0.0107664965394095,0.10299,-0.097170614847185));
#16331=CARTESIAN_POINT('',(-0.0107664965394095,0.10299,-0.0953329412360739));
#16332=CARTESIAN_POINT('',(-0.0107664965394095,0.10299,-0.0953329412360739));
#16333=CARTESIAN_POINT('',(-0.0107664965394095,0.10299,-0.097170614847185));
#16334=CARTESIAN_POINT('',(-0.0103706632060762,0.10299,-0.0953329412360739));
#16335=CARTESIAN_POINT('',(-0.00955121876163176,0.10299,-0.0953329412360739));
#16336=CARTESIAN_POINT('',(-0.00955121876163176,0.10299,-0.0953329412360739));
#16337=CARTESIAN_POINT('',(-0.0103706632060762,0.10299,-0.0953329412360739));
#16338=CARTESIAN_POINT('',(-0.00955121876163176,0.10299,-0.0955716565138517));
#16339=CARTESIAN_POINT('',(-0.00955121876163176,0.10299,-0.0958103717916294));
#16340=CARTESIAN_POINT('',(-0.00955121876163176,0.10299,-0.0958103717916294));
#16341=CARTESIAN_POINT('',(-0.00955121876163176,0.10299,-0.0955716565138517));
#16342=CARTESIAN_POINT('',(-0.00976302431718731,0.10299,-0.0958511704027406));
#16343=CARTESIAN_POINT('',(-0.00997482987274287,0.10299,-0.0958919690138517));
#16344=CARTESIAN_POINT('',(-0.00997482987274287,0.10299,-0.0958919690138517));
#16345=CARTESIAN_POINT('',(-0.00976302431718731,0.10299,-0.0958511704027406));
#16346=CARTESIAN_POINT('',(-0.00997482987274287,0.10299,-0.0964180106805183));
#16347=CARTESIAN_POINT('',(-0.00997482987274287,0.10299,-0.0969447198286057));
#16348=CARTESIAN_POINT('',(-0.00997482987274287,0.10299,-0.096944052347185));
#16349=CARTESIAN_POINT('',(-0.00997482987274287,0.10299,-0.0964180106805183));
#16350=CARTESIAN_POINT('',(-0.00919419535343406,0.10299,-0.0975158360299344));
#16351=CARTESIAN_POINT('',(-0.00966536806718731,0.10299,-0.0966714829027406));
#16352=CARTESIAN_POINT('',(-0.00966545132246931,0.10299,-0.0966713326517125));
#16353=CARTESIAN_POINT('',(-0.00919419535343406,0.10299,-0.0975158360299344));
#16354=CARTESIAN_POINT('',(-0.00928265480167583,0.10299,-0.0973892241715105));
#16355=CARTESIAN_POINT('',(-0.0092691007060762,0.10299,-0.0965751287360739));
#16356=CARTESIAN_POINT('',(-0.0092691007060762,0.10299,-0.0965751287360739));
#16357=CARTESIAN_POINT('',(-0.00928265480167583,0.10299,-0.0973892241715105));
#16358=CARTESIAN_POINT('',(-0.00842274653940953,0.10299,-0.0970009099860739));
#16359=CARTESIAN_POINT('',(-0.00842274653940953,0.103,-0.0970009099860739));
#16360=CARTESIAN_POINT('',(-0.00862355672459472,0.10299,-0.0967170558194072));
#16361=CARTESIAN_POINT('',(-0.00862355672459472,0.103,-0.0967170558194072));
#16362=CARTESIAN_POINT('',(-0.00890567478015027,0.10299,-0.0965751287360739));
#16363=CARTESIAN_POINT('',(-0.00890567478015027,0.103,-0.0965751287360739));
#16364=CARTESIAN_POINT('',(-0.0092691007060762,0.10299,-0.0965751287360739));
#16365=CARTESIAN_POINT('',(-0.0092691007060762,0.103,-0.0965751287360739));
#16366=CARTESIAN_POINT('',(-0.00842274653940953,0.10299,-0.0970009099860739));
#16367=CARTESIAN_POINT('',(-0.00842274653940953,0.10299,-0.0970009099860739));
#16368=CARTESIAN_POINT('',(-0.00842274653940953,0.10299,-0.0970009099860739));
#16369=CARTESIAN_POINT('',(-0.00872396181718731,0.10299,-0.0965751287360739));
#16370=CARTESIAN_POINT('',(-0.0092691007060762,0.10299,-0.0965751287360739));
#16371=CARTESIAN_POINT('',(-0.00812153126163176,0.10299,-0.0981211356805183));
#16372=CARTESIAN_POINT('',(-0.00812153126163176,0.103,-0.0981211356805183));
#16373=CARTESIAN_POINT('',(-0.00812153126163176,0.10299,-0.0976581727175554));
#16374=CARTESIAN_POINT('',(-0.00812153126163176,0.103,-0.0976581727175554));
#16375=CARTESIAN_POINT('',(-0.00822193635422435,0.10299,-0.0972847641527406));
#16376=CARTESIAN_POINT('',(-0.00822193635422435,0.103,-0.0972847641527406));
#16377=CARTESIAN_POINT('',(-0.00842274653940953,0.10299,-0.0970009099860739));
#16378=CARTESIAN_POINT('',(-0.00842274653940953,0.103,-0.0970009099860739));
#16379=CARTESIAN_POINT('',(-0.00812153126163176,0.10299,-0.0981211356805183));
#16380=CARTESIAN_POINT('',(-0.00812153126163176,0.10299,-0.0981211356805183));
#16381=CARTESIAN_POINT('',(-0.00812153126163176,0.10299,-0.0981211356805183));
#16382=CARTESIAN_POINT('',(-0.00812153126163176,0.10299,-0.0974266912360739));
#16383=CARTESIAN_POINT('',(-0.00842274653940953,0.10299,-0.0970009099860739));
#16384=CARTESIAN_POINT('',(-0.00812153126163176,0.10299,-0.0981497815138517));
#16385=CARTESIAN_POINT('',(-0.00812153126163176,0.10299,-0.098178427347185));
#16386=CARTESIAN_POINT('',(-0.00812153126163176,0.10299,-0.098178427347185));
#16387=CARTESIAN_POINT('',(-0.00812153126163176,0.10299,-0.0981497815138517));
#16388=CARTESIAN_POINT('',(-0.0084214444560762,0.10299,-0.0992257363749628));
#16389=CARTESIAN_POINT('',(-0.0084214444560762,0.103,-0.0992257363749628));
#16390=CARTESIAN_POINT('',(-0.00822150232644657,0.10299,-0.0989615581342221));
#16391=CARTESIAN_POINT('',(-0.00822150232644657,0.103,-0.0989615581342221));
#16392=CARTESIAN_POINT('',(-0.00812153126163176,0.10299,-0.0986124551249628));
#16393=CARTESIAN_POINT('',(-0.00812153126163176,0.103,-0.0986124551249628));
#16394=CARTESIAN_POINT('',(-0.00812153126163176,0.10299,-0.098178427347185));
#16395=CARTESIAN_POINT('',(-0.00812153126163176,0.103,-0.098178427347185));
#16396=CARTESIAN_POINT('',(-0.0084214444560762,0.10299,-0.0992257363749628));
#16397=CARTESIAN_POINT('',(-0.0084214444560762,0.10299,-0.0992257363749628));
#16398=CARTESIAN_POINT('',(-0.0084214444560762,0.10299,-0.0992257363749628));
#16399=CARTESIAN_POINT('',(-0.00812153126163176,0.10299,-0.0988294690138517));
#16400=CARTESIAN_POINT('',(-0.00812153126163176,0.10299,-0.098178427347185));
#16401=CARTESIAN_POINT('',(-0.00926389237274287,0.10299,-0.0996220037360739));
#16402=CARTESIAN_POINT('',(-0.00926389237274287,0.103,-0.0996220037360739));
#16403=CARTESIAN_POINT('',(-0.00890220255792806,0.10299,-0.0996220037360739));
#16404=CARTESIAN_POINT('',(-0.00890220255792806,0.103,-0.0996220037360739));
#16405=CARTESIAN_POINT('',(-0.00862138658570583,0.10299,-0.0994899146157035));
#16406=CARTESIAN_POINT('',(-0.00862138658570583,0.103,-0.0994899146157035));
#16407=CARTESIAN_POINT('',(-0.0084214444560762,0.10299,-0.0992257363749628));
#16408=CARTESIAN_POINT('',(-0.0084214444560762,0.103,-0.0992257363749628));
#16409=CARTESIAN_POINT('',(-0.00926389237274287,0.10299,-0.0996220037360739));
#16410=CARTESIAN_POINT('',(-0.00926389237274287,0.10299,-0.0996220037360739));
#16411=CARTESIAN_POINT('',(-0.00926389237274287,0.10299,-0.0996220037360739));
#16412=CARTESIAN_POINT('',(-0.00872135765052065,0.10299,-0.0996220037360739));
#16413=CARTESIAN_POINT('',(-0.0084214444560762,0.10299,-0.0992257363749628));
#16414=CARTESIAN_POINT('',(-0.00928132356394149,0.10299,-0.0987572769295812));
#16415=CARTESIAN_POINT('',(-0.00928132356394149,0.10299,-0.0987572769295812));
#16416=CARTESIAN_POINT('',(-0.00904297223385398,0.10299,-0.0987847641527406));
#16417=CARTESIAN_POINT('',(-0.00904297223385398,0.103,-0.0987847641527406));
#16418=CARTESIAN_POINT('',(-0.00912890973385398,0.10299,-0.0989320442453332));
#16419=CARTESIAN_POINT('',(-0.00912890973385398,0.103,-0.0989320442453332));
#16420=CARTESIAN_POINT('',(-0.00926939005792805,0.10299,-0.0990056842916295));
#16421=CARTESIAN_POINT('',(-0.00926939005792805,0.103,-0.0990056842916295));
#16422=CARTESIAN_POINT('',(-0.0094644132060762,0.10299,-0.0990056842916295));
#16423=CARTESIAN_POINT('',(-0.0094644132060762,0.103,-0.0990056842916295));
#16424=CARTESIAN_POINT('',(-0.00904297223385398,0.103,-0.0987847641527406));
#16425=CARTESIAN_POINT('',(-0.00917187848385398,0.103,-0.0990056842916295));
#16426=CARTESIAN_POINT('',(-0.0094644132060762,0.103,-0.0990056842916295));
#16427=CARTESIAN_POINT('',(-0.00904297223385398,0.10299,-0.0987847641527406));
#16428=CARTESIAN_POINT('',(-0.00917187848385398,0.10299,-0.0990056842916295));
#16429=CARTESIAN_POINT('',(-0.0094644132060762,0.10299,-0.0990056842916295));
#16430=CARTESIAN_POINT('',(0.,0.10299,-0.0825));
#16431=CARTESIAN_POINT('',(-0.0127175128997562,0.10299,-0.0975955618291083));
#16432=CARTESIAN_POINT('',(-0.0127175128997562,0.103,-0.0975955618291083));
#16433=CARTESIAN_POINT('',(-0.0127335104282984,0.103,-0.0971853717916294));
#16434=CARTESIAN_POINT('',(-0.012386722233854,0.103,-0.0973537745694072));
#16435=CARTESIAN_POINT('',(-0.0127335104282984,0.10299,-0.0971853717916294));
#16436=CARTESIAN_POINT('',(-0.0127335104282984,0.10299,-0.0971853717916294));
#16437=CARTESIAN_POINT('',(-0.0127175128997562,0.10299,-0.0975955618291083));
#16438=CARTESIAN_POINT('',(-0.012386722233854,0.10299,-0.0973537745694072));
#16439=CARTESIAN_POINT('',(-0.012386722233854,0.10299,-0.0973537745694072));
#16440=CARTESIAN_POINT('',(-0.0130902812616318,0.10299,-0.0973359794305183));
#16441=CARTESIAN_POINT('',(-0.0130902812616318,0.103,-0.0973359794305183));
#16442=CARTESIAN_POINT('',(-0.0130115775579281,0.10299,-0.0972355743379257));
#16443=CARTESIAN_POINT('',(-0.0130115775579281,0.103,-0.0972355743379257));
#16444=CARTESIAN_POINT('',(-0.0128926539468169,0.10299,-0.0971853717916294));
#16445=CARTESIAN_POINT('',(-0.0128926539468169,0.103,-0.0971853717916294));
#16446=CARTESIAN_POINT('',(-0.0127335104282984,0.10299,-0.0971853717916294));
#16447=CARTESIAN_POINT('',(-0.0127335104282984,0.103,-0.0971853717916294));
#16448=CARTESIAN_POINT('',(-0.0130902812616318,0.103,-0.0973359794305183));
#16449=CARTESIAN_POINT('',(-0.0129722257060762,0.103,-0.0971853717916294));
#16450=CARTESIAN_POINT('',(-0.0127335104282984,0.103,-0.0971853717916294));
#16451=CARTESIAN_POINT('',(-0.0130902812616318,0.103,-0.0973359794305183));
#16452=CARTESIAN_POINT('',(-0.0130902812616318,0.10299,-0.0973359794305183));
#16453=CARTESIAN_POINT('',(-0.0130902812616318,0.10299,-0.0973359794305183));
#16454=CARTESIAN_POINT('',(-0.0130902812616318,0.10299,-0.0973359794305183));
#16455=CARTESIAN_POINT('',(-0.0129722257060762,0.10299,-0.0971853717916294));
#16456=CARTESIAN_POINT('',(-0.0127335104282984,0.10299,-0.0971853717916294));
#16457=CARTESIAN_POINT('',(-0.0132083368171873,0.10299,-0.0977391912360739));
#16458=CARTESIAN_POINT('',(-0.0132083368171873,0.103,-0.0977391912360739));
#16459=CARTESIAN_POINT('',(-0.0132083368171873,0.10299,-0.0975707884582961));
#16460=CARTESIAN_POINT('',(-0.0132083368171873,0.103,-0.0975707884582961));
#16461=CARTESIAN_POINT('',(-0.0131689849653355,0.10299,-0.0974363845231109));
#16462=CARTESIAN_POINT('',(-0.0131689849653355,0.103,-0.0974363845231109));
#16463=CARTESIAN_POINT('',(-0.0130902812616318,0.10299,-0.0973359794305183));
#16464=CARTESIAN_POINT('',(-0.0130902812616318,0.103,-0.0973359794305183));
#16465=CARTESIAN_POINT('',(-0.0132083368171873,0.103,-0.0977391912360739));
#16466=CARTESIAN_POINT('',(-0.0132083368171873,0.103,-0.0974865870694072));
#16467=CARTESIAN_POINT('',(-0.0130902812616318,0.103,-0.0973359794305183));
#16468=CARTESIAN_POINT('',(-0.0132083368171873,0.103,-0.0977391912360739));
#16469=CARTESIAN_POINT('',(-0.0132083368171873,0.10299,-0.0977391912360739));
#16470=CARTESIAN_POINT('',(-0.0132083368171873,0.10299,-0.0977391912360739));
#16471=CARTESIAN_POINT('',(-0.0132083368171873,0.10299,-0.0977391912360739));
#16472=CARTESIAN_POINT('',(-0.0132083368171873,0.10299,-0.0974865870694072));
#16473=CARTESIAN_POINT('',(-0.0130902812616318,0.10299,-0.0973359794305183));
#16474=CARTESIAN_POINT('',(-0.0132083368171873,0.10299,-0.0977743474860739));
#16475=CARTESIAN_POINT('',(-0.0132083368171873,0.103,-0.0977743474860739));
#16476=CARTESIAN_POINT('',(-0.0132083368171873,0.103,-0.0978095037360739));
#16477=CARTESIAN_POINT('',(-0.0132083368171873,0.10299,-0.0978095037360739));
#16478=CARTESIAN_POINT('',(-0.0132083368171873,0.10299,-0.0978095037360739));
#16479=CARTESIAN_POINT('',(-0.0132083368171873,0.10299,-0.0977743474860739));
#16480=CARTESIAN_POINT('',(-0.0127230937616318,0.10299,-0.0978095037360739));
#16481=CARTESIAN_POINT('',(-0.0127230937616318,0.103,-0.0978095037360739));
#16482=CARTESIAN_POINT('',(-0.0122378507060762,0.103,-0.0978095037360739));
#16483=CARTESIAN_POINT('',(-0.0122378507060762,0.10299,-0.0978095037360739));
#16484=CARTESIAN_POINT('',(-0.0122378507060762,0.10299,-0.0978095037360739));
#16485=CARTESIAN_POINT('',(-0.0127230937616318,0.10299,-0.0978095037360739));
#16486=CARTESIAN_POINT('',(-0.0122335104282984,0.10299,-0.0978025592916295));
#16487=CARTESIAN_POINT('',(-0.0122335104282984,0.103,-0.0978025592916295));
#16488=CARTESIAN_POINT('',(-0.0122291701505206,0.103,-0.097795614847185));
#16489=CARTESIAN_POINT('',(-0.0122291701505206,0.10299,-0.097795614847185));
#16490=CARTESIAN_POINT('',(-0.0122291701505206,0.10299,-0.097795614847185));
#16491=CARTESIAN_POINT('',(-0.0122335104282984,0.10299,-0.0978025592916295));
#16492=CARTESIAN_POINT('',(-0.012804690983854,0.10299,-0.0996220037360739));
#16493=CARTESIAN_POINT('',(-0.012804690983854,0.103,-0.0996220037360739));
#16494=CARTESIAN_POINT('',(-0.0123810798727429,0.10299,-0.0996220037360739));
#16495=CARTESIAN_POINT('',(-0.0123810798727429,0.103,-0.0996220037360739));
#16496=CARTESIAN_POINT('',(-0.0120426828820021,0.10299,-0.0994862977175554));
#16497=CARTESIAN_POINT('',(-0.0120426828820021,0.103,-0.0994862977175554));
#16498=CARTESIAN_POINT('',(-0.0117895000116318,0.10299,-0.0992148856805183));
#16499=CARTESIAN_POINT('',(-0.0117895000116318,0.103,-0.0992148856805183));
#16500=CARTESIAN_POINT('',(-0.012804690983854,0.10299,-0.0996220037360739));
#16501=CARTESIAN_POINT('',(-0.012804690983854,0.10299,-0.0996220037360739));
#16502=CARTESIAN_POINT('',(-0.012804690983854,0.10299,-0.0996220037360739));
#16503=CARTESIAN_POINT('',(-0.0121692743171873,0.10299,-0.0996220037360739));
#16504=CARTESIAN_POINT('',(-0.0117895000116318,0.10299,-0.0992148856805183));
#16505=CARTESIAN_POINT('',(-0.0117895000116318,0.10299,-0.0992148856805183));
#16506=CARTESIAN_POINT('',(-0.0117895000116318,0.10299,-0.0992148856805183));
#16507=CARTESIAN_POINT('',(-0.0128339306911412,0.10299,-0.0976133123312519));
#16508=CARTESIAN_POINT('',(-0.0134487882060762,0.10299,-0.0995243474860739));
#16509=CARTESIAN_POINT('',(-0.0134487882060762,0.10299,-0.0995243474860739));
#16510=CARTESIAN_POINT('',(-0.0128339306911412,0.10299,-0.0976133123312519));
#16511=CARTESIAN_POINT('',(-0.0139192743171873,0.10299,-0.0992825940138517));
#16512=CARTESIAN_POINT('',(-0.0139192743171873,0.103,-0.0992825940138517));
#16513=CARTESIAN_POINT('',(-0.0137983252431132,0.10299,-0.0993786588286665));
#16514=CARTESIAN_POINT('',(-0.0137983252431132,0.103,-0.0993786588286665));
#16515=CARTESIAN_POINT('',(-0.0136414965394095,0.10299,-0.0994592433194072));
#16516=CARTESIAN_POINT('',(-0.0136414965394095,0.103,-0.0994592433194072));
#16517=CARTESIAN_POINT('',(-0.0134487882060762,0.10299,-0.0995243474860739));
#16518=CARTESIAN_POINT('',(-0.0134487882060762,0.103,-0.0995243474860739));
#16519=CARTESIAN_POINT('',(-0.0139192743171873,0.10299,-0.0992825940138517));
#16520=CARTESIAN_POINT('',(-0.0139192743171873,0.10299,-0.0992825940138517));
#16521=CARTESIAN_POINT('',(-0.0139192743171873,0.10299,-0.0992825940138517));
#16522=CARTESIAN_POINT('',(-0.0137378507060762,0.10299,-0.0994266912360739));
#16523=CARTESIAN_POINT('',(-0.0134487882060762,0.10299,-0.0995243474860739));
#16524=CARTESIAN_POINT('',(-0.0138120694560762,0.10299,-0.0990382363749628));
#16525=CARTESIAN_POINT('',(-0.013704678791942,0.10299,-0.0987934552255395));
#16526=CARTESIAN_POINT('',(-0.0137048645949651,0.10299,-0.0987938787360739));
#16527=CARTESIAN_POINT('',(-0.0138120694560762,0.10299,-0.0990382363749628));
#16528=CARTESIAN_POINT('',(-0.0127104502136363,0.10299,-0.0970669167729666));
#16529=CARTESIAN_POINT('',(-0.0133255243171873,0.10299,-0.0989614134582961));
#16530=CARTESIAN_POINT('',(-0.0133255243171873,0.10299,-0.0989614134582961));
#16531=CARTESIAN_POINT('',(-0.0127104502136363,0.10299,-0.0970669167729666));
#16532=CARTESIAN_POINT('',(-0.0128888923727429,0.10299,-0.099014364847185));
#16533=CARTESIAN_POINT('',(-0.0128888923727429,0.103,-0.099014364847185));
#16534=CARTESIAN_POINT('',(-0.0130642395949651,0.10299,-0.099014364847185));
#16535=CARTESIAN_POINT('',(-0.0130642395949651,0.103,-0.099014364847185));
#16536=CARTESIAN_POINT('',(-0.0132097835764466,0.10299,-0.098996714384222));
#16537=CARTESIAN_POINT('',(-0.0132097835764466,0.103,-0.098996714384222));
#16538=CARTESIAN_POINT('',(-0.0133255243171873,0.10299,-0.0989614134582961));
#16539=CARTESIAN_POINT('',(-0.0133255243171873,0.103,-0.0989614134582961));
#16540=CARTESIAN_POINT('',(-0.0128888923727429,0.10299,-0.099014364847185));
#16541=CARTESIAN_POINT('',(-0.0128888923727429,0.10299,-0.099014364847185));
#16542=CARTESIAN_POINT('',(-0.0128888923727429,0.10299,-0.099014364847185));
#16543=CARTESIAN_POINT('',(-0.0131519132060762,0.10299,-0.099014364847185));
#16544=CARTESIAN_POINT('',(-0.0133255243171873,0.10299,-0.0989614134582961));
#16545=CARTESIAN_POINT('',(-0.0124205764005206,0.10299,-0.098826864847185));
#16546=CARTESIAN_POINT('',(-0.0124205764005206,0.103,-0.098826864847185));
#16547=CARTESIAN_POINT('',(-0.0125354490857058,0.10299,-0.098951864847185));
#16548=CARTESIAN_POINT('',(-0.0125354490857058,0.103,-0.098951864847185));
#16549=CARTESIAN_POINT('',(-0.0126915544097799,0.10299,-0.099014364847185));
#16550=CARTESIAN_POINT('',(-0.0126915544097799,0.103,-0.099014364847185));
#16551=CARTESIAN_POINT('',(-0.0128888923727429,0.10299,-0.099014364847185));
#16552=CARTESIAN_POINT('',(-0.0128888923727429,0.103,-0.099014364847185));
#16553=CARTESIAN_POINT('',(-0.0124205764005206,0.10299,-0.098826864847185));
#16554=CARTESIAN_POINT('',(-0.0124205764005206,0.10299,-0.098826864847185));
#16555=CARTESIAN_POINT('',(-0.0124205764005206,0.10299,-0.098826864847185));
#16556=CARTESIAN_POINT('',(-0.0125928854282984,0.10299,-0.099014364847185));
#16557=CARTESIAN_POINT('',(-0.0128888923727429,0.10299,-0.099014364847185));
#16558=CARTESIAN_POINT('',(-0.012226565983854,0.10299,-0.0983494342916295));
#16559=CARTESIAN_POINT('',(-0.012226565983854,0.103,-0.0983494342916295));
#16560=CARTESIAN_POINT('',(-0.0122410335764466,0.10299,-0.0985427213286665));
#16561=CARTESIAN_POINT('',(-0.0122410335764466,0.103,-0.0985427213286665));
#16562=CARTESIAN_POINT('',(-0.0123057037153355,0.10299,-0.098701864847185));
#16563=CARTESIAN_POINT('',(-0.0123057037153355,0.103,-0.098701864847185));
#16564=CARTESIAN_POINT('',(-0.0124205764005206,0.10299,-0.098826864847185));
#16565=CARTESIAN_POINT('',(-0.0124205764005206,0.103,-0.098826864847185));
#16566=CARTESIAN_POINT('',(-0.012226565983854,0.10299,-0.0983494342916295));
#16567=CARTESIAN_POINT('',(-0.012226565983854,0.10299,-0.0983494342916295));
#16568=CARTESIAN_POINT('',(-0.012226565983854,0.10299,-0.0983494342916295));
#16569=CARTESIAN_POINT('',(-0.0122482673727429,0.10299,-0.098639364847185));
#16570=CARTESIAN_POINT('',(-0.0124205764005206,0.10299,-0.098826864847185));
#16571=CARTESIAN_POINT('',(-0.0122291701505206,0.10299,-0.0983411877638517));
#16572=CARTESIAN_POINT('',(-0.0122317743171873,0.10299,-0.0983329412360739));
#16573=CARTESIAN_POINT('',(-0.0122317743171873,0.10299,-0.0983329412360739));
#16574=CARTESIAN_POINT('',(-0.0122291701505206,0.10299,-0.0983411877638517));
#16575=CARTESIAN_POINT('',(-0.0131080764005206,0.10299,-0.0983329412360739));
#16576=CARTESIAN_POINT('',(-0.013984378483854,0.10299,-0.0983329412360739));
#16577=CARTESIAN_POINT('',(-0.013984378483854,0.10299,-0.0983329412360739));
#16578=CARTESIAN_POINT('',(-0.0131080764005206,0.10299,-0.0983329412360739));
#16579=CARTESIAN_POINT('',(-0.013984378483854,0.10299,-0.0981172294305183));
#16580=CARTESIAN_POINT('',(-0.013984378483854,0.10299,-0.0979015176249628));
#16581=CARTESIAN_POINT('',(-0.013984378483854,0.10299,-0.0979015176249628));
#16582=CARTESIAN_POINT('',(-0.013984378483854,0.10299,-0.0981172294305183));
#16583=CARTESIAN_POINT('',(-0.013656253483854,0.10299,-0.0969332016527406));
#16584=CARTESIAN_POINT('',(-0.013656253483854,0.103,-0.0969332016527406));
#16585=CARTESIAN_POINT('',(-0.013875003483854,0.10299,-0.0971719169305183));
#16586=CARTESIAN_POINT('',(-0.013875003483854,0.103,-0.0971719169305183));
#16587=CARTESIAN_POINT('',(-0.013984378483854,0.10299,-0.0974946889212591));
#16588=CARTESIAN_POINT('',(-0.013984378483854,0.103,-0.0974946889212591));
#16589=CARTESIAN_POINT('',(-0.013984378483854,0.10299,-0.0979015176249628));
#16590=CARTESIAN_POINT('',(-0.013984378483854,0.103,-0.0979015176249628));
#16591=CARTESIAN_POINT('',(-0.013656253483854,0.10299,-0.0969332016527406));
#16592=CARTESIAN_POINT('',(-0.013656253483854,0.10299,-0.0969332016527406));
#16593=CARTESIAN_POINT('',(-0.013656253483854,0.10299,-0.0969332016527406));
#16594=CARTESIAN_POINT('',(-0.013984378483854,0.10299,-0.0972912745694072));
#16595=CARTESIAN_POINT('',(-0.013984378483854,0.10299,-0.0979015176249628));
#16596=CARTESIAN_POINT('',(-0.0127335104282984,0.10299,-0.0965751287360739));
#16597=CARTESIAN_POINT('',(-0.0127335104282984,0.103,-0.0965751287360739));
#16598=CARTESIAN_POINT('',(-0.0131299224653355,0.10299,-0.0965751287360739));
#16599=CARTESIAN_POINT('',(-0.0131299224653355,0.103,-0.0965751287360739));
#16600=CARTESIAN_POINT('',(-0.013437503483854,0.10299,-0.0966944863749628));
#16601=CARTESIAN_POINT('',(-0.013437503483854,0.103,-0.0966944863749628));
#16602=CARTESIAN_POINT('',(-0.013656253483854,0.10299,-0.0969332016527406));
#16603=CARTESIAN_POINT('',(-0.013656253483854,0.103,-0.0969332016527406));
#16604=CARTESIAN_POINT('',(-0.0127335104282984,0.10299,-0.0965751287360739));
#16605=CARTESIAN_POINT('',(-0.0127335104282984,0.10299,-0.0965751287360739));
#16606=CARTESIAN_POINT('',(-0.0127335104282984,0.10299,-0.0965751287360739));
#16607=CARTESIAN_POINT('',(-0.013328128483854,0.10299,-0.0965751287360739));
#16608=CARTESIAN_POINT('',(-0.013656253483854,0.10299,-0.0969332016527406));
#16609=CARTESIAN_POINT('',(-0.011769534733854,0.10299,-0.0969957016527406));
#16610=CARTESIAN_POINT('',(-0.011769534733854,0.103,-0.0969957016527406));
#16611=CARTESIAN_POINT('',(-0.0120094074190392,0.10299,-0.096713583597185));
#16612=CARTESIAN_POINT('',(-0.0120094074190392,0.103,-0.096713583597185));
#16613=CARTESIAN_POINT('',(-0.0123307326505206,0.10299,-0.0965733926249628));
#16614=CARTESIAN_POINT('',(-0.0123307326505206,0.103,-0.0965733926249628));
#16615=CARTESIAN_POINT('',(-0.0127335104282984,0.10299,-0.0965751287360739));
#16616=CARTESIAN_POINT('',(-0.0127335104282984,0.103,-0.0965751287360739));
#16617=CARTESIAN_POINT('',(-0.011769534733854,0.10299,-0.0969957016527406));
#16618=CARTESIAN_POINT('',(-0.011769534733854,0.10299,-0.0969957016527406));
#16619=CARTESIAN_POINT('',(-0.011769534733854,0.10299,-0.0969957016527406));
#16620=CARTESIAN_POINT('',(-0.0121293437616318,0.10299,-0.0965725245694072));
#16621=CARTESIAN_POINT('',(-0.0127335104282984,0.10299,-0.0965751287360739));
#16622=CARTESIAN_POINT('',(-0.0114097257060762,0.10299,-0.0980725245694072));
#16623=CARTESIAN_POINT('',(-0.0114097257060762,0.103,-0.0980725245694072));
#16624=CARTESIAN_POINT('',(-0.0114097257060762,0.10299,-0.0976367606805183));
#16625=CARTESIAN_POINT('',(-0.0114097257060762,0.103,-0.0976367606805183));
#16626=CARTESIAN_POINT('',(-0.0115296620486688,0.10299,-0.0972778197082961));
#16627=CARTESIAN_POINT('',(-0.0115296620486688,0.103,-0.0972778197082961));
#16628=CARTESIAN_POINT('',(-0.011769534733854,0.10299,-0.0969957016527406));
#16629=CARTESIAN_POINT('',(-0.011769534733854,0.103,-0.0969957016527406));
#16630=CARTESIAN_POINT('',(-0.0114097257060762,0.10299,-0.0980725245694072));
#16631=CARTESIAN_POINT('',(-0.0114097257060762,0.10299,-0.0980725245694072));
#16632=CARTESIAN_POINT('',(-0.0114097257060762,0.10299,-0.0980725245694072));
#16633=CARTESIAN_POINT('',(-0.0114097257060762,0.10299,-0.0974188787360739));
#16634=CARTESIAN_POINT('',(-0.011769534733854,0.10299,-0.0969957016527406));
#16635=CARTESIAN_POINT('',(-0.0114097257060762,0.10299,-0.0981267780416294));
#16636=CARTESIAN_POINT('',(-0.0114097257060762,0.10299,-0.0981810315138517));
#16637=CARTESIAN_POINT('',(-0.0114097257060762,0.10299,-0.0981810315138517));
#16638=CARTESIAN_POINT('',(-0.0114097257060762,0.10299,-0.0981267780416294));
#16639=CARTESIAN_POINT('',(-0.0117895000116318,0.10299,-0.0992148856805183));
#16640=CARTESIAN_POINT('',(-0.0117895000116318,0.103,-0.0992148856805183));
#16641=CARTESIAN_POINT('',(-0.0115363171412614,0.10299,-0.0989434736434813));
#16642=CARTESIAN_POINT('',(-0.0115363171412614,0.103,-0.0989434736434813));
#16643=CARTESIAN_POINT('',(-0.0114097257060762,0.10299,-0.0985988555879258));
#16644=CARTESIAN_POINT('',(-0.0114097257060762,0.103,-0.0985988555879258));
#16645=CARTESIAN_POINT('',(-0.0114097257060762,0.10299,-0.0981810315138517));
#16646=CARTESIAN_POINT('',(-0.0114097257060762,0.103,-0.0981810315138517));
#16647=CARTESIAN_POINT('',(-0.0117895000116318,0.10299,-0.0992148856805183));
#16648=CARTESIAN_POINT('',(-0.0114097257060762,0.10299,-0.0988077676249628));
#16649=CARTESIAN_POINT('',(-0.0114097257060762,0.10299,-0.0981810315138517));
#16650=CARTESIAN_POINT('',(-0.012386722233854,0.10299,-0.0973537745694072));
#16651=CARTESIAN_POINT('',(-0.012386722233854,0.103,-0.0973537745694072));
#16652=CARTESIAN_POINT('',(-0.0123019421412614,0.10299,-0.0974660430879257));
#16653=CARTESIAN_POINT('',(-0.0123019421412614,0.103,-0.0974660430879257));
#16654=CARTESIAN_POINT('',(-0.0122494247801503,0.10299,-0.0976133231805183));
#16655=CARTESIAN_POINT('',(-0.0122494247801503,0.103,-0.0976133231805183));
#16656=CARTESIAN_POINT('',(-0.0122291701505206,0.10299,-0.097795614847185));
#16657=CARTESIAN_POINT('',(-0.0122291701505206,0.103,-0.097795614847185));
#16658=CARTESIAN_POINT('',(-0.012386722233854,0.103,-0.0973537745694072));
#16659=CARTESIAN_POINT('',(-0.0122595520949651,0.103,-0.097522177347185));
#16660=CARTESIAN_POINT('',(-0.0122291701505206,0.103,-0.097795614847185));
#16661=CARTESIAN_POINT('',(-0.012386722233854,0.10299,-0.0973537745694072));
#16662=CARTESIAN_POINT('',(-0.0122595520949651,0.10299,-0.097522177347185));
#16663=CARTESIAN_POINT('',(-0.0122291701505206,0.10299,-0.097795614847185));
#16664=CARTESIAN_POINT('',(0.,0.10299,-0.0825));
#16665=CARTESIAN_POINT('',(-0.0151501770949651,0.10299,-0.0981272120694072));
#16666=CARTESIAN_POINT('',(-0.0151501770949651,0.103,-0.0981272120694072));
#16667=CARTESIAN_POINT('',(-0.0151501770949651,0.10299,-0.0983945731805183));
#16668=CARTESIAN_POINT('',(-0.0151501770949651,0.103,-0.0983945731805183));
#16669=CARTESIAN_POINT('',(-0.015197196770891,0.10299,-0.0986092722545924));
#16670=CARTESIAN_POINT('',(-0.015197196770891,0.103,-0.0986092722545924));
#16671=CARTESIAN_POINT('',(-0.0152912361227428,0.10299,-0.0987713092916294));
#16672=CARTESIAN_POINT('',(-0.0152912361227428,0.103,-0.0987713092916294));
#16673=CARTESIAN_POINT('',(-0.0151501770949651,0.103,-0.0981272120694072));
#16674=CARTESIAN_POINT('',(-0.0151501770949651,0.103,-0.0985282537360739));
#16675=CARTESIAN_POINT('',(-0.0152912361227428,0.103,-0.0987713092916294));
#16676=CARTESIAN_POINT('',(-0.0151501770949651,0.103,-0.0981272120694072));
#16677=CARTESIAN_POINT('',(-0.0152912361227428,0.103,-0.0987713092916294));
#16678=CARTESIAN_POINT('',(-0.0151501770949651,0.10299,-0.0981272120694072));
#16679=CARTESIAN_POINT('',(-0.0151501770949651,0.10299,-0.0981272120694072));
#16680=CARTESIAN_POINT('',(-0.0151501770949651,0.10299,-0.0981272120694072));
#16681=CARTESIAN_POINT('',(-0.0151501770949651,0.10299,-0.0985282537360739));
#16682=CARTESIAN_POINT('',(-0.0152912361227428,0.10299,-0.0987713092916294));
#16683=CARTESIAN_POINT('',(-0.0152912361227428,0.10299,-0.0987713092916294));
#16684=CARTESIAN_POINT('',(-0.0152912361227428,0.10299,-0.0987713092916294));
#16685=CARTESIAN_POINT('',(-0.0151501770949651,0.10299,-0.0980985662360739));
#16686=CARTESIAN_POINT('',(-0.0151501770949651,0.103,-0.0980985662360739));
#16687=CARTESIAN_POINT('',(-0.0151501770949651,0.103,-0.0980699204027406));
#16688=CARTESIAN_POINT('',(-0.0151501770949651,0.10299,-0.0980699204027406));
#16689=CARTESIAN_POINT('',(-0.0151501770949651,0.10299,-0.0980699204027406));
#16690=CARTESIAN_POINT('',(-0.0151501770949651,0.10299,-0.0980985662360739));
#16691=CARTESIAN_POINT('',(-0.0152912361227428,0.10299,-0.097432333597185));
#16692=CARTESIAN_POINT('',(-0.0152912361227428,0.103,-0.097432333597185));
#16693=CARTESIAN_POINT('',(-0.015197196770891,0.10299,-0.0975969748008887));
#16694=CARTESIAN_POINT('',(-0.015197196770891,0.103,-0.0975969748008887));
#16695=CARTESIAN_POINT('',(-0.0151501770949651,0.10299,-0.0978095037360739));
#16696=CARTESIAN_POINT('',(-0.0151501770949651,0.103,-0.0978095037360739));
#16697=CARTESIAN_POINT('',(-0.0151501770949651,0.10299,-0.0980699204027406));
#16698=CARTESIAN_POINT('',(-0.0151501770949651,0.103,-0.0980699204027406));
#16699=CARTESIAN_POINT('',(-0.0152912361227428,0.103,-0.097432333597185));
#16700=CARTESIAN_POINT('',(-0.0151501770949651,0.103,-0.0976792954027406));
#16701=CARTESIAN_POINT('',(-0.0151501770949651,0.103,-0.0980699204027406));
#16702=CARTESIAN_POINT('',(-0.0152912361227428,0.103,-0.097432333597185));
#16703=CARTESIAN_POINT('',(-0.0152912361227428,0.10299,-0.097432333597185));
#16704=CARTESIAN_POINT('',(-0.0152912361227428,0.10299,-0.097432333597185));
#16705=CARTESIAN_POINT('',(-0.0152912361227428,0.10299,-0.097432333597185));
#16706=CARTESIAN_POINT('',(-0.0151501770949651,0.10299,-0.0976792954027406));
#16707=CARTESIAN_POINT('',(-0.0151501770949651,0.10299,-0.0980699204027406));
#16708=CARTESIAN_POINT('',(-0.015742190983854,0.10299,-0.0971853717916294));
#16709=CARTESIAN_POINT('',(-0.015742190983854,0.103,-0.0971853717916294));
#16710=CARTESIAN_POINT('',(-0.0155355937616318,0.10299,-0.0971853717916294));
#16711=CARTESIAN_POINT('',(-0.0155355937616318,0.103,-0.0971853717916294));
#16712=CARTESIAN_POINT('',(-0.0153852754745947,0.10299,-0.0972676923934813));
#16713=CARTESIAN_POINT('',(-0.0153852754745947,0.103,-0.0972676923934813));
#16714=CARTESIAN_POINT('',(-0.0152912361227428,0.10299,-0.097432333597185));
#16715=CARTESIAN_POINT('',(-0.0152912361227428,0.103,-0.097432333597185));
#16716=CARTESIAN_POINT('',(-0.015742190983854,0.103,-0.0971853717916294));
#16717=CARTESIAN_POINT('',(-0.0154322951505207,0.103,-0.0971853717916294));
#16718=CARTESIAN_POINT('',(-0.0152912361227428,0.103,-0.097432333597185));
#16719=CARTESIAN_POINT('',(-0.015742190983854,0.103,-0.0971853717916294));
#16720=CARTESIAN_POINT('',(-0.015742190983854,0.10299,-0.0971853717916294));
#16721=CARTESIAN_POINT('',(-0.015742190983854,0.10299,-0.0971853717916294));
#16722=CARTESIAN_POINT('',(-0.015742190983854,0.10299,-0.0971853717916294));
#16723=CARTESIAN_POINT('',(-0.0154322951505207,0.10299,-0.0971853717916294));
#16724=CARTESIAN_POINT('',(-0.0152912361227428,0.10299,-0.097432333597185));
#16725=CARTESIAN_POINT('',(-0.0161948819560762,0.10299,-0.097432333597185));
#16726=CARTESIAN_POINT('',(-0.0161948819560762,0.103,-0.097432333597185));
#16727=CARTESIAN_POINT('',(-0.0160991064931132,0.10299,-0.0972676923934813));
#16728=CARTESIAN_POINT('',(-0.0160991064931132,0.103,-0.0972676923934813));
#16729=CARTESIAN_POINT('',(-0.0159482095023725,0.10299,-0.0971853717916294));
#16730=CARTESIAN_POINT('',(-0.0159482095023725,0.103,-0.0971853717916294));
#16731=CARTESIAN_POINT('',(-0.015742190983854,0.10299,-0.0971853717916294));
#16732=CARTESIAN_POINT('',(-0.015742190983854,0.103,-0.0971853717916294));
#16733=CARTESIAN_POINT('',(-0.0161948819560762,0.103,-0.097432333597185));
#16734=CARTESIAN_POINT('',(-0.0160512187616317,0.103,-0.0971853717916294));
#16735=CARTESIAN_POINT('',(-0.015742190983854,0.103,-0.0971853717916294));
#16736=CARTESIAN_POINT('',(-0.0161948819560762,0.103,-0.097432333597185));
#16737=CARTESIAN_POINT('',(-0.0161948819560762,0.10299,-0.097432333597185));
#16738=CARTESIAN_POINT('',(-0.0161948819560762,0.10299,-0.097432333597185));
#16739=CARTESIAN_POINT('',(-0.0161948819560762,0.10299,-0.097432333597185));
#16740=CARTESIAN_POINT('',(-0.0160512187616317,0.10299,-0.0971853717916294));
#16741=CARTESIAN_POINT('',(-0.015742190983854,0.10299,-0.0971853717916294));
#16742=CARTESIAN_POINT('',(-0.0163385451505207,0.10299,-0.0980699204027406));
#16743=CARTESIAN_POINT('',(-0.0163385451505207,0.103,-0.0980699204027406));
#16744=CARTESIAN_POINT('',(-0.0163385451505207,0.10299,-0.0978095037360739));
#16745=CARTESIAN_POINT('',(-0.0163385451505207,0.103,-0.0978095037360739));
#16746=CARTESIAN_POINT('',(-0.0162906574190392,0.10299,-0.0975969748008887));
#16747=CARTESIAN_POINT('',(-0.0162906574190392,0.103,-0.0975969748008887));
#16748=CARTESIAN_POINT('',(-0.0161948819560762,0.10299,-0.097432333597185));
#16749=CARTESIAN_POINT('',(-0.0161948819560762,0.103,-0.097432333597185));
#16750=CARTESIAN_POINT('',(-0.0163385451505207,0.103,-0.0980699204027406));
#16751=CARTESIAN_POINT('',(-0.0163385451505207,0.103,-0.0976792954027406));
#16752=CARTESIAN_POINT('',(-0.0161948819560762,0.103,-0.097432333597185));
#16753=CARTESIAN_POINT('',(-0.0163385451505207,0.103,-0.0980699204027406));
#16754=CARTESIAN_POINT('',(-0.0163385451505207,0.10299,-0.0980699204027406));
#16755=CARTESIAN_POINT('',(-0.0163385451505207,0.10299,-0.0980699204027406));
#16756=CARTESIAN_POINT('',(-0.0163385451505207,0.10299,-0.0980699204027406));
#16757=CARTESIAN_POINT('',(-0.0163385451505207,0.10299,-0.0976792954027406));
#16758=CARTESIAN_POINT('',(-0.0161948819560762,0.10299,-0.097432333597185));
#16759=CARTESIAN_POINT('',(-0.0163385451505207,0.10299,-0.0980985662360739));
#16760=CARTESIAN_POINT('',(-0.0163385451505207,0.103,-0.0980985662360739));
#16761=CARTESIAN_POINT('',(-0.0163385451505207,0.103,-0.0981272120694072));
#16762=CARTESIAN_POINT('',(-0.0163385451505207,0.10299,-0.0981272120694072));
#16763=CARTESIAN_POINT('',(-0.0163385451505207,0.10299,-0.0981272120694072));
#16764=CARTESIAN_POINT('',(-0.0163385451505207,0.10299,-0.0980985662360739));
#16765=CARTESIAN_POINT('',(-0.0161961840394096,0.10299,-0.0987700072082961));
#16766=CARTESIAN_POINT('',(-0.0161961840394096,0.103,-0.0987700072082961));
#16767=CARTESIAN_POINT('',(-0.016291091446817,0.10299,-0.0986071021157035));
#16768=CARTESIAN_POINT('',(-0.016291091446817,0.103,-0.0986071021157035));
#16769=CARTESIAN_POINT('',(-0.0163385451505207,0.10299,-0.0983928370694072));
#16770=CARTESIAN_POINT('',(-0.0163385451505207,0.103,-0.0983928370694072));
#16771=CARTESIAN_POINT('',(-0.0163385451505207,0.10299,-0.0981272120694072));
#16772=CARTESIAN_POINT('',(-0.0163385451505207,0.103,-0.0981272120694072));
#16773=CARTESIAN_POINT('',(-0.0161961840394096,0.103,-0.0987700072082961));
#16774=CARTESIAN_POINT('',(-0.0163385451505207,0.103,-0.0985256495694072));
#16775=CARTESIAN_POINT('',(-0.0163385451505207,0.103,-0.0981272120694072));
#16776=CARTESIAN_POINT('',(-0.0161961840394096,0.103,-0.0987700072082961));
#16777=CARTESIAN_POINT('',(-0.0161961840394096,0.10299,-0.0987700072082961));
#16778=CARTESIAN_POINT('',(-0.0161961840394096,0.10299,-0.0987700072082961));
#16779=CARTESIAN_POINT('',(-0.0161961840394096,0.10299,-0.0987700072082961));
#16780=CARTESIAN_POINT('',(-0.0163385451505207,0.10299,-0.0985256495694072));
#16781=CARTESIAN_POINT('',(-0.0163385451505207,0.10299,-0.0981272120694072));
#16782=CARTESIAN_POINT('',(-0.0157473993171873,0.10299,-0.099014364847185));
#16783=CARTESIAN_POINT('',(-0.0157473993171873,0.103,-0.099014364847185));
#16784=CARTESIAN_POINT('',(-0.0159516817245947,0.10299,-0.099014364847185));
#16785=CARTESIAN_POINT('',(-0.0159516817245947,0.103,-0.099014364847185));
#16786=CARTESIAN_POINT('',(-0.0161012766320021,0.10299,-0.0989329123008887));
#16787=CARTESIAN_POINT('',(-0.0161012766320021,0.103,-0.0989329123008887));
#16788=CARTESIAN_POINT('',(-0.0161961840394096,0.10299,-0.0987700072082961));
#16789=CARTESIAN_POINT('',(-0.0161961840394096,0.103,-0.0987700072082961));
#16790=CARTESIAN_POINT('',(-0.0157473993171873,0.103,-0.099014364847185));
#16791=CARTESIAN_POINT('',(-0.0160538229282984,0.103,-0.099014364847185));
#16792=CARTESIAN_POINT('',(-0.0161961840394096,0.103,-0.0987700072082961));
#16793=CARTESIAN_POINT('',(-0.0157473993171873,0.103,-0.099014364847185));
#16794=CARTESIAN_POINT('',(-0.0157473993171873,0.10299,-0.099014364847185));
#16795=CARTESIAN_POINT('',(-0.0157473993171873,0.10299,-0.099014364847185));
#16796=CARTESIAN_POINT('',(-0.0157473993171873,0.10299,-0.099014364847185));
#16797=CARTESIAN_POINT('',(-0.0160538229282984,0.10299,-0.099014364847185));
#16798=CARTESIAN_POINT('',(-0.0161961840394096,0.10299,-0.0987700072082961));
#16799=CARTESIAN_POINT('',(-0.0143585104282984,0.10299,-0.0980699204027406));
#16800=CARTESIAN_POINT('',(-0.0143585104282984,0.103,-0.0980699204027406));
#16801=CARTESIAN_POINT('',(-0.0143585104282984,0.10299,-0.0976324204027406));
#16802=CARTESIAN_POINT('',(-0.0143585104282984,0.103,-0.0976324204027406));
#16803=CARTESIAN_POINT('',(-0.0144810509375577,0.10299,-0.0972739134582961));
#16804=CARTESIAN_POINT('',(-0.0144810509375577,0.103,-0.0972739134582961));
#16805=CARTESIAN_POINT('',(-0.0147261319560762,0.10299,-0.0969943995694072));
#16806=CARTESIAN_POINT('',(-0.0147261319560762,0.103,-0.0969943995694072));
#16807=CARTESIAN_POINT('',(-0.0143585104282984,0.10299,-0.0980699204027406));
#16808=CARTESIAN_POINT('',(-0.0143585104282984,0.10299,-0.0980699204027406));
#16809=CARTESIAN_POINT('',(-0.0143585104282984,0.10299,-0.0980699204027406));
#16810=CARTESIAN_POINT('',(-0.0143585104282984,0.10299,-0.0974136704027406));
#16811=CARTESIAN_POINT('',(-0.0147261319560762,0.10299,-0.0969943995694072));
#16812=CARTESIAN_POINT('',(-0.0147261319560762,0.10299,-0.0969943995694072));
#16813=CARTESIAN_POINT('',(-0.0147261319560762,0.10299,-0.0969943995694072));
#16814=CARTESIAN_POINT('',(-0.0143585104282984,0.10299,-0.0980985662360739));
#16815=CARTESIAN_POINT('',(-0.0143585104282984,0.10299,-0.0981272120694072));
#16816=CARTESIAN_POINT('',(-0.0143585104282984,0.10299,-0.0981272120694072));
#16817=CARTESIAN_POINT('',(-0.0143585104282984,0.10299,-0.0980985662360739));
#16818=CARTESIAN_POINT('',(-0.0147261319560762,0.10299,-0.0992053370694072));
#16819=CARTESIAN_POINT('',(-0.0147261319560762,0.103,-0.0992053370694072));
#16820=CARTESIAN_POINT('',(-0.0144810509375577,0.10299,-0.0989275592916295));
#16821=CARTESIAN_POINT('',(-0.0144810509375577,0.103,-0.0989275592916295));
#16822=CARTESIAN_POINT('',(-0.0143585104282984,0.10299,-0.0985681842916295));
#16823=CARTESIAN_POINT('',(-0.0143585104282984,0.103,-0.0985681842916295));
#16824=CARTESIAN_POINT('',(-0.0143585104282984,0.10299,-0.0981272120694072));
#16825=CARTESIAN_POINT('',(-0.0143585104282984,0.103,-0.0981272120694072));
#16826=CARTESIAN_POINT('',(-0.0147261319560762,0.10299,-0.0992053370694072));
#16827=CARTESIAN_POINT('',(-0.0147261319560762,0.10299,-0.0992053370694072));
#16828=CARTESIAN_POINT('',(-0.0147261319560762,0.10299,-0.0992053370694072));
#16829=CARTESIAN_POINT('',(-0.0143585104282984,0.10299,-0.0987886704027406));
#16830=CARTESIAN_POINT('',(-0.0143585104282984,0.10299,-0.0981272120694072));
#16831=CARTESIAN_POINT('',(-0.0157473993171873,0.10299,-0.0996220037360739));
#16832=CARTESIAN_POINT('',(-0.0157473993171873,0.103,-0.0996220037360739));
#16833=CARTESIAN_POINT('',(-0.0153116354282984,0.10299,-0.0996220037360739));
#16834=CARTESIAN_POINT('',(-0.0153116354282984,0.103,-0.0996220037360739));
#16835=CARTESIAN_POINT('',(-0.0149712129745947,0.10299,-0.099483114847185));
#16836=CARTESIAN_POINT('',(-0.0149712129745947,0.103,-0.099483114847185));
#16837=CARTESIAN_POINT('',(-0.0147261319560762,0.10299,-0.0992053370694072));
#16838=CARTESIAN_POINT('',(-0.0147261319560762,0.103,-0.0992053370694072));
#16839=CARTESIAN_POINT('',(-0.0157473993171873,0.10299,-0.0996220037360739));
#16840=CARTESIAN_POINT('',(-0.0157473993171873,0.10299,-0.0996220037360739));
#16841=CARTESIAN_POINT('',(-0.0157473993171873,0.10299,-0.0996220037360739));
#16842=CARTESIAN_POINT('',(-0.015093753483854,0.10299,-0.0996220037360739));
#16843=CARTESIAN_POINT('',(-0.0147261319560762,0.10299,-0.0992053370694072));
#16844=CARTESIAN_POINT('',(-0.0167608541782984,0.10299,-0.0992053370694072));
#16845=CARTESIAN_POINT('',(-0.0167608541782984,0.103,-0.0992053370694072));
#16846=CARTESIAN_POINT('',(-0.0165157731597799,0.10299,-0.099483114847185));
#16847=CARTESIAN_POINT('',(-0.0165157731597799,0.103,-0.099483114847185));
#16848=CARTESIAN_POINT('',(-0.0161779548727429,0.10299,-0.0996220037360739));
#16849=CARTESIAN_POINT('',(-0.0161779548727429,0.103,-0.0996220037360739));
#16850=CARTESIAN_POINT('',(-0.0157473993171873,0.10299,-0.0996220037360739));
#16851=CARTESIAN_POINT('',(-0.0157473993171873,0.103,-0.0996220037360739));
#16852=CARTESIAN_POINT('',(-0.0167608541782984,0.10299,-0.0992053370694072));
#16853=CARTESIAN_POINT('',(-0.0167608541782984,0.10299,-0.0992053370694072));
#16854=CARTESIAN_POINT('',(-0.0167608541782984,0.10299,-0.0992053370694072));
#16855=CARTESIAN_POINT('',(-0.0163932326505206,0.10299,-0.0996220037360739));
#16856=CARTESIAN_POINT('',(-0.0157473993171873,0.10299,-0.0996220037360739));
#16857=CARTESIAN_POINT('',(-0.0171284757060762,0.10299,-0.0981272120694072));
#16858=CARTESIAN_POINT('',(-0.0171284757060762,0.103,-0.0981272120694072));
#16859=CARTESIAN_POINT('',(-0.0171284757060762,0.10299,-0.0985681842916295));
#16860=CARTESIAN_POINT('',(-0.0171284757060762,0.103,-0.0985681842916295));
#16861=CARTESIAN_POINT('',(-0.0170059351968169,0.10299,-0.0989275592916295));
#16862=CARTESIAN_POINT('',(-0.0170059351968169,0.103,-0.0989275592916295));
#16863=CARTESIAN_POINT('',(-0.0167608541782984,0.10299,-0.0992053370694072));
#16864=CARTESIAN_POINT('',(-0.0167608541782984,0.103,-0.0992053370694072));
#16865=CARTESIAN_POINT('',(-0.0171284757060762,0.10299,-0.0981272120694072));
#16866=CARTESIAN_POINT('',(-0.0171284757060762,0.10299,-0.0981272120694072));
#16867=CARTESIAN_POINT('',(-0.0171284757060762,0.10299,-0.0981272120694072));
#16868=CARTESIAN_POINT('',(-0.0171284757060762,0.10299,-0.0987886704027406));
#16869=CARTESIAN_POINT('',(-0.0167608541782984,0.10299,-0.0992053370694072));
#16870=CARTESIAN_POINT('',(-0.0171284757060762,0.10299,-0.0980985662360739));
#16871=CARTESIAN_POINT('',(-0.0171284757060762,0.10299,-0.0980699204027406));
#16872=CARTESIAN_POINT('',(-0.0171284757060762,0.10299,-0.0980699204027406));
#16873=CARTESIAN_POINT('',(-0.0171284757060762,0.10299,-0.0980985662360739));
#16874=CARTESIAN_POINT('',(-0.0167608541782984,0.10299,-0.0969930974860739));
#16875=CARTESIAN_POINT('',(-0.0167608541782984,0.103,-0.0969930974860739));
#16876=CARTESIAN_POINT('',(-0.0170059351968169,0.10299,-0.0972717433194072));
#16877=CARTESIAN_POINT('',(-0.0170059351968169,0.103,-0.0972717433194072));
#16878=CARTESIAN_POINT('',(-0.0171284757060762,0.10299,-0.0976306842916295));
#16879=CARTESIAN_POINT('',(-0.0171284757060762,0.103,-0.0976306842916295));
#16880=CARTESIAN_POINT('',(-0.0171284757060762,0.10299,-0.0980699204027406));
#16881=CARTESIAN_POINT('',(-0.0171284757060762,0.103,-0.0980699204027406));
#16882=CARTESIAN_POINT('',(-0.0167608541782984,0.10299,-0.0969930974860739));
#16883=CARTESIAN_POINT('',(-0.0167608541782984,0.10299,-0.0969930974860739));
#16884=CARTESIAN_POINT('',(-0.0167608541782984,0.10299,-0.0969930974860739));
#16885=CARTESIAN_POINT('',(-0.0171284757060762,0.10299,-0.0974110662360739));
#16886=CARTESIAN_POINT('',(-0.0171284757060762,0.10299,-0.0980699204027406));
#16887=CARTESIAN_POINT('',(-0.015742190983854,0.10299,-0.0965751287360739));
#16888=CARTESIAN_POINT('',(-0.015742190983854,0.103,-0.0965751287360739));
#16889=CARTESIAN_POINT('',(-0.0161762187616318,0.10299,-0.0965751287360739));
#16890=CARTESIAN_POINT('',(-0.0161762187616318,0.103,-0.0965751287360739));
#16891=CARTESIAN_POINT('',(-0.0165157731597799,0.10299,-0.0967144516527406));
#16892=CARTESIAN_POINT('',(-0.0165157731597799,0.103,-0.0967144516527406));
#16893=CARTESIAN_POINT('',(-0.0167608541782984,0.10299,-0.0969930974860739));
#16894=CARTESIAN_POINT('',(-0.0167608541782984,0.103,-0.0969930974860739));
#16895=CARTESIAN_POINT('',(-0.015742190983854,0.10299,-0.0965751287360739));
#16896=CARTESIAN_POINT('',(-0.015742190983854,0.10299,-0.0965751287360739));
#16897=CARTESIAN_POINT('',(-0.015742190983854,0.10299,-0.0965751287360739));
#16898=CARTESIAN_POINT('',(-0.0163932326505206,0.10299,-0.0965751287360739));
#16899=CARTESIAN_POINT('',(-0.0167608541782984,0.10299,-0.0969930974860739));
#16900=CARTESIAN_POINT('',(-0.0147261319560762,0.10299,-0.0969943995694072));
#16901=CARTESIAN_POINT('',(-0.0147261319560762,0.103,-0.0969943995694072));
#16902=CARTESIAN_POINT('',(-0.0149712129745947,0.10299,-0.0967148856805183));
#16903=CARTESIAN_POINT('',(-0.0149712129745947,0.103,-0.0967148856805183));
#16904=CARTESIAN_POINT('',(-0.0153098993171873,0.10299,-0.0965751287360739));
#16905=CARTESIAN_POINT('',(-0.0153098993171873,0.103,-0.0965751287360739));
#16906=CARTESIAN_POINT('',(-0.015742190983854,0.10299,-0.0965751287360739));
#16907=CARTESIAN_POINT('',(-0.015742190983854,0.103,-0.0965751287360739));
#16908=CARTESIAN_POINT('',(-0.0147261319560762,0.10299,-0.0969943995694072));
#16909=CARTESIAN_POINT('',(-0.015093753483854,0.10299,-0.0965751287360739));
#16910=CARTESIAN_POINT('',(-0.015742190983854,0.10299,-0.0965751287360739));
#16911=CARTESIAN_POINT('',(-0.0152912361227428,0.10299,-0.0987713092916294));
#16912=CARTESIAN_POINT('',(-0.0152912361227428,0.103,-0.0987713092916294));
#16913=CARTESIAN_POINT('',(-0.0153852754745947,0.10299,-0.0989333463286665));
#16914=CARTESIAN_POINT('',(-0.0153852754745947,0.103,-0.0989333463286665));
#16915=CARTESIAN_POINT('',(-0.0155373298727429,0.10299,-0.099014364847185));
#16916=CARTESIAN_POINT('',(-0.0155373298727429,0.103,-0.099014364847185));
#16917=CARTESIAN_POINT('',(-0.0157473993171873,0.10299,-0.099014364847185));
#16918=CARTESIAN_POINT('',(-0.0157473993171873,0.103,-0.099014364847185));
#16919=CARTESIAN_POINT('',(-0.0152912361227428,0.103,-0.0987713092916294));
#16920=CARTESIAN_POINT('',(-0.0154322951505207,0.103,-0.099014364847185));
#16921=CARTESIAN_POINT('',(-0.0157473993171873,0.103,-0.099014364847185));
#16922=CARTESIAN_POINT('',(-0.0152912361227428,0.10299,-0.0987713092916294));
#16923=CARTESIAN_POINT('',(-0.0154322951505207,0.10299,-0.099014364847185));
#16924=CARTESIAN_POINT('',(-0.0157473993171873,0.10299,-0.099014364847185));
#16925=CARTESIAN_POINT('',(0.,0.10299,-0.0825));
#16926=CARTESIAN_POINT('',(-0.0456307508196579,0.10299,-0.0983520335934815));
#16927=CARTESIAN_POINT('',(-0.0456307508196579,0.103,-0.0983520335934815));
#16928=CARTESIAN_POINT('',(-0.0456202894192904,0.103,-0.0990360662360739));
#16929=CARTESIAN_POINT('',(-0.0459461900289144,0.103,-0.0989582608467531));
#16930=CARTESIAN_POINT('',(-0.0456202894192904,0.10299,-0.0990360662360739));
#16931=CARTESIAN_POINT('',(-0.0456202894192904,0.10299,-0.0990360662360739));
#16932=CARTESIAN_POINT('',(-0.0456307508196579,0.10299,-0.0983520335934815));
#16933=CARTESIAN_POINT('',(-0.0459461908677644,0.10299000025,-0.0989582604258921));
#16934=CARTESIAN_POINT('',(-0.0459462442804015,0.10299,-0.0989583752638517));
#16935=CARTESIAN_POINT('',(-0.0453537963637348,0.10299,-0.098951864847185));
#16936=CARTESIAN_POINT('',(-0.0453537963637348,0.103,-0.098951864847185));
#16937=CARTESIAN_POINT('',(-0.0454180324748459,0.10299,-0.0990079991064443));
#16938=CARTESIAN_POINT('',(-0.0454180324748459,0.103,-0.0990079991064443));
#16939=CARTESIAN_POINT('',(-0.0455068634933645,0.10299,-0.0990360662360739));
#16940=CARTESIAN_POINT('',(-0.0455068634933645,0.103,-0.0990360662360739));
#16941=CARTESIAN_POINT('',(-0.0456202894192904,0.10299,-0.0990360662360739));
#16942=CARTESIAN_POINT('',(-0.0456202894192904,0.103,-0.0990360662360739));
#16943=CARTESIAN_POINT('',(-0.0453537963637348,0.103,-0.098951864847185));
#16944=CARTESIAN_POINT('',(-0.0454501505304015,0.103,-0.0990360662360739));
#16945=CARTESIAN_POINT('',(-0.0456202894192904,0.103,-0.0990360662360739));
#16946=CARTESIAN_POINT('',(-0.0453537963637348,0.103,-0.098951864847185));
#16947=CARTESIAN_POINT('',(-0.0453537963637348,0.10299,-0.098951864847185));
#16948=CARTESIAN_POINT('',(-0.0453537963637348,0.10299,-0.098951864847185));
#16949=CARTESIAN_POINT('',(-0.0453537963637348,0.10299,-0.098951864847185));
#16950=CARTESIAN_POINT('',(-0.0454501505304015,0.10299,-0.0990360662360739));
#16951=CARTESIAN_POINT('',(-0.0456202894192904,0.10299,-0.0990360662360739));
#16952=CARTESIAN_POINT('',(-0.0452574421970682,0.10299,-0.0987183579027406));
#16953=CARTESIAN_POINT('',(-0.0452574421970682,0.103,-0.0987183579027406));
#16954=CARTESIAN_POINT('',(-0.0452574421970682,0.10299,-0.0988178949397776));
#16955=CARTESIAN_POINT('',(-0.0452574421970682,0.103,-0.0988178949397776));
#16956=CARTESIAN_POINT('',(-0.0452895602526237,0.10299,-0.0988957305879257));
#16957=CARTESIAN_POINT('',(-0.0452895602526237,0.103,-0.0988957305879257));
#16958=CARTESIAN_POINT('',(-0.0453537963637348,0.10299,-0.098951864847185));
#16959=CARTESIAN_POINT('',(-0.0453537963637348,0.103,-0.098951864847185));
#16960=CARTESIAN_POINT('',(-0.0452574421970682,0.103,-0.0987183579027406));
#16961=CARTESIAN_POINT('',(-0.0452574421970682,0.103,-0.0988676634582961));
#16962=CARTESIAN_POINT('',(-0.0453537963637348,0.103,-0.098951864847185));
#16963=CARTESIAN_POINT('',(-0.0452574421970682,0.103,-0.0987183579027406));
#16964=CARTESIAN_POINT('',(-0.0452574421970682,0.10299,-0.0987183579027406));
#16965=CARTESIAN_POINT('',(-0.0452574421970682,0.10299,-0.0987183579027406));
#16966=CARTESIAN_POINT('',(-0.0452574421970682,0.10299,-0.0987183579027406));
#16967=CARTESIAN_POINT('',(-0.0452574421970682,0.10299,-0.0988676634582961));
#16968=CARTESIAN_POINT('',(-0.0453537963637348,0.10299,-0.098951864847185));
#16969=CARTESIAN_POINT('',(-0.0456261993515049,0.10299,-0.0987167381763365));
#16970=CARTESIAN_POINT('',(-0.0456261993515049,0.103,-0.0987167381763365));
#16971=CARTESIAN_POINT('',(-0.0453876505304015,0.103,-0.0984345037360739));
#16972=CARTESIAN_POINT('',(-0.0453876505304015,0.10299,-0.0984345037360739));
#16973=CARTESIAN_POINT('',(-0.0453876505304015,0.10299,-0.0984345037360739));
#16974=CARTESIAN_POINT('',(-0.0456261993515049,0.10299,-0.0987167381763365));
#16975=CARTESIAN_POINT('',(-0.0457695949748459,0.10299,-0.0983164481805183));
#16976=CARTESIAN_POINT('',(-0.0457695949748459,0.103,-0.0983164481805183));
#16977=CARTESIAN_POINT('',(-0.0456017709007718,0.10299,-0.0983164481805183));
#16978=CARTESIAN_POINT('',(-0.0456017709007718,0.103,-0.0983164481805183));
#16979=CARTESIAN_POINT('',(-0.045474456085957,0.10299,-0.0983558000323702));
#16980=CARTESIAN_POINT('',(-0.045474456085957,0.103,-0.0983558000323702));
#16981=CARTESIAN_POINT('',(-0.0453876505304015,0.10299,-0.0984345037360739));
#16982=CARTESIAN_POINT('',(-0.0453876505304015,0.103,-0.0984345037360739));
#16983=CARTESIAN_POINT('',(-0.0457695949748459,0.103,-0.0983164481805183));
#16984=CARTESIAN_POINT('',(-0.0455178588637348,0.103,-0.0983164481805183));
#16985=CARTESIAN_POINT('',(-0.0453876505304015,0.103,-0.0984345037360739));
#16986=CARTESIAN_POINT('',(-0.0457695949748459,0.103,-0.0983164481805183));
#16987=CARTESIAN_POINT('',(-0.0457695949748459,0.10299,-0.0983164481805183));
#16988=CARTESIAN_POINT('',(-0.0457695949748459,0.10299,-0.0983164481805183));
#16989=CARTESIAN_POINT('',(-0.0457695949748459,0.10299,-0.0983164481805183));
#16990=CARTESIAN_POINT('',(-0.0455178588637348,0.10299,-0.0983164481805183));
#16991=CARTESIAN_POINT('',(-0.0453876505304015,0.10299,-0.0984345037360739));
#16992=CARTESIAN_POINT('',(-0.0459718519192904,0.10299,-0.0983164481805183));
#16993=CARTESIAN_POINT('',(-0.0459718519192904,0.103,-0.0983164481805183));
#16994=CARTESIAN_POINT('',(-0.0461741088637348,0.103,-0.0983164481805183));
#16995=CARTESIAN_POINT('',(-0.0461741088637348,0.10299,-0.0983164481805183));
#16996=CARTESIAN_POINT('',(-0.0461741088637348,0.10299,-0.0983164481805183));
#16997=CARTESIAN_POINT('',(-0.0459718519192904,0.10299,-0.0983164481805183));
#16998=CARTESIAN_POINT('',(-0.0461741088637348,0.10299,-0.0985404065138517));
#16999=CARTESIAN_POINT('',(-0.0461741088637348,0.103,-0.0985404065138517));
#17000=CARTESIAN_POINT('',(-0.0461741088637348,0.103,-0.0987651382455631));
#17001=CARTESIAN_POINT('',(-0.0461741088637348,0.10299,-0.0987651382455631));
#17002=CARTESIAN_POINT('',(-0.0461741088637348,0.10299,-0.0987651382455631));
#17003=CARTESIAN_POINT('',(-0.0461741088637348,0.10299,-0.0985404065138517));
#17004=CARTESIAN_POINT('',(-0.0476888997898365,0.10299,-0.0989571176106138));
#17005=CARTESIAN_POINT('',(-0.0463069213637348,0.10299,-0.0995647120694072));
#17006=CARTESIAN_POINT('',(-0.0463069213637348,0.10299,-0.0995647120694072));
#17007=CARTESIAN_POINT('',(-0.0476890004403673,0.102990000000001,-0.0989569110327118));
#17008=CARTESIAN_POINT('',(-0.0462500709710735,0.10299,-0.0994141021164171));
#17009=CARTESIAN_POINT('',(-0.0462500637248459,0.10299,-0.0994141044305183));
#17010=CARTESIAN_POINT('',(-0.0467639526137348,0.10299,-0.0995647120694072));
#17011=CARTESIAN_POINT('',(-0.0472209838637348,0.10299,-0.0995647120694072));
#17012=CARTESIAN_POINT('',(-0.0472209838637348,0.10299,-0.0995647120694072));
#17013=CARTESIAN_POINT('',(-0.0467639526137348,0.10299,-0.0995647120694072));
#17014=CARTESIAN_POINT('',(-0.0472209838637348,0.10299,-0.0993272988749628));
#17015=CARTESIAN_POINT('',(-0.0472209838637348,0.10299,-0.0990898856805184));
#17016=CARTESIAN_POINT('',(-0.0472209838637348,0.10299,-0.0990898856805184));
#17017=CARTESIAN_POINT('',(-0.0472209838637348,0.10299,-0.0993272988749628));
#17018=CARTESIAN_POINT('',(-0.0471003241415126,0.10299,-0.0990738266527406));
#17019=CARTESIAN_POINT('',(-0.0469796421816888,0.10299,-0.099057764665282));
#17020=CARTESIAN_POINT('',(-0.0469796421816888,0.10299,-0.099057764665282));
#17021=CARTESIAN_POINT('',(-0.0471003241415126,0.10299,-0.0990738266527406));
#17022=CARTESIAN_POINT('',(-0.0479258469497742,0.10299,-0.0989251390724963));
#17023=CARTESIAN_POINT('',(-0.0469705498359571,0.10299,-0.0989436183194072));
#17024=CARTESIAN_POINT('',(-0.0469704487002189,0.10299,-0.0989436191934952));
#17025=CARTESIAN_POINT('',(-0.0479258469497742,0.10299,-0.0989251390724963));
#17026=CARTESIAN_POINT('',(-0.0469696932021852,0.102990000002383,-0.0988810383669217));
#17027=CARTESIAN_POINT('',(-0.0469692477526237,0.10299,-0.0988155801249628));
#17028=CARTESIAN_POINT('',(-0.0469691395024781,0.102990000249999,-0.0988155812672383));
#17029=CARTESIAN_POINT('',(-0.0469696932021852,0.10299,-0.0988810383669217));
#17030=CARTESIAN_POINT('',(-0.0469692477526237,0.10299,-0.098209677347185));
#17031=CARTESIAN_POINT('',(-0.0469692477526237,0.10299,-0.0976037745694072));
#17032=CARTESIAN_POINT('',(-0.0469692477526237,0.10299,-0.0976037745694072));
#17033=CARTESIAN_POINT('',(-0.0469692477526237,0.10299,-0.098209677347185));
#17034=CARTESIAN_POINT('',(-0.0466285359470682,0.10299,-0.096842489847185));
#17035=CARTESIAN_POINT('',(-0.0466285359470682,0.103,-0.096842489847185));
#17036=CARTESIAN_POINT('',(-0.0468556771507719,0.10299,-0.0970207305879257));
#17037=CARTESIAN_POINT('',(-0.0468556771507719,0.103,-0.0970207305879257));
#17038=CARTESIAN_POINT('',(-0.0469692477526237,0.10299,-0.0972744921619998));
#17039=CARTESIAN_POINT('',(-0.0469692477526237,0.103,-0.0972744921619998));
#17040=CARTESIAN_POINT('',(-0.0469692477526237,0.10299,-0.0976037745694072));
#17041=CARTESIAN_POINT('',(-0.0469692477526237,0.103,-0.0976037745694072));
#17042=CARTESIAN_POINT('',(-0.0466285359470682,0.10299,-0.096842489847185));
#17043=CARTESIAN_POINT('',(-0.0466285359470682,0.10299,-0.096842489847185));
#17044=CARTESIAN_POINT('',(-0.0466285359470682,0.10299,-0.096842489847185));
#17045=CARTESIAN_POINT('',(-0.0469692477526237,0.10299,-0.0971098509582961));
#17046=CARTESIAN_POINT('',(-0.0469692477526237,0.10299,-0.0976037745694072));
#17047=CARTESIAN_POINT('',(-0.0457426852526237,0.10299,-0.0965751287360739));
#17048=CARTESIAN_POINT('',(-0.0457426852526237,0.103,-0.0965751287360739));
#17049=CARTESIAN_POINT('',(-0.0461061111785496,0.10299,-0.0965751287360739));
#17050=CARTESIAN_POINT('',(-0.0461061111785496,0.103,-0.0965751287360739));
#17051=CARTESIAN_POINT('',(-0.0464013947433645,0.10299,-0.0966642491064443));
#17052=CARTESIAN_POINT('',(-0.0464013947433645,0.103,-0.0966642491064443));
#17053=CARTESIAN_POINT('',(-0.0466285359470682,0.10299,-0.096842489847185));
#17054=CARTESIAN_POINT('',(-0.0466285359470682,0.103,-0.096842489847185));
#17055=CARTESIAN_POINT('',(-0.0457426852526237,0.10299,-0.0965751287360739));
#17056=CARTESIAN_POINT('',(-0.0457426852526237,0.10299,-0.0965751287360739));
#17057=CARTESIAN_POINT('',(-0.0457426852526237,0.10299,-0.0965751287360739));
#17058=CARTESIAN_POINT('',(-0.0462878241415126,0.10299,-0.0965751287360739));
#17059=CARTESIAN_POINT('',(-0.0466285359470682,0.10299,-0.096842489847185));
#17060=CARTESIAN_POINT('',(-0.0457222995204198,0.10299,-0.0983833091580407));
#17061=CARTESIAN_POINT('',(-0.0451311401137348,0.10299,-0.0966753891527406));
#17062=CARTESIAN_POINT('',(-0.0451311289314605,0.10299,-0.09667535669984));
#17063=CARTESIAN_POINT('',(-0.0457222995204198,0.10299,-0.0983833091580407));
#17064=CARTESIAN_POINT('',(-0.0458569994423895,0.10299,-0.0987708056939781));
#17065=CARTESIAN_POINT('',(-0.0446333121137403,0.10299,-0.0969218856791603));
#17066=CARTESIAN_POINT('',(-0.0446333121137403,0.10299,-0.0969218856791603));
#17067=CARTESIAN_POINT('',(-0.0458569994423895,0.10299,-0.0987708056939781));
#17068=CARTESIAN_POINT('',(-0.0446320081692904,0.10299,-0.0972478717916295));
#17069=CARTESIAN_POINT('',(-0.044630706085957,0.10299,-0.0975733926249628));
#17070=CARTESIAN_POINT('',(-0.044630706085957,0.10299,-0.0975733926249628));
#17071=CARTESIAN_POINT('',(-0.0446320081692904,0.10299,-0.0972478717916295));
#17072=CARTESIAN_POINT('',(-0.0449288831692904,0.10299,-0.0975733926249628));
#17073=CARTESIAN_POINT('',(-0.0452270602526237,0.10299,-0.0975733926249628));
#17074=CARTESIAN_POINT('',(-0.0452270602526237,0.10299,-0.0975733926249628));
#17075=CARTESIAN_POINT('',(-0.0449288831692904,0.10299,-0.0975733926249628));
#17076=CARTESIAN_POINT('',(-0.0452531019192904,0.10299,-0.0974162745694072));
#17077=CARTESIAN_POINT('',(-0.0452792342514112,0.10299,-0.0972586094989448));
#17078=CARTESIAN_POINT('',(-0.0452792342514112,0.10299,-0.0972586094989448));
#17079=CARTESIAN_POINT('',(-0.0452531019192904,0.10299,-0.0974162745694072));
#17080=CARTESIAN_POINT('',(-0.045616266567738,0.10299,-0.097804058680185));
#17081=CARTESIAN_POINT('',(-0.0454497165026237,0.10299,-0.0971845037360739));
#17082=CARTESIAN_POINT('',(-0.0454497212099847,0.10299,-0.0971845273726807));
#17083=CARTESIAN_POINT('',(-0.045616266567738,0.10299,-0.097804058680185));
#17084=CARTESIAN_POINT('',(-0.0456769997861431,0.10299,-0.0980096348987646));
#17085=CARTESIAN_POINT('',(-0.0456914699748459,0.10299,-0.0971532537360739));
#17086=CARTESIAN_POINT('',(-0.0456914699748459,0.10299,-0.0971532537360739));
#17087=CARTESIAN_POINT('',(-0.0456769997861431,0.10299,-0.0980096348987646));
#17088=CARTESIAN_POINT('',(-0.0460521470581793,0.10299,-0.0972700072082961));
#17089=CARTESIAN_POINT('',(-0.0460521470581793,0.103,-0.0972700072082961));
#17090=CARTESIAN_POINT('',(-0.0459708391878089,0.10299,-0.097192171560148));
#17091=CARTESIAN_POINT('',(-0.0459708391878089,0.103,-0.097192171560148));
#17092=CARTESIAN_POINT('',(-0.0458506134933644,0.10299,-0.0971532537360739));
#17093=CARTESIAN_POINT('',(-0.0458506134933644,0.103,-0.0971532537360739));
#17094=CARTESIAN_POINT('',(-0.0456914699748459,0.10299,-0.0971532537360739));
#17095=CARTESIAN_POINT('',(-0.0456914699748459,0.103,-0.0971532537360739));
#17096=CARTESIAN_POINT('',(-0.0460521470581793,0.10299,-0.0972700072082961));
#17097=CARTESIAN_POINT('',(-0.0460521470581793,0.10299,-0.0972700072082961));
#17098=CARTESIAN_POINT('',(-0.0460521470581793,0.10299,-0.0972700072082961));
#17099=CARTESIAN_POINT('',(-0.0459301852526237,0.10299,-0.0971532537360739));
#17100=CARTESIAN_POINT('',(-0.0456914699748459,0.10299,-0.0971532537360739));
#17101=CARTESIAN_POINT('',(-0.0461741088637348,0.10299,-0.0975976981805183));
#17102=CARTESIAN_POINT('',(-0.0461741088637348,0.103,-0.0975976981805183));
#17103=CARTESIAN_POINT('',(-0.0461741088637348,0.10299,-0.0974570731805183));
#17104=CARTESIAN_POINT('',(-0.0461741088637348,0.103,-0.0974570731805183));
#17105=CARTESIAN_POINT('',(-0.0461334549285496,0.10299,-0.0973478428564442));
#17106=CARTESIAN_POINT('',(-0.0461334549285496,0.103,-0.0973478428564442));
#17107=CARTESIAN_POINT('',(-0.0460521470581793,0.10299,-0.0972700072082961));
#17108=CARTESIAN_POINT('',(-0.0460521470581793,0.103,-0.0972700072082961));
#17109=CARTESIAN_POINT('',(-0.0461741088637348,0.10299,-0.0975976981805183));
#17110=CARTESIAN_POINT('',(-0.0461741088637348,0.10299,-0.0975976981805183));
#17111=CARTESIAN_POINT('',(-0.0461741088637348,0.10299,-0.0975976981805183));
#17112=CARTESIAN_POINT('',(-0.0461741088637348,0.10299,-0.0973867606805183));
#17113=CARTESIAN_POINT('',(-0.0460521470581793,0.10299,-0.0972700072082961));
#17114=CARTESIAN_POINT('',(-0.0461741088637348,0.10299,-0.0977417954027406));
#17115=CARTESIAN_POINT('',(-0.0461741088637348,0.10299,-0.0978858926249628));
#17116=CARTESIAN_POINT('',(-0.0461741088637348,0.10299,-0.0978858926249628));
#17117=CARTESIAN_POINT('',(-0.0461741088637348,0.10299,-0.0977417954027406));
#17118=CARTESIAN_POINT('',(-0.0459718519192904,0.10299,-0.0978858926249628));
#17119=CARTESIAN_POINT('',(-0.0457695949748459,0.10299,-0.0978858926249628));
#17120=CARTESIAN_POINT('',(-0.0457695949748459,0.10299,-0.0978858926249628));
#17121=CARTESIAN_POINT('',(-0.0459718519192904,0.10299,-0.0978858926249628));
#17122=CARTESIAN_POINT('',(-0.0447986748359571,0.10299,-0.0981107190138517));
#17123=CARTESIAN_POINT('',(-0.0447986748359571,0.103,-0.0981107190138517));
#17124=CARTESIAN_POINT('',(-0.04501945029892,0.10299,-0.0979608347545924));
#17125=CARTESIAN_POINT('',(-0.04501945029892,0.103,-0.0979608347545924));
#17126=CARTESIAN_POINT('',(-0.0453430903452163,0.10299,-0.0978858926249628));
#17127=CARTESIAN_POINT('',(-0.0453430903452163,0.103,-0.0978858926249628));
#17128=CARTESIAN_POINT('',(-0.0457695949748459,0.10299,-0.0978858926249628));
#17129=CARTESIAN_POINT('',(-0.0457695949748459,0.103,-0.0978858926249628));
#17130=CARTESIAN_POINT('',(-0.0447986748359571,0.10299,-0.0981107190138517));
#17131=CARTESIAN_POINT('',(-0.0447986748359571,0.10299,-0.0981107190138517));
#17132=CARTESIAN_POINT('',(-0.0447986748359571,0.10299,-0.0981107190138517));
#17133=CARTESIAN_POINT('',(-0.0451298380304015,0.10299,-0.0978858926249628));
#17134=CARTESIAN_POINT('',(-0.0457695949748459,0.10299,-0.0978858926249628));
#17135=CARTESIAN_POINT('',(-0.0444675116415126,0.10299,-0.0987478717916295));
#17136=CARTESIAN_POINT('',(-0.0444675116415126,0.103,-0.0987478717916295));
#17137=CARTESIAN_POINT('',(-0.0444675116415126,0.10299,-0.0984729875323703));
#17138=CARTESIAN_POINT('',(-0.0444675116415126,0.103,-0.0984729875323703));
#17139=CARTESIAN_POINT('',(-0.0445778993729941,0.10299,-0.098260603273111));
#17140=CARTESIAN_POINT('',(-0.0445778993729941,0.103,-0.098260603273111));
#17141=CARTESIAN_POINT('',(-0.0447986748359571,0.10299,-0.0981107190138517));
#17142=CARTESIAN_POINT('',(-0.0447986748359571,0.103,-0.0981107190138517));
#17143=CARTESIAN_POINT('',(-0.0444675116415126,0.10299,-0.0987478717916295));
#17144=CARTESIAN_POINT('',(-0.0444675116415126,0.10299,-0.0987478717916295));
#17145=CARTESIAN_POINT('',(-0.0444675116415126,0.10299,-0.0987478717916295));
#17146=CARTESIAN_POINT('',(-0.0444675116415126,0.10299,-0.0983355454027406));
#17147=CARTESIAN_POINT('',(-0.0447986748359571,0.10299,-0.0981107190138517));
#17148=CARTESIAN_POINT('',(-0.0447214178915126,0.10299,-0.0993871947082961));
#17149=CARTESIAN_POINT('',(-0.0447214178915126,0.103,-0.0993871947082961));
#17150=CARTESIAN_POINT('',(-0.0445521470581793,0.10299,-0.0992306553564442));
#17151=CARTESIAN_POINT('',(-0.0445521470581793,0.103,-0.0992306553564442));
#17152=CARTESIAN_POINT('',(-0.0444675116415126,0.10299,-0.0990175477175554));
#17153=CARTESIAN_POINT('',(-0.0444675116415126,0.103,-0.0990175477175554));
#17154=CARTESIAN_POINT('',(-0.0444675116415126,0.10299,-0.0987478717916295));
#17155=CARTESIAN_POINT('',(-0.0444675116415126,0.103,-0.0987478717916295));
#17156=CARTESIAN_POINT('',(-0.0447214178915126,0.10299,-0.0993871947082961));
#17157=CARTESIAN_POINT('',(-0.0447214178915126,0.10299,-0.0993871947082961));
#17158=CARTESIAN_POINT('',(-0.0447214178915126,0.10299,-0.0993871947082961));
#17159=CARTESIAN_POINT('',(-0.0444675116415126,0.10299,-0.0991523856805183));
#17160=CARTESIAN_POINT('',(-0.0444675116415126,0.10299,-0.0987478717916295));
#17161=CARTESIAN_POINT('',(-0.0454067477526237,0.10299,-0.0996220037360739));
#17162=CARTESIAN_POINT('',(-0.0454067477526237,0.103,-0.0996220037360739));
#17163=CARTESIAN_POINT('',(-0.045119132011883,0.10299,-0.0996220037360739));
#17164=CARTESIAN_POINT('',(-0.045119132011883,0.103,-0.0996220037360739));
#17165=CARTESIAN_POINT('',(-0.0448906887248459,0.10299,-0.099543734060148));
#17166=CARTESIAN_POINT('',(-0.0448906887248459,0.103,-0.099543734060148));
#17167=CARTESIAN_POINT('',(-0.0447214178915126,0.10299,-0.0993871947082961));
#17168=CARTESIAN_POINT('',(-0.0447214178915126,0.103,-0.0993871947082961));
#17169=CARTESIAN_POINT('',(-0.0454067477526237,0.10299,-0.0996220037360739));
#17170=CARTESIAN_POINT('',(-0.0454067477526237,0.10299,-0.0996220037360739));
#17171=CARTESIAN_POINT('',(-0.0454067477526237,0.10299,-0.0996220037360739));
#17172=CARTESIAN_POINT('',(-0.0449753241415126,0.10299,-0.0996220037360739));
#17173=CARTESIAN_POINT('',(-0.0447214178915126,0.10299,-0.0993871947082961));
#17174=CARTESIAN_POINT('',(-0.0454288927219628,0.10299,-0.098598079387198));
#17175=CARTESIAN_POINT('',(-0.0458689873359571,0.10299,-0.0995213092916294));
#17176=CARTESIAN_POINT('',(-0.045869084579371,0.10299,-0.0995215158445559));
#17177=CARTESIAN_POINT('',(-0.0454288927219628,0.10299,-0.098598079387198));
#17178=CARTESIAN_POINT('',(-0.0453838408062331,0.10299,-0.0985310337925354));
#17179=CARTESIAN_POINT('',(-0.0462123217748234,0.10299,-0.0992584809715664));
#17180=CARTESIAN_POINT('',(-0.0462123217748141,0.10299,-0.0992584809715638));
#17181=CARTESIAN_POINT('',(-0.0453838408062331,0.10299,-0.0985310337925354));
#17182=CARTESIAN_POINT('',(-0.0473166663194279,0.10299,-0.0990729367836974));
#17183=CARTESIAN_POINT('',(-0.0473166663194279,0.10299,-0.0990729367836974));
#17184=CARTESIAN_POINT('',(-0.0456604416132321,0.10299,-0.0983887161438257));
#17185=CARTESIAN_POINT('',(-0.0456604416132321,0.103,-0.0983887161438257));
#17186=CARTESIAN_POINT('',(-0.0456604416132321,0.10299,-0.0983887161438257));
#17187=CARTESIAN_POINT('',(0.,0.10299,-0.0825));
#17188=CARTESIAN_POINT('',(-0.0558682898472942,0.10299,-0.0918209087385743));
#17189=CARTESIAN_POINT('',(-0.0558682898472942,0.10299,-0.0928209087385743));
#17190=CARTESIAN_POINT('',(-0.0558682898472942,0.10299,-0.0928209087385743));
#17191=CARTESIAN_POINT('',(-0.0558682898472942,0.10299,-0.0918209087385743));
#17192=CARTESIAN_POINT('',(-0.0558682898472942,0.10299,-0.0908209087385742));
#17193=CARTESIAN_POINT('',(-0.0558682898472942,0.10299,-0.0908209087385742));
#17194=CARTESIAN_POINT('',(-0.0531182898472942,0.10299,-0.0928209087385743));
#17195=CARTESIAN_POINT('',(-0.0503682898472942,0.10299,-0.0928209087385743));
#17196=CARTESIAN_POINT('',(-0.0503682898472942,0.10299,-0.0928209087385743));
#17197=CARTESIAN_POINT('',(-0.0531182898472942,0.10299,-0.0928209087385743));
#17198=CARTESIAN_POINT('',(-0.0503682898472942,0.10299,-0.0930709087385743));
#17199=CARTESIAN_POINT('',(-0.0503682898472942,0.10299,-0.0933209087385743));
#17200=CARTESIAN_POINT('',(-0.0503682898472942,0.10299,-0.0933209087385743));
#17201=CARTESIAN_POINT('',(-0.0503682898472942,0.10299,-0.0930709087385743));
#17202=CARTESIAN_POINT('',(-0.0588682898472942,0.10299,-0.0933209087385743));
#17203=CARTESIAN_POINT('',(-0.0613682898472942,0.10299,-0.0933209087385743));
#17204=CARTESIAN_POINT('',(-0.0613682898472942,0.10299,-0.0933209087385743));
#17205=CARTESIAN_POINT('',(-0.0588682898472942,0.10299,-0.0933209087385743));
#17206=CARTESIAN_POINT('',(-0.0613682898472942,0.10299,-0.0930709087385743));
#17207=CARTESIAN_POINT('',(-0.0613682898472942,0.10299,-0.0928209087385743));
#17208=CARTESIAN_POINT('',(-0.0613682898472942,0.10299,-0.0928209087385743));
#17209=CARTESIAN_POINT('',(-0.0613682898472942,0.10299,-0.0930709087385743));
#17210=CARTESIAN_POINT('',(-0.0588682898472942,0.10299,-0.0928209087385743));
#17211=CARTESIAN_POINT('',(-0.0563682898472942,0.10299,-0.0928209087385743));
#17212=CARTESIAN_POINT('',(-0.0563682898472942,0.10299,-0.0928209087385743));
#17213=CARTESIAN_POINT('',(-0.0588682898472942,0.10299,-0.0928209087385743));
#17214=CARTESIAN_POINT('',(-0.0563682898472942,0.10299,-0.0918209087385743));
#17215=CARTESIAN_POINT('',(-0.0563682898472942,0.10299,-0.0908209087385742));
#17216=CARTESIAN_POINT('',(-0.0563682898472942,0.10299,-0.0908209087385742));
#17217=CARTESIAN_POINT('',(-0.0563682898472942,0.10299,-0.0918209087385743));
#17218=CARTESIAN_POINT('',(-0.0561182898472942,0.10299,-0.0908209087385742));
#17219=CARTESIAN_POINT('',(-0.0561182898472942,0.10299,-0.0908209087385742));
#17220=CARTESIAN_POINT('',(0.,0.10299,-0.0825));
#17221=CARTESIAN_POINT('',(0.00471949720895874,0.10299,-0.0918209087385743));
#17222=CARTESIAN_POINT('',(0.00471949720895874,0.10299,-0.0933209087385743));
#17223=CARTESIAN_POINT('',(0.00471949720895874,0.10299,-0.0933209087385743));
#17224=CARTESIAN_POINT('',(0.00471949720895874,0.10299,-0.0918209087385743));
#17225=CARTESIAN_POINT('',(0.00471949720895874,0.10299,-0.0908209087385742));
#17226=CARTESIAN_POINT('',(0.00471949720895874,0.10299,-0.0908209087385742));
#17227=CARTESIAN_POINT('',(-0.0146020786179304,0.10299,-0.0933209087385743));
#17228=CARTESIAN_POINT('',(-0.0339236544448196,0.10299,-0.0933209087385743));
#17229=CARTESIAN_POINT('',(-0.0339236544448196,0.10299,-0.0933209087385743));
#17230=CARTESIAN_POINT('',(-0.0146020786179304,0.10299,-0.0933209087385743));
#17231=CARTESIAN_POINT('',(-0.0339236544448196,0.10299,-0.0918209087385743));
#17232=CARTESIAN_POINT('',(-0.0339236544448196,0.10299,-0.0908209087385742));
#17233=CARTESIAN_POINT('',(-0.0339236544448196,0.10299,-0.0908209087385742));
#17234=CARTESIAN_POINT('',(-0.0339236544448196,0.10299,-0.0918209087385743));
#17235=CARTESIAN_POINT('',(-0.0336736544448196,0.10299,-0.0908209087385742));
#17236=CARTESIAN_POINT('',(-0.0334236544448196,0.10299,-0.0908209087385742));
#17237=CARTESIAN_POINT('',(-0.0334236544448196,0.10299,-0.0908209087385742));
#17238=CARTESIAN_POINT('',(-0.0336736544448196,0.10299,-0.0908209087385742));
#17239=CARTESIAN_POINT('',(-0.0334236544448196,0.10299,-0.0918209087385743));
#17240=CARTESIAN_POINT('',(-0.0334236544448196,0.10299,-0.0928209087385743));
#17241=CARTESIAN_POINT('',(-0.0334236544448196,0.10299,-0.0928209087385743));
#17242=CARTESIAN_POINT('',(-0.0334236544448196,0.10299,-0.0918209087385743));
#17243=CARTESIAN_POINT('',(-0.0146020786179304,0.10299,-0.0928209087385743));
#17244=CARTESIAN_POINT('',(0.00421949720895873,0.10299,-0.0928209087385743));
#17245=CARTESIAN_POINT('',(0.00421949720895873,0.10299,-0.0928209087385743));
#17246=CARTESIAN_POINT('',(-0.0146020786179304,0.10299,-0.0928209087385743));
#17247=CARTESIAN_POINT('',(0.00421949720895873,0.10299,-0.0918209087385743));
#17248=CARTESIAN_POINT('',(0.00421949720895873,0.10299,-0.0908209087385742));
#17249=CARTESIAN_POINT('',(0.00421949720895873,0.10299,-0.0908209087385742));
#17250=CARTESIAN_POINT('',(0.00421949720895873,0.10299,-0.0918209087385743));
#17251=CARTESIAN_POINT('',(0.00446949720895874,0.10299,-0.0908209087385742));
#17252=CARTESIAN_POINT('',(0.00446949720895874,0.10299,-0.0908209087385742));
#17253=CARTESIAN_POINT('',(0.,0.10299,-0.0825));
#17254=CARTESIAN_POINT('',(-0.0517600463637348,0.10299,-0.098178427347185));
#17255=CARTESIAN_POINT('',(-0.0517600463637348,0.103,-0.098178427347185));
#17256=CARTESIAN_POINT('',(-0.0517600463637348,0.10299,-0.0984353717916295));
#17257=CARTESIAN_POINT('',(-0.0517600463637348,0.103,-0.0984353717916295));
#17258=CARTESIAN_POINT('',(-0.0518030151137348,0.10299,-0.098637484060148));
#17259=CARTESIAN_POINT('',(-0.0518030151137348,0.103,-0.098637484060148));
#17260=CARTESIAN_POINT('',(-0.0518889526137348,0.10299,-0.0987847641527406));
#17261=CARTESIAN_POINT('',(-0.0518889526137348,0.103,-0.0987847641527406));
#17262=CARTESIAN_POINT('',(-0.0517600463637348,0.103,-0.098178427347185));
#17263=CARTESIAN_POINT('',(-0.0517600463637348,0.103,-0.0985638440138517));
#17264=CARTESIAN_POINT('',(-0.0518889526137348,0.103,-0.0987847641527406));
#17265=CARTESIAN_POINT('',(-0.0517600463637348,0.103,-0.098178427347185));
#17266=CARTESIAN_POINT('',(-0.0518889526137348,0.103,-0.0987847641527406));
#17267=CARTESIAN_POINT('',(-0.0517600463637348,0.10299,-0.098178427347185));
#17268=CARTESIAN_POINT('',(-0.0517600463637348,0.10299,-0.098178427347185));
#17269=CARTESIAN_POINT('',(-0.0517600463637348,0.10299,-0.098178427347185));
#17270=CARTESIAN_POINT('',(-0.0517600463637348,0.10299,-0.0985638440138517));
#17271=CARTESIAN_POINT('',(-0.0518889526137348,0.10299,-0.0987847641527406));
#17272=CARTESIAN_POINT('',(-0.0518889526137348,0.10299,-0.0987847641527406));
#17273=CARTESIAN_POINT('',(-0.0518889526137348,0.10299,-0.0987847641527406));
#17274=CARTESIAN_POINT('',(-0.0517600463637348,0.10299,-0.0981497815138517));
#17275=CARTESIAN_POINT('',(-0.0517600463637348,0.103,-0.0981497815138517));
#17276=CARTESIAN_POINT('',(-0.0517600463637348,0.103,-0.0981211356805183));
#17277=CARTESIAN_POINT('',(-0.0517600463637348,0.10299,-0.0981211356805183));
#17278=CARTESIAN_POINT('',(-0.0517600463637348,0.10299,-0.0981211356805183));
#17279=CARTESIAN_POINT('',(-0.0517600463637348,0.10299,-0.0981497815138517));
#17280=CARTESIAN_POINT('',(-0.0518928588637348,0.10299,-0.0974488266527406));
#17281=CARTESIAN_POINT('',(-0.0518928588637348,0.103,-0.0974488266527406));
#17282=CARTESIAN_POINT('',(-0.0518043171970681,0.10299,-0.0976204123008887));
#17283=CARTESIAN_POINT('',(-0.0518043171970681,0.103,-0.0976204123008887));
#17284=CARTESIAN_POINT('',(-0.0517600463637348,0.10299,-0.097844515310148));
#17285=CARTESIAN_POINT('',(-0.0517600463637348,0.103,-0.097844515310148));
#17286=CARTESIAN_POINT('',(-0.0517600463637348,0.10299,-0.0981211356805183));
#17287=CARTESIAN_POINT('',(-0.0517600463637348,0.103,-0.0981211356805183));
#17288=CARTESIAN_POINT('',(-0.0518928588637348,0.103,-0.0974488266527406));
#17289=CARTESIAN_POINT('',(-0.0517600463637348,0.103,-0.0977062051249628));
#17290=CARTESIAN_POINT('',(-0.0517600463637348,0.103,-0.0981211356805183));
#17291=CARTESIAN_POINT('',(-0.0518928588637348,0.103,-0.0974488266527406));
#17292=CARTESIAN_POINT('',(-0.0518928588637348,0.10299,-0.0974488266527406));
#17293=CARTESIAN_POINT('',(-0.0518928588637348,0.10299,-0.0974488266527406));
#17294=CARTESIAN_POINT('',(-0.0518928588637348,0.10299,-0.0974488266527406));
#17295=CARTESIAN_POINT('',(-0.0517600463637348,0.10299,-0.0977062051249628));
#17296=CARTESIAN_POINT('',(-0.0517600463637348,0.10299,-0.0981211356805183));
#17297=CARTESIAN_POINT('',(-0.0523164699748459,0.10299,-0.0971914481805183));
#17298=CARTESIAN_POINT('',(-0.0523164699748459,0.103,-0.0971914481805183));
#17299=CARTESIAN_POINT('',(-0.0521226042341052,0.10299,-0.0971914481805183));
#17300=CARTESIAN_POINT('',(-0.0521226042341052,0.103,-0.0971914481805183));
#17301=CARTESIAN_POINT('',(-0.0519814005304015,0.10299,-0.0972772410045924));
#17302=CARTESIAN_POINT('',(-0.0519814005304015,0.103,-0.0972772410045924));
#17303=CARTESIAN_POINT('',(-0.0518928588637348,0.10299,-0.0974488266527406));
#17304=CARTESIAN_POINT('',(-0.0518928588637348,0.103,-0.0974488266527406));
#17305=CARTESIAN_POINT('',(-0.0523164699748459,0.103,-0.0971914481805183));
#17306=CARTESIAN_POINT('',(-0.0520256713637348,0.103,-0.0971914481805183));
#17307=CARTESIAN_POINT('',(-0.0518928588637348,0.103,-0.0974488266527406));
#17308=CARTESIAN_POINT('',(-0.0523164699748459,0.103,-0.0971914481805183));
#17309=CARTESIAN_POINT('',(-0.0523164699748459,0.10299,-0.0971914481805183));
#17310=CARTESIAN_POINT('',(-0.0523164699748459,0.10299,-0.0971914481805183));
#17311=CARTESIAN_POINT('',(-0.0523164699748459,0.10299,-0.0971914481805183));
#17312=CARTESIAN_POINT('',(-0.0520256713637348,0.10299,-0.0971914481805183));
#17313=CARTESIAN_POINT('',(-0.0518928588637348,0.10299,-0.0974488266527406));
#17314=CARTESIAN_POINT('',(-0.0523314093505378,0.10299,-0.0977492018935809));
#17315=CARTESIAN_POINT('',(-0.0523314093505378,0.103,-0.0977492018935809));
#17316=CARTESIAN_POINT('',(-0.0526130334027783,0.103,-0.0972684967069608));
#17317=CARTESIAN_POINT('',(-0.0526129109470682,0.10299,-0.0972687051249628));
#17318=CARTESIAN_POINT('',(-0.0526130334027783,0.10299,-0.0972684967069608));
#17319=CARTESIAN_POINT('',(-0.0523314093505378,0.10299,-0.0977492018935809));
#17320=CARTESIAN_POINT('',(-0.0522919045672975,0.10299,-0.0977813757708));
#17321=CARTESIAN_POINT('',(-0.0522919045672975,0.103,-0.0977813757708));
#17322=CARTESIAN_POINT('',(-0.0528208102526237,0.103,-0.0974873244326655));
#17323=CARTESIAN_POINT('',(-0.0528208102526237,0.10299,-0.0974873244326655));
#17324=CARTESIAN_POINT('',(-0.0528208102526237,0.10299,-0.0974873244326655));
#17325=CARTESIAN_POINT('',(-0.0522919045672975,0.10299,-0.0977813757708));
#17326=CARTESIAN_POINT('',(-0.0528208102526237,0.10299,-0.0981094169305183));
#17327=CARTESIAN_POINT('',(-0.0528208102526237,0.103,-0.0981094169305183));
#17328=CARTESIAN_POINT('',(-0.0528208102526237,0.103,-0.0987316949213921));
#17329=CARTESIAN_POINT('',(-0.0528208102526237,0.10299,-0.0987316949213921));
#17330=CARTESIAN_POINT('',(-0.0528208102526237,0.10299,-0.0987316949213921));
#17331=CARTESIAN_POINT('',(-0.0528208102526237,0.10299,-0.0981094169305183));
#17332=CARTESIAN_POINT('',(-0.0523374156137655,0.10299,-0.0984449656139766));
#17333=CARTESIAN_POINT('',(-0.0523374156137655,0.103,-0.0984449656139766));
#17334=CARTESIAN_POINT('',(-0.0526117464184332,0.103,-0.0989356296502902));
#17335=CARTESIAN_POINT('',(-0.0526116088637348,0.10299,-0.0989353717916295));
#17336=CARTESIAN_POINT('',(-0.0526117464184332,0.10299,-0.0989356296502902));
#17337=CARTESIAN_POINT('',(-0.0523374156137655,0.10299,-0.0984449656139766));
#17338=CARTESIAN_POINT('',(-0.0523277790324777,0.10299,-0.0983890528226959));
#17339=CARTESIAN_POINT('',(-0.0523277790324777,0.103,-0.0983890528226959));
#17340=CARTESIAN_POINT('',(-0.0523103935859571,0.103,-0.0990056842916295));
#17341=CARTESIAN_POINT('',(-0.0523103935859571,0.10299,-0.0990056842916295));
#17342=CARTESIAN_POINT('',(-0.0523103935859571,0.10299,-0.0990056842916295));
#17343=CARTESIAN_POINT('',(-0.0523277790324777,0.10299,-0.0983890528226959));
#17344=CARTESIAN_POINT('',(-0.0520530368192401,0.10299,-0.0986790370478293));
#17345=CARTESIAN_POINT('',(-0.0528666590532433,0.10299,-0.0992052585539532));
#17346=CARTESIAN_POINT('',(-0.0528668171970682,0.10299,-0.0992062051249628));
#17347=CARTESIAN_POINT('',(-0.0520530368192401,0.10299,-0.0986790370478293));
#17348=CARTESIAN_POINT('',(-0.0525401342474506,0.10299,-0.0995163439825679));
#17349=CARTESIAN_POINT('',(-0.0525399942804015,0.10299,-0.0995161009582961));
#17350=CARTESIAN_POINT('',(-0.0528967651137348,0.10299,-0.099385458597185));
#17351=CARTESIAN_POINT('',(-0.0529267130304015,0.10299,-0.0995647120694072));
#17352=CARTESIAN_POINT('',(-0.0529267130304015,0.10299,-0.0995647120694072));
#17353=CARTESIAN_POINT('',(-0.0528967651137348,0.10299,-0.099385458597185));
#17354=CARTESIAN_POINT('',(-0.0534596991415126,0.10299,-0.0995647120694072));
#17355=CARTESIAN_POINT('',(-0.0539926852526237,0.10299,-0.0995647120694072));
#17356=CARTESIAN_POINT('',(-0.0539926852526237,0.10299,-0.0995647120694072));
#17357=CARTESIAN_POINT('',(-0.0534596991415126,0.10299,-0.0995647120694072));
#17358=CARTESIAN_POINT('',(-0.0539926852526237,0.10299,-0.0993272988749628));
#17359=CARTESIAN_POINT('',(-0.0539926852526237,0.10299,-0.0990898856805184));
#17360=CARTESIAN_POINT('',(-0.0539926852526237,0.10299,-0.0990898856805184));
#17361=CARTESIAN_POINT('',(-0.0539926852526237,0.10299,-0.0993272988749628));
#17362=CARTESIAN_POINT('',(-0.0538025810859571,0.10299,-0.0990490870694072));
#17363=CARTESIAN_POINT('',(-0.0536124769192904,0.10299,-0.0990082884582961));
#17364=CARTESIAN_POINT('',(-0.0536124769192904,0.10299,-0.0990082884582961));
#17365=CARTESIAN_POINT('',(-0.0538025810859571,0.10299,-0.0990490870694072));
#17366=CARTESIAN_POINT('',(-0.0536124769192904,0.10299,-0.097170614847185));
#17367=CARTESIAN_POINT('',(-0.0536124769192904,0.10299,-0.0953329412360739));
#17368=CARTESIAN_POINT('',(-0.0536124769192904,0.10299,-0.0953329412360739));
#17369=CARTESIAN_POINT('',(-0.0536124769192904,0.10299,-0.097170614847185));
#17370=CARTESIAN_POINT('',(-0.0532166435859571,0.10299,-0.0953329412360739));
#17371=CARTESIAN_POINT('',(-0.0523971991415126,0.10299,-0.0953329412360739));
#17372=CARTESIAN_POINT('',(-0.0523971991415126,0.10299,-0.0953329412360739));
#17373=CARTESIAN_POINT('',(-0.0532166435859571,0.10299,-0.0953329412360739));
#17374=CARTESIAN_POINT('',(-0.0523971991415126,0.10299,-0.0955716565138517));
#17375=CARTESIAN_POINT('',(-0.0523971991415126,0.10299,-0.0958103717916294));
#17376=CARTESIAN_POINT('',(-0.0523971991415126,0.10299,-0.0958103717916294));
#17377=CARTESIAN_POINT('',(-0.0523971991415126,0.10299,-0.0955716565138517));
#17378=CARTESIAN_POINT('',(-0.0526090046970682,0.10299,-0.0958511704027406));
#17379=CARTESIAN_POINT('',(-0.0528208102526237,0.10299,-0.0958919690138517));
#17380=CARTESIAN_POINT('',(-0.0528208102526237,0.10299,-0.0958919690138517));
#17381=CARTESIAN_POINT('',(-0.0526090046970682,0.10299,-0.0958511704027406));
#17382=CARTESIAN_POINT('',(-0.0528208102526237,0.10299,-0.0964180106805183));
#17383=CARTESIAN_POINT('',(-0.0528208102526237,0.10299,-0.0969447198286056));
#17384=CARTESIAN_POINT('',(-0.0528208102526237,0.10299,-0.096944052347185));
#17385=CARTESIAN_POINT('',(-0.0528208102526237,0.10299,-0.0964180106805183));
#17386=CARTESIAN_POINT('',(-0.0520401757333119,0.10299,-0.0975158360299377));
#17387=CARTESIAN_POINT('',(-0.0525113484470682,0.10299,-0.0966714829027406));
#17388=CARTESIAN_POINT('',(-0.0525114317023502,0.10299,-0.0966713326517125));
#17389=CARTESIAN_POINT('',(-0.0520401757333119,0.10299,-0.0975158360299377));
#17390=CARTESIAN_POINT('',(-0.0521286351815584,0.10299,-0.0973892241715037));
#17391=CARTESIAN_POINT('',(-0.0521150810859571,0.10299,-0.0965751287360739));
#17392=CARTESIAN_POINT('',(-0.0521150810859571,0.10299,-0.0965751287360739));
#17393=CARTESIAN_POINT('',(-0.0521286351815584,0.10299,-0.0973892241715037));
#17394=CARTESIAN_POINT('',(-0.0512687269192904,0.10299,-0.0970009099860739));
#17395=CARTESIAN_POINT('',(-0.0512687269192904,0.103,-0.0970009099860739));
#17396=CARTESIAN_POINT('',(-0.0514695371044756,0.10299,-0.0967170558194072));
#17397=CARTESIAN_POINT('',(-0.0514695371044756,0.103,-0.0967170558194072));
#17398=CARTESIAN_POINT('',(-0.0517516551600312,0.10299,-0.0965751287360739));
#17399=CARTESIAN_POINT('',(-0.0517516551600312,0.103,-0.0965751287360739));
#17400=CARTESIAN_POINT('',(-0.0521150810859571,0.10299,-0.0965751287360739));
#17401=CARTESIAN_POINT('',(-0.0521150810859571,0.103,-0.0965751287360739));
#17402=CARTESIAN_POINT('',(-0.0512687269192904,0.10299,-0.0970009099860739));
#17403=CARTESIAN_POINT('',(-0.0512687269192904,0.10299,-0.0970009099860739));
#17404=CARTESIAN_POINT('',(-0.0512687269192904,0.10299,-0.0970009099860739));
#17405=CARTESIAN_POINT('',(-0.0515699421970682,0.10299,-0.0965751287360739));
#17406=CARTESIAN_POINT('',(-0.0521150810859571,0.10299,-0.0965751287360739));
#17407=CARTESIAN_POINT('',(-0.0509675116415126,0.10299,-0.0981211356805183));
#17408=CARTESIAN_POINT('',(-0.0509675116415126,0.103,-0.0981211356805183));
#17409=CARTESIAN_POINT('',(-0.0509675116415126,0.10299,-0.0976581727175554));
#17410=CARTESIAN_POINT('',(-0.0509675116415126,0.103,-0.0976581727175554));
#17411=CARTESIAN_POINT('',(-0.0510679167341052,0.10299,-0.0972847641527406));
#17412=CARTESIAN_POINT('',(-0.0510679167341052,0.103,-0.0972847641527406));
#17413=CARTESIAN_POINT('',(-0.0512687269192904,0.10299,-0.0970009099860739));
#17414=CARTESIAN_POINT('',(-0.0512687269192904,0.103,-0.0970009099860739));
#17415=CARTESIAN_POINT('',(-0.0509675116415126,0.10299,-0.0981211356805183));
#17416=CARTESIAN_POINT('',(-0.0509675116415126,0.10299,-0.0981211356805183));
#17417=CARTESIAN_POINT('',(-0.0509675116415126,0.10299,-0.0981211356805183));
#17418=CARTESIAN_POINT('',(-0.0509675116415126,0.10299,-0.0974266912360739));
#17419=CARTESIAN_POINT('',(-0.0512687269192904,0.10299,-0.0970009099860739));
#17420=CARTESIAN_POINT('',(-0.0509675116415126,0.10299,-0.0981497815138517));
#17421=CARTESIAN_POINT('',(-0.0509675116415126,0.10299,-0.098178427347185));
#17422=CARTESIAN_POINT('',(-0.0509675116415126,0.10299,-0.098178427347185));
#17423=CARTESIAN_POINT('',(-0.0509675116415126,0.10299,-0.0981497815138517));
#17424=CARTESIAN_POINT('',(-0.0512674248359571,0.10299,-0.0992257363749628));
#17425=CARTESIAN_POINT('',(-0.0512674248359571,0.103,-0.0992257363749628));
#17426=CARTESIAN_POINT('',(-0.0510674827063274,0.10299,-0.0989615581342221));
#17427=CARTESIAN_POINT('',(-0.0510674827063274,0.103,-0.0989615581342221));
#17428=CARTESIAN_POINT('',(-0.0509675116415126,0.10299,-0.0986124551249628));
#17429=CARTESIAN_POINT('',(-0.0509675116415126,0.103,-0.0986124551249628));
#17430=CARTESIAN_POINT('',(-0.0509675116415126,0.10299,-0.098178427347185));
#17431=CARTESIAN_POINT('',(-0.0509675116415126,0.103,-0.098178427347185));
#17432=CARTESIAN_POINT('',(-0.0512674248359571,0.10299,-0.0992257363749628));
#17433=CARTESIAN_POINT('',(-0.0512674248359571,0.10299,-0.0992257363749628));
#17434=CARTESIAN_POINT('',(-0.0512674248359571,0.10299,-0.0992257363749628));
#17435=CARTESIAN_POINT('',(-0.0509675116415126,0.10299,-0.0988294690138517));
#17436=CARTESIAN_POINT('',(-0.0509675116415126,0.10299,-0.098178427347185));
#17437=CARTESIAN_POINT('',(-0.0521098727526237,0.10299,-0.0996220037360739));
#17438=CARTESIAN_POINT('',(-0.0521098727526237,0.103,-0.0996220037360739));
#17439=CARTESIAN_POINT('',(-0.0517481829378089,0.10299,-0.0996220037360739));
#17440=CARTESIAN_POINT('',(-0.0517481829378089,0.103,-0.0996220037360739));
#17441=CARTESIAN_POINT('',(-0.0514673669655867,0.10299,-0.0994899146157035));
#17442=CARTESIAN_POINT('',(-0.0514673669655867,0.103,-0.0994899146157035));
#17443=CARTESIAN_POINT('',(-0.0512674248359571,0.10299,-0.0992257363749628));
#17444=CARTESIAN_POINT('',(-0.0512674248359571,0.103,-0.0992257363749628));
#17445=CARTESIAN_POINT('',(-0.0521098727526237,0.10299,-0.0996220037360739));
#17446=CARTESIAN_POINT('',(-0.0521098727526237,0.10299,-0.0996220037360739));
#17447=CARTESIAN_POINT('',(-0.0521098727526237,0.10299,-0.0996220037360739));
#17448=CARTESIAN_POINT('',(-0.0515673380304015,0.10299,-0.0996220037360739));
#17449=CARTESIAN_POINT('',(-0.0512674248359571,0.10299,-0.0992257363749628));
#17450=CARTESIAN_POINT('',(-0.0521273039438224,0.10299,-0.0987572769295813));
#17451=CARTESIAN_POINT('',(-0.0521273039438224,0.10299,-0.0987572769295813));
#17452=CARTESIAN_POINT('',(-0.0518889526137348,0.10299,-0.0987847641527406));
#17453=CARTESIAN_POINT('',(-0.0518889526137348,0.103,-0.0987847641527406));
#17454=CARTESIAN_POINT('',(-0.0519748901137348,0.10299,-0.0989320442453332));
#17455=CARTESIAN_POINT('',(-0.0519748901137348,0.103,-0.0989320442453332));
#17456=CARTESIAN_POINT('',(-0.0521153704378089,0.10299,-0.0990056842916295));
#17457=CARTESIAN_POINT('',(-0.0521153704378089,0.103,-0.0990056842916295));
#17458=CARTESIAN_POINT('',(-0.0523103935859571,0.10299,-0.0990056842916295));
#17459=CARTESIAN_POINT('',(-0.0523103935859571,0.103,-0.0990056842916295));
#17460=CARTESIAN_POINT('',(-0.0518889526137348,0.103,-0.0987847641527406));
#17461=CARTESIAN_POINT('',(-0.0520178588637348,0.103,-0.0990056842916295));
#17462=CARTESIAN_POINT('',(-0.0523103935859571,0.103,-0.0990056842916295));
#17463=CARTESIAN_POINT('',(-0.0518889526137348,0.10299,-0.0987847641527406));
#17464=CARTESIAN_POINT('',(-0.0520178588637348,0.10299,-0.0990056842916295));
#17465=CARTESIAN_POINT('',(-0.0523103935859571,0.10299,-0.0990056842916295));
#17466=CARTESIAN_POINT('',(0.,0.10299,-0.0825));
#17467=CARTESIAN_POINT('',(-0.0568277546970682,0.10299,-0.0981272120694072));
#17468=CARTESIAN_POINT('',(-0.0568277546970682,0.103,-0.0981272120694072));
#17469=CARTESIAN_POINT('',(-0.0568277546970682,0.10299,-0.0983945731805183));
#17470=CARTESIAN_POINT('',(-0.0568277546970682,0.103,-0.0983945731805183));
#17471=CARTESIAN_POINT('',(-0.0568747743729941,0.10299,-0.0986092722545924));
#17472=CARTESIAN_POINT('',(-0.0568747743729941,0.103,-0.0986092722545924));
#17473=CARTESIAN_POINT('',(-0.0569688137248459,0.10299,-0.0987713092916294));
#17474=CARTESIAN_POINT('',(-0.0569688137248459,0.103,-0.0987713092916294));
#17475=CARTESIAN_POINT('',(-0.0568277546970682,0.103,-0.0981272120694072));
#17476=CARTESIAN_POINT('',(-0.0568277546970682,0.103,-0.0985282537360739));
#17477=CARTESIAN_POINT('',(-0.0569688137248459,0.103,-0.0987713092916294));
#17478=CARTESIAN_POINT('',(-0.0568277546970682,0.103,-0.0981272120694072));
#17479=CARTESIAN_POINT('',(-0.0569688137248459,0.103,-0.0987713092916294));
#17480=CARTESIAN_POINT('',(-0.0568277546970682,0.10299,-0.0981272120694072));
#17481=CARTESIAN_POINT('',(-0.0568277546970682,0.10299,-0.0981272120694072));
#17482=CARTESIAN_POINT('',(-0.0568277546970682,0.10299,-0.0981272120694072));
#17483=CARTESIAN_POINT('',(-0.0568277546970682,0.10299,-0.0985282537360739));
#17484=CARTESIAN_POINT('',(-0.0569688137248459,0.10299,-0.0987713092916294));
#17485=CARTESIAN_POINT('',(-0.0569688137248459,0.10299,-0.0987713092916294));
#17486=CARTESIAN_POINT('',(-0.0569688137248459,0.10299,-0.0987713092916294));
#17487=CARTESIAN_POINT('',(-0.0568277546970682,0.10299,-0.0980985662360739));
#17488=CARTESIAN_POINT('',(-0.0568277546970682,0.103,-0.0980985662360739));
#17489=CARTESIAN_POINT('',(-0.0568277546970682,0.103,-0.0980699204027406));
#17490=CARTESIAN_POINT('',(-0.0568277546970682,0.10299,-0.0980699204027406));
#17491=CARTESIAN_POINT('',(-0.0568277546970682,0.10299,-0.0980699204027406));
#17492=CARTESIAN_POINT('',(-0.0568277546970682,0.10299,-0.0980985662360739));
#17493=CARTESIAN_POINT('',(-0.0569688137248459,0.10299,-0.097432333597185));
#17494=CARTESIAN_POINT('',(-0.0569688137248459,0.103,-0.097432333597185));
#17495=CARTESIAN_POINT('',(-0.0568747743729941,0.10299,-0.0975969748008887));
#17496=CARTESIAN_POINT('',(-0.0568747743729941,0.103,-0.0975969748008887));
#17497=CARTESIAN_POINT('',(-0.0568277546970682,0.10299,-0.0978095037360739));
#17498=CARTESIAN_POINT('',(-0.0568277546970682,0.103,-0.0978095037360739));
#17499=CARTESIAN_POINT('',(-0.0568277546970682,0.10299,-0.0980699204027406));
#17500=CARTESIAN_POINT('',(-0.0568277546970682,0.103,-0.0980699204027406));
#17501=CARTESIAN_POINT('',(-0.0569688137248459,0.103,-0.097432333597185));
#17502=CARTESIAN_POINT('',(-0.0568277546970682,0.103,-0.0976792954027406));
#17503=CARTESIAN_POINT('',(-0.0568277546970682,0.103,-0.0980699204027406));
#17504=CARTESIAN_POINT('',(-0.0569688137248459,0.103,-0.097432333597185));
#17505=CARTESIAN_POINT('',(-0.0569688137248459,0.10299,-0.097432333597185));
#17506=CARTESIAN_POINT('',(-0.0569688137248459,0.10299,-0.097432333597185));
#17507=CARTESIAN_POINT('',(-0.0569688137248459,0.10299,-0.097432333597185));
#17508=CARTESIAN_POINT('',(-0.0568277546970682,0.10299,-0.0976792954027406));
#17509=CARTESIAN_POINT('',(-0.0568277546970682,0.10299,-0.0980699204027406));
#17510=CARTESIAN_POINT('',(-0.0574197685859571,0.10299,-0.0971853717916294));
#17511=CARTESIAN_POINT('',(-0.0574197685859571,0.103,-0.0971853717916294));
#17512=CARTESIAN_POINT('',(-0.0572131713637348,0.10299,-0.0971853717916294));
#17513=CARTESIAN_POINT('',(-0.0572131713637348,0.103,-0.0971853717916294));
#17514=CARTESIAN_POINT('',(-0.0570628530766978,0.10299,-0.0972676923934813));
#17515=CARTESIAN_POINT('',(-0.0570628530766978,0.103,-0.0972676923934813));
#17516=CARTESIAN_POINT('',(-0.0569688137248459,0.10299,-0.097432333597185));
#17517=CARTESIAN_POINT('',(-0.0569688137248459,0.103,-0.097432333597185));
#17518=CARTESIAN_POINT('',(-0.0574197685859571,0.103,-0.0971853717916294));
#17519=CARTESIAN_POINT('',(-0.0571098727526237,0.103,-0.0971853717916294));
#17520=CARTESIAN_POINT('',(-0.0569688137248459,0.103,-0.097432333597185));
#17521=CARTESIAN_POINT('',(-0.0574197685859571,0.103,-0.0971853717916294));
#17522=CARTESIAN_POINT('',(-0.0574197685859571,0.10299,-0.0971853717916294));
#17523=CARTESIAN_POINT('',(-0.0574197685859571,0.10299,-0.0971853717916294));
#17524=CARTESIAN_POINT('',(-0.0574197685859571,0.10299,-0.0971853717916294));
#17525=CARTESIAN_POINT('',(-0.0571098727526237,0.10299,-0.0971853717916294));
#17526=CARTESIAN_POINT('',(-0.0569688137248459,0.10299,-0.097432333597185));
#17527=CARTESIAN_POINT('',(-0.0578724595581793,0.10299,-0.097432333597185));
#17528=CARTESIAN_POINT('',(-0.0578724595581793,0.103,-0.097432333597185));
#17529=CARTESIAN_POINT('',(-0.0577766840952163,0.10299,-0.0972676923934813));
#17530=CARTESIAN_POINT('',(-0.0577766840952163,0.103,-0.0972676923934813));
#17531=CARTESIAN_POINT('',(-0.0576257871044756,0.10299,-0.0971853717916294));
#17532=CARTESIAN_POINT('',(-0.0576257871044756,0.103,-0.0971853717916294));
#17533=CARTESIAN_POINT('',(-0.0574197685859571,0.10299,-0.0971853717916294));
#17534=CARTESIAN_POINT('',(-0.0574197685859571,0.103,-0.0971853717916294));
#17535=CARTESIAN_POINT('',(-0.0578724595581793,0.103,-0.097432333597185));
#17536=CARTESIAN_POINT('',(-0.0577287963637348,0.103,-0.0971853717916294));
#17537=CARTESIAN_POINT('',(-0.0574197685859571,0.103,-0.0971853717916294));
#17538=CARTESIAN_POINT('',(-0.0578724595581793,0.103,-0.097432333597185));
#17539=CARTESIAN_POINT('',(-0.0578724595581793,0.10299,-0.097432333597185));
#17540=CARTESIAN_POINT('',(-0.0578724595581793,0.10299,-0.097432333597185));
#17541=CARTESIAN_POINT('',(-0.0578724595581793,0.10299,-0.097432333597185));
#17542=CARTESIAN_POINT('',(-0.0577287963637348,0.10299,-0.0971853717916294));
#17543=CARTESIAN_POINT('',(-0.0574197685859571,0.10299,-0.0971853717916294));
#17544=CARTESIAN_POINT('',(-0.0580161227526237,0.10299,-0.0980699204027406));
#17545=CARTESIAN_POINT('',(-0.0580161227526237,0.103,-0.0980699204027406));
#17546=CARTESIAN_POINT('',(-0.0580161227526237,0.10299,-0.0978095037360739));
#17547=CARTESIAN_POINT('',(-0.0580161227526237,0.103,-0.0978095037360739));
#17548=CARTESIAN_POINT('',(-0.0579682350211422,0.10299,-0.0975969748008887));
#17549=CARTESIAN_POINT('',(-0.0579682350211422,0.103,-0.0975969748008887));
#17550=CARTESIAN_POINT('',(-0.0578724595581793,0.10299,-0.097432333597185));
#17551=CARTESIAN_POINT('',(-0.0578724595581793,0.103,-0.097432333597185));
#17552=CARTESIAN_POINT('',(-0.0580161227526237,0.103,-0.0980699204027406));
#17553=CARTESIAN_POINT('',(-0.0580161227526237,0.103,-0.0976792954027406));
#17554=CARTESIAN_POINT('',(-0.0578724595581793,0.103,-0.097432333597185));
#17555=CARTESIAN_POINT('',(-0.0580161227526237,0.103,-0.0980699204027406));
#17556=CARTESIAN_POINT('',(-0.0580161227526237,0.10299,-0.0980699204027406));
#17557=CARTESIAN_POINT('',(-0.0580161227526237,0.10299,-0.0980699204027406));
#17558=CARTESIAN_POINT('',(-0.0580161227526237,0.10299,-0.0980699204027406));
#17559=CARTESIAN_POINT('',(-0.0580161227526237,0.10299,-0.0976792954027406));
#17560=CARTESIAN_POINT('',(-0.0578724595581793,0.10299,-0.097432333597185));
#17561=CARTESIAN_POINT('',(-0.0580161227526237,0.10299,-0.0980985662360739));
#17562=CARTESIAN_POINT('',(-0.0580161227526237,0.103,-0.0980985662360739));
#17563=CARTESIAN_POINT('',(-0.0580161227526237,0.103,-0.0981272120694072));
#17564=CARTESIAN_POINT('',(-0.0580161227526237,0.10299,-0.0981272120694072));
#17565=CARTESIAN_POINT('',(-0.0580161227526237,0.10299,-0.0981272120694072));
#17566=CARTESIAN_POINT('',(-0.0580161227526237,0.10299,-0.0980985662360739));
#17567=CARTESIAN_POINT('',(-0.0578737616415126,0.10299,-0.0987700072082961));
#17568=CARTESIAN_POINT('',(-0.0578737616415126,0.103,-0.0987700072082961));
#17569=CARTESIAN_POINT('',(-0.05796866904892,0.10299,-0.0986071021157035));
#17570=CARTESIAN_POINT('',(-0.05796866904892,0.103,-0.0986071021157035));
#17571=CARTESIAN_POINT('',(-0.0580161227526237,0.10299,-0.0983928370694072));
#17572=CARTESIAN_POINT('',(-0.0580161227526237,0.103,-0.0983928370694072));
#17573=CARTESIAN_POINT('',(-0.0580161227526237,0.10299,-0.0981272120694072));
#17574=CARTESIAN_POINT('',(-0.0580161227526237,0.103,-0.0981272120694072));
#17575=CARTESIAN_POINT('',(-0.0578737616415126,0.103,-0.0987700072082961));
#17576=CARTESIAN_POINT('',(-0.0580161227526237,0.103,-0.0985256495694072));
#17577=CARTESIAN_POINT('',(-0.0580161227526237,0.103,-0.0981272120694072));
#17578=CARTESIAN_POINT('',(-0.0578737616415126,0.103,-0.0987700072082961));
#17579=CARTESIAN_POINT('',(-0.0578737616415126,0.10299,-0.0987700072082961));
#17580=CARTESIAN_POINT('',(-0.0578737616415126,0.10299,-0.0987700072082961));
#17581=CARTESIAN_POINT('',(-0.0578737616415126,0.10299,-0.0987700072082961));
#17582=CARTESIAN_POINT('',(-0.0580161227526237,0.10299,-0.0985256495694072));
#17583=CARTESIAN_POINT('',(-0.0580161227526237,0.10299,-0.0981272120694072));
#17584=CARTESIAN_POINT('',(-0.0574249769192904,0.10299,-0.099014364847185));
#17585=CARTESIAN_POINT('',(-0.0574249769192904,0.103,-0.099014364847185));
#17586=CARTESIAN_POINT('',(-0.0576292593266978,0.10299,-0.099014364847185));
#17587=CARTESIAN_POINT('',(-0.0576292593266978,0.103,-0.099014364847185));
#17588=CARTESIAN_POINT('',(-0.0577788542341052,0.10299,-0.0989329123008887));
#17589=CARTESIAN_POINT('',(-0.0577788542341052,0.103,-0.0989329123008887));
#17590=CARTESIAN_POINT('',(-0.0578737616415126,0.10299,-0.0987700072082961));
#17591=CARTESIAN_POINT('',(-0.0578737616415126,0.103,-0.0987700072082961));
#17592=CARTESIAN_POINT('',(-0.0574249769192904,0.103,-0.099014364847185));
#17593=CARTESIAN_POINT('',(-0.0577314005304015,0.103,-0.099014364847185));
#17594=CARTESIAN_POINT('',(-0.0578737616415126,0.103,-0.0987700072082961));
#17595=CARTESIAN_POINT('',(-0.0574249769192904,0.103,-0.099014364847185));
#17596=CARTESIAN_POINT('',(-0.0574249769192904,0.10299,-0.099014364847185));
#17597=CARTESIAN_POINT('',(-0.0574249769192904,0.10299,-0.099014364847185));
#17598=CARTESIAN_POINT('',(-0.0574249769192904,0.10299,-0.099014364847185));
#17599=CARTESIAN_POINT('',(-0.0577314005304015,0.10299,-0.099014364847185));
#17600=CARTESIAN_POINT('',(-0.0578737616415126,0.10299,-0.0987700072082961));
#17601=CARTESIAN_POINT('',(-0.0560360880304015,0.10299,-0.0980699204027406));
#17602=CARTESIAN_POINT('',(-0.0560360880304015,0.103,-0.0980699204027406));
#17603=CARTESIAN_POINT('',(-0.0560360880304015,0.10299,-0.0976324204027406));
#17604=CARTESIAN_POINT('',(-0.0560360880304015,0.103,-0.0976324204027406));
#17605=CARTESIAN_POINT('',(-0.0561586285396608,0.10299,-0.0972739134582961));
#17606=CARTESIAN_POINT('',(-0.0561586285396608,0.103,-0.0972739134582961));
#17607=CARTESIAN_POINT('',(-0.0564037095581793,0.10299,-0.0969943995694072));
#17608=CARTESIAN_POINT('',(-0.0564037095581793,0.103,-0.0969943995694072));
#17609=CARTESIAN_POINT('',(-0.0560360880304015,0.10299,-0.0980699204027406));
#17610=CARTESIAN_POINT('',(-0.0560360880304015,0.10299,-0.0980699204027406));
#17611=CARTESIAN_POINT('',(-0.0560360880304015,0.10299,-0.0980699204027406));
#17612=CARTESIAN_POINT('',(-0.0560360880304015,0.10299,-0.0974136704027406));
#17613=CARTESIAN_POINT('',(-0.0564037095581793,0.10299,-0.0969943995694072));
#17614=CARTESIAN_POINT('',(-0.0564037095581793,0.10299,-0.0969943995694072));
#17615=CARTESIAN_POINT('',(-0.0564037095581793,0.10299,-0.0969943995694072));
#17616=CARTESIAN_POINT('',(-0.0560360880304015,0.10299,-0.0980985662360739));
#17617=CARTESIAN_POINT('',(-0.0560360880304015,0.10299,-0.0981272120694072));
#17618=CARTESIAN_POINT('',(-0.0560360880304015,0.10299,-0.0981272120694072));
#17619=CARTESIAN_POINT('',(-0.0560360880304015,0.10299,-0.0980985662360739));
#17620=CARTESIAN_POINT('',(-0.0564037095581793,0.10299,-0.0992053370694072));
#17621=CARTESIAN_POINT('',(-0.0564037095581793,0.103,-0.0992053370694072));
#17622=CARTESIAN_POINT('',(-0.0561586285396608,0.10299,-0.0989275592916295));
#17623=CARTESIAN_POINT('',(-0.0561586285396608,0.103,-0.0989275592916295));
#17624=CARTESIAN_POINT('',(-0.0560360880304015,0.10299,-0.0985681842916295));
#17625=CARTESIAN_POINT('',(-0.0560360880304015,0.103,-0.0985681842916295));
#17626=CARTESIAN_POINT('',(-0.0560360880304015,0.10299,-0.0981272120694072));
#17627=CARTESIAN_POINT('',(-0.0560360880304015,0.103,-0.0981272120694072));
#17628=CARTESIAN_POINT('',(-0.0564037095581793,0.10299,-0.0992053370694072));
#17629=CARTESIAN_POINT('',(-0.0564037095581793,0.10299,-0.0992053370694072));
#17630=CARTESIAN_POINT('',(-0.0564037095581793,0.10299,-0.0992053370694072));
#17631=CARTESIAN_POINT('',(-0.0560360880304015,0.10299,-0.0987886704027406));
#17632=CARTESIAN_POINT('',(-0.0560360880304015,0.10299,-0.0981272120694072));
#17633=CARTESIAN_POINT('',(-0.0574249769192904,0.10299,-0.0996220037360739));
#17634=CARTESIAN_POINT('',(-0.0574249769192904,0.103,-0.0996220037360739));
#17635=CARTESIAN_POINT('',(-0.0569892130304015,0.10299,-0.0996220037360739));
#17636=CARTESIAN_POINT('',(-0.0569892130304015,0.103,-0.0996220037360739));
#17637=CARTESIAN_POINT('',(-0.0566487905766978,0.10299,-0.099483114847185));
#17638=CARTESIAN_POINT('',(-0.0566487905766978,0.103,-0.099483114847185));
#17639=CARTESIAN_POINT('',(-0.0564037095581793,0.10299,-0.0992053370694072));
#17640=CARTESIAN_POINT('',(-0.0564037095581793,0.103,-0.0992053370694072));
#17641=CARTESIAN_POINT('',(-0.0574249769192904,0.10299,-0.0996220037360739));
#17642=CARTESIAN_POINT('',(-0.0574249769192904,0.10299,-0.0996220037360739));
#17643=CARTESIAN_POINT('',(-0.0574249769192904,0.10299,-0.0996220037360739));
#17644=CARTESIAN_POINT('',(-0.0567713310859571,0.10299,-0.0996220037360739));
#17645=CARTESIAN_POINT('',(-0.0564037095581793,0.10299,-0.0992053370694072));
#17646=CARTESIAN_POINT('',(-0.0584384317804015,0.10299,-0.0992053370694072));
#17647=CARTESIAN_POINT('',(-0.0584384317804015,0.103,-0.0992053370694072));
#17648=CARTESIAN_POINT('',(-0.058193350761883,0.10299,-0.099483114847185));
#17649=CARTESIAN_POINT('',(-0.058193350761883,0.103,-0.099483114847185));
#17650=CARTESIAN_POINT('',(-0.0578555324748459,0.10299,-0.0996220037360739));
#17651=CARTESIAN_POINT('',(-0.0578555324748459,0.103,-0.0996220037360739));
#17652=CARTESIAN_POINT('',(-0.0574249769192904,0.10299,-0.0996220037360739));
#17653=CARTESIAN_POINT('',(-0.0574249769192904,0.103,-0.0996220037360739));
#17654=CARTESIAN_POINT('',(-0.0584384317804015,0.10299,-0.0992053370694072));
#17655=CARTESIAN_POINT('',(-0.0584384317804015,0.10299,-0.0992053370694072));
#17656=CARTESIAN_POINT('',(-0.0584384317804015,0.10299,-0.0992053370694072));
#17657=CARTESIAN_POINT('',(-0.0580708102526237,0.10299,-0.0996220037360739));
#17658=CARTESIAN_POINT('',(-0.0574249769192904,0.10299,-0.0996220037360739));
#17659=CARTESIAN_POINT('',(-0.0588060533081793,0.10299,-0.0981272120694072));
#17660=CARTESIAN_POINT('',(-0.0588060533081793,0.103,-0.0981272120694072));
#17661=CARTESIAN_POINT('',(-0.0588060533081793,0.10299,-0.0985681842916295));
#17662=CARTESIAN_POINT('',(-0.0588060533081793,0.103,-0.0985681842916295));
#17663=CARTESIAN_POINT('',(-0.05868351279892,0.10299,-0.0989275592916295));
#17664=CARTESIAN_POINT('',(-0.05868351279892,0.103,-0.0989275592916295));
#17665=CARTESIAN_POINT('',(-0.0584384317804015,0.10299,-0.0992053370694072));
#17666=CARTESIAN_POINT('',(-0.0584384317804015,0.103,-0.0992053370694072));
#17667=CARTESIAN_POINT('',(-0.0588060533081793,0.10299,-0.0981272120694072));
#17668=CARTESIAN_POINT('',(-0.0588060533081793,0.10299,-0.0981272120694072));
#17669=CARTESIAN_POINT('',(-0.0588060533081793,0.10299,-0.0981272120694072));
#17670=CARTESIAN_POINT('',(-0.0588060533081793,0.10299,-0.0987886704027406));
#17671=CARTESIAN_POINT('',(-0.0584384317804015,0.10299,-0.0992053370694072));
#17672=CARTESIAN_POINT('',(-0.0588060533081793,0.10299,-0.0980985662360739));
#17673=CARTESIAN_POINT('',(-0.0588060533081793,0.10299,-0.0980699204027406));
#17674=CARTESIAN_POINT('',(-0.0588060533081793,0.10299,-0.0980699204027406));
#17675=CARTESIAN_POINT('',(-0.0588060533081793,0.10299,-0.0980985662360739));
#17676=CARTESIAN_POINT('',(-0.0584384317804015,0.10299,-0.0969930974860739));
#17677=CARTESIAN_POINT('',(-0.0584384317804015,0.103,-0.0969930974860739));
#17678=CARTESIAN_POINT('',(-0.05868351279892,0.10299,-0.0972717433194072));
#17679=CARTESIAN_POINT('',(-0.05868351279892,0.103,-0.0972717433194072));
#17680=CARTESIAN_POINT('',(-0.0588060533081793,0.10299,-0.0976306842916295));
#17681=CARTESIAN_POINT('',(-0.0588060533081793,0.103,-0.0976306842916295));
#17682=CARTESIAN_POINT('',(-0.0588060533081793,0.10299,-0.0980699204027406));
#17683=CARTESIAN_POINT('',(-0.0588060533081793,0.103,-0.0980699204027406));
#17684=CARTESIAN_POINT('',(-0.0584384317804015,0.10299,-0.0969930974860739));
#17685=CARTESIAN_POINT('',(-0.0584384317804015,0.10299,-0.0969930974860739));
#17686=CARTESIAN_POINT('',(-0.0584384317804015,0.10299,-0.0969930974860739));
#17687=CARTESIAN_POINT('',(-0.0588060533081793,0.10299,-0.0974110662360739));
#17688=CARTESIAN_POINT('',(-0.0588060533081793,0.10299,-0.0980699204027406));
#17689=CARTESIAN_POINT('',(-0.0574197685859571,0.10299,-0.0965751287360739));
#17690=CARTESIAN_POINT('',(-0.0574197685859571,0.103,-0.0965751287360739));
#17691=CARTESIAN_POINT('',(-0.0578537963637348,0.10299,-0.0965751287360739));
#17692=CARTESIAN_POINT('',(-0.0578537963637348,0.103,-0.0965751287360739));
#17693=CARTESIAN_POINT('',(-0.058193350761883,0.10299,-0.0967144516527406));
#17694=CARTESIAN_POINT('',(-0.058193350761883,0.103,-0.0967144516527406));
#17695=CARTESIAN_POINT('',(-0.0584384317804015,0.10299,-0.0969930974860739));
#17696=CARTESIAN_POINT('',(-0.0584384317804015,0.103,-0.0969930974860739));
#17697=CARTESIAN_POINT('',(-0.0574197685859571,0.10299,-0.0965751287360739));
#17698=CARTESIAN_POINT('',(-0.0574197685859571,0.10299,-0.0965751287360739));
#17699=CARTESIAN_POINT('',(-0.0574197685859571,0.10299,-0.0965751287360739));
#17700=CARTESIAN_POINT('',(-0.0580708102526237,0.10299,-0.0965751287360739));
#17701=CARTESIAN_POINT('',(-0.0584384317804015,0.10299,-0.0969930974860739));
#17702=CARTESIAN_POINT('',(-0.0564037095581793,0.10299,-0.0969943995694072));
#17703=CARTESIAN_POINT('',(-0.0564037095581793,0.103,-0.0969943995694072));
#17704=CARTESIAN_POINT('',(-0.0566487905766978,0.10299,-0.0967148856805183));
#17705=CARTESIAN_POINT('',(-0.0566487905766978,0.103,-0.0967148856805183));
#17706=CARTESIAN_POINT('',(-0.0569874769192904,0.10299,-0.0965751287360739));
#17707=CARTESIAN_POINT('',(-0.0569874769192904,0.103,-0.0965751287360739));
#17708=CARTESIAN_POINT('',(-0.0574197685859571,0.10299,-0.0965751287360739));
#17709=CARTESIAN_POINT('',(-0.0574197685859571,0.103,-0.0965751287360739));
#17710=CARTESIAN_POINT('',(-0.0564037095581793,0.10299,-0.0969943995694072));
#17711=CARTESIAN_POINT('',(-0.0567713310859571,0.10299,-0.0965751287360739));
#17712=CARTESIAN_POINT('',(-0.0574197685859571,0.10299,-0.0965751287360739));
#17713=CARTESIAN_POINT('',(-0.0569688137248459,0.10299,-0.0987713092916294));
#17714=CARTESIAN_POINT('',(-0.0569688137248459,0.103,-0.0987713092916294));
#17715=CARTESIAN_POINT('',(-0.0570628530766978,0.10299,-0.0989333463286665));
#17716=CARTESIAN_POINT('',(-0.0570628530766978,0.103,-0.0989333463286665));
#17717=CARTESIAN_POINT('',(-0.0572149074748459,0.10299,-0.099014364847185));
#17718=CARTESIAN_POINT('',(-0.0572149074748459,0.103,-0.099014364847185));
#17719=CARTESIAN_POINT('',(-0.0574249769192904,0.10299,-0.099014364847185));
#17720=CARTESIAN_POINT('',(-0.0574249769192904,0.103,-0.099014364847185));
#17721=CARTESIAN_POINT('',(-0.0569688137248459,0.103,-0.0987713092916294));
#17722=CARTESIAN_POINT('',(-0.0571098727526237,0.103,-0.099014364847185));
#17723=CARTESIAN_POINT('',(-0.0574249769192904,0.103,-0.099014364847185));
#17724=CARTESIAN_POINT('',(-0.0569688137248459,0.10299,-0.0987713092916294));
#17725=CARTESIAN_POINT('',(-0.0571098727526237,0.10299,-0.099014364847185));
#17726=CARTESIAN_POINT('',(-0.0574249769192904,0.10299,-0.099014364847185));
#17727=CARTESIAN_POINT('',(0.,0.10299,-0.0825));
#17728=CARTESIAN_POINT('',(-0.0613043171970682,0.10299,-0.0981272120694072));
#17729=CARTESIAN_POINT('',(-0.0613043171970682,0.103,-0.0981272120694072));
#17730=CARTESIAN_POINT('',(-0.0613043171970682,0.10299,-0.0983945731805183));
#17731=CARTESIAN_POINT('',(-0.0613043171970682,0.103,-0.0983945731805183));
#17732=CARTESIAN_POINT('',(-0.0613513368729941,0.10299,-0.0986092722545924));
#17733=CARTESIAN_POINT('',(-0.0613513368729941,0.103,-0.0986092722545924));
#17734=CARTESIAN_POINT('',(-0.0614453762248459,0.10299,-0.0987713092916294));
#17735=CARTESIAN_POINT('',(-0.0614453762248459,0.103,-0.0987713092916294));
#17736=CARTESIAN_POINT('',(-0.0613043171970682,0.103,-0.0981272120694072));
#17737=CARTESIAN_POINT('',(-0.0613043171970682,0.103,-0.0985282537360739));
#17738=CARTESIAN_POINT('',(-0.0614453762248459,0.103,-0.0987713092916294));
#17739=CARTESIAN_POINT('',(-0.0613043171970682,0.103,-0.0981272120694072));
#17740=CARTESIAN_POINT('',(-0.0614453762248459,0.103,-0.0987713092916294));
#17741=CARTESIAN_POINT('',(-0.0613043171970682,0.10299,-0.0981272120694072));
#17742=CARTESIAN_POINT('',(-0.0613043171970682,0.10299,-0.0981272120694072));
#17743=CARTESIAN_POINT('',(-0.0613043171970682,0.10299,-0.0981272120694072));
#17744=CARTESIAN_POINT('',(-0.0613043171970682,0.10299,-0.0985282537360739));
#17745=CARTESIAN_POINT('',(-0.0614453762248459,0.10299,-0.0987713092916294));
#17746=CARTESIAN_POINT('',(-0.0614453762248459,0.10299,-0.0987713092916294));
#17747=CARTESIAN_POINT('',(-0.0614453762248459,0.10299,-0.0987713092916294));
#17748=CARTESIAN_POINT('',(-0.0613043171970682,0.10299,-0.0980985662360739));
#17749=CARTESIAN_POINT('',(-0.0613043171970682,0.103,-0.0980985662360739));
#17750=CARTESIAN_POINT('',(-0.0613043171970682,0.103,-0.0980699204027406));
#17751=CARTESIAN_POINT('',(-0.0613043171970682,0.10299,-0.0980699204027406));
#17752=CARTESIAN_POINT('',(-0.0613043171970682,0.10299,-0.0980699204027406));
#17753=CARTESIAN_POINT('',(-0.0613043171970682,0.10299,-0.0980985662360739));
#17754=CARTESIAN_POINT('',(-0.0614453762248459,0.10299,-0.097432333597185));
#17755=CARTESIAN_POINT('',(-0.0614453762248459,0.103,-0.097432333597185));
#17756=CARTESIAN_POINT('',(-0.0613513368729941,0.10299,-0.0975969748008887));
#17757=CARTESIAN_POINT('',(-0.0613513368729941,0.103,-0.0975969748008887));
#17758=CARTESIAN_POINT('',(-0.0613043171970682,0.10299,-0.0978095037360739));
#17759=CARTESIAN_POINT('',(-0.0613043171970682,0.103,-0.0978095037360739));
#17760=CARTESIAN_POINT('',(-0.0613043171970682,0.10299,-0.0980699204027406));
#17761=CARTESIAN_POINT('',(-0.0613043171970682,0.103,-0.0980699204027406));
#17762=CARTESIAN_POINT('',(-0.0614453762248459,0.103,-0.097432333597185));
#17763=CARTESIAN_POINT('',(-0.0613043171970682,0.103,-0.0976792954027406));
#17764=CARTESIAN_POINT('',(-0.0613043171970682,0.103,-0.0980699204027406));
#17765=CARTESIAN_POINT('',(-0.0614453762248459,0.103,-0.097432333597185));
#17766=CARTESIAN_POINT('',(-0.0614453762248459,0.10299,-0.097432333597185));
#17767=CARTESIAN_POINT('',(-0.0614453762248459,0.10299,-0.097432333597185));
#17768=CARTESIAN_POINT('',(-0.0614453762248459,0.10299,-0.097432333597185));
#17769=CARTESIAN_POINT('',(-0.0613043171970682,0.10299,-0.0976792954027406));
#17770=CARTESIAN_POINT('',(-0.0613043171970682,0.10299,-0.0980699204027406));
#17771=CARTESIAN_POINT('',(-0.0618963310859571,0.10299,-0.0971853717916294));
#17772=CARTESIAN_POINT('',(-0.0618963310859571,0.103,-0.0971853717916294));
#17773=CARTESIAN_POINT('',(-0.0616897338637348,0.10299,-0.0971853717916294));
#17774=CARTESIAN_POINT('',(-0.0616897338637348,0.103,-0.0971853717916294));
#17775=CARTESIAN_POINT('',(-0.0615394155766978,0.10299,-0.0972676923934813));
#17776=CARTESIAN_POINT('',(-0.0615394155766978,0.103,-0.0972676923934813));
#17777=CARTESIAN_POINT('',(-0.0614453762248459,0.10299,-0.097432333597185));
#17778=CARTESIAN_POINT('',(-0.0614453762248459,0.103,-0.097432333597185));
#17779=CARTESIAN_POINT('',(-0.0618963310859571,0.103,-0.0971853717916294));
#17780=CARTESIAN_POINT('',(-0.0615864352526237,0.103,-0.0971853717916294));
#17781=CARTESIAN_POINT('',(-0.0614453762248459,0.103,-0.097432333597185));
#17782=CARTESIAN_POINT('',(-0.0618963310859571,0.103,-0.0971853717916294));
#17783=CARTESIAN_POINT('',(-0.0618963310859571,0.10299,-0.0971853717916294));
#17784=CARTESIAN_POINT('',(-0.0618963310859571,0.10299,-0.0971853717916294));
#17785=CARTESIAN_POINT('',(-0.0618963310859571,0.10299,-0.0971853717916294));
#17786=CARTESIAN_POINT('',(-0.0615864352526237,0.10299,-0.0971853717916294));
#17787=CARTESIAN_POINT('',(-0.0614453762248459,0.10299,-0.097432333597185));
#17788=CARTESIAN_POINT('',(-0.0623490220581793,0.10299,-0.097432333597185));
#17789=CARTESIAN_POINT('',(-0.0623490220581793,0.103,-0.097432333597185));
#17790=CARTESIAN_POINT('',(-0.0622532465952163,0.10299,-0.0972676923934813));
#17791=CARTESIAN_POINT('',(-0.0622532465952163,0.103,-0.0972676923934813));
#17792=CARTESIAN_POINT('',(-0.0621023496044756,0.10299,-0.0971853717916294));
#17793=CARTESIAN_POINT('',(-0.0621023496044756,0.103,-0.0971853717916294));
#17794=CARTESIAN_POINT('',(-0.0618963310859571,0.10299,-0.0971853717916294));
#17795=CARTESIAN_POINT('',(-0.0618963310859571,0.103,-0.0971853717916294));
#17796=CARTESIAN_POINT('',(-0.0623490220581793,0.103,-0.097432333597185));
#17797=CARTESIAN_POINT('',(-0.0622053588637348,0.103,-0.0971853717916294));
#17798=CARTESIAN_POINT('',(-0.0618963310859571,0.103,-0.0971853717916294));
#17799=CARTESIAN_POINT('',(-0.0623490220581793,0.103,-0.097432333597185));
#17800=CARTESIAN_POINT('',(-0.0623490220581793,0.10299,-0.097432333597185));
#17801=CARTESIAN_POINT('',(-0.0623490220581793,0.10299,-0.097432333597185));
#17802=CARTESIAN_POINT('',(-0.0623490220581793,0.10299,-0.097432333597185));
#17803=CARTESIAN_POINT('',(-0.0622053588637348,0.10299,-0.0971853717916294));
#17804=CARTESIAN_POINT('',(-0.0618963310859571,0.10299,-0.0971853717916294));
#17805=CARTESIAN_POINT('',(-0.0624926852526237,0.10299,-0.0980699204027406));
#17806=CARTESIAN_POINT('',(-0.0624926852526237,0.103,-0.0980699204027406));
#17807=CARTESIAN_POINT('',(-0.0624926852526237,0.10299,-0.0978095037360739));
#17808=CARTESIAN_POINT('',(-0.0624926852526237,0.103,-0.0978095037360739));
#17809=CARTESIAN_POINT('',(-0.0624447975211422,0.10299,-0.0975969748008887));
#17810=CARTESIAN_POINT('',(-0.0624447975211422,0.103,-0.0975969748008887));
#17811=CARTESIAN_POINT('',(-0.0623490220581793,0.10299,-0.097432333597185));
#17812=CARTESIAN_POINT('',(-0.0623490220581793,0.103,-0.097432333597185));
#17813=CARTESIAN_POINT('',(-0.0624926852526237,0.103,-0.0980699204027406));
#17814=CARTESIAN_POINT('',(-0.0624926852526237,0.103,-0.0976792954027406));
#17815=CARTESIAN_POINT('',(-0.0623490220581793,0.103,-0.097432333597185));
#17816=CARTESIAN_POINT('',(-0.0624926852526237,0.103,-0.0980699204027406));
#17817=CARTESIAN_POINT('',(-0.0624926852526237,0.10299,-0.0980699204027406));
#17818=CARTESIAN_POINT('',(-0.0624926852526237,0.10299,-0.0980699204027406));
#17819=CARTESIAN_POINT('',(-0.0624926852526237,0.10299,-0.0980699204027406));
#17820=CARTESIAN_POINT('',(-0.0624926852526237,0.10299,-0.0976792954027406));
#17821=CARTESIAN_POINT('',(-0.0623490220581793,0.10299,-0.097432333597185));
#17822=CARTESIAN_POINT('',(-0.0624926852526237,0.10299,-0.0980985662360739));
#17823=CARTESIAN_POINT('',(-0.0624926852526237,0.103,-0.0980985662360739));
#17824=CARTESIAN_POINT('',(-0.0624926852526237,0.103,-0.0981272120694072));
#17825=CARTESIAN_POINT('',(-0.0624926852526237,0.10299,-0.0981272120694072));
#17826=CARTESIAN_POINT('',(-0.0624926852526237,0.10299,-0.0981272120694072));
#17827=CARTESIAN_POINT('',(-0.0624926852526237,0.10299,-0.0980985662360739));
#17828=CARTESIAN_POINT('',(-0.0623503241415126,0.10299,-0.0987700072082961));
#17829=CARTESIAN_POINT('',(-0.0623503241415126,0.103,-0.0987700072082961));
#17830=CARTESIAN_POINT('',(-0.06244523154892,0.10299,-0.0986071021157035));
#17831=CARTESIAN_POINT('',(-0.06244523154892,0.103,-0.0986071021157035));
#17832=CARTESIAN_POINT('',(-0.0624926852526237,0.10299,-0.0983928370694072));
#17833=CARTESIAN_POINT('',(-0.0624926852526237,0.103,-0.0983928370694072));
#17834=CARTESIAN_POINT('',(-0.0624926852526237,0.10299,-0.0981272120694072));
#17835=CARTESIAN_POINT('',(-0.0624926852526237,0.103,-0.0981272120694072));
#17836=CARTESIAN_POINT('',(-0.0623503241415126,0.103,-0.0987700072082961));
#17837=CARTESIAN_POINT('',(-0.0624926852526237,0.103,-0.0985256495694072));
#17838=CARTESIAN_POINT('',(-0.0624926852526237,0.103,-0.0981272120694072));
#17839=CARTESIAN_POINT('',(-0.0623503241415126,0.103,-0.0987700072082961));
#17840=CARTESIAN_POINT('',(-0.0623503241415126,0.10299,-0.0987700072082961));
#17841=CARTESIAN_POINT('',(-0.0623503241415126,0.10299,-0.0987700072082961));
#17842=CARTESIAN_POINT('',(-0.0623503241415126,0.10299,-0.0987700072082961));
#17843=CARTESIAN_POINT('',(-0.0624926852526237,0.10299,-0.0985256495694072));
#17844=CARTESIAN_POINT('',(-0.0624926852526237,0.10299,-0.0981272120694072));
#17845=CARTESIAN_POINT('',(-0.0619015394192904,0.10299,-0.099014364847185));
#17846=CARTESIAN_POINT('',(-0.0619015394192904,0.103,-0.099014364847185));
#17847=CARTESIAN_POINT('',(-0.0621058218266978,0.10299,-0.099014364847185));
#17848=CARTESIAN_POINT('',(-0.0621058218266978,0.103,-0.099014364847185));
#17849=CARTESIAN_POINT('',(-0.0622554167341052,0.10299,-0.0989329123008887));
#17850=CARTESIAN_POINT('',(-0.0622554167341052,0.103,-0.0989329123008887));
#17851=CARTESIAN_POINT('',(-0.0623503241415126,0.10299,-0.0987700072082961));
#17852=CARTESIAN_POINT('',(-0.0623503241415126,0.103,-0.0987700072082961));
#17853=CARTESIAN_POINT('',(-0.0619015394192904,0.103,-0.099014364847185));
#17854=CARTESIAN_POINT('',(-0.0622079630304015,0.103,-0.099014364847185));
#17855=CARTESIAN_POINT('',(-0.0623503241415126,0.103,-0.0987700072082961));
#17856=CARTESIAN_POINT('',(-0.0619015394192904,0.103,-0.099014364847185));
#17857=CARTESIAN_POINT('',(-0.0619015394192904,0.10299,-0.099014364847185));
#17858=CARTESIAN_POINT('',(-0.0619015394192904,0.10299,-0.099014364847185));
#17859=CARTESIAN_POINT('',(-0.0619015394192904,0.10299,-0.099014364847185));
#17860=CARTESIAN_POINT('',(-0.0622079630304015,0.10299,-0.099014364847185));
#17861=CARTESIAN_POINT('',(-0.0623503241415126,0.10299,-0.0987700072082961));
#17862=CARTESIAN_POINT('',(-0.0605126505304015,0.10299,-0.0980699204027406));
#17863=CARTESIAN_POINT('',(-0.0605126505304015,0.103,-0.0980699204027406));
#17864=CARTESIAN_POINT('',(-0.0605126505304015,0.10299,-0.0976324204027406));
#17865=CARTESIAN_POINT('',(-0.0605126505304015,0.103,-0.0976324204027406));
#17866=CARTESIAN_POINT('',(-0.0606351910396608,0.10299,-0.0972739134582961));
#17867=CARTESIAN_POINT('',(-0.0606351910396608,0.103,-0.0972739134582961));
#17868=CARTESIAN_POINT('',(-0.0608802720581793,0.10299,-0.0969943995694072));
#17869=CARTESIAN_POINT('',(-0.0608802720581793,0.103,-0.0969943995694072));
#17870=CARTESIAN_POINT('',(-0.0605126505304015,0.10299,-0.0980699204027406));
#17871=CARTESIAN_POINT('',(-0.0605126505304015,0.10299,-0.0980699204027406));
#17872=CARTESIAN_POINT('',(-0.0605126505304015,0.10299,-0.0980699204027406));
#17873=CARTESIAN_POINT('',(-0.0605126505304015,0.10299,-0.0974136704027406));
#17874=CARTESIAN_POINT('',(-0.0608802720581793,0.10299,-0.0969943995694072));
#17875=CARTESIAN_POINT('',(-0.0608802720581793,0.10299,-0.0969943995694072));
#17876=CARTESIAN_POINT('',(-0.0608802720581793,0.10299,-0.0969943995694072));
#17877=CARTESIAN_POINT('',(-0.0605126505304015,0.10299,-0.0980985662360739));
#17878=CARTESIAN_POINT('',(-0.0605126505304015,0.10299,-0.0981272120694072));
#17879=CARTESIAN_POINT('',(-0.0605126505304015,0.10299,-0.0981272120694072));
#17880=CARTESIAN_POINT('',(-0.0605126505304015,0.10299,-0.0980985662360739));
#17881=CARTESIAN_POINT('',(-0.0608802720581793,0.10299,-0.0992053370694072));
#17882=CARTESIAN_POINT('',(-0.0608802720581793,0.103,-0.0992053370694072));
#17883=CARTESIAN_POINT('',(-0.0606351910396608,0.10299,-0.0989275592916295));
#17884=CARTESIAN_POINT('',(-0.0606351910396608,0.103,-0.0989275592916295));
#17885=CARTESIAN_POINT('',(-0.0605126505304015,0.10299,-0.0985681842916295));
#17886=CARTESIAN_POINT('',(-0.0605126505304015,0.103,-0.0985681842916295));
#17887=CARTESIAN_POINT('',(-0.0605126505304015,0.10299,-0.0981272120694072));
#17888=CARTESIAN_POINT('',(-0.0605126505304015,0.103,-0.0981272120694072));
#17889=CARTESIAN_POINT('',(-0.0608802720581793,0.10299,-0.0992053370694072));
#17890=CARTESIAN_POINT('',(-0.0608802720581793,0.10299,-0.0992053370694072));
#17891=CARTESIAN_POINT('',(-0.0608802720581793,0.10299,-0.0992053370694072));
#17892=CARTESIAN_POINT('',(-0.0605126505304015,0.10299,-0.0987886704027406));
#17893=CARTESIAN_POINT('',(-0.0605126505304015,0.10299,-0.0981272120694072));
#17894=CARTESIAN_POINT('',(-0.0619015394192904,0.10299,-0.0996220037360739));
#17895=CARTESIAN_POINT('',(-0.0619015394192904,0.103,-0.0996220037360739));
#17896=CARTESIAN_POINT('',(-0.0614657755304015,0.10299,-0.0996220037360739));
#17897=CARTESIAN_POINT('',(-0.0614657755304015,0.103,-0.0996220037360739));
#17898=CARTESIAN_POINT('',(-0.0611253530766978,0.10299,-0.099483114847185));
#17899=CARTESIAN_POINT('',(-0.0611253530766978,0.103,-0.099483114847185));
#17900=CARTESIAN_POINT('',(-0.0608802720581793,0.10299,-0.0992053370694072));
#17901=CARTESIAN_POINT('',(-0.0608802720581793,0.103,-0.0992053370694072));
#17902=CARTESIAN_POINT('',(-0.0619015394192904,0.10299,-0.0996220037360739));
#17903=CARTESIAN_POINT('',(-0.0619015394192904,0.10299,-0.0996220037360739));
#17904=CARTESIAN_POINT('',(-0.0619015394192904,0.10299,-0.0996220037360739));
#17905=CARTESIAN_POINT('',(-0.0612478935859571,0.10299,-0.0996220037360739));
#17906=CARTESIAN_POINT('',(-0.0608802720581793,0.10299,-0.0992053370694072));
#17907=CARTESIAN_POINT('',(-0.0629149942804015,0.10299,-0.0992053370694072));
#17908=CARTESIAN_POINT('',(-0.0629149942804015,0.103,-0.0992053370694072));
#17909=CARTESIAN_POINT('',(-0.062669913261883,0.10299,-0.099483114847185));
#17910=CARTESIAN_POINT('',(-0.062669913261883,0.103,-0.099483114847185));
#17911=CARTESIAN_POINT('',(-0.0623320949748459,0.10299,-0.0996220037360739));
#17912=CARTESIAN_POINT('',(-0.0623320949748459,0.103,-0.0996220037360739));
#17913=CARTESIAN_POINT('',(-0.0619015394192904,0.10299,-0.0996220037360739));
#17914=CARTESIAN_POINT('',(-0.0619015394192904,0.103,-0.0996220037360739));
#17915=CARTESIAN_POINT('',(-0.0629149942804015,0.10299,-0.0992053370694072));
#17916=CARTESIAN_POINT('',(-0.0629149942804015,0.10299,-0.0992053370694072));
#17917=CARTESIAN_POINT('',(-0.0629149942804015,0.10299,-0.0992053370694072));
#17918=CARTESIAN_POINT('',(-0.0625473727526237,0.10299,-0.0996220037360739));
#17919=CARTESIAN_POINT('',(-0.0619015394192904,0.10299,-0.0996220037360739));
#17920=CARTESIAN_POINT('',(-0.0632826158081793,0.10299,-0.0981272120694072));
#17921=CARTESIAN_POINT('',(-0.0632826158081793,0.103,-0.0981272120694072));
#17922=CARTESIAN_POINT('',(-0.0632826158081793,0.10299,-0.0985681842916295));
#17923=CARTESIAN_POINT('',(-0.0632826158081793,0.103,-0.0985681842916295));
#17924=CARTESIAN_POINT('',(-0.06316007529892,0.10299,-0.0989275592916295));
#17925=CARTESIAN_POINT('',(-0.06316007529892,0.103,-0.0989275592916295));
#17926=CARTESIAN_POINT('',(-0.0629149942804015,0.10299,-0.0992053370694072));
#17927=CARTESIAN_POINT('',(-0.0629149942804015,0.103,-0.0992053370694072));
#17928=CARTESIAN_POINT('',(-0.0632826158081793,0.10299,-0.0981272120694072));
#17929=CARTESIAN_POINT('',(-0.0632826158081793,0.10299,-0.0981272120694072));
#17930=CARTESIAN_POINT('',(-0.0632826158081793,0.10299,-0.0981272120694072));
#17931=CARTESIAN_POINT('',(-0.0632826158081793,0.10299,-0.0987886704027406));
#17932=CARTESIAN_POINT('',(-0.0629149942804015,0.10299,-0.0992053370694072));
#17933=CARTESIAN_POINT('',(-0.0632826158081793,0.10299,-0.0980985662360739));
#17934=CARTESIAN_POINT('',(-0.0632826158081793,0.10299,-0.0980699204027406));
#17935=CARTESIAN_POINT('',(-0.0632826158081793,0.10299,-0.0980699204027406));
#17936=CARTESIAN_POINT('',(-0.0632826158081793,0.10299,-0.0980985662360739));
#17937=CARTESIAN_POINT('',(-0.0629149942804015,0.10299,-0.0969930974860739));
#17938=CARTESIAN_POINT('',(-0.0629149942804015,0.103,-0.0969930974860739));
#17939=CARTESIAN_POINT('',(-0.06316007529892,0.10299,-0.0972717433194072));
#17940=CARTESIAN_POINT('',(-0.06316007529892,0.103,-0.0972717433194072));
#17941=CARTESIAN_POINT('',(-0.0632826158081793,0.10299,-0.0976306842916295));
#17942=CARTESIAN_POINT('',(-0.0632826158081793,0.103,-0.0976306842916295));
#17943=CARTESIAN_POINT('',(-0.0632826158081793,0.10299,-0.0980699204027406));
#17944=CARTESIAN_POINT('',(-0.0632826158081793,0.103,-0.0980699204027406));
#17945=CARTESIAN_POINT('',(-0.0629149942804015,0.10299,-0.0969930974860739));
#17946=CARTESIAN_POINT('',(-0.0629149942804015,0.10299,-0.0969930974860739));
#17947=CARTESIAN_POINT('',(-0.0629149942804015,0.10299,-0.0969930974860739));
#17948=CARTESIAN_POINT('',(-0.0632826158081793,0.10299,-0.0974110662360739));
#17949=CARTESIAN_POINT('',(-0.0632826158081793,0.10299,-0.0980699204027406));
#17950=CARTESIAN_POINT('',(-0.0618963310859571,0.10299,-0.0965751287360739));
#17951=CARTESIAN_POINT('',(-0.0618963310859571,0.103,-0.0965751287360739));
#17952=CARTESIAN_POINT('',(-0.0623303588637348,0.10299,-0.0965751287360739));
#17953=CARTESIAN_POINT('',(-0.0623303588637348,0.103,-0.0965751287360739));
#17954=CARTESIAN_POINT('',(-0.062669913261883,0.10299,-0.0967144516527406));
#17955=CARTESIAN_POINT('',(-0.062669913261883,0.103,-0.0967144516527406));
#17956=CARTESIAN_POINT('',(-0.0629149942804015,0.10299,-0.0969930974860739));
#17957=CARTESIAN_POINT('',(-0.0629149942804015,0.103,-0.0969930974860739));
#17958=CARTESIAN_POINT('',(-0.0618963310859571,0.10299,-0.0965751287360739));
#17959=CARTESIAN_POINT('',(-0.0618963310859571,0.10299,-0.0965751287360739));
#17960=CARTESIAN_POINT('',(-0.0618963310859571,0.10299,-0.0965751287360739));
#17961=CARTESIAN_POINT('',(-0.0625473727526237,0.10299,-0.0965751287360739));
#17962=CARTESIAN_POINT('',(-0.0629149942804015,0.10299,-0.0969930974860739));
#17963=CARTESIAN_POINT('',(-0.0608802720581793,0.10299,-0.0969943995694072));
#17964=CARTESIAN_POINT('',(-0.0608802720581793,0.103,-0.0969943995694072));
#17965=CARTESIAN_POINT('',(-0.0611253530766978,0.10299,-0.0967148856805183));
#17966=CARTESIAN_POINT('',(-0.0611253530766978,0.103,-0.0967148856805183));
#17967=CARTESIAN_POINT('',(-0.0614640394192904,0.10299,-0.0965751287360739));
#17968=CARTESIAN_POINT('',(-0.0614640394192904,0.103,-0.0965751287360739));
#17969=CARTESIAN_POINT('',(-0.0618963310859571,0.10299,-0.0965751287360739));
#17970=CARTESIAN_POINT('',(-0.0618963310859571,0.103,-0.0965751287360739));
#17971=CARTESIAN_POINT('',(-0.0608802720581793,0.10299,-0.0969943995694072));
#17972=CARTESIAN_POINT('',(-0.0612478935859571,0.10299,-0.0965751287360739));
#17973=CARTESIAN_POINT('',(-0.0618963310859571,0.10299,-0.0965751287360739));
#17974=CARTESIAN_POINT('',(-0.0614453762248459,0.10299,-0.0987713092916294));
#17975=CARTESIAN_POINT('',(-0.0614453762248459,0.103,-0.0987713092916294));
#17976=CARTESIAN_POINT('',(-0.0615394155766978,0.10299,-0.0989333463286665));
#17977=CARTESIAN_POINT('',(-0.0615394155766978,0.103,-0.0989333463286665));
#17978=CARTESIAN_POINT('',(-0.0616914699748459,0.10299,-0.099014364847185));
#17979=CARTESIAN_POINT('',(-0.0616914699748459,0.103,-0.099014364847185));
#17980=CARTESIAN_POINT('',(-0.0619015394192904,0.10299,-0.099014364847185));
#17981=CARTESIAN_POINT('',(-0.0619015394192904,0.103,-0.099014364847185));
#17982=CARTESIAN_POINT('',(-0.0614453762248459,0.103,-0.0987713092916294));
#17983=CARTESIAN_POINT('',(-0.0615864352526237,0.103,-0.099014364847185));
#17984=CARTESIAN_POINT('',(-0.0619015394192904,0.103,-0.099014364847185));
#17985=CARTESIAN_POINT('',(-0.0614453762248459,0.10299,-0.0987713092916294));
#17986=CARTESIAN_POINT('',(-0.0615864352526237,0.10299,-0.099014364847185));
#17987=CARTESIAN_POINT('',(-0.0619015394192904,0.10299,-0.099014364847185));
#17988=CARTESIAN_POINT('',(0.,0.10299,-0.0825));
#17989=CARTESIAN_POINT('',(0.0562383069550595,0.10299,-0.091894762605493));
#17990=CARTESIAN_POINT('',(0.0562383069550595,0.103,-0.091894762605493));
#17991=CARTESIAN_POINT('',(0.0562383069550595,0.10299,-0.0921621237166041));
#17992=CARTESIAN_POINT('',(0.0562383069550595,0.103,-0.0921621237166041));
#17993=CARTESIAN_POINT('',(0.0561912872791336,0.10299,-0.0923768227906781));
#17994=CARTESIAN_POINT('',(0.0561912872791336,0.103,-0.0923768227906781));
#17995=CARTESIAN_POINT('',(0.0560972479272817,0.10299,-0.0925388598277152));
#17996=CARTESIAN_POINT('',(0.0560972479272817,0.103,-0.0925388598277152));
#17997=CARTESIAN_POINT('',(0.0562383069550595,0.103,-0.091894762605493));
#17998=CARTESIAN_POINT('',(0.0562383069550595,0.103,-0.0922958042721596));
#17999=CARTESIAN_POINT('',(0.0560972479272817,0.103,-0.0925388598277152));
#18000=CARTESIAN_POINT('',(0.0562383069550595,0.103,-0.091894762605493));
#18001=CARTESIAN_POINT('',(0.0560972479272817,0.103,-0.0925388598277152));
#18002=CARTESIAN_POINT('',(0.0562383069550595,0.10299,-0.091894762605493));
#18003=CARTESIAN_POINT('',(0.0562383069550595,0.10299,-0.091894762605493));
#18004=CARTESIAN_POINT('',(0.0562383069550595,0.10299,-0.091894762605493));
#18005=CARTESIAN_POINT('',(0.0562383069550595,0.10299,-0.0922958042721596));
#18006=CARTESIAN_POINT('',(0.0560972479272817,0.10299,-0.0925388598277152));
#18007=CARTESIAN_POINT('',(0.0560972479272817,0.10299,-0.0925388598277152));
#18008=CARTESIAN_POINT('',(0.0560972479272817,0.10299,-0.0925388598277152));
#18009=CARTESIAN_POINT('',(0.0562383069550595,0.10299,-0.0918661167721596));
#18010=CARTESIAN_POINT('',(0.0562383069550595,0.103,-0.0918661167721596));
#18011=CARTESIAN_POINT('',(0.0562383069550595,0.103,-0.0918374709388263));
#18012=CARTESIAN_POINT('',(0.0562383069550595,0.10299,-0.0918374709388263));
#18013=CARTESIAN_POINT('',(0.0562383069550595,0.10299,-0.0918374709388263));
#18014=CARTESIAN_POINT('',(0.0562383069550595,0.10299,-0.0918661167721596));
#18015=CARTESIAN_POINT('',(0.0560972479272817,0.10299,-0.0911998841332707));
#18016=CARTESIAN_POINT('',(0.0560972479272817,0.103,-0.0911998841332707));
#18017=CARTESIAN_POINT('',(0.0561912872791336,0.10299,-0.0913645253369744));
#18018=CARTESIAN_POINT('',(0.0561912872791336,0.103,-0.0913645253369744));
#18019=CARTESIAN_POINT('',(0.0562383069550595,0.10299,-0.0915770542721596));
#18020=CARTESIAN_POINT('',(0.0562383069550595,0.103,-0.0915770542721596));
#18021=CARTESIAN_POINT('',(0.0562383069550595,0.10299,-0.0918374709388263));
#18022=CARTESIAN_POINT('',(0.0562383069550595,0.103,-0.0918374709388263));
#18023=CARTESIAN_POINT('',(0.0560972479272817,0.103,-0.0911998841332707));
#18024=CARTESIAN_POINT('',(0.0562383069550595,0.103,-0.0914468459388263));
#18025=CARTESIAN_POINT('',(0.0562383069550595,0.103,-0.0918374709388263));
#18026=CARTESIAN_POINT('',(0.0560972479272817,0.103,-0.0911998841332707));
#18027=CARTESIAN_POINT('',(0.0560972479272817,0.10299,-0.0911998841332707));
#18028=CARTESIAN_POINT('',(0.0560972479272817,0.10299,-0.0911998841332707));
#18029=CARTESIAN_POINT('',(0.0560972479272817,0.10299,-0.0911998841332707));
#18030=CARTESIAN_POINT('',(0.0562383069550595,0.10299,-0.0914468459388263));
#18031=CARTESIAN_POINT('',(0.0562383069550595,0.10299,-0.0918374709388263));
#18032=CARTESIAN_POINT('',(0.0556462930661706,0.10299,-0.0909529223277152));
#18033=CARTESIAN_POINT('',(0.0556462930661706,0.103,-0.0909529223277152));
#18034=CARTESIAN_POINT('',(0.0558528902883929,0.10299,-0.0909529223277152));
#18035=CARTESIAN_POINT('',(0.0558528902883929,0.103,-0.0909529223277152));
#18036=CARTESIAN_POINT('',(0.0560032085754299,0.10299,-0.091035242929567));
#18037=CARTESIAN_POINT('',(0.0560032085754299,0.103,-0.091035242929567));
#18038=CARTESIAN_POINT('',(0.0560972479272817,0.10299,-0.0911998841332707));
#18039=CARTESIAN_POINT('',(0.0560972479272817,0.103,-0.0911998841332707));
#18040=CARTESIAN_POINT('',(0.0556462930661706,0.103,-0.0909529223277152));
#18041=CARTESIAN_POINT('',(0.055956188899504,0.103,-0.0909529223277152));
#18042=CARTESIAN_POINT('',(0.0560972479272817,0.103,-0.0911998841332707));
#18043=CARTESIAN_POINT('',(0.0556462930661706,0.103,-0.0909529223277152));
#18044=CARTESIAN_POINT('',(0.0556462930661706,0.10299,-0.0909529223277152));
#18045=CARTESIAN_POINT('',(0.0556462930661706,0.10299,-0.0909529223277152));
#18046=CARTESIAN_POINT('',(0.0556462930661706,0.10299,-0.0909529223277152));
#18047=CARTESIAN_POINT('',(0.055956188899504,0.10299,-0.0909529223277152));
#18048=CARTESIAN_POINT('',(0.0560972479272817,0.10299,-0.0911998841332707));
#18049=CARTESIAN_POINT('',(0.0551936020939484,0.10299,-0.0911998841332707));
#18050=CARTESIAN_POINT('',(0.0551936020939484,0.103,-0.0911998841332707));
#18051=CARTESIAN_POINT('',(0.0552893775569113,0.10299,-0.091035242929567));
#18052=CARTESIAN_POINT('',(0.0552893775569113,0.103,-0.091035242929567));
#18053=CARTESIAN_POINT('',(0.0554402745476521,0.10299,-0.0909529223277152));
#18054=CARTESIAN_POINT('',(0.0554402745476521,0.103,-0.0909529223277152));
#18055=CARTESIAN_POINT('',(0.0556462930661706,0.10299,-0.0909529223277152));
#18056=CARTESIAN_POINT('',(0.0556462930661706,0.103,-0.0909529223277152));
#18057=CARTESIAN_POINT('',(0.0551936020939484,0.103,-0.0911998841332707));
#18058=CARTESIAN_POINT('',(0.0553372652883928,0.103,-0.0909529223277152));
#18059=CARTESIAN_POINT('',(0.0556462930661706,0.103,-0.0909529223277152));
#18060=CARTESIAN_POINT('',(0.0551936020939484,0.103,-0.0911998841332707));
#18061=CARTESIAN_POINT('',(0.0551936020939484,0.10299,-0.0911998841332707));
#18062=CARTESIAN_POINT('',(0.0551936020939484,0.10299,-0.0911998841332707));
#18063=CARTESIAN_POINT('',(0.0551936020939484,0.10299,-0.0911998841332707));
#18064=CARTESIAN_POINT('',(0.0553372652883928,0.10299,-0.0909529223277152));
#18065=CARTESIAN_POINT('',(0.0556462930661706,0.10299,-0.0909529223277152));
#18066=CARTESIAN_POINT('',(0.055049938899504,0.10299,-0.0918374709388263));
#18067=CARTESIAN_POINT('',(0.055049938899504,0.103,-0.0918374709388263));
#18068=CARTESIAN_POINT('',(0.055049938899504,0.10299,-0.0915770542721596));
#18069=CARTESIAN_POINT('',(0.055049938899504,0.103,-0.0915770542721596));
#18070=CARTESIAN_POINT('',(0.0550978266309855,0.10299,-0.0913645253369744));
#18071=CARTESIAN_POINT('',(0.0550978266309855,0.103,-0.0913645253369744));
#18072=CARTESIAN_POINT('',(0.0551936020939484,0.10299,-0.0911998841332707));
#18073=CARTESIAN_POINT('',(0.0551936020939484,0.103,-0.0911998841332707));
#18074=CARTESIAN_POINT('',(0.055049938899504,0.103,-0.0918374709388263));
#18075=CARTESIAN_POINT('',(0.055049938899504,0.103,-0.0914468459388263));
#18076=CARTESIAN_POINT('',(0.0551936020939484,0.103,-0.0911998841332707));
#18077=CARTESIAN_POINT('',(0.055049938899504,0.103,-0.0918374709388263));
#18078=CARTESIAN_POINT('',(0.055049938899504,0.10299,-0.0918374709388263));
#18079=CARTESIAN_POINT('',(0.055049938899504,0.10299,-0.0918374709388263));
#18080=CARTESIAN_POINT('',(0.055049938899504,0.10299,-0.0918374709388263));
#18081=CARTESIAN_POINT('',(0.055049938899504,0.10299,-0.0914468459388263));
#18082=CARTESIAN_POINT('',(0.0551936020939484,0.10299,-0.0911998841332707));
#18083=CARTESIAN_POINT('',(0.055049938899504,0.10299,-0.0918661167721596));
#18084=CARTESIAN_POINT('',(0.055049938899504,0.103,-0.0918661167721596));
#18085=CARTESIAN_POINT('',(0.055049938899504,0.103,-0.091894762605493));
#18086=CARTESIAN_POINT('',(0.055049938899504,0.10299,-0.091894762605493));
#18087=CARTESIAN_POINT('',(0.055049938899504,0.10299,-0.091894762605493));
#18088=CARTESIAN_POINT('',(0.055049938899504,0.10299,-0.0918661167721596));
#18089=CARTESIAN_POINT('',(0.0551923000106151,0.10299,-0.0925375577443819));
#18090=CARTESIAN_POINT('',(0.0551923000106151,0.103,-0.0925375577443819));
#18091=CARTESIAN_POINT('',(0.0550973926032077,0.10299,-0.0923746526517893));
#18092=CARTESIAN_POINT('',(0.0550973926032077,0.103,-0.0923746526517893));
#18093=CARTESIAN_POINT('',(0.055049938899504,0.10299,-0.092160387605493));
#18094=CARTESIAN_POINT('',(0.055049938899504,0.103,-0.092160387605493));
#18095=CARTESIAN_POINT('',(0.055049938899504,0.10299,-0.091894762605493));
#18096=CARTESIAN_POINT('',(0.055049938899504,0.103,-0.091894762605493));
#18097=CARTESIAN_POINT('',(0.0551923000106151,0.103,-0.0925375577443819));
#18098=CARTESIAN_POINT('',(0.055049938899504,0.103,-0.092293200105493));
#18099=CARTESIAN_POINT('',(0.055049938899504,0.103,-0.091894762605493));
#18100=CARTESIAN_POINT('',(0.0551923000106151,0.103,-0.0925375577443819));
#18101=CARTESIAN_POINT('',(0.0551923000106151,0.10299,-0.0925375577443819));
#18102=CARTESIAN_POINT('',(0.0551923000106151,0.10299,-0.0925375577443819));
#18103=CARTESIAN_POINT('',(0.0551923000106151,0.10299,-0.0925375577443819));
#18104=CARTESIAN_POINT('',(0.055049938899504,0.10299,-0.092293200105493));
#18105=CARTESIAN_POINT('',(0.055049938899504,0.10299,-0.091894762605493));
#18106=CARTESIAN_POINT('',(0.0556410847328373,0.10299,-0.0927819153832707));
#18107=CARTESIAN_POINT('',(0.0556410847328373,0.103,-0.0927819153832707));
#18108=CARTESIAN_POINT('',(0.0554368023254299,0.10299,-0.0927819153832707));
#18109=CARTESIAN_POINT('',(0.0554368023254299,0.103,-0.0927819153832707));
#18110=CARTESIAN_POINT('',(0.0552872074180225,0.10299,-0.0927004628369744));
#18111=CARTESIAN_POINT('',(0.0552872074180225,0.103,-0.0927004628369744));
#18112=CARTESIAN_POINT('',(0.0551923000106151,0.10299,-0.0925375577443819));
#18113=CARTESIAN_POINT('',(0.0551923000106151,0.103,-0.0925375577443819));
#18114=CARTESIAN_POINT('',(0.0556410847328373,0.103,-0.0927819153832707));
#18115=CARTESIAN_POINT('',(0.0553346611217262,0.103,-0.0927819153832707));
#18116=CARTESIAN_POINT('',(0.0551923000106151,0.103,-0.0925375577443819));
#18117=CARTESIAN_POINT('',(0.0556410847328373,0.103,-0.0927819153832707));
#18118=CARTESIAN_POINT('',(0.0556410847328373,0.10299,-0.0927819153832707));
#18119=CARTESIAN_POINT('',(0.0556410847328373,0.10299,-0.0927819153832707));
#18120=CARTESIAN_POINT('',(0.0556410847328373,0.10299,-0.0927819153832707));
#18121=CARTESIAN_POINT('',(0.0553346611217262,0.10299,-0.0927819153832707));
#18122=CARTESIAN_POINT('',(0.0551923000106151,0.10299,-0.0925375577443819));
#18123=CARTESIAN_POINT('',(0.0570299736217262,0.10299,-0.0918374709388263));
#18124=CARTESIAN_POINT('',(0.0570299736217262,0.103,-0.0918374709388263));
#18125=CARTESIAN_POINT('',(0.0570299736217262,0.10299,-0.0913999709388263));
#18126=CARTESIAN_POINT('',(0.0570299736217262,0.103,-0.0913999709388263));
#18127=CARTESIAN_POINT('',(0.0569074331124669,0.10299,-0.0910414639943819));
#18128=CARTESIAN_POINT('',(0.0569074331124669,0.103,-0.0910414639943819));
#18129=CARTESIAN_POINT('',(0.0566623520939484,0.10299,-0.090761950105493));
#18130=CARTESIAN_POINT('',(0.0566623520939484,0.103,-0.090761950105493));
#18131=CARTESIAN_POINT('',(0.0570299736217262,0.10299,-0.0918374709388263));
#18132=CARTESIAN_POINT('',(0.0570299736217262,0.10299,-0.0918374709388263));
#18133=CARTESIAN_POINT('',(0.0570299736217262,0.10299,-0.0918374709388263));
#18134=CARTESIAN_POINT('',(0.0570299736217262,0.10299,-0.0911812209388263));
#18135=CARTESIAN_POINT('',(0.0566623520939484,0.10299,-0.090761950105493));
#18136=CARTESIAN_POINT('',(0.0566623520939484,0.10299,-0.090761950105493));
#18137=CARTESIAN_POINT('',(0.0566623520939484,0.10299,-0.090761950105493));
#18138=CARTESIAN_POINT('',(0.0570299736217262,0.10299,-0.0918661167721596));
#18139=CARTESIAN_POINT('',(0.0570299736217262,0.10299,-0.091894762605493));
#18140=CARTESIAN_POINT('',(0.0570299736217262,0.10299,-0.091894762605493));
#18141=CARTESIAN_POINT('',(0.0570299736217262,0.10299,-0.0918661167721596));
#18142=CARTESIAN_POINT('',(0.0566623520939484,0.10299,-0.092972887605493));
#18143=CARTESIAN_POINT('',(0.0566623520939484,0.103,-0.092972887605493));
#18144=CARTESIAN_POINT('',(0.0569074331124669,0.10299,-0.0926951098277152));
#18145=CARTESIAN_POINT('',(0.0569074331124669,0.103,-0.0926951098277152));
#18146=CARTESIAN_POINT('',(0.0570299736217262,0.10299,-0.0923357348277152));
#18147=CARTESIAN_POINT('',(0.0570299736217262,0.103,-0.0923357348277152));
#18148=CARTESIAN_POINT('',(0.0570299736217262,0.10299,-0.091894762605493));
#18149=CARTESIAN_POINT('',(0.0570299736217262,0.103,-0.091894762605493));
#18150=CARTESIAN_POINT('',(0.0566623520939484,0.10299,-0.092972887605493));
#18151=CARTESIAN_POINT('',(0.0566623520939484,0.10299,-0.092972887605493));
#18152=CARTESIAN_POINT('',(0.0566623520939484,0.10299,-0.092972887605493));
#18153=CARTESIAN_POINT('',(0.0570299736217262,0.10299,-0.0925562209388263));
#18154=CARTESIAN_POINT('',(0.0570299736217262,0.10299,-0.091894762605493));
#18155=CARTESIAN_POINT('',(0.0556410847328373,0.10299,-0.0933895542721596));
#18156=CARTESIAN_POINT('',(0.0556410847328373,0.103,-0.0933895542721596));
#18157=CARTESIAN_POINT('',(0.0560768486217262,0.10299,-0.0933895542721596));
#18158=CARTESIAN_POINT('',(0.0560768486217262,0.103,-0.0933895542721596));
#18159=CARTESIAN_POINT('',(0.0564172710754299,0.10299,-0.0932506653832707));
#18160=CARTESIAN_POINT('',(0.0564172710754299,0.103,-0.0932506653832707));
#18161=CARTESIAN_POINT('',(0.0566623520939484,0.10299,-0.092972887605493));
#18162=CARTESIAN_POINT('',(0.0566623520939484,0.103,-0.092972887605493));
#18163=CARTESIAN_POINT('',(0.0556410847328373,0.10299,-0.0933895542721596));
#18164=CARTESIAN_POINT('',(0.0556410847328373,0.10299,-0.0933895542721596));
#18165=CARTESIAN_POINT('',(0.0556410847328373,0.10299,-0.0933895542721596));
#18166=CARTESIAN_POINT('',(0.0562947305661706,0.10299,-0.0933895542721596));
#18167=CARTESIAN_POINT('',(0.0566623520939484,0.10299,-0.092972887605493));
#18168=CARTESIAN_POINT('',(0.0546276298717262,0.10299,-0.092972887605493));
#18169=CARTESIAN_POINT('',(0.0546276298717262,0.103,-0.092972887605493));
#18170=CARTESIAN_POINT('',(0.0548727108902447,0.10299,-0.0932506653832707));
#18171=CARTESIAN_POINT('',(0.0548727108902447,0.103,-0.0932506653832707));
#18172=CARTESIAN_POINT('',(0.0552105291772818,0.10299,-0.0933895542721596));
#18173=CARTESIAN_POINT('',(0.0552105291772818,0.103,-0.0933895542721596));
#18174=CARTESIAN_POINT('',(0.0556410847328373,0.10299,-0.0933895542721596));
#18175=CARTESIAN_POINT('',(0.0556410847328373,0.103,-0.0933895542721596));
#18176=CARTESIAN_POINT('',(0.0546276298717262,0.10299,-0.092972887605493));
#18177=CARTESIAN_POINT('',(0.0546276298717262,0.10299,-0.092972887605493));
#18178=CARTESIAN_POINT('',(0.0546276298717262,0.10299,-0.092972887605493));
#18179=CARTESIAN_POINT('',(0.054995251399504,0.10299,-0.0933895542721596));
#18180=CARTESIAN_POINT('',(0.0556410847328373,0.10299,-0.0933895542721596));
#18181=CARTESIAN_POINT('',(0.0542600083439484,0.10299,-0.091894762605493));
#18182=CARTESIAN_POINT('',(0.0542600083439484,0.103,-0.091894762605493));
#18183=CARTESIAN_POINT('',(0.0542600083439484,0.10299,-0.0923357348277152));
#18184=CARTESIAN_POINT('',(0.0542600083439484,0.103,-0.0923357348277152));
#18185=CARTESIAN_POINT('',(0.0543825488532077,0.10299,-0.0926951098277152));
#18186=CARTESIAN_POINT('',(0.0543825488532077,0.103,-0.0926951098277152));
#18187=CARTESIAN_POINT('',(0.0546276298717262,0.10299,-0.092972887605493));
#18188=CARTESIAN_POINT('',(0.0546276298717262,0.103,-0.092972887605493));
#18189=CARTESIAN_POINT('',(0.0542600083439484,0.10299,-0.091894762605493));
#18190=CARTESIAN_POINT('',(0.0542600083439484,0.10299,-0.091894762605493));
#18191=CARTESIAN_POINT('',(0.0542600083439484,0.10299,-0.091894762605493));
#18192=CARTESIAN_POINT('',(0.0542600083439484,0.10299,-0.0925562209388263));
#18193=CARTESIAN_POINT('',(0.0546276298717262,0.10299,-0.092972887605493));
#18194=CARTESIAN_POINT('',(0.0542600083439484,0.10299,-0.0918661167721596));
#18195=CARTESIAN_POINT('',(0.0542600083439484,0.10299,-0.0918374709388263));
#18196=CARTESIAN_POINT('',(0.0542600083439484,0.10299,-0.0918374709388263));
#18197=CARTESIAN_POINT('',(0.0542600083439484,0.10299,-0.0918661167721596));
#18198=CARTESIAN_POINT('',(0.0546276298717262,0.10299,-0.0907606480221596));
#18199=CARTESIAN_POINT('',(0.0546276298717262,0.103,-0.0907606480221596));
#18200=CARTESIAN_POINT('',(0.0543825488532077,0.10299,-0.0910392938554929));
#18201=CARTESIAN_POINT('',(0.0543825488532077,0.103,-0.0910392938554929));
#18202=CARTESIAN_POINT('',(0.0542600083439484,0.10299,-0.0913982348277152));
#18203=CARTESIAN_POINT('',(0.0542600083439484,0.103,-0.0913982348277152));
#18204=CARTESIAN_POINT('',(0.0542600083439484,0.10299,-0.0918374709388263));
#18205=CARTESIAN_POINT('',(0.0542600083439484,0.103,-0.0918374709388263));
#18206=CARTESIAN_POINT('',(0.0546276298717262,0.10299,-0.0907606480221596));
#18207=CARTESIAN_POINT('',(0.0546276298717262,0.10299,-0.0907606480221596));
#18208=CARTESIAN_POINT('',(0.0546276298717262,0.10299,-0.0907606480221596));
#18209=CARTESIAN_POINT('',(0.0542600083439484,0.10299,-0.0911786167721596));
#18210=CARTESIAN_POINT('',(0.0542600083439484,0.10299,-0.0918374709388263));
#18211=CARTESIAN_POINT('',(0.0556462930661706,0.10299,-0.0903426792721596));
#18212=CARTESIAN_POINT('',(0.0556462930661706,0.103,-0.0903426792721596));
#18213=CARTESIAN_POINT('',(0.0552122652883929,0.10299,-0.0903426792721596));
#18214=CARTESIAN_POINT('',(0.0552122652883929,0.103,-0.0903426792721596));
#18215=CARTESIAN_POINT('',(0.0548727108902447,0.10299,-0.0904820021888263));
#18216=CARTESIAN_POINT('',(0.0548727108902447,0.103,-0.0904820021888263));
#18217=CARTESIAN_POINT('',(0.0546276298717262,0.10299,-0.0907606480221596));
#18218=CARTESIAN_POINT('',(0.0546276298717262,0.103,-0.0907606480221596));
#18219=CARTESIAN_POINT('',(0.0556462930661706,0.10299,-0.0903426792721596));
#18220=CARTESIAN_POINT('',(0.0556462930661706,0.10299,-0.0903426792721596));
#18221=CARTESIAN_POINT('',(0.0556462930661706,0.10299,-0.0903426792721596));
#18222=CARTESIAN_POINT('',(0.054995251399504,0.10299,-0.0903426792721596));
#18223=CARTESIAN_POINT('',(0.0546276298717262,0.10299,-0.0907606480221596));
#18224=CARTESIAN_POINT('',(0.0566623520939484,0.10299,-0.090761950105493));
#18225=CARTESIAN_POINT('',(0.0566623520939484,0.103,-0.090761950105493));
#18226=CARTESIAN_POINT('',(0.0564172710754299,0.10299,-0.0904824362166041));
#18227=CARTESIAN_POINT('',(0.0564172710754299,0.103,-0.0904824362166041));
#18228=CARTESIAN_POINT('',(0.0560785847328373,0.10299,-0.0903426792721596));
#18229=CARTESIAN_POINT('',(0.0560785847328373,0.103,-0.0903426792721596));
#18230=CARTESIAN_POINT('',(0.0556462930661706,0.10299,-0.0903426792721596));
#18231=CARTESIAN_POINT('',(0.0556462930661706,0.103,-0.0903426792721596));
#18232=CARTESIAN_POINT('',(0.0566623520939484,0.10299,-0.090761950105493));
#18233=CARTESIAN_POINT('',(0.0562947305661706,0.10299,-0.0903426792721596));
#18234=CARTESIAN_POINT('',(0.0556462930661706,0.10299,-0.0903426792721596));
#18235=CARTESIAN_POINT('',(0.0560972479272817,0.10299,-0.0925388598277152));
#18236=CARTESIAN_POINT('',(0.0560972479272817,0.103,-0.0925388598277152));
#18237=CARTESIAN_POINT('',(0.0560032085754299,0.10299,-0.0927008968647522));
#18238=CARTESIAN_POINT('',(0.0560032085754299,0.103,-0.0927008968647522));
#18239=CARTESIAN_POINT('',(0.0558511541772818,0.10299,-0.0927819153832707));
#18240=CARTESIAN_POINT('',(0.0558511541772818,0.103,-0.0927819153832707));
#18241=CARTESIAN_POINT('',(0.0556410847328373,0.10299,-0.0927819153832707));
#18242=CARTESIAN_POINT('',(0.0556410847328373,0.103,-0.0927819153832707));
#18243=CARTESIAN_POINT('',(0.0560972479272817,0.103,-0.0925388598277152));
#18244=CARTESIAN_POINT('',(0.055956188899504,0.103,-0.0927819153832707));
#18245=CARTESIAN_POINT('',(0.0556410847328373,0.103,-0.0927819153832707));
#18246=CARTESIAN_POINT('',(0.0560972479272817,0.10299,-0.0925388598277152));
#18247=CARTESIAN_POINT('',(0.055956188899504,0.10299,-0.0927819153832707));
#18248=CARTESIAN_POINT('',(0.0556410847328373,0.10299,-0.0927819153832707));
#18249=CARTESIAN_POINT('',(0.,0.10299,-0.0825));
#18250=CARTESIAN_POINT('',(-0.00648698265052065,0.10299,-0.0990490870694072));
#18251=CARTESIAN_POINT('',(-0.00629601042829842,0.10299,-0.0990898856805184));
#18252=CARTESIAN_POINT('',(-0.00629601042829842,0.10299,-0.0990898856805184));
#18253=CARTESIAN_POINT('',(-0.00648698265052065,0.10299,-0.0990490870694072));
#18254=CARTESIAN_POINT('',(-0.00667795487274287,0.10299,-0.0990082884582961));
#18255=CARTESIAN_POINT('',(-0.00667795487274287,0.10299,-0.0990082884582961));
#18256=CARTESIAN_POINT('',(-0.00629601042829842,0.10299,-0.0993272988749628));
#18257=CARTESIAN_POINT('',(-0.00629601042829842,0.10299,-0.0995647120694072));
#18258=CARTESIAN_POINT('',(-0.00629601042829842,0.10299,-0.0995647120694072));
#18259=CARTESIAN_POINT('',(-0.00629601042829842,0.10299,-0.0993272988749628));
#18260=CARTESIAN_POINT('',(-0.00707292015052064,0.10299,-0.0995647120694072));
#18261=CARTESIAN_POINT('',(-0.00784982987274287,0.10299,-0.0995647120694072));
#18262=CARTESIAN_POINT('',(-0.00784982987274287,0.10299,-0.0995647120694072));
#18263=CARTESIAN_POINT('',(-0.00707292015052064,0.10299,-0.0995647120694072));
#18264=CARTESIAN_POINT('',(-0.00784982987274287,0.10299,-0.0993272988749628));
#18265=CARTESIAN_POINT('',(-0.00784982987274287,0.10299,-0.0990898856805184));
#18266=CARTESIAN_POINT('',(-0.00784982987274287,0.10299,-0.0990898856805184));
#18267=CARTESIAN_POINT('',(-0.00784982987274287,0.10299,-0.0993272988749628));
#18268=CARTESIAN_POINT('',(-0.00766015973385398,0.10299,-0.0990490870694072));
#18269=CARTESIAN_POINT('',(-0.00747048959496509,0.10299,-0.0990082884582961));
#18270=CARTESIAN_POINT('',(-0.00747048959496509,0.10299,-0.0990082884582961));
#18271=CARTESIAN_POINT('',(-0.00766015973385398,0.10299,-0.0990490870694072));
#18272=CARTESIAN_POINT('',(-0.00747048959496509,0.10299,-0.097819052347185));
#18273=CARTESIAN_POINT('',(-0.00747048959496509,0.10299,-0.0966298162360739));
#18274=CARTESIAN_POINT('',(-0.00747048959496509,0.10299,-0.0966298162360739));
#18275=CARTESIAN_POINT('',(-0.00747048959496509,0.10299,-0.097819052347185));
#18276=CARTESIAN_POINT('',(-0.0068628507060762,0.10299,-0.0966298162360739));
#18277=CARTESIAN_POINT('',(-0.00625521181718731,0.10299,-0.0966298162360739));
#18278=CARTESIAN_POINT('',(-0.00625521181718731,0.10299,-0.0966298162360739));
#18279=CARTESIAN_POINT('',(-0.0068628507060762,0.10299,-0.0966298162360739));
#18280=CARTESIAN_POINT('',(-0.00625521181718731,0.10299,-0.0968685315138517));
#18281=CARTESIAN_POINT('',(-0.00625521181718731,0.10299,-0.0971072467916295));
#18282=CARTESIAN_POINT('',(-0.00625521181718731,0.10299,-0.0971072467916295));
#18283=CARTESIAN_POINT('',(-0.00625521181718731,0.10299,-0.0968685315138517));
#18284=CARTESIAN_POINT('',(-0.00646658334496509,0.10299,-0.0971476113749628));
#18285=CARTESIAN_POINT('',(-0.00667795487274286,0.10299,-0.0971879759582961));
#18286=CARTESIAN_POINT('',(-0.00667795487274286,0.10299,-0.0971879759582961));
#18287=CARTESIAN_POINT('',(-0.00646658334496509,0.10299,-0.0971476113749628));
#18288=CARTESIAN_POINT('',(-0.00667795487274287,0.10299,-0.0980981322082961));
#18289=CARTESIAN_POINT('',(-0.00667795487274287,0.10299,-0.0980981322082961));
#18290=CARTESIAN_POINT('',(0.,0.10299,-0.0825));
#18291=CARTESIAN_POINT('',(-0.00707422223385398,0.10299,-0.0959266912360739));
#18292=CARTESIAN_POINT('',(-0.00747048959496509,0.10299,-0.0959266912360739));
#18293=CARTESIAN_POINT('',(-0.00747048959496509,0.10299,-0.0959266912360739));
#18294=CARTESIAN_POINT('',(-0.00707422223385398,0.10299,-0.0959266912360739));
#18295=CARTESIAN_POINT('',(-0.00667795487274287,0.10299,-0.0959266912360739));
#18296=CARTESIAN_POINT('',(-0.00667795487274287,0.10299,-0.0959266912360739));
#18297=CARTESIAN_POINT('',(-0.00747048959496509,0.10299,-0.0956298162360739));
#18298=CARTESIAN_POINT('',(-0.00747048959496509,0.10299,-0.0953329412360739));
#18299=CARTESIAN_POINT('',(-0.00747048959496509,0.10299,-0.0953329412360739));
#18300=CARTESIAN_POINT('',(-0.00747048959496509,0.10299,-0.0956298162360739));
#18301=CARTESIAN_POINT('',(-0.00707422223385398,0.10299,-0.0953329412360739));
#18302=CARTESIAN_POINT('',(-0.00667795487274287,0.10299,-0.0953329412360739));
#18303=CARTESIAN_POINT('',(-0.00667795487274287,0.10299,-0.0953329412360739));
#18304=CARTESIAN_POINT('',(-0.00707422223385398,0.10299,-0.0953329412360739));
#18305=CARTESIAN_POINT('',(-0.00667795487274287,0.10299,-0.0956298162360739));
#18306=CARTESIAN_POINT('',(-0.00667795487274287,0.10299,-0.0956298162360739));
#18307=CARTESIAN_POINT('',(0.,0.10299,-0.0825));
#18308=CARTESIAN_POINT('',(-0.0190017395949651,0.10299,-0.0990490870694072));
#18309=CARTESIAN_POINT('',(-0.0188107673727429,0.10299,-0.0990898856805184));
#18310=CARTESIAN_POINT('',(-0.0188107673727429,0.10299,-0.0990898856805184));
#18311=CARTESIAN_POINT('',(-0.0190017395949651,0.10299,-0.0990490870694072));
#18312=CARTESIAN_POINT('',(-0.0191927118171873,0.10299,-0.0990082884582961));
#18313=CARTESIAN_POINT('',(-0.0191927118171873,0.10299,-0.0990082884582961));
#18314=CARTESIAN_POINT('',(-0.0188107673727429,0.10299,-0.0993272988749628));
#18315=CARTESIAN_POINT('',(-0.0188107673727429,0.10299,-0.0995647120694072));
#18316=CARTESIAN_POINT('',(-0.0188107673727429,0.10299,-0.0995647120694072));
#18317=CARTESIAN_POINT('',(-0.0188107673727429,0.10299,-0.0993272988749628));
#18318=CARTESIAN_POINT('',(-0.0195876770949651,0.10299,-0.0995647120694072));
#18319=CARTESIAN_POINT('',(-0.0203645868171873,0.10299,-0.0995647120694072));
#18320=CARTESIAN_POINT('',(-0.0203645868171873,0.10299,-0.0995647120694072));
#18321=CARTESIAN_POINT('',(-0.0195876770949651,0.10299,-0.0995647120694072));
#18322=CARTESIAN_POINT('',(-0.0203645868171873,0.10299,-0.0993272988749628));
#18323=CARTESIAN_POINT('',(-0.0203645868171873,0.10299,-0.0990898856805184));
#18324=CARTESIAN_POINT('',(-0.0203645868171873,0.10299,-0.0990898856805184));
#18325=CARTESIAN_POINT('',(-0.0203645868171873,0.10299,-0.0993272988749628));
#18326=CARTESIAN_POINT('',(-0.0201749166782984,0.10299,-0.0990490870694072));
#18327=CARTESIAN_POINT('',(-0.0199852465394095,0.10299,-0.0990082884582961));
#18328=CARTESIAN_POINT('',(-0.0199852465394095,0.10299,-0.0990082884582961));
#18329=CARTESIAN_POINT('',(-0.0201749166782984,0.10299,-0.0990490870694072));
#18330=CARTESIAN_POINT('',(-0.0199852465394095,0.10299,-0.097819052347185));
#18331=CARTESIAN_POINT('',(-0.0199852465394095,0.10299,-0.0966298162360739));
#18332=CARTESIAN_POINT('',(-0.0199852465394095,0.10299,-0.0966298162360739));
#18333=CARTESIAN_POINT('',(-0.0199852465394095,0.10299,-0.097819052347185));
#18334=CARTESIAN_POINT('',(-0.0193776076505206,0.10299,-0.0966298162360739));
#18335=CARTESIAN_POINT('',(-0.0187699687616317,0.10299,-0.0966298162360739));
#18336=CARTESIAN_POINT('',(-0.0187699687616317,0.10299,-0.0966298162360739));
#18337=CARTESIAN_POINT('',(-0.0193776076505206,0.10299,-0.0966298162360739));
#18338=CARTESIAN_POINT('',(-0.0187699687616317,0.10299,-0.0968685315138517));
#18339=CARTESIAN_POINT('',(-0.0187699687616317,0.10299,-0.0971072467916295));
#18340=CARTESIAN_POINT('',(-0.0187699687616317,0.10299,-0.0971072467916295));
#18341=CARTESIAN_POINT('',(-0.0187699687616317,0.10299,-0.0968685315138517));
#18342=CARTESIAN_POINT('',(-0.0189813402894096,0.10299,-0.0971476113749628));
#18343=CARTESIAN_POINT('',(-0.0191927118171873,0.10299,-0.0971879759582961));
#18344=CARTESIAN_POINT('',(-0.0191927118171873,0.10299,-0.0971879759582961));
#18345=CARTESIAN_POINT('',(-0.0189813402894096,0.10299,-0.0971476113749628));
#18346=CARTESIAN_POINT('',(-0.0191927118171873,0.10299,-0.0980981322082961));
#18347=CARTESIAN_POINT('',(-0.0191927118171873,0.10299,-0.0980981322082961));
#18348=CARTESIAN_POINT('',(0.,0.10299,-0.0825));
#18349=CARTESIAN_POINT('',(-0.0195889791782984,0.10299,-0.0959266912360739));
#18350=CARTESIAN_POINT('',(-0.0199852465394095,0.10299,-0.0959266912360739));
#18351=CARTESIAN_POINT('',(-0.0199852465394095,0.10299,-0.0959266912360739));
#18352=CARTESIAN_POINT('',(-0.0195889791782984,0.10299,-0.0959266912360739));
#18353=CARTESIAN_POINT('',(-0.0191927118171873,0.10299,-0.0959266912360739));
#18354=CARTESIAN_POINT('',(-0.0191927118171873,0.10299,-0.0959266912360739));
#18355=CARTESIAN_POINT('',(-0.0199852465394095,0.10299,-0.0956298162360739));
#18356=CARTESIAN_POINT('',(-0.0199852465394095,0.10299,-0.0953329412360739));
#18357=CARTESIAN_POINT('',(-0.0199852465394095,0.10299,-0.0953329412360739));
#18358=CARTESIAN_POINT('',(-0.0199852465394095,0.10299,-0.0956298162360739));
#18359=CARTESIAN_POINT('',(-0.0195889791782984,0.10299,-0.0953329412360739));
#18360=CARTESIAN_POINT('',(-0.0191927118171873,0.10299,-0.0953329412360739));
#18361=CARTESIAN_POINT('',(-0.0191927118171873,0.10299,-0.0953329412360739));
#18362=CARTESIAN_POINT('',(-0.0195889791782984,0.10299,-0.0953329412360739));
#18363=CARTESIAN_POINT('',(-0.0191927118171873,0.10299,-0.0956298162360739));
#18364=CARTESIAN_POINT('',(-0.0191927118171873,0.10299,-0.0956298162360739));
#18365=CARTESIAN_POINT('',(0.,0.10299,-0.0825));
#18366=CARTESIAN_POINT('',(-0.0207721389005207,0.10299,-0.0990490870694072));
#18367=CARTESIAN_POINT('',(-0.0205824687616318,0.10299,-0.0990898856805184));
#18368=CARTESIAN_POINT('',(-0.0205824687616318,0.10299,-0.0990898856805184));
#18369=CARTESIAN_POINT('',(-0.0207721389005207,0.10299,-0.0990490870694072));
#18370=CARTESIAN_POINT('',(-0.0209618090394095,0.10299,-0.0990082884582961));
#18371=CARTESIAN_POINT('',(-0.0209618090394095,0.10299,-0.0990082884582961));
#18372=CARTESIAN_POINT('',(-0.0205824687616318,0.10299,-0.0993272988749628));
#18373=CARTESIAN_POINT('',(-0.0205824687616318,0.10299,-0.0995647120694072));
#18374=CARTESIAN_POINT('',(-0.0205824687616318,0.10299,-0.0995647120694072));
#18375=CARTESIAN_POINT('',(-0.0205824687616318,0.10299,-0.0993272988749628));
#18376=CARTESIAN_POINT('',(-0.0213285625116317,0.10299,-0.0995647120694072));
#18377=CARTESIAN_POINT('',(-0.0220746562616317,0.10299,-0.0995647120694072));
#18378=CARTESIAN_POINT('',(-0.0220746562616317,0.10299,-0.0995647120694072));
#18379=CARTESIAN_POINT('',(-0.0213285625116317,0.10299,-0.0995647120694072));
#18380=CARTESIAN_POINT('',(-0.0220746562616317,0.10299,-0.0993272988749628));
#18381=CARTESIAN_POINT('',(-0.0220746562616317,0.10299,-0.0990898856805184));
#18382=CARTESIAN_POINT('',(-0.0220746562616317,0.10299,-0.0990898856805184));
#18383=CARTESIAN_POINT('',(-0.0220746562616317,0.10299,-0.0993272988749628));
#18384=CARTESIAN_POINT('',(-0.0219145000116318,0.10299,-0.0990490870694072));
#18385=CARTESIAN_POINT('',(-0.0217543437616317,0.10299,-0.0990082884582961));
#18386=CARTESIAN_POINT('',(-0.0217543437616317,0.10299,-0.0990082884582961));
#18387=CARTESIAN_POINT('',(-0.0219145000116318,0.10299,-0.0990490870694072));
#18388=CARTESIAN_POINT('',(-0.0217543437616317,0.10299,-0.0982218301249628));
#18389=CARTESIAN_POINT('',(-0.0217543437616317,0.10299,-0.0974356044148957));
#18390=CARTESIAN_POINT('',(-0.0217543437616317,0.10299,-0.0974356044148957));
#18391=CARTESIAN_POINT('',(-0.0217543437616317,0.10299,-0.0982218301249628));
#18392=CARTESIAN_POINT('',(-0.0222245236935541,0.10299,-0.0977674399678396));
#18393=CARTESIAN_POINT('',(-0.0219631111227429,0.10299,-0.0972548162360739));
#18394=CARTESIAN_POINT('',(-0.0219630348622873,0.10299,-0.0972546619668537));
#18395=CARTESIAN_POINT('',(-0.0222245236935541,0.10299,-0.0977674399678396));
#18396=CARTESIAN_POINT('',(-0.0222336169993559,0.10299,-0.097806619686146));
#18397=CARTESIAN_POINT('',(-0.0222456632060762,0.10299,-0.0971914481805183));
#18398=CARTESIAN_POINT('',(-0.0222456632060762,0.10299,-0.0971914481805183));
#18399=CARTESIAN_POINT('',(-0.0222336169993559,0.10299,-0.097806619686146));
#18400=CARTESIAN_POINT('',(-0.0226063402894095,0.10299,-0.0973147120694072));
#18401=CARTESIAN_POINT('',(-0.0226063402894095,0.103,-0.0973147120694072));
#18402=CARTESIAN_POINT('',(-0.0225267685301503,0.10299,-0.0972325361434813));
#18403=CARTESIAN_POINT('',(-0.0225267685301503,0.103,-0.0972325361434813));
#18404=CARTESIAN_POINT('',(-0.0224065428357058,0.10299,-0.0971914481805183));
#18405=CARTESIAN_POINT('',(-0.0224065428357058,0.103,-0.0971914481805183));
#18406=CARTESIAN_POINT('',(-0.0222456632060762,0.10299,-0.0971914481805183));
#18407=CARTESIAN_POINT('',(-0.0222456632060762,0.103,-0.0971914481805183));
#18408=CARTESIAN_POINT('',(-0.0226063402894095,0.10299,-0.0973147120694072));
#18409=CARTESIAN_POINT('',(-0.0226063402894095,0.10299,-0.0973147120694072));
#18410=CARTESIAN_POINT('',(-0.0226063402894095,0.10299,-0.0973147120694072));
#18411=CARTESIAN_POINT('',(-0.0224869826505207,0.10299,-0.0971914481805183));
#18412=CARTESIAN_POINT('',(-0.0222456632060762,0.10299,-0.0971914481805183));
#18413=CARTESIAN_POINT('',(-0.0227256979282985,0.10299,-0.0977339829027406));
#18414=CARTESIAN_POINT('',(-0.0227256979282985,0.103,-0.0977339829027406));
#18415=CARTESIAN_POINT('',(-0.0227256979282985,0.10299,-0.0975366449397776));
#18416=CARTESIAN_POINT('',(-0.0227256979282985,0.103,-0.0975366449397776));
#18417=CARTESIAN_POINT('',(-0.0226859120486688,0.10299,-0.0973968879953331));
#18418=CARTESIAN_POINT('',(-0.0226859120486688,0.103,-0.0973968879953331));
#18419=CARTESIAN_POINT('',(-0.0226063402894095,0.10299,-0.0973147120694072));
#18420=CARTESIAN_POINT('',(-0.0226063402894095,0.103,-0.0973147120694072));
#18421=CARTESIAN_POINT('',(-0.0227256979282985,0.10299,-0.0977339829027406));
#18422=CARTESIAN_POINT('',(-0.0227256979282985,0.10299,-0.0977339829027406));
#18423=CARTESIAN_POINT('',(-0.0227256979282985,0.10299,-0.0977339829027406));
#18424=CARTESIAN_POINT('',(-0.0227256979282985,0.10299,-0.0974379759582961));
#18425=CARTESIAN_POINT('',(-0.0226063402894095,0.10299,-0.0973147120694072));
#18426=CARTESIAN_POINT('',(-0.0227256979282985,0.10299,-0.0983711356805183));
#18427=CARTESIAN_POINT('',(-0.0227256979282985,0.10299,-0.0990082884582961));
#18428=CARTESIAN_POINT('',(-0.0227256979282985,0.10299,-0.0990082884582961));
#18429=CARTESIAN_POINT('',(-0.0227256979282985,0.10299,-0.0983711356805183));
#18430=CARTESIAN_POINT('',(-0.0225559930671873,0.10299,-0.0990490870694072));
#18431=CARTESIAN_POINT('',(-0.0223862882060762,0.10299,-0.0990898856805183));
#18432=CARTESIAN_POINT('',(-0.0223862882060762,0.10299,-0.0990898856805183));
#18433=CARTESIAN_POINT('',(-0.0225559930671873,0.10299,-0.0990490870694072));
#18434=CARTESIAN_POINT('',(-0.0223862882060762,0.10299,-0.0993272988749628));
#18435=CARTESIAN_POINT('',(-0.0223862882060762,0.10299,-0.0995647120694072));
#18436=CARTESIAN_POINT('',(-0.0223862882060762,0.10299,-0.0995647120694072));
#18437=CARTESIAN_POINT('',(-0.0223862882060762,0.10299,-0.0993272988749628));
#18438=CARTESIAN_POINT('',(-0.0231432326505207,0.10299,-0.0995647120694072));
#18439=CARTESIAN_POINT('',(-0.0239001770949651,0.10299,-0.0995647120694072));
#18440=CARTESIAN_POINT('',(-0.0239001770949651,0.10299,-0.0995647120694072));
#18441=CARTESIAN_POINT('',(-0.0231432326505207,0.10299,-0.0995647120694072));
#18442=CARTESIAN_POINT('',(-0.0239001770949651,0.10299,-0.0993272988749628));
#18443=CARTESIAN_POINT('',(-0.0239001770949651,0.10299,-0.0990898856805184));
#18444=CARTESIAN_POINT('',(-0.0239001770949651,0.10299,-0.0990898856805184));
#18445=CARTESIAN_POINT('',(-0.0239001770949651,0.10299,-0.0993272988749628));
#18446=CARTESIAN_POINT('',(-0.0237100729282985,0.10299,-0.0990490870694072));
#18447=CARTESIAN_POINT('',(-0.0235199687616317,0.10299,-0.0990082884582961));
#18448=CARTESIAN_POINT('',(-0.0235199687616317,0.10299,-0.0990082884582961));
#18449=CARTESIAN_POINT('',(-0.0237100729282985,0.10299,-0.0990490870694072));
#18450=CARTESIAN_POINT('',(-0.0235199687616317,0.10299,-0.0983693995694072));
#18451=CARTESIAN_POINT('',(-0.0235199687616317,0.10299,-0.0977305106805183));
#18452=CARTESIAN_POINT('',(-0.0235199687616317,0.10299,-0.0977305106805183));
#18453=CARTESIAN_POINT('',(-0.0235199687616317,0.10299,-0.0983693995694072));
#18454=CARTESIAN_POINT('',(-0.0232704027894096,0.10299,-0.0968546426249628));
#18455=CARTESIAN_POINT('',(-0.0232704027894096,0.103,-0.0968546426249628));
#18456=CARTESIAN_POINT('',(-0.0234367801042244,0.10299,-0.0970409852175554));
#18457=CARTESIAN_POINT('',(-0.0234367801042244,0.103,-0.0970409852175554));
#18458=CARTESIAN_POINT('',(-0.0235199687616317,0.10299,-0.0973329412360739));
#18459=CARTESIAN_POINT('',(-0.0235199687616317,0.103,-0.0973329412360739));
#18460=CARTESIAN_POINT('',(-0.0235199687616317,0.10299,-0.0977305106805183));
#18461=CARTESIAN_POINT('',(-0.0235199687616317,0.103,-0.0977305106805183));
#18462=CARTESIAN_POINT('',(-0.0232704027894096,0.10299,-0.0968546426249628));
#18463=CARTESIAN_POINT('',(-0.0232704027894096,0.10299,-0.0968546426249628));
#18464=CARTESIAN_POINT('',(-0.0232704027894096,0.10299,-0.0968546426249628));
#18465=CARTESIAN_POINT('',(-0.0235199687616317,0.10299,-0.0971341565138517));
#18466=CARTESIAN_POINT('',(-0.0235199687616317,0.10299,-0.0977305106805183));
#18467=CARTESIAN_POINT('',(-0.0225763923727429,0.10299,-0.0965751287360739));
#18468=CARTESIAN_POINT('',(-0.0225763923727429,0.103,-0.0965751287360739));
#18469=CARTESIAN_POINT('',(-0.0228726886690392,0.10299,-0.0965751287360739));
#18470=CARTESIAN_POINT('',(-0.0228726886690392,0.103,-0.0965751287360739));
#18471=CARTESIAN_POINT('',(-0.0231040254745948,0.10299,-0.0966683000323702));
#18472=CARTESIAN_POINT('',(-0.0231040254745948,0.103,-0.0966683000323702));
#18473=CARTESIAN_POINT('',(-0.0232704027894096,0.10299,-0.0968546426249628));
#18474=CARTESIAN_POINT('',(-0.0232704027894096,0.103,-0.0968546426249628));
#18475=CARTESIAN_POINT('',(-0.0225763923727429,0.10299,-0.0965751287360739));
#18476=CARTESIAN_POINT('',(-0.0225763923727429,0.10299,-0.0965751287360739));
#18477=CARTESIAN_POINT('',(-0.0225763923727429,0.10299,-0.0965751287360739));
#18478=CARTESIAN_POINT('',(-0.0230208368171873,0.10299,-0.0965751287360739));
#18479=CARTESIAN_POINT('',(-0.0232704027894096,0.10299,-0.0968546426249628));
#18480=CARTESIAN_POINT('',(-0.0225620636139447,0.10299,-0.0975104133655594));
#18481=CARTESIAN_POINT('',(-0.0220963576505207,0.10299,-0.0967001287360739));
#18482=CARTESIAN_POINT('',(-0.0220962692709553,0.10299,-0.0966999764218059));
#18483=CARTESIAN_POINT('',(-0.0225620636139447,0.10299,-0.0975104133655594));
#18484=CARTESIAN_POINT('',(-0.0226465271334857,0.10299,-0.0976268007168921));
#18485=CARTESIAN_POINT('',(-0.0217353124359773,0.10299,-0.0970507331961031));
#18486=CARTESIAN_POINT('',(-0.0217352465394095,0.10299,-0.0970499551249628));
#18487=CARTESIAN_POINT('',(-0.0226465271334857,0.10299,-0.0976268007168921));
#18488=CARTESIAN_POINT('',(-0.0217174514005207,0.10299,-0.0968398856805183));
#18489=CARTESIAN_POINT('',(-0.0216996562616317,0.10299,-0.0966298162360739));
#18490=CARTESIAN_POINT('',(-0.0216996562616317,0.10299,-0.0966298162360739));
#18491=CARTESIAN_POINT('',(-0.0217174514005207,0.10299,-0.0968398856805183));
#18492=CARTESIAN_POINT('',(-0.0211206632060762,0.10299,-0.0966298162360739));
#18493=CARTESIAN_POINT('',(-0.0205416701505206,0.10299,-0.0966298162360739));
#18494=CARTESIAN_POINT('',(-0.0205416701505206,0.10299,-0.0966298162360739));
#18495=CARTESIAN_POINT('',(-0.0211206632060762,0.10299,-0.0966298162360739));
#18496=CARTESIAN_POINT('',(-0.0205416701505206,0.10299,-0.0968685315138517));
#18497=CARTESIAN_POINT('',(-0.0205416701505206,0.10299,-0.0971072467916295));
#18498=CARTESIAN_POINT('',(-0.0205416701505206,0.10299,-0.0971072467916295));
#18499=CARTESIAN_POINT('',(-0.0205416701505206,0.10299,-0.0968685315138517));
#18500=CARTESIAN_POINT('',(-0.0207517395949651,0.10299,-0.0971476113749628));
#18501=CARTESIAN_POINT('',(-0.0209618090394095,0.10299,-0.0971879759582961));
#18502=CARTESIAN_POINT('',(-0.0209618090394095,0.10299,-0.0971879759582961));
#18503=CARTESIAN_POINT('',(-0.0207517395949651,0.10299,-0.0971476113749628));
#18504=CARTESIAN_POINT('',(-0.0209618090394095,0.10299,-0.0980981322082961));
#18505=CARTESIAN_POINT('',(-0.0209618090394095,0.10299,-0.0980981322082961));
#18506=CARTESIAN_POINT('',(0.,0.10299,-0.0825));
#18507=CARTESIAN_POINT('',(-0.0487226511616102,0.10299,-0.0986422959708296));
#18508=CARTESIAN_POINT('',(-0.0495438271389447,0.10299,-0.0991926518248078));
#18509=CARTESIAN_POINT('',(-0.0495439005304015,0.10299,-0.0991931842916295));
#18510=CARTESIAN_POINT('',(-0.0487226511616102,0.10299,-0.0986422959708296));
#18511=CARTESIAN_POINT('',(-0.0491950797996415,0.10299000025,-0.0995107189163466));
#18512=CARTESIAN_POINT('',(-0.0491949421970682,0.10299,-0.099510458597185));
#18513=CARTESIAN_POINT('',(-0.0495695081692904,0.10299,-0.0993789481805183));
#18514=CARTESIAN_POINT('',(-0.0495951158081793,0.10299,-0.0995647120694072));
#18515=CARTESIAN_POINT('',(-0.0495951158081793,0.10299,-0.0995647120694072));
#18516=CARTESIAN_POINT('',(-0.0495695081692904,0.10299,-0.0993789481805183));
#18517=CARTESIAN_POINT('',(-0.0501198553915126,0.10299,-0.0995647120694072));
#18518=CARTESIAN_POINT('',(-0.0506445949748459,0.10299,-0.0995647120694072));
#18519=CARTESIAN_POINT('',(-0.0506445949748459,0.10299,-0.0995647120694072));
#18520=CARTESIAN_POINT('',(-0.0501198553915126,0.10299,-0.0995647120694072));
#18521=CARTESIAN_POINT('',(-0.0506445949748459,0.10299,-0.0993272988749628));
#18522=CARTESIAN_POINT('',(-0.0506445949748459,0.10299,-0.0990898856805184));
#18523=CARTESIAN_POINT('',(-0.0506445949748459,0.10299,-0.0990898856805184));
#18524=CARTESIAN_POINT('',(-0.0506445949748459,0.10299,-0.0993272988749628));
#18525=CARTESIAN_POINT('',(-0.0504670776137348,0.10299,-0.0990490870694072));
#18526=CARTESIAN_POINT('',(-0.0502895602526237,0.10299,-0.0990082884582961));
#18527=CARTESIAN_POINT('',(-0.0502895602526237,0.10299,-0.0990082884582961));
#18528=CARTESIAN_POINT('',(-0.0504670776137348,0.10299,-0.0990490870694072));
#18529=CARTESIAN_POINT('',(-0.0502895602526237,0.10299,-0.097819052347185));
#18530=CARTESIAN_POINT('',(-0.0502895602526237,0.10299,-0.0966298162360739));
#18531=CARTESIAN_POINT('',(-0.0502895602526237,0.10299,-0.0966298162360739));
#18532=CARTESIAN_POINT('',(-0.0502895602526237,0.10299,-0.097819052347185));
#18533=CARTESIAN_POINT('',(-0.0498932928915126,0.10299,-0.0966298162360739));
#18534=CARTESIAN_POINT('',(-0.0491498033081793,0.10299,-0.0966298162360739));
#18535=CARTESIAN_POINT('',(-0.0491498033081793,0.10299,-0.0966298162360739));
#18536=CARTESIAN_POINT('',(-0.0498932928915126,0.10299,-0.0966298162360739));
#18537=CARTESIAN_POINT('',(-0.0491498033081793,0.10299,-0.0968685315138517));
#18538=CARTESIAN_POINT('',(-0.0491498033081793,0.10299,-0.0971072467916295));
#18539=CARTESIAN_POINT('',(-0.0491498033081793,0.10299,-0.0971072467916295));
#18540=CARTESIAN_POINT('',(-0.0491498033081793,0.10299,-0.0968685315138517));
#18541=CARTESIAN_POINT('',(-0.0493234144192904,0.10299,-0.0971476113749628));
#18542=CARTESIAN_POINT('',(-0.0494970255304015,0.10299,-0.0971879759582961));
#18543=CARTESIAN_POINT('',(-0.0494970255304015,0.10299,-0.0971879759582961));
#18544=CARTESIAN_POINT('',(-0.0493234144192904,0.10299,-0.0971476113749628));
#18545=CARTESIAN_POINT('',(-0.0494970255304015,0.10299,-0.0979787745694072));
#18546=CARTESIAN_POINT('',(-0.0494970255304015,0.10299,-0.098769709780675));
#18547=CARTESIAN_POINT('',(-0.0494970255304015,0.10299,-0.098769709780675));
#18548=CARTESIAN_POINT('',(-0.0494970255304015,0.10299,-0.0979787745694072));
#18549=CARTESIAN_POINT('',(-0.0490511280219284,0.10299,-0.0984304754546271));
#18550=CARTESIAN_POINT('',(-0.0492735012248459,0.10299,-0.0989449204027406));
#18551=CARTESIAN_POINT('',(-0.0492735952101217,0.10299,-0.098945153678591));
#18552=CARTESIAN_POINT('',(-0.0490511280219284,0.10299,-0.0984304754546271));
#18553=CARTESIAN_POINT('',(-0.048970873962647,0.10299,-0.09820769340418));
#18554=CARTESIAN_POINT('',(-0.0489492824748459,0.10299,-0.0990056842916295));
#18555=CARTESIAN_POINT('',(-0.0489492824748459,0.10299,-0.0990056842916295));
#18556=CARTESIAN_POINT('',(-0.048970873962647,0.10299,-0.09820769340418));
#18557=CARTESIAN_POINT('',(-0.0486307060859571,0.10299,-0.098865927347185));
#18558=CARTESIAN_POINT('',(-0.0486307060859571,0.103,-0.098865927347185));
#18559=CARTESIAN_POINT('',(-0.0487018866415126,0.10299,-0.0989590986434813));
#18560=CARTESIAN_POINT('',(-0.0487018866415126,0.103,-0.0989590986434813));
#18561=CARTESIAN_POINT('',(-0.0488080787711422,0.10299,-0.0990056842916295));
#18562=CARTESIAN_POINT('',(-0.0488080787711422,0.103,-0.0990056842916295));
#18563=CARTESIAN_POINT('',(-0.0489492824748459,0.10299,-0.0990056842916295));
#18564=CARTESIAN_POINT('',(-0.0489492824748459,0.103,-0.0990056842916295));
#18565=CARTESIAN_POINT('',(-0.0486307060859571,0.10299,-0.098865927347185));
#18566=CARTESIAN_POINT('',(-0.0486307060859571,0.10299,-0.098865927347185));
#18567=CARTESIAN_POINT('',(-0.0486307060859571,0.10299,-0.098865927347185));
#18568=CARTESIAN_POINT('',(-0.0487374769192904,0.10299,-0.0990056842916295));
#18569=CARTESIAN_POINT('',(-0.0489492824748459,0.10299,-0.0990056842916295));
#18570=CARTESIAN_POINT('',(-0.0485239352526237,0.10299,-0.0984067259582961));
#18571=CARTESIAN_POINT('',(-0.0485239352526237,0.103,-0.0984067259582961));
#18572=CARTESIAN_POINT('',(-0.0485239352526237,0.10299,-0.0986196889212591));
#18573=CARTESIAN_POINT('',(-0.0485239352526237,0.103,-0.0986196889212591));
#18574=CARTESIAN_POINT('',(-0.0485595255304015,0.10299,-0.0987727560508887));
#18575=CARTESIAN_POINT('',(-0.0485595255304015,0.103,-0.0987727560508887));
#18576=CARTESIAN_POINT('',(-0.0486307060859571,0.10299,-0.098865927347185));
#18577=CARTESIAN_POINT('',(-0.0486307060859571,0.103,-0.098865927347185));
#18578=CARTESIAN_POINT('',(-0.0485239352526237,0.10299,-0.0984067259582961));
#18579=CARTESIAN_POINT('',(-0.0485239352526237,0.10299,-0.0984067259582961));
#18580=CARTESIAN_POINT('',(-0.0485239352526237,0.10299,-0.0984067259582961));
#18581=CARTESIAN_POINT('',(-0.0485239352526237,0.10299,-0.0987261704027406));
#18582=CARTESIAN_POINT('',(-0.0486307060859571,0.10299,-0.098865927347185));
#18583=CARTESIAN_POINT('',(-0.0485239352526237,0.10299,-0.097518271097185));
#18584=CARTESIAN_POINT('',(-0.0485239352526237,0.10299,-0.0966298162360739));
#18585=CARTESIAN_POINT('',(-0.0485239352526237,0.10299,-0.0966298162360739));
#18586=CARTESIAN_POINT('',(-0.0485239352526237,0.10299,-0.097518271097185));
#18587=CARTESIAN_POINT('',(-0.0481276678915126,0.10299,-0.0966298162360739));
#18588=CARTESIAN_POINT('',(-0.0474084838637348,0.10299,-0.0966298162360739));
#18589=CARTESIAN_POINT('',(-0.0474084838637348,0.10299,-0.0966298162360739));
#18590=CARTESIAN_POINT('',(-0.0481276678915126,0.10299,-0.0966298162360739));
#18591=CARTESIAN_POINT('',(-0.0474084838637348,0.10299,-0.0968685315138517));
#18592=CARTESIAN_POINT('',(-0.0474084838637348,0.10299,-0.0971072467916295));
#18593=CARTESIAN_POINT('',(-0.0474084838637348,0.10299,-0.0971072467916295));
#18594=CARTESIAN_POINT('',(-0.0474084838637348,0.10299,-0.0968685315138517));
#18595=CARTESIAN_POINT('',(-0.0475699421970682,0.10299,-0.0971476113749628));
#18596=CARTESIAN_POINT('',(-0.0477314005304015,0.10299,-0.0971879759582961));
#18597=CARTESIAN_POINT('',(-0.0477314005304015,0.10299,-0.0971879759582961));
#18598=CARTESIAN_POINT('',(-0.0475699421970682,0.10299,-0.0971476113749628));
#18599=CARTESIAN_POINT('',(-0.0477314005304015,0.10299,-0.0977943127638517));
#18600=CARTESIAN_POINT('',(-0.0477314005304015,0.10299,-0.0984006495694072));
#18601=CARTESIAN_POINT('',(-0.0477314005304015,0.10299,-0.0984006495694072));
#18602=CARTESIAN_POINT('',(-0.0477314005304015,0.10299,-0.0977943127638517));
#18603=CARTESIAN_POINT('',(-0.0479944213637348,0.10299,-0.0993246947082961));
#18604=CARTESIAN_POINT('',(-0.0479944213637348,0.103,-0.0993246947082961));
#18605=CARTESIAN_POINT('',(-0.0478190741415126,0.10299,-0.0991264886897776));
#18606=CARTESIAN_POINT('',(-0.0478190741415126,0.103,-0.0991264886897776));
#18607=CARTESIAN_POINT('',(-0.0477314005304015,0.10299,-0.0988184736434813));
#18608=CARTESIAN_POINT('',(-0.0477314005304015,0.103,-0.0988184736434813));
#18609=CARTESIAN_POINT('',(-0.0477314005304015,0.10299,-0.0984006495694072));
#18610=CARTESIAN_POINT('',(-0.0477314005304015,0.103,-0.0984006495694072));
#18611=CARTESIAN_POINT('',(-0.0479944213637348,0.10299,-0.0993246947082961));
#18612=CARTESIAN_POINT('',(-0.0479944213637348,0.10299,-0.0993246947082961));
#18613=CARTESIAN_POINT('',(-0.0479944213637348,0.10299,-0.0993246947082961));
#18614=CARTESIAN_POINT('',(-0.0477314005304015,0.10299,-0.0990273856805183));
#18615=CARTESIAN_POINT('',(-0.0477314005304015,0.10299,-0.0984006495694072));
#18616=CARTESIAN_POINT('',(-0.0487218519192904,0.10299,-0.0996220037360739));
#18617=CARTESIAN_POINT('',(-0.0487218519192904,0.103,-0.0996220037360739));
#18618=CARTESIAN_POINT('',(-0.0484122454378089,0.10299,-0.0996220037360739));
#18619=CARTESIAN_POINT('',(-0.0484122454378089,0.103,-0.0996220037360739));
#18620=CARTESIAN_POINT('',(-0.0481697685859571,0.10299,-0.0995229007268146));
#18621=CARTESIAN_POINT('',(-0.0481697685859571,0.103,-0.0995229007268146));
#18622=CARTESIAN_POINT('',(-0.0479944213637348,0.10299,-0.0993246947082961));
#18623=CARTESIAN_POINT('',(-0.0479944213637348,0.103,-0.0993246947082961));
#18624=CARTESIAN_POINT('',(-0.0487218519192904,0.10299,-0.0996220037360739));
#18625=CARTESIAN_POINT('',(-0.0487218519192904,0.10299,-0.0996220037360739));
#18626=CARTESIAN_POINT('',(-0.0487218519192904,0.10299,-0.0996220037360739));
#18627=CARTESIAN_POINT('',(-0.0482574421970682,0.10299,-0.0996220037360739));
#18628=CARTESIAN_POINT('',(-0.0479944213637348,0.10299,-0.0993246947082961));
#18629=CARTESIAN_POINT('',(-0.0487421448525955,0.10299,-0.0986375924203061));
#18630=CARTESIAN_POINT('',(-0.0487421448525955,0.10299,-0.0986375924203061));
#18631=CARTESIAN_POINT('',(0.,0.10299,-0.0825));
#18632=CARTESIAN_POINT('',(-0.0544119560859571,0.10299,-0.0990490870694072));
#18633=CARTESIAN_POINT('',(-0.0542209838637348,0.10299,-0.0990898856805184));
#18634=CARTESIAN_POINT('',(-0.0542209838637348,0.10299,-0.0990898856805184));
#18635=CARTESIAN_POINT('',(-0.0544119560859571,0.10299,-0.0990490870694072));
#18636=CARTESIAN_POINT('',(-0.0546029283081793,0.10299,-0.0990082884582961));
#18637=CARTESIAN_POINT('',(-0.0546029283081793,0.10299,-0.0990082884582961));
#18638=CARTESIAN_POINT('',(-0.0542209838637348,0.10299,-0.0993272988749628));
#18639=CARTESIAN_POINT('',(-0.0542209838637348,0.10299,-0.0995647120694072));
#18640=CARTESIAN_POINT('',(-0.0542209838637348,0.10299,-0.0995647120694072));
#18641=CARTESIAN_POINT('',(-0.0542209838637348,0.10299,-0.0993272988749628));
#18642=CARTESIAN_POINT('',(-0.0549978935859571,0.10299,-0.0995647120694072));
#18643=CARTESIAN_POINT('',(-0.0557748033081793,0.10299,-0.0995647120694072));
#18644=CARTESIAN_POINT('',(-0.0557748033081793,0.10299,-0.0995647120694072));
#18645=CARTESIAN_POINT('',(-0.0549978935859571,0.10299,-0.0995647120694072));
#18646=CARTESIAN_POINT('',(-0.0557748033081793,0.10299,-0.0993272988749628));
#18647=CARTESIAN_POINT('',(-0.0557748033081793,0.10299,-0.0990898856805184));
#18648=CARTESIAN_POINT('',(-0.0557748033081793,0.10299,-0.0990898856805184));
#18649=CARTESIAN_POINT('',(-0.0557748033081793,0.10299,-0.0993272988749628));
#18650=CARTESIAN_POINT('',(-0.0555851331692904,0.10299,-0.0990490870694072));
#18651=CARTESIAN_POINT('',(-0.0553954630304015,0.10299,-0.0990082884582961));
#18652=CARTESIAN_POINT('',(-0.0553954630304015,0.10299,-0.0990082884582961));
#18653=CARTESIAN_POINT('',(-0.0555851331692904,0.10299,-0.0990490870694072));
#18654=CARTESIAN_POINT('',(-0.0553954630304015,0.10299,-0.097819052347185));
#18655=CARTESIAN_POINT('',(-0.0553954630304015,0.10299,-0.0966298162360739));
#18656=CARTESIAN_POINT('',(-0.0553954630304015,0.10299,-0.0966298162360739));
#18657=CARTESIAN_POINT('',(-0.0553954630304015,0.10299,-0.097819052347185));
#18658=CARTESIAN_POINT('',(-0.0547878241415126,0.10299,-0.0966298162360739));
#18659=CARTESIAN_POINT('',(-0.0541801852526237,0.10299,-0.0966298162360739));
#18660=CARTESIAN_POINT('',(-0.0541801852526237,0.10299,-0.0966298162360739));
#18661=CARTESIAN_POINT('',(-0.0547878241415126,0.10299,-0.0966298162360739));
#18662=CARTESIAN_POINT('',(-0.0541801852526237,0.10299,-0.0968685315138517));
#18663=CARTESIAN_POINT('',(-0.0541801852526237,0.10299,-0.0971072467916295));
#18664=CARTESIAN_POINT('',(-0.0541801852526237,0.10299,-0.0971072467916295));
#18665=CARTESIAN_POINT('',(-0.0541801852526237,0.10299,-0.0968685315138517));
#18666=CARTESIAN_POINT('',(-0.0543915567804015,0.10299,-0.0971476113749628));
#18667=CARTESIAN_POINT('',(-0.0546029283081793,0.10299,-0.0971879759582961));
#18668=CARTESIAN_POINT('',(-0.0546029283081793,0.10299,-0.0971879759582961));
#18669=CARTESIAN_POINT('',(-0.0543915567804015,0.10299,-0.0971476113749628));
#18670=CARTESIAN_POINT('',(-0.0546029283081793,0.10299,-0.0980981322082961));
#18671=CARTESIAN_POINT('',(-0.0546029283081793,0.10299,-0.0980981322082961));
#18672=CARTESIAN_POINT('',(0.,0.10299,-0.0825));
#18673=CARTESIAN_POINT('',(-0.0549991956692904,0.10299,-0.0959266912360739));
#18674=CARTESIAN_POINT('',(-0.0553954630304015,0.10299,-0.0959266912360739));
#18675=CARTESIAN_POINT('',(-0.0553954630304015,0.10299,-0.0959266912360739));
#18676=CARTESIAN_POINT('',(-0.0549991956692904,0.10299,-0.0959266912360739));
#18677=CARTESIAN_POINT('',(-0.0546029283081793,0.10299,-0.0959266912360739));
#18678=CARTESIAN_POINT('',(-0.0546029283081793,0.10299,-0.0959266912360739));
#18679=CARTESIAN_POINT('',(-0.0553954630304015,0.10299,-0.0956298162360739));
#18680=CARTESIAN_POINT('',(-0.0553954630304015,0.10299,-0.0953329412360739));
#18681=CARTESIAN_POINT('',(-0.0553954630304015,0.10299,-0.0953329412360739));
#18682=CARTESIAN_POINT('',(-0.0553954630304015,0.10299,-0.0956298162360739));
#18683=CARTESIAN_POINT('',(-0.0549991956692904,0.10299,-0.0953329412360739));
#18684=CARTESIAN_POINT('',(-0.0546029283081793,0.10299,-0.0953329412360739));
#18685=CARTESIAN_POINT('',(-0.0546029283081793,0.10299,-0.0953329412360739));
#18686=CARTESIAN_POINT('',(-0.0549991956692904,0.10299,-0.0953329412360739));
#18687=CARTESIAN_POINT('',(-0.0546029283081793,0.10299,-0.0956298162360739));
#18688=CARTESIAN_POINT('',(-0.0546029283081793,0.10299,-0.0956298162360739));
#18689=CARTESIAN_POINT('',(0.,0.10299,-0.0825));
#18690=CARTESIAN_POINT('',(0.0242529865402666,0.10299,-0.089886950105493));
#18691=CARTESIAN_POINT('',(0.0241023789013777,0.10299,-0.0898600403832707));
#18692=CARTESIAN_POINT('',(0.0241023789013777,0.10299,-0.0898600403832707));
#18693=CARTESIAN_POINT('',(0.0242529865402666,0.10299,-0.089886950105493));
#18694=CARTESIAN_POINT('',(0.0244035941791555,0.10299,-0.0899138598277152));
#18695=CARTESIAN_POINT('',(0.0244035941791555,0.10299,-0.0899138598277152));
#18696=CARTESIAN_POINT('',(0.0241023789013777,0.10299,-0.089621325105493));
#18697=CARTESIAN_POINT('',(0.0241023789013777,0.10299,-0.0893826098277152));
#18698=CARTESIAN_POINT('',(0.0241023789013777,0.10299,-0.0893826098277152));
#18699=CARTESIAN_POINT('',(0.0241023789013777,0.10299,-0.089621325105493));
#18700=CARTESIAN_POINT('',(0.0248241670958222,0.10299,-0.0893826098277152));
#18701=CARTESIAN_POINT('',(0.0255459552902666,0.10299,-0.0893826098277152));
#18702=CARTESIAN_POINT('',(0.0255459552902666,0.10299,-0.0893826098277152));
#18703=CARTESIAN_POINT('',(0.0248241670958222,0.10299,-0.0893826098277152));
#18704=CARTESIAN_POINT('',(0.0255459552902666,0.10299,-0.089621325105493));
#18705=CARTESIAN_POINT('',(0.0255459552902666,0.10299,-0.0898600403832707));
#18706=CARTESIAN_POINT('',(0.0255459552902666,0.10299,-0.0898600403832707));
#18707=CARTESIAN_POINT('',(0.0255459552902666,0.10299,-0.089621325105493));
#18708=CARTESIAN_POINT('',(0.0253831948736,0.10299,-0.0898817417721596));
#18709=CARTESIAN_POINT('',(0.0252204344569333,0.10299,-0.0899034431610485));
#18710=CARTESIAN_POINT('',(0.0252204344569333,0.10299,-0.0899034431610485));
#18711=CARTESIAN_POINT('',(0.0253831948736,0.10299,-0.0898817417721596));
#18712=CARTESIAN_POINT('',(0.0246371011235999,0.10299,-0.0916178528832707));
#18713=CARTESIAN_POINT('',(0.0240537677902666,0.10299,-0.093332262605493));
#18714=CARTESIAN_POINT('',(0.0240537677902666,0.10299,-0.093332262605493));
#18715=CARTESIAN_POINT('',(0.0246371011235999,0.10299,-0.0916178528832707));
#18716=CARTESIAN_POINT('',(0.0236466497347111,0.10299,-0.093332262605493));
#18717=CARTESIAN_POINT('',(0.0232395316791555,0.10299,-0.093332262605493));
#18718=CARTESIAN_POINT('',(0.0232395316791555,0.10299,-0.093332262605493));
#18719=CARTESIAN_POINT('',(0.0236466497347111,0.10299,-0.093332262605493));
#18720=CARTESIAN_POINT('',(0.0226579344569333,0.10299,-0.0916178528832707));
#18721=CARTESIAN_POINT('',(0.0220763372347111,0.10299,-0.0899034431610485));
#18722=CARTESIAN_POINT('',(0.0220763372347111,0.10299,-0.0899034431610485));
#18723=CARTESIAN_POINT('',(0.0226579344569333,0.10299,-0.0916178528832707));
#18724=CARTESIAN_POINT('',(0.0219109726513777,0.10299,-0.0898817417721596));
#18725=CARTESIAN_POINT('',(0.0217456080680444,0.10299,-0.0898600403832707));
#18726=CARTESIAN_POINT('',(0.0217456080680444,0.10299,-0.0898600403832707));
#18727=CARTESIAN_POINT('',(0.0219109726513777,0.10299,-0.0898817417721596));
#18728=CARTESIAN_POINT('',(0.0217456080680444,0.10299,-0.089621325105493));
#18729=CARTESIAN_POINT('',(0.0217456080680444,0.10299,-0.0893826098277152));
#18730=CARTESIAN_POINT('',(0.0217456080680444,0.10299,-0.0893826098277152));
#18731=CARTESIAN_POINT('',(0.0217456080680444,0.10299,-0.089621325105493));
#18732=CARTESIAN_POINT('',(0.022466962234711,0.10299,-0.0893826098277152));
#18733=CARTESIAN_POINT('',(0.0231883164013777,0.10299,-0.0893826098277152));
#18734=CARTESIAN_POINT('',(0.0231883164013777,0.10299,-0.0893826098277152));
#18735=CARTESIAN_POINT('',(0.022466962234711,0.10299,-0.0893826098277152));
#18736=CARTESIAN_POINT('',(0.0231883164013777,0.10299,-0.089621325105493));
#18737=CARTESIAN_POINT('',(0.0231883164013777,0.10299,-0.0898600403832707));
#18738=CARTESIAN_POINT('',(0.0231883164013777,0.10299,-0.0898600403832707));
#18739=CARTESIAN_POINT('',(0.0231883164013777,0.10299,-0.089621325105493));
#18740=CARTESIAN_POINT('',(0.0230390108458222,0.10299,-0.089886950105493));
#18741=CARTESIAN_POINT('',(0.0228897052902666,0.10299,-0.0899138598277152));
#18742=CARTESIAN_POINT('',(0.0228897052902666,0.10299,-0.0899138598277152));
#18743=CARTESIAN_POINT('',(0.0230390108458222,0.10299,-0.089886950105493));
#18744=CARTESIAN_POINT('',(0.0232412677902666,0.10299,-0.0911009257999374));
#18745=CARTESIAN_POINT('',(0.0235928302902666,0.10299,-0.0922879917721596));
#18746=CARTESIAN_POINT('',(0.0235928302902666,0.10299,-0.0922879917721596));
#18747=CARTESIAN_POINT('',(0.0232412677902666,0.10299,-0.0911009257999374));
#18748=CARTESIAN_POINT('',(0.0236158337624889,0.10299,-0.0923938945499374));
#18749=CARTESIAN_POINT('',(0.023638837234711,0.10299,-0.0924997973277152));
#18750=CARTESIAN_POINT('',(0.023638837234711,0.10299,-0.0924997973277152));
#18751=CARTESIAN_POINT('',(0.0236158337624889,0.10299,-0.0923938945499374));
#18752=CARTESIAN_POINT('',(0.0236470837624889,0.10299,-0.0924997973277152));
#18753=CARTESIAN_POINT('',(0.0236553302902666,0.10299,-0.0924997973277152));
#18754=CARTESIAN_POINT('',(0.0236553302902666,0.10299,-0.0924997973277152));
#18755=CARTESIAN_POINT('',(0.0236470837624889,0.10299,-0.0924997973277152));
#18756=CARTESIAN_POINT('',(0.0236796358458222,0.10299,-0.0923912903832707));
#18757=CARTESIAN_POINT('',(0.0237039414013777,0.10299,-0.0922827834388263));
#18758=CARTESIAN_POINT('',(0.0237039414013777,0.10299,-0.0922827834388263));
#18759=CARTESIAN_POINT('',(0.0236796358458222,0.10299,-0.0923912903832707));
#18760=CARTESIAN_POINT('',(0.0240537677902666,0.10299,-0.0910983216332707));
#18761=CARTESIAN_POINT('',(0.0240537677902666,0.10299,-0.0910983216332707));
#18762=CARTESIAN_POINT('',(0.,0.10299,-0.0825));
#18763=CARTESIAN_POINT('',(0.0614574909828373,0.10299,-0.0919485820499374));
#18764=CARTESIAN_POINT('',(0.0606923000106151,0.10299,-0.0919485820499374));
#18765=CARTESIAN_POINT('',(0.0606923000106151,0.10299,-0.0919485820499374));
#18766=CARTESIAN_POINT('',(0.0614574909828373,0.10299,-0.0919485820499374));
#18767=CARTESIAN_POINT('',(0.0622226819550595,0.10299,-0.0919485820499374));
#18768=CARTESIAN_POINT('',(0.0622226819550595,0.10299,-0.0919485820499374));
#18769=CARTESIAN_POINT('',(0.0606923000106151,0.10299,-0.0916434605221596));
#18770=CARTESIAN_POINT('',(0.0606923000106151,0.10299,-0.0913383389943819));
#18771=CARTESIAN_POINT('',(0.0606923000106151,0.10299,-0.0913383389943819));
#18772=CARTESIAN_POINT('',(0.0606923000106151,0.10299,-0.0916434605221596));
#18773=CARTESIAN_POINT('',(0.0614574909828373,0.10299,-0.0913383389943818));
#18774=CARTESIAN_POINT('',(0.0622226819550595,0.10299,-0.0913383389943818));
#18775=CARTESIAN_POINT('',(0.0622226819550595,0.10299,-0.0913383389943818));
#18776=CARTESIAN_POINT('',(0.0614574909828373,0.10299,-0.0913383389943818));
#18777=CARTESIAN_POINT('',(0.0622226819550595,0.10299,-0.0916434605221596));
#18778=CARTESIAN_POINT('',(0.0622226819550595,0.10299,-0.0916434605221596));
#18779=CARTESIAN_POINT('',(0.,0.10299,-0.0825));
#18780=CARTESIAN_POINT('',(0.059089001399504,0.10299,-0.0909004049666041));
#18781=CARTESIAN_POINT('',(0.0589509805661706,0.10299,-0.0908747973277152));
#18782=CARTESIAN_POINT('',(0.0589509805661706,0.10299,-0.0908747973277152));
#18783=CARTESIAN_POINT('',(0.059089001399504,0.10299,-0.0909004049666041));
#18784=CARTESIAN_POINT('',(0.0592270222328373,0.10299,-0.090926012605493));
#18785=CARTESIAN_POINT('',(0.0592270222328373,0.10299,-0.090926012605493));
#18786=CARTESIAN_POINT('',(0.0589509805661706,0.10299,-0.0906360820499374));
#18787=CARTESIAN_POINT('',(0.0589509805661706,0.10299,-0.0903973667721596));
#18788=CARTESIAN_POINT('',(0.0589509805661706,0.10299,-0.0903973667721596));
#18789=CARTESIAN_POINT('',(0.0589509805661706,0.10299,-0.0906360820499374));
#18790=CARTESIAN_POINT('',(0.0596167791772817,0.10299,-0.0903973667721596));
#18791=CARTESIAN_POINT('',(0.0602825777883928,0.10299,-0.0903973667721596));
#18792=CARTESIAN_POINT('',(0.0602825777883928,0.10299,-0.0903973667721596));
#18793=CARTESIAN_POINT('',(0.0596167791772817,0.10299,-0.0903973667721596));
#18794=CARTESIAN_POINT('',(0.0602825777883929,0.10299,-0.0906360820499374));
#18795=CARTESIAN_POINT('',(0.0602825777883929,0.10299,-0.0908747973277152));
#18796=CARTESIAN_POINT('',(0.0602825777883929,0.10299,-0.0908747973277152));
#18797=CARTESIAN_POINT('',(0.0602825777883929,0.10299,-0.0906360820499374));
#18798=CARTESIAN_POINT('',(0.0601549736217262,0.10299,-0.0908951966332707));
#18799=CARTESIAN_POINT('',(0.0600273694550595,0.10299,-0.0909155959388263));
#18800=CARTESIAN_POINT('',(0.0600273694550595,0.10299,-0.0909155959388263));
#18801=CARTESIAN_POINT('',(0.0601549736217262,0.10299,-0.0908951966332707));
#18802=CARTESIAN_POINT('',(0.0595933416772817,0.10299,-0.0921239292721596));
#18803=CARTESIAN_POINT('',(0.059159313899504,0.10299,-0.093332262605493));
#18804=CARTESIAN_POINT('',(0.059159313899504,0.10299,-0.093332262605493));
#18805=CARTESIAN_POINT('',(0.0595933416772817,0.10299,-0.0921239292721596));
#18806=CARTESIAN_POINT('',(0.0587808416772817,0.10299,-0.093332262605493));
#18807=CARTESIAN_POINT('',(0.0584023694550595,0.10299,-0.093332262605493));
#18808=CARTESIAN_POINT('',(0.0584023694550595,0.10299,-0.093332262605493));
#18809=CARTESIAN_POINT('',(0.0587808416772817,0.10299,-0.093332262605493));
#18810=CARTESIAN_POINT('',(0.0579700777883929,0.10299,-0.0921239292721596));
#18811=CARTESIAN_POINT('',(0.0575377861217262,0.10299,-0.0909155959388263));
#18812=CARTESIAN_POINT('',(0.0575377861217262,0.10299,-0.0909155959388263));
#18813=CARTESIAN_POINT('',(0.0579700777883929,0.10299,-0.0921239292721596));
#18814=CARTESIAN_POINT('',(0.0574101819550595,0.10299,-0.0908951966332707));
#18815=CARTESIAN_POINT('',(0.0572825777883928,0.10299,-0.0908747973277152));
#18816=CARTESIAN_POINT('',(0.0572825777883928,0.10299,-0.0908747973277152));
#18817=CARTESIAN_POINT('',(0.0574101819550595,0.10299,-0.0908951966332707));
#18818=CARTESIAN_POINT('',(0.0572825777883929,0.10299,-0.0906360820499374));
#18819=CARTESIAN_POINT('',(0.0572825777883929,0.10299,-0.0903973667721596));
#18820=CARTESIAN_POINT('',(0.0572825777883929,0.10299,-0.0903973667721596));
#18821=CARTESIAN_POINT('',(0.0572825777883929,0.10299,-0.0906360820499374));
#18822=CARTESIAN_POINT('',(0.057948376399504,0.10299,-0.0903973667721596));
#18823=CARTESIAN_POINT('',(0.0586141750106151,0.10299,-0.0903973667721596));
#18824=CARTESIAN_POINT('',(0.0586141750106151,0.10299,-0.0903973667721596));
#18825=CARTESIAN_POINT('',(0.057948376399504,0.10299,-0.0903973667721596));
#18826=CARTESIAN_POINT('',(0.0586141750106151,0.10299,-0.0906360820499374));
#18827=CARTESIAN_POINT('',(0.0586141750106151,0.10299,-0.0908747973277152));
#18828=CARTESIAN_POINT('',(0.0586141750106151,0.10299,-0.0908747973277152));
#18829=CARTESIAN_POINT('',(0.0586141750106151,0.10299,-0.0906360820499374));
#18830=CARTESIAN_POINT('',(0.0584731159828373,0.10299,-0.0909017070499374));
#18831=CARTESIAN_POINT('',(0.0583320569550595,0.10299,-0.0909286167721596));
#18832=CARTESIAN_POINT('',(0.0583320569550595,0.10299,-0.0909286167721596));
#18833=CARTESIAN_POINT('',(0.0584731159828373,0.10299,-0.0909017070499374));
#18834=CARTESIAN_POINT('',(0.0585234632050595,0.10299,-0.0915839987166041));
#18835=CARTESIAN_POINT('',(0.0587148694550595,0.10299,-0.0922393806610485));
#18836=CARTESIAN_POINT('',(0.0587148694550595,0.10299,-0.0922393806610485));
#18837=CARTESIAN_POINT('',(0.0585234632050595,0.10299,-0.0915839987166041));
#18838=CARTESIAN_POINT('',(0.0587430812606151,0.10299,-0.0923774014943819));
#18839=CARTESIAN_POINT('',(0.0587712930661706,0.10299,-0.0925154223277152));
#18840=CARTESIAN_POINT('',(0.0587712930661706,0.10299,-0.0925154223277152));
#18841=CARTESIAN_POINT('',(0.0587430812606151,0.10299,-0.0923774014943819));
#18842=CARTESIAN_POINT('',(0.0587795395939484,0.10299,-0.0925154223277152));
#18843=CARTESIAN_POINT('',(0.0587877861217262,0.10299,-0.0925154223277152));
#18844=CARTESIAN_POINT('',(0.0587877861217262,0.10299,-0.0925154223277152));
#18845=CARTESIAN_POINT('',(0.0587795395939484,0.10299,-0.0925154223277152));
#18846=CARTESIAN_POINT('',(0.0588138277883928,0.10299,-0.0923774014943819));
#18847=CARTESIAN_POINT('',(0.0588398694550595,0.10299,-0.0922393806610485));
#18848=CARTESIAN_POINT('',(0.0588398694550595,0.10299,-0.0922393806610485));
#18849=CARTESIAN_POINT('',(0.0588138277883928,0.10299,-0.0923774014943819));
#18850=CARTESIAN_POINT('',(0.0590334458439484,0.10299,-0.0915826966332707));
#18851=CARTESIAN_POINT('',(0.0590334458439484,0.10299,-0.0915826966332707));
#18852=CARTESIAN_POINT('',(0.,0.10299,-0.0825));
#18853=CARTESIAN_POINT('',(0.0539995916772817,0.10299,-0.0893392070499374));
#18854=CARTESIAN_POINT('',(0.0539995916772817,0.10299,-0.0895779223277152));
#18855=CARTESIAN_POINT('',(0.0539995916772817,0.10299,-0.0895779223277152));
#18856=CARTESIAN_POINT('',(0.0539995916772817,0.10299,-0.0893392070499374));
#18857=CARTESIAN_POINT('',(0.0539995916772817,0.10299,-0.0891004917721596));
#18858=CARTESIAN_POINT('',(0.0539995916772817,0.10299,-0.0891004917721596));
#18859=CARTESIAN_POINT('',(0.0537877861217262,0.10299,-0.0896187209388263));
#18860=CARTESIAN_POINT('',(0.0535759805661706,0.10299,-0.0896595195499374));
#18861=CARTESIAN_POINT('',(0.0535759805661706,0.10299,-0.0896595195499374));
#18862=CARTESIAN_POINT('',(0.0537877861217262,0.10299,-0.0896187209388263));
#18863=CARTESIAN_POINT('',(0.0535759805661706,0.10299,-0.0912176792721596));
#18864=CARTESIAN_POINT('',(0.0535759805661706,0.10299,-0.0927758389943819));
#18865=CARTESIAN_POINT('',(0.0535759805661706,0.10299,-0.0927758389943819));
#18866=CARTESIAN_POINT('',(0.0535759805661706,0.10299,-0.0912176792721596));
#18867=CARTESIAN_POINT('',(0.0537673868161706,0.10299,-0.092816637605493));
#18868=CARTESIAN_POINT('',(0.0539587930661706,0.10299,-0.0928574362166041));
#18869=CARTESIAN_POINT('',(0.0539587930661706,0.10299,-0.0928574362166041));
#18870=CARTESIAN_POINT('',(0.0537673868161706,0.10299,-0.092816637605493));
#18871=CARTESIAN_POINT('',(0.0539587930661706,0.10299,-0.0930948494110485));
#18872=CARTESIAN_POINT('',(0.0539587930661706,0.10299,-0.093332262605493));
#18873=CARTESIAN_POINT('',(0.0539587930661706,0.10299,-0.093332262605493));
#18874=CARTESIAN_POINT('',(0.0539587930661706,0.10299,-0.0930948494110485));
#18875=CARTESIAN_POINT('',(0.0531801472328373,0.10299,-0.093332262605493));
#18876=CARTESIAN_POINT('',(0.052401501399504,0.10299,-0.093332262605493));
#18877=CARTESIAN_POINT('',(0.052401501399504,0.10299,-0.093332262605493));
#18878=CARTESIAN_POINT('',(0.0531801472328373,0.10299,-0.093332262605493));
#18879=CARTESIAN_POINT('',(0.052401501399504,0.10299,-0.0930948494110485));
#18880=CARTESIAN_POINT('',(0.052401501399504,0.10299,-0.0928574362166041));
#18881=CARTESIAN_POINT('',(0.052401501399504,0.10299,-0.0928574362166041));
#18882=CARTESIAN_POINT('',(0.052401501399504,0.10299,-0.0930948494110485));
#18883=CARTESIAN_POINT('',(0.052592907649504,0.10299,-0.092816637605493));
#18884=CARTESIAN_POINT('',(0.052784313899504,0.10299,-0.0927758389943818));
#18885=CARTESIAN_POINT('',(0.052784313899504,0.10299,-0.0927758389943818));
#18886=CARTESIAN_POINT('',(0.052592907649504,0.10299,-0.092816637605493));
#18887=CARTESIAN_POINT('',(0.052784313899504,0.10299,-0.0909381653832707));
#18888=CARTESIAN_POINT('',(0.052784313899504,0.10299,-0.0891004917721596));
#18889=CARTESIAN_POINT('',(0.052784313899504,0.10299,-0.0891004917721596));
#18890=CARTESIAN_POINT('',(0.052784313899504,0.10299,-0.0909381653832707));
#18891=CARTESIAN_POINT('',(0.0533919527883928,0.10299,-0.0891004917721596));
#18892=CARTESIAN_POINT('',(0.0533919527883928,0.10299,-0.0891004917721596));
#18893=CARTESIAN_POINT('',(0.,0.10299,-0.0825));
#18894=CARTESIAN_POINT('',(0.0285112330680444,0.10299,-0.0930731480221596));
#18895=CARTESIAN_POINT('',(0.0285112330680444,0.10299,-0.093332262605493));
#18896=CARTESIAN_POINT('',(0.0285112330680444,0.10299,-0.093332262605493));
#18897=CARTESIAN_POINT('',(0.0285112330680444,0.10299,-0.0930731480221596));
#18898=CARTESIAN_POINT('',(0.0285112330680444,0.10299,-0.0928140334388263));
#18899=CARTESIAN_POINT('',(0.0285112330680444,0.10299,-0.0928140334388263));
#18900=CARTESIAN_POINT('',(0.0271631427902666,0.10299,-0.093332262605493));
#18901=CARTESIAN_POINT('',(0.0258150525124889,0.10299,-0.093332262605493));
#18902=CARTESIAN_POINT('',(0.0258150525124889,0.10299,-0.093332262605493));
#18903=CARTESIAN_POINT('',(0.0271631427902666,0.10299,-0.093332262605493));
#18904=CARTESIAN_POINT('',(0.0258150525124889,0.10299,-0.0928331306610485));
#18905=CARTESIAN_POINT('',(0.0258150525124889,0.10299,-0.0923339987166041));
#18906=CARTESIAN_POINT('',(0.0258150525124889,0.10299,-0.0923339987166041));
#18907=CARTESIAN_POINT('',(0.0258150525124889,0.10299,-0.0928331306610485));
#18908=CARTESIAN_POINT('',(0.0261158337624889,0.10299,-0.0923339987166041));
#18909=CARTESIAN_POINT('',(0.0264166150124889,0.10299,-0.0923339987166041));
#18910=CARTESIAN_POINT('',(0.0264166150124889,0.10299,-0.0923339987166041));
#18911=CARTESIAN_POINT('',(0.0261158337624889,0.10299,-0.0923339987166041));
#18912=CARTESIAN_POINT('',(0.0264331080680444,0.10299,-0.0925293112166041));
#18913=CARTESIAN_POINT('',(0.0264496011235999,0.10299,-0.0927246237166041));
#18914=CARTESIAN_POINT('',(0.0264496011235999,0.10299,-0.0927246237166041));
#18915=CARTESIAN_POINT('',(0.0264331080680444,0.10299,-0.0925293112166041));
#18916=CARTESIAN_POINT('',(0.0269621879291555,0.10299,-0.0927246237166041));
#18917=CARTESIAN_POINT('',(0.027474774734711,0.10299,-0.0927246237166041));
#18918=CARTESIAN_POINT('',(0.027474774734711,0.10299,-0.0927246237166041));
#18919=CARTESIAN_POINT('',(0.0269621879291555,0.10299,-0.0927246237166041));
#18920=CARTESIAN_POINT('',(0.0274773789013777,0.10299,-0.0927176792721596));
#18921=CARTESIAN_POINT('',(0.0274799830680444,0.10299,-0.0927107348277152));
#18922=CARTESIAN_POINT('',(0.0274799830680444,0.10299,-0.0927107348277152));
#18923=CARTESIAN_POINT('',(0.0274773789013777,0.10299,-0.0927176792721596));
#18924=CARTESIAN_POINT('',(0.0271288545958222,0.10299,-0.0923270542721596));
#18925=CARTESIAN_POINT('',(0.0267777261235999,0.10299,-0.0919433737166041));
#18926=CARTESIAN_POINT('',(0.0267777261235999,0.10299,-0.0919433737166041));
#18927=CARTESIAN_POINT('',(0.0271288545958222,0.10299,-0.0923270542721596));
#18928=CARTESIAN_POINT('',(0.0261253823735999,0.10299,-0.0911508389943819));
#18929=CARTESIAN_POINT('',(0.0261253823735999,0.103,-0.0911508389943819));
#18930=CARTESIAN_POINT('',(0.0262564587624888,0.10299,-0.0913533852906782));
#18931=CARTESIAN_POINT('',(0.0262564587624888,0.103,-0.0913533852906782));
#18932=CARTESIAN_POINT('',(0.0264739066791555,0.10299,-0.0916175635314189));
#18933=CARTESIAN_POINT('',(0.0264739066791555,0.103,-0.0916175635314189));
#18934=CARTESIAN_POINT('',(0.0267777261235999,0.10299,-0.0919433737166041));
#18935=CARTESIAN_POINT('',(0.0267777261235999,0.103,-0.0919433737166041));
#18936=CARTESIAN_POINT('',(0.0261253823735999,0.10299,-0.0911508389943819));
#18937=CARTESIAN_POINT('',(0.0261253823735999,0.10299,-0.0911508389943819));
#18938=CARTESIAN_POINT('',(0.0261253823735999,0.10299,-0.0911508389943819));
#18939=CARTESIAN_POINT('',(0.0263219969569333,0.10299,-0.0914546584388263));
#18940=CARTESIAN_POINT('',(0.0267777261235999,0.10299,-0.0919433737166041));
#18941=CARTESIAN_POINT('',(0.0271209598976166,0.10299,-0.0904945670762008));
#18942=CARTESIAN_POINT('',(0.0259287677902666,0.10299,-0.0904893806610485));
#18943=CARTESIAN_POINT('',(0.0259287677902666,0.10299,-0.0904893806610485));
#18944=CARTESIAN_POINT('',(0.0271209598976166,0.10299,-0.0904945670762008));
#18945=CARTESIAN_POINT('',(0.0262785941791555,0.10299,-0.0896430264943818));
#18946=CARTESIAN_POINT('',(0.0262785941791555,0.103,-0.0896430264943818));
#18947=CARTESIAN_POINT('',(0.0260453765865629,0.10299,-0.0898548320499374));
#18948=CARTESIAN_POINT('',(0.0260453765865629,0.103,-0.0898548320499374));
#18949=CARTESIAN_POINT('',(0.0259287677902666,0.10299,-0.090136950105493));
#18950=CARTESIAN_POINT('',(0.0259287677902666,0.103,-0.090136950105493));
#18951=CARTESIAN_POINT('',(0.0259287677902666,0.10299,-0.0904893806610485));
#18952=CARTESIAN_POINT('',(0.0259287677902666,0.103,-0.0904893806610485));
#18953=CARTESIAN_POINT('',(0.0262785941791555,0.10299,-0.0896430264943818));
#18954=CARTESIAN_POINT('',(0.0262785941791555,0.10299,-0.0896430264943818));
#18955=CARTESIAN_POINT('',(0.0262785941791555,0.10299,-0.0896430264943818));
#18956=CARTESIAN_POINT('',(0.0259287677902666,0.10299,-0.0899607348277152));
#18957=CARTESIAN_POINT('',(0.0259287677902666,0.10299,-0.0904893806610485));
#18958=CARTESIAN_POINT('',(0.0272386636235999,0.10299,-0.0893253181610485));
#18959=CARTESIAN_POINT('',(0.0272386636235999,0.103,-0.0893253181610485));
#18960=CARTESIAN_POINT('',(0.0268318349198963,0.10299,-0.0893253181610485));
#18961=CARTESIAN_POINT('',(0.0268318349198963,0.103,-0.0893253181610485));
#18962=CARTESIAN_POINT('',(0.0265118117717481,0.10299,-0.0894312209388263));
#18963=CARTESIAN_POINT('',(0.0265118117717481,0.103,-0.0894312209388263));
#18964=CARTESIAN_POINT('',(0.0262785941791555,0.10299,-0.0896430264943818));
#18965=CARTESIAN_POINT('',(0.0262785941791555,0.103,-0.0896430264943818));
#18966=CARTESIAN_POINT('',(0.0272386636235999,0.10299,-0.0893253181610485));
#18967=CARTESIAN_POINT('',(0.0272386636235999,0.10299,-0.0893253181610485));
#18968=CARTESIAN_POINT('',(0.0272386636235999,0.10299,-0.0893253181610485));
#18969=CARTESIAN_POINT('',(0.0266284205680444,0.10299,-0.0893253181610485));
#18970=CARTESIAN_POINT('',(0.0262785941791555,0.10299,-0.0896430264943818));
#18971=CARTESIAN_POINT('',(0.0282221705680444,0.10299,-0.089695543855493));
#18972=CARTESIAN_POINT('',(0.0282221705680444,0.103,-0.089695543855493));
#18973=CARTESIAN_POINT('',(0.0279791150124888,0.10299,-0.0894487267258633));
#18974=CARTESIAN_POINT('',(0.0279791150124888,0.103,-0.0894487267258633));
#18975=CARTESIAN_POINT('',(0.0276512793643407,0.10299,-0.0893253181610485));
#18976=CARTESIAN_POINT('',(0.0276512793643407,0.103,-0.0893253181610485));
#18977=CARTESIAN_POINT('',(0.0272386636235999,0.10299,-0.0893253181610485));
#18978=CARTESIAN_POINT('',(0.0272386636235999,0.103,-0.0893253181610485));
#18979=CARTESIAN_POINT('',(0.0282221705680444,0.10299,-0.089695543855493));
#18980=CARTESIAN_POINT('',(0.0282221705680444,0.10299,-0.089695543855493));
#18981=CARTESIAN_POINT('',(0.0282221705680444,0.10299,-0.089695543855493));
#18982=CARTESIAN_POINT('',(0.027857587234711,0.10299,-0.0893253181610485));
#18983=CARTESIAN_POINT('',(0.0272386636235999,0.10299,-0.0893253181610485));
#18984=CARTESIAN_POINT('',(0.0285737330680444,0.10299,-0.0906004917721596));
#18985=CARTESIAN_POINT('',(0.0285737330680444,0.103,-0.0906004917721596));
#18986=CARTESIAN_POINT('',(0.0285824136236,0.10299,-0.0902440102906781));
#18987=CARTESIAN_POINT('',(0.0285824136236,0.103,-0.0902440102906781));
#18988=CARTESIAN_POINT('',(0.0284652261236,0.10299,-0.0899423609851226));
#18989=CARTESIAN_POINT('',(0.0284652261236,0.103,-0.0899423609851226));
#18990=CARTESIAN_POINT('',(0.0282221705680444,0.10299,-0.089695543855493));
#18991=CARTESIAN_POINT('',(0.0282221705680444,0.103,-0.089695543855493));
#18992=CARTESIAN_POINT('',(0.0285737330680444,0.10299,-0.0906004917721596));
#18993=CARTESIAN_POINT('',(0.0285737330680444,0.10299,-0.0906004917721596));
#18994=CARTESIAN_POINT('',(0.0285737330680444,0.10299,-0.0906004917721596));
#18995=CARTESIAN_POINT('',(0.0285867539013777,0.10299,-0.0900657695499374));
#18996=CARTESIAN_POINT('',(0.0282221705680444,0.10299,-0.089695543855493));
#18997=CARTESIAN_POINT('',(0.0285706948735999,0.10299,-0.0906087382999374));
#18998=CARTESIAN_POINT('',(0.0285676566791555,0.10299,-0.0906169848277152));
#18999=CARTESIAN_POINT('',(0.0285676566791555,0.10299,-0.0906169848277152));
#19000=CARTESIAN_POINT('',(0.0285706948735999,0.10299,-0.0906087382999374));
#19001=CARTESIAN_POINT('',(0.0281826740402666,0.10299,-0.0906169848277152));
#19002=CARTESIAN_POINT('',(0.0277976914013777,0.10299,-0.0906169848277152));
#19003=CARTESIAN_POINT('',(0.0277976914013777,0.10299,-0.0906169848277152));
#19004=CARTESIAN_POINT('',(0.0281826740402666,0.10299,-0.0906169848277152));
#19005=CARTESIAN_POINT('',(0.0276553302902666,0.10299,-0.0901217591332707));
#19006=CARTESIAN_POINT('',(0.0276553302902666,0.103,-0.0901217591332707));
#19007=CARTESIAN_POINT('',(0.027750237697674,0.10299,-0.0902458910777152));
#19008=CARTESIAN_POINT('',(0.027750237697674,0.103,-0.0902458910777152));
#19009=CARTESIAN_POINT('',(0.0277976914013777,0.10299,-0.0904109663091967));
#19010=CARTESIAN_POINT('',(0.0277976914013777,0.103,-0.0904109663091967));
#19011=CARTESIAN_POINT('',(0.0277976914013777,0.10299,-0.0906169848277152));
#19012=CARTESIAN_POINT('',(0.0277976914013777,0.103,-0.0906169848277152));
#19013=CARTESIAN_POINT('',(0.0276553302902666,0.10299,-0.0901217591332707));
#19014=CARTESIAN_POINT('',(0.0276553302902666,0.10299,-0.0901217591332707));
#19015=CARTESIAN_POINT('',(0.0276553302902666,0.10299,-0.0901217591332707));
#19016=CARTESIAN_POINT('',(0.0277976914013777,0.10299,-0.0903079570499374));
#19017=CARTESIAN_POINT('',(0.0277976914013777,0.10299,-0.0906169848277152));
#19018=CARTESIAN_POINT('',(0.0272386636235999,0.10299,-0.0899355612166041));
#19019=CARTESIAN_POINT('',(0.0272386636235999,0.103,-0.0899355612166041));
#19020=CARTESIAN_POINT('',(0.0274215339939703,0.10299,-0.0899355612166041));
#19021=CARTESIAN_POINT('',(0.0274215339939703,0.103,-0.0899355612166041));
#19022=CARTESIAN_POINT('',(0.0275604228828592,0.10299,-0.0899976271888263));
#19023=CARTESIAN_POINT('',(0.0275604228828592,0.103,-0.0899976271888263));
#19024=CARTESIAN_POINT('',(0.0276553302902666,0.10299,-0.0901217591332707));
#19025=CARTESIAN_POINT('',(0.0276553302902666,0.103,-0.0901217591332707));
#19026=CARTESIAN_POINT('',(0.0272386636235999,0.10299,-0.0899355612166041));
#19027=CARTESIAN_POINT('',(0.0272386636235999,0.10299,-0.0899355612166041));
#19028=CARTESIAN_POINT('',(0.0272386636235999,0.10299,-0.0899355612166041));
#19029=CARTESIAN_POINT('',(0.0275129691791555,0.10299,-0.0899355612166041));
#19030=CARTESIAN_POINT('',(0.0276553302902666,0.10299,-0.0901217591332707));
#19031=CARTESIAN_POINT('',(0.0268575872347111,0.10299,-0.0900944153832707));
#19032=CARTESIAN_POINT('',(0.0268575872347111,0.103,-0.0900944153832707));
#19033=CARTESIAN_POINT('',(0.0269472863087852,0.10299,-0.089988512605493));
#19034=CARTESIAN_POINT('',(0.0269472863087852,0.103,-0.089988512605493));
#19035=CARTESIAN_POINT('',(0.0270743117717481,0.10299,-0.0899355612166041));
#19036=CARTESIAN_POINT('',(0.0270743117717481,0.103,-0.0899355612166041));
#19037=CARTESIAN_POINT('',(0.0272386636235999,0.10299,-0.0899355612166041));
#19038=CARTESIAN_POINT('',(0.0272386636235999,0.103,-0.0899355612166041));
#19039=CARTESIAN_POINT('',(0.0268575872347111,0.10299,-0.0900944153832707));
#19040=CARTESIAN_POINT('',(0.0268575872347111,0.10299,-0.0900944153832707));
#19041=CARTESIAN_POINT('',(0.0268575872347111,0.10299,-0.0900944153832707));
#19042=CARTESIAN_POINT('',(0.0269921358458222,0.10299,-0.0899355612166041));
#19043=CARTESIAN_POINT('',(0.0272386636235999,0.10299,-0.0899355612166041));
#19044=CARTESIAN_POINT('',(0.0267230386235999,0.10299,-0.0905032695499374));
#19045=CARTESIAN_POINT('',(0.0267230386235999,0.103,-0.0905032695499374));
#19046=CARTESIAN_POINT('',(0.0267230386235999,0.10299,-0.0903366028832707));
#19047=CARTESIAN_POINT('',(0.0267230386235999,0.103,-0.0903366028832707));
#19048=CARTESIAN_POINT('',(0.026767888160637,0.10299,-0.0902003181610485));
#19049=CARTESIAN_POINT('',(0.026767888160637,0.103,-0.0902003181610485));
#19050=CARTESIAN_POINT('',(0.0268575872347111,0.10299,-0.0900944153832707));
#19051=CARTESIAN_POINT('',(0.0268575872347111,0.103,-0.0900944153832707));
#19052=CARTESIAN_POINT('',(0.0267230386235999,0.10299,-0.0905032695499374));
#19053=CARTESIAN_POINT('',(0.0267230386235999,0.10299,-0.0905032695499374));
#19054=CARTESIAN_POINT('',(0.0267230386235999,0.10299,-0.0905032695499374));
#19055=CARTESIAN_POINT('',(0.0267230386235999,0.10299,-0.0902532695499374));
#19056=CARTESIAN_POINT('',(0.0268575872347111,0.10299,-0.0900944153832707));
#19057=CARTESIAN_POINT('',(0.0268397920958222,0.10299,-0.0909082174666041));
#19058=CARTESIAN_POINT('',(0.0268397920958222,0.103,-0.0909082174666041));
#19059=CARTESIAN_POINT('',(0.026761956447674,0.10299,-0.0907626734851226));
#19060=CARTESIAN_POINT('',(0.026761956447674,0.103,-0.0907626734851226));
#19061=CARTESIAN_POINT('',(0.0267230386235999,0.10299,-0.0906276908462337));
#19062=CARTESIAN_POINT('',(0.0267230386235999,0.103,-0.0906276908462337));
#19063=CARTESIAN_POINT('',(0.0267230386235999,0.10299,-0.0905032695499374));
#19064=CARTESIAN_POINT('',(0.0267230386235999,0.103,-0.0905032695499374));
#19065=CARTESIAN_POINT('',(0.0268397920958222,0.10299,-0.0909082174666041));
#19066=CARTESIAN_POINT('',(0.0268397920958222,0.10299,-0.0909082174666041));
#19067=CARTESIAN_POINT('',(0.0268397920958222,0.10299,-0.0909082174666041));
#19068=CARTESIAN_POINT('',(0.0267230386235999,0.10299,-0.0906899014943818));
#19069=CARTESIAN_POINT('',(0.0267230386235999,0.10299,-0.0905032695499374));
#19070=CARTESIAN_POINT('',(0.0272334552902666,0.10299,-0.0914442417721596));
#19071=CARTESIAN_POINT('',(0.0272334552902666,0.103,-0.0914442417721596));
#19072=CARTESIAN_POINT('',(0.0270488488087851,0.10299,-0.0912324362166041));
#19073=CARTESIAN_POINT('',(0.0270488488087851,0.103,-0.0912324362166041));
#19074=CARTESIAN_POINT('',(0.0269176277439703,0.10299,-0.0910537614480856));
#19075=CARTESIAN_POINT('',(0.0269176277439703,0.103,-0.0910537614480856));
#19076=CARTESIAN_POINT('',(0.0268397920958222,0.10299,-0.0909082174666041));
#19077=CARTESIAN_POINT('',(0.0268397920958222,0.103,-0.0909082174666041));
#19078=CARTESIAN_POINT('',(0.0272334552902666,0.10299,-0.0914442417721596));
#19079=CARTESIAN_POINT('',(0.0272334552902666,0.10299,-0.0914442417721596));
#19080=CARTESIAN_POINT('',(0.0272334552902666,0.10299,-0.0914442417721596));
#19081=CARTESIAN_POINT('',(0.0269565455680444,0.10299,-0.0911265334388263));
#19082=CARTESIAN_POINT('',(0.0268397920958222,0.10299,-0.0909082174666041));
#19083=CARTESIAN_POINT('',(0.0278723441791555,0.10299,-0.092129137605493));
#19084=CARTESIAN_POINT('',(0.0278723441791555,0.10299,-0.092129137605493));
#19085=CARTESIAN_POINT('',(0.,0.10299,-0.0825));
#19086=CARTESIAN_POINT('',(0.0306540282069333,0.10299,-0.092816637605493));
#19087=CARTESIAN_POINT('',(0.0309877955680444,0.10299,-0.0928574362166041));
#19088=CARTESIAN_POINT('',(0.0309877955680444,0.10299,-0.0928574362166041));
#19089=CARTESIAN_POINT('',(0.0306540282069333,0.10299,-0.092816637605493));
#19090=CARTESIAN_POINT('',(0.0303202608458222,0.10299,-0.0927758389943818));
#19091=CARTESIAN_POINT('',(0.0303202608458222,0.10299,-0.0927758389943818));
#19092=CARTESIAN_POINT('',(0.0309877955680444,0.10299,-0.0930948494110485));
#19093=CARTESIAN_POINT('',(0.0309877955680444,0.10299,-0.093332262605493));
#19094=CARTESIAN_POINT('',(0.0309877955680444,0.10299,-0.093332262605493));
#19095=CARTESIAN_POINT('',(0.0309877955680444,0.10299,-0.0930948494110485));
#19096=CARTESIAN_POINT('',(0.0299257295958222,0.10299,-0.093332262605493));
#19097=CARTESIAN_POINT('',(0.0288636636235999,0.10299,-0.093332262605493));
#19098=CARTESIAN_POINT('',(0.0288636636235999,0.10299,-0.093332262605493));
#19099=CARTESIAN_POINT('',(0.0299257295958222,0.10299,-0.093332262605493));
#19100=CARTESIAN_POINT('',(0.0288636636235999,0.10299,-0.0930948494110485));
#19101=CARTESIAN_POINT('',(0.0288636636235999,0.10299,-0.0928574362166041));
#19102=CARTESIAN_POINT('',(0.0288636636235999,0.10299,-0.0928574362166041));
#19103=CARTESIAN_POINT('',(0.0288636636235999,0.10299,-0.0930948494110485));
#19104=CARTESIAN_POINT('',(0.0291974309847111,0.10299,-0.092816637605493));
#19105=CARTESIAN_POINT('',(0.0295311983458222,0.10299,-0.0927758389943818));
#19106=CARTESIAN_POINT('',(0.0295311983458222,0.10299,-0.0927758389943818));
#19107=CARTESIAN_POINT('',(0.0291974309847111,0.10299,-0.092816637605493));
#19108=CARTESIAN_POINT('',(0.0295311983458222,0.10299,-0.0910792244110485));
#19109=CARTESIAN_POINT('',(0.0295311983458222,0.10299,-0.0893826098277152));
#19110=CARTESIAN_POINT('',(0.0295311983458222,0.10299,-0.0893826098277152));
#19111=CARTESIAN_POINT('',(0.0295311983458222,0.10299,-0.0910792244110485));
#19112=CARTESIAN_POINT('',(0.0302634032069333,0.10299,-0.0895154223277152));
#19113=CARTESIAN_POINT('',(0.0309956080680444,0.10299,-0.0896482348277152));
#19114=CARTESIAN_POINT('',(0.0309956080680444,0.10299,-0.0896482348277152));
#19115=CARTESIAN_POINT('',(0.0302634032069333,0.10299,-0.0895154223277152));
#19116=CARTESIAN_POINT('',(0.0309956080680444,0.10299,-0.0898747973277152));
#19117=CARTESIAN_POINT('',(0.0309956080680444,0.10299,-0.0901013598277152));
#19118=CARTESIAN_POINT('',(0.0309956080680444,0.10299,-0.0901013598277152));
#19119=CARTESIAN_POINT('',(0.0309956080680444,0.10299,-0.0898747973277152));
#19120=CARTESIAN_POINT('',(0.0306579344569333,0.10299,-0.0901013598277152));
#19121=CARTESIAN_POINT('',(0.0303202608458222,0.10299,-0.0901013598277152));
#19122=CARTESIAN_POINT('',(0.0303202608458222,0.10299,-0.0901013598277152));
#19123=CARTESIAN_POINT('',(0.0306579344569333,0.10299,-0.0901013598277152));
#19124=CARTESIAN_POINT('',(0.0303202608458222,0.10299,-0.0914385994110485));
#19125=CARTESIAN_POINT('',(0.0303202608458222,0.10299,-0.0914385994110485));
#19126=CARTESIAN_POINT('',(0.,0.10299,-0.0825));
#19127=CARTESIAN_POINT('',(-0.0682635185859571,0.10299,-0.0962704412360739));
#19128=CARTESIAN_POINT('',(-0.0682635185859571,0.10299,-0.0959110662360739));
#19129=CARTESIAN_POINT('',(-0.0682635185859571,0.10299,-0.0959110662360739));
#19130=CARTESIAN_POINT('',(-0.0682635185859571,0.10299,-0.0962704412360739));
#19131=CARTESIAN_POINT('',(-0.0682635185859571,0.10299,-0.0966298162360739));
#19132=CARTESIAN_POINT('',(-0.0682635185859571,0.10299,-0.0966298162360739));
#19133=CARTESIAN_POINT('',(-0.0678685533081793,0.10299,-0.0959110662360739));
#19134=CARTESIAN_POINT('',(-0.0674735880304015,0.10299,-0.0959110662360739));
#19135=CARTESIAN_POINT('',(-0.0674735880304015,0.10299,-0.0959110662360739));
#19136=CARTESIAN_POINT('',(-0.0678685533081793,0.10299,-0.0959110662360739));
#19137=CARTESIAN_POINT('',(-0.0674735880304015,0.10299,-0.0962704412360739));
#19138=CARTESIAN_POINT('',(-0.0674735880304015,0.10299,-0.0966298162360739));
#19139=CARTESIAN_POINT('',(-0.0674735880304015,0.10299,-0.0966298162360739));
#19140=CARTESIAN_POINT('',(-0.0674735880304015,0.10299,-0.0962704412360739));
#19141=CARTESIAN_POINT('',(-0.0672583102526237,0.10299,-0.0966298162360739));
#19142=CARTESIAN_POINT('',(-0.0670430324748459,0.10299,-0.0966298162360739));
#19143=CARTESIAN_POINT('',(-0.0670430324748459,0.10299,-0.0966298162360739));
#19144=CARTESIAN_POINT('',(-0.0672583102526237,0.10299,-0.0966298162360739));
#19145=CARTESIAN_POINT('',(-0.0670430324748459,0.10299,-0.0969075940138517));
#19146=CARTESIAN_POINT('',(-0.0670430324748459,0.10299,-0.0971853717916294));
#19147=CARTESIAN_POINT('',(-0.0670430324748459,0.10299,-0.0971853717916294));
#19148=CARTESIAN_POINT('',(-0.0670430324748459,0.10299,-0.0969075940138517));
#19149=CARTESIAN_POINT('',(-0.0672583102526237,0.10299,-0.0971853717916294));
#19150=CARTESIAN_POINT('',(-0.0674735880304015,0.10299,-0.0971853717916294));
#19151=CARTESIAN_POINT('',(-0.0674735880304015,0.10299,-0.0971853717916294));
#19152=CARTESIAN_POINT('',(-0.0672583102526237,0.10299,-0.0971853717916294));
#19153=CARTESIAN_POINT('',(-0.0674735880304015,0.10299,-0.0979340697082961));
#19154=CARTESIAN_POINT('',(-0.0674735880304015,0.10299,-0.0986827676249628));
#19155=CARTESIAN_POINT('',(-0.0674735880304015,0.10299,-0.0986827676249628));
#19156=CARTESIAN_POINT('',(-0.0674735880304015,0.10299,-0.0979340697082961));
#19157=CARTESIAN_POINT('',(-0.0676949421970682,0.10299,-0.0993967433194072));
#19158=CARTESIAN_POINT('',(-0.0676949421970682,0.103,-0.0993967433194072));
#19159=CARTESIAN_POINT('',(-0.0675473727526237,0.10299,-0.0992465697082962));
#19160=CARTESIAN_POINT('',(-0.0675473727526237,0.103,-0.0992465697082962));
#19161=CARTESIAN_POINT('',(-0.0674735880304015,0.10299,-0.099008577810148));
#19162=CARTESIAN_POINT('',(-0.0674735880304015,0.103,-0.099008577810148));
#19163=CARTESIAN_POINT('',(-0.0674735880304015,0.10299,-0.0986827676249628));
#19164=CARTESIAN_POINT('',(-0.0674735880304015,0.103,-0.0986827676249628));
#19165=CARTESIAN_POINT('',(-0.0676949421970682,0.10299,-0.0993967433194072));
#19166=CARTESIAN_POINT('',(-0.0676949421970682,0.10299,-0.0993967433194072));
#19167=CARTESIAN_POINT('',(-0.0676949421970682,0.10299,-0.0993967433194072));
#19168=CARTESIAN_POINT('',(-0.0674735880304015,0.10299,-0.0991714829027406));
#19169=CARTESIAN_POINT('',(-0.0674735880304015,0.10299,-0.0986827676249628));
#19170=CARTESIAN_POINT('',(-0.0683260185859571,0.10299,-0.0996220037360739));
#19171=CARTESIAN_POINT('',(-0.0683260185859571,0.103,-0.0996220037360739));
#19172=CARTESIAN_POINT('',(-0.0680528704378089,0.10299,-0.0996220037360739));
#19173=CARTESIAN_POINT('',(-0.0680528704378089,0.103,-0.0996220037360739));
#19174=CARTESIAN_POINT('',(-0.0678425116415126,0.10299,-0.0995469169305184));
#19175=CARTESIAN_POINT('',(-0.0678425116415126,0.103,-0.0995469169305184));
#19176=CARTESIAN_POINT('',(-0.0676949421970682,0.10299,-0.0993967433194072));
#19177=CARTESIAN_POINT('',(-0.0676949421970682,0.103,-0.0993967433194072));
#19178=CARTESIAN_POINT('',(-0.0683260185859571,0.10299,-0.0996220037360739));
#19179=CARTESIAN_POINT('',(-0.0683260185859571,0.10299,-0.0996220037360739));
#19180=CARTESIAN_POINT('',(-0.0683260185859571,0.10299,-0.0996220037360739));
#19181=CARTESIAN_POINT('',(-0.0679162963637348,0.10299,-0.0996220037360739));
#19182=CARTESIAN_POINT('',(-0.0676949421970682,0.10299,-0.0993967433194072));
#19183=CARTESIAN_POINT('',(-0.0683372033626407,0.10299,-0.0977919455322001));
#19184=CARTESIAN_POINT('',(-0.0686081366415126,0.10299,-0.0996016044305183));
#19185=CARTESIAN_POINT('',(-0.0686081465277064,0.10299,-0.0996016710287049));
#19186=CARTESIAN_POINT('',(-0.0683372033626407,0.10299,-0.0977919455322001));
#19187=CARTESIAN_POINT('',(-0.0683109589199786,0.10299,-0.0977312366614128));
#19188=CARTESIAN_POINT('',(-0.0688711522456882,0.10299,-0.0995403622671323));
#19189=CARTESIAN_POINT('',(-0.0688711522456882,0.10299,-0.0995403622671323));
#19190=CARTESIAN_POINT('',(-0.0683109589199786,0.10299,-0.0977312366614128));
#19191=CARTESIAN_POINT('',(-0.0688373033081793,0.10299,-0.0992539481805183));
#19192=CARTESIAN_POINT('',(-0.0688034412489078,0.10299,-0.0989674230636058));
#19193=CARTESIAN_POINT('',(-0.0688034412489078,0.10299,-0.0989674230636058));
#19194=CARTESIAN_POINT('',(-0.0688373033081793,0.10299,-0.0992539481805183));
#19195=CARTESIAN_POINT('',(-0.0684924543199752,0.10299,-0.0975691870430678));
#19196=CARTESIAN_POINT('',(-0.0686662963637348,0.10299,-0.098990927347185));
#19197=CARTESIAN_POINT('',(-0.0686663021963752,0.10299,-0.0989909779705042));
#19198=CARTESIAN_POINT('',(-0.0684924543199752,0.10299,-0.0975691870430678));
#19199=CARTESIAN_POINT('',(-0.068534427500835,0.10299,-0.097714588238525));
#19200=CARTESIAN_POINT('',(-0.0685239352526237,0.10299,-0.0989978717916295));
#19201=CARTESIAN_POINT('',(-0.0685239168655139,0.10299,-0.0989974694693592));
#19202=CARTESIAN_POINT('',(-0.068534427500835,0.10299,-0.097714588238525));
#19203=CARTESIAN_POINT('',(-0.0685099942549534,0.10299,-0.0987463193624008));
#19204=CARTESIAN_POINT('',(-0.0683338310859571,0.10299,-0.098924521097185));
#19205=CARTESIAN_POINT('',(-0.0683338310859571,0.10299,-0.098924521097185));
#19206=CARTESIAN_POINT('',(-0.0685099942549534,0.10299,-0.0987463193624008));
#19207=CARTESIAN_POINT('',(-0.0682635185859571,0.10299,-0.0986801634582961));
#19208=CARTESIAN_POINT('',(-0.0682635185859571,0.103,-0.0986801634582961));
#19209=CARTESIAN_POINT('',(-0.0682635185859571,0.10299,-0.0987941680879258));
#19210=CARTESIAN_POINT('',(-0.0682635185859571,0.103,-0.0987941680879258));
#19211=CARTESIAN_POINT('',(-0.0682869560859571,0.10299,-0.0988756206342221));
#19212=CARTESIAN_POINT('',(-0.0682869560859571,0.103,-0.0988756206342221));
#19213=CARTESIAN_POINT('',(-0.0683338310859571,0.10299,-0.098924521097185));
#19214=CARTESIAN_POINT('',(-0.0683338310859571,0.103,-0.098924521097185));
#19215=CARTESIAN_POINT('',(-0.0682635185859571,0.10299,-0.0986801634582961));
#19216=CARTESIAN_POINT('',(-0.0682635185859571,0.10299,-0.0986801634582961));
#19217=CARTESIAN_POINT('',(-0.0682635185859571,0.10299,-0.0986801634582961));
#19218=CARTESIAN_POINT('',(-0.0682635185859571,0.10299,-0.0988511704027406));
#19219=CARTESIAN_POINT('',(-0.0683338310859571,0.10299,-0.098924521097185));
#19220=CARTESIAN_POINT('',(-0.0682635185859571,0.10299,-0.0979327676249628));
#19221=CARTESIAN_POINT('',(-0.0682635185859571,0.10299,-0.0971853717916294));
#19222=CARTESIAN_POINT('',(-0.0682635185859571,0.10299,-0.0971853717916294));
#19223=CARTESIAN_POINT('',(-0.0682635185859571,0.10299,-0.0979327676249628));
#19224=CARTESIAN_POINT('',(-0.0685213310859571,0.10299,-0.0971853717916294));
#19225=CARTESIAN_POINT('',(-0.0687791435859571,0.10299,-0.0971853717916294));
#19226=CARTESIAN_POINT('',(-0.0687791435859571,0.10299,-0.0971853717916294));
#19227=CARTESIAN_POINT('',(-0.0685213310859571,0.10299,-0.0971853717916294));
#19228=CARTESIAN_POINT('',(-0.0687791435859571,0.10299,-0.0969075940138517));
#19229=CARTESIAN_POINT('',(-0.0687791435859571,0.10299,-0.0966298162360739));
#19230=CARTESIAN_POINT('',(-0.0687791435859571,0.10299,-0.0966298162360739));
#19231=CARTESIAN_POINT('',(-0.0687791435859571,0.10299,-0.0969075940138517));
#19232=CARTESIAN_POINT('',(-0.0685213310859571,0.10299,-0.0966298162360739));
#19233=CARTESIAN_POINT('',(-0.0685213310859571,0.10299,-0.0966298162360739));
#19234=CARTESIAN_POINT('',(0.,0.10299,-0.0825));
#19235=CARTESIAN_POINT('',(-0.0648598039393879,0.10299,-0.0986422959708295));
#19236=CARTESIAN_POINT('',(-0.0656809799070723,0.10299,-0.0991926518225815));
#19237=CARTESIAN_POINT('',(-0.0656810533081793,0.10299,-0.0991931842916295));
#19238=CARTESIAN_POINT('',(-0.0648598039393879,0.10299,-0.0986422959708295));
#19239=CARTESIAN_POINT('',(-0.0653322325774193,0.10299000025,-0.0995107189163466));
#19240=CARTESIAN_POINT('',(-0.065332094974846,0.10299,-0.099510458597185));
#19241=CARTESIAN_POINT('',(-0.0657066609470682,0.10299,-0.0993789481805183));
#19242=CARTESIAN_POINT('',(-0.0657322685859571,0.10299,-0.0995647120694072));
#19243=CARTESIAN_POINT('',(-0.0657322685859571,0.10299,-0.0995647120694072));
#19244=CARTESIAN_POINT('',(-0.0657066609470682,0.10299,-0.0993789481805183));
#19245=CARTESIAN_POINT('',(-0.0662570081692904,0.10299,-0.0995647120694072));
#19246=CARTESIAN_POINT('',(-0.0667817477526237,0.10299,-0.0995647120694072));
#19247=CARTESIAN_POINT('',(-0.0667817477526237,0.10299,-0.0995647120694072));
#19248=CARTESIAN_POINT('',(-0.0662570081692904,0.10299,-0.0995647120694072));
#19249=CARTESIAN_POINT('',(-0.0667817477526237,0.10299,-0.0993272988749628));
#19250=CARTESIAN_POINT('',(-0.0667817477526237,0.10299,-0.0990898856805184));
#19251=CARTESIAN_POINT('',(-0.0667817477526237,0.10299,-0.0990898856805184));
#19252=CARTESIAN_POINT('',(-0.0667817477526237,0.10299,-0.0993272988749628));
#19253=CARTESIAN_POINT('',(-0.0666042303915126,0.10299,-0.0990490870694072));
#19254=CARTESIAN_POINT('',(-0.0664267130304015,0.10299,-0.0990082884582961));
#19255=CARTESIAN_POINT('',(-0.0664267130304015,0.10299,-0.0990082884582961));
#19256=CARTESIAN_POINT('',(-0.0666042303915126,0.10299,-0.0990490870694072));
#19257=CARTESIAN_POINT('',(-0.0664267130304015,0.10299,-0.097819052347185));
#19258=CARTESIAN_POINT('',(-0.0664267130304015,0.10299,-0.0966298162360739));
#19259=CARTESIAN_POINT('',(-0.0664267130304015,0.10299,-0.0966298162360739));
#19260=CARTESIAN_POINT('',(-0.0664267130304015,0.10299,-0.097819052347185));
#19261=CARTESIAN_POINT('',(-0.0660304456692904,0.10299,-0.0966298162360739));
#19262=CARTESIAN_POINT('',(-0.0652869560859571,0.10299,-0.0966298162360739));
#19263=CARTESIAN_POINT('',(-0.0652869560859571,0.10299,-0.0966298162360739));
#19264=CARTESIAN_POINT('',(-0.0660304456692904,0.10299,-0.0966298162360739));
#19265=CARTESIAN_POINT('',(-0.0652869560859571,0.10299,-0.0968685315138517));
#19266=CARTESIAN_POINT('',(-0.0652869560859571,0.10299,-0.0971072467916295));
#19267=CARTESIAN_POINT('',(-0.0652869560859571,0.10299,-0.0971072467916295));
#19268=CARTESIAN_POINT('',(-0.0652869560859571,0.10299,-0.0968685315138517));
#19269=CARTESIAN_POINT('',(-0.0654605671970682,0.10299,-0.0971476113749628));
#19270=CARTESIAN_POINT('',(-0.0656341783081793,0.10299,-0.0971879759582961));
#19271=CARTESIAN_POINT('',(-0.0656341783081793,0.10299,-0.0971879759582961));
#19272=CARTESIAN_POINT('',(-0.0654605671970682,0.10299,-0.0971476113749628));
#19273=CARTESIAN_POINT('',(-0.0656341783081793,0.10299,-0.0979787745694072));
#19274=CARTESIAN_POINT('',(-0.0656341783081793,0.10299,-0.0987697097806751));
#19275=CARTESIAN_POINT('',(-0.0656341783081793,0.10299,-0.0987697097806751));
#19276=CARTESIAN_POINT('',(-0.0656341783081793,0.10299,-0.0979787745694072));
#19277=CARTESIAN_POINT('',(-0.0651882807997055,0.10299,-0.0984304754546261));
#19278=CARTESIAN_POINT('',(-0.0654106540026237,0.10299,-0.0989449204027406));
#19279=CARTESIAN_POINT('',(-0.0654107479878996,0.10299,-0.0989451536785912));
#19280=CARTESIAN_POINT('',(-0.0651882807997055,0.10299,-0.0984304754546261));
#19281=CARTESIAN_POINT('',(-0.0651080267404354,0.10299,-0.0982076934042137));
#19282=CARTESIAN_POINT('',(-0.0650864352526237,0.10299,-0.0990056842916295));
#19283=CARTESIAN_POINT('',(-0.0650864352526237,0.10299,-0.0990056842916295));
#19284=CARTESIAN_POINT('',(-0.0651080267404354,0.10299,-0.0982076934042137));
#19285=CARTESIAN_POINT('',(-0.0647678588637349,0.10299,-0.098865927347185));
#19286=CARTESIAN_POINT('',(-0.0647678588637349,0.103,-0.098865927347185));
#19287=CARTESIAN_POINT('',(-0.0648390394192904,0.10299,-0.0989590986434813));
#19288=CARTESIAN_POINT('',(-0.0648390394192904,0.103,-0.0989590986434813));
#19289=CARTESIAN_POINT('',(-0.06494523154892,0.10299,-0.0990056842916295));
#19290=CARTESIAN_POINT('',(-0.06494523154892,0.103,-0.0990056842916295));
#19291=CARTESIAN_POINT('',(-0.0650864352526237,0.10299,-0.0990056842916295));
#19292=CARTESIAN_POINT('',(-0.0650864352526237,0.103,-0.0990056842916295));
#19293=CARTESIAN_POINT('',(-0.0647678588637349,0.10299,-0.098865927347185));
#19294=CARTESIAN_POINT('',(-0.0647678588637349,0.10299,-0.098865927347185));
#19295=CARTESIAN_POINT('',(-0.0647678588637349,0.10299,-0.098865927347185));
#19296=CARTESIAN_POINT('',(-0.0648746296970682,0.10299,-0.0990056842916295));
#19297=CARTESIAN_POINT('',(-0.0650864352526237,0.10299,-0.0990056842916295));
#19298=CARTESIAN_POINT('',(-0.0646610880304015,0.10299,-0.0984067259582961));
#19299=CARTESIAN_POINT('',(-0.0646610880304015,0.103,-0.0984067259582961));
#19300=CARTESIAN_POINT('',(-0.0646610880304015,0.10299,-0.0986196889212591));
#19301=CARTESIAN_POINT('',(-0.0646610880304015,0.103,-0.0986196889212591));
#19302=CARTESIAN_POINT('',(-0.0646966783081793,0.10299,-0.0987727560508887));
#19303=CARTESIAN_POINT('',(-0.0646966783081793,0.103,-0.0987727560508887));
#19304=CARTESIAN_POINT('',(-0.0647678588637349,0.10299,-0.098865927347185));
#19305=CARTESIAN_POINT('',(-0.0647678588637349,0.103,-0.098865927347185));
#19306=CARTESIAN_POINT('',(-0.0646610880304015,0.10299,-0.0984067259582961));
#19307=CARTESIAN_POINT('',(-0.0646610880304015,0.10299,-0.0984067259582961));
#19308=CARTESIAN_POINT('',(-0.0646610880304015,0.10299,-0.0984067259582961));
#19309=CARTESIAN_POINT('',(-0.0646610880304015,0.10299,-0.0987261704027406));
#19310=CARTESIAN_POINT('',(-0.0647678588637349,0.10299,-0.098865927347185));
#19311=CARTESIAN_POINT('',(-0.0646610880304015,0.10299,-0.097518271097185));
#19312=CARTESIAN_POINT('',(-0.0646610880304015,0.10299,-0.0966298162360739));
#19313=CARTESIAN_POINT('',(-0.0646610880304015,0.10299,-0.0966298162360739));
#19314=CARTESIAN_POINT('',(-0.0646610880304015,0.10299,-0.097518271097185));
#19315=CARTESIAN_POINT('',(-0.0642648206692904,0.10299,-0.0966298162360739));
#19316=CARTESIAN_POINT('',(-0.0635456366415126,0.10299,-0.0966298162360739));
#19317=CARTESIAN_POINT('',(-0.0635456366415126,0.10299,-0.0966298162360739));
#19318=CARTESIAN_POINT('',(-0.0642648206692904,0.10299,-0.0966298162360739));
#19319=CARTESIAN_POINT('',(-0.0635456366415126,0.10299,-0.0968685315138517));
#19320=CARTESIAN_POINT('',(-0.0635456366415126,0.10299,-0.0971072467916295));
#19321=CARTESIAN_POINT('',(-0.0635456366415126,0.10299,-0.0971072467916295));
#19322=CARTESIAN_POINT('',(-0.0635456366415126,0.10299,-0.0968685315138517));
#19323=CARTESIAN_POINT('',(-0.063707094974846,0.10299,-0.0971476113749628));
#19324=CARTESIAN_POINT('',(-0.0638685533081793,0.10299,-0.0971879759582961));
#19325=CARTESIAN_POINT('',(-0.0638685533081793,0.10299,-0.0971879759582961));
#19326=CARTESIAN_POINT('',(-0.063707094974846,0.10299,-0.0971476113749628));
#19327=CARTESIAN_POINT('',(-0.0638685533081793,0.10299,-0.0977943127638517));
#19328=CARTESIAN_POINT('',(-0.0638685533081793,0.10299,-0.0984006495694072));
#19329=CARTESIAN_POINT('',(-0.0638685533081793,0.10299,-0.0984006495694072));
#19330=CARTESIAN_POINT('',(-0.0638685533081793,0.10299,-0.0977943127638517));
#19331=CARTESIAN_POINT('',(-0.0641315741415126,0.10299,-0.0993246947082961));
#19332=CARTESIAN_POINT('',(-0.0641315741415126,0.103,-0.0993246947082961));
#19333=CARTESIAN_POINT('',(-0.0639562269192904,0.10299,-0.0991264886897776));
#19334=CARTESIAN_POINT('',(-0.0639562269192904,0.103,-0.0991264886897776));
#19335=CARTESIAN_POINT('',(-0.0638685533081793,0.10299,-0.0988184736434813));
#19336=CARTESIAN_POINT('',(-0.0638685533081793,0.103,-0.0988184736434813));
#19337=CARTESIAN_POINT('',(-0.0638685533081793,0.10299,-0.0984006495694072));
#19338=CARTESIAN_POINT('',(-0.0638685533081793,0.103,-0.0984006495694072));
#19339=CARTESIAN_POINT('',(-0.0641315741415126,0.10299,-0.0993246947082961));
#19340=CARTESIAN_POINT('',(-0.0641315741415126,0.10299,-0.0993246947082961));
#19341=CARTESIAN_POINT('',(-0.0641315741415126,0.10299,-0.0993246947082961));
#19342=CARTESIAN_POINT('',(-0.0638685533081793,0.10299,-0.0990273856805183));
#19343=CARTESIAN_POINT('',(-0.0638685533081793,0.10299,-0.0984006495694072));
#19344=CARTESIAN_POINT('',(-0.0648590046970682,0.10299,-0.0996220037360739));
#19345=CARTESIAN_POINT('',(-0.0648590046970682,0.103,-0.0996220037360739));
#19346=CARTESIAN_POINT('',(-0.0645493982155867,0.10299,-0.0996220037360739));
#19347=CARTESIAN_POINT('',(-0.0645493982155867,0.103,-0.0996220037360739));
#19348=CARTESIAN_POINT('',(-0.0643069213637349,0.10299,-0.0995229007268146));
#19349=CARTESIAN_POINT('',(-0.0643069213637349,0.103,-0.0995229007268146));
#19350=CARTESIAN_POINT('',(-0.0641315741415126,0.10299,-0.0993246947082961));
#19351=CARTESIAN_POINT('',(-0.0641315741415126,0.103,-0.0993246947082961));
#19352=CARTESIAN_POINT('',(-0.0648590046970682,0.10299,-0.0996220037360739));
#19353=CARTESIAN_POINT('',(-0.0648590046970682,0.10299,-0.0996220037360739));
#19354=CARTESIAN_POINT('',(-0.0648590046970682,0.10299,-0.0996220037360739));
#19355=CARTESIAN_POINT('',(-0.064394594974846,0.10299,-0.0996220037360739));
#19356=CARTESIAN_POINT('',(-0.0641315741415126,0.10299,-0.0993246947082961));
#19357=CARTESIAN_POINT('',(-0.0648792976303732,0.10299,-0.098637592420306));
#19358=CARTESIAN_POINT('',(-0.0648792976303732,0.10299,-0.098637592420306));
#19359=CARTESIAN_POINT('',(0.,0.10299,-0.0825));
#19360=CARTESIAN_POINT('',(0.,0.103,-0.0824750125));
#19361=CARTESIAN_POINT('',(0.,0.103,-0.0824750125));
#19362=CARTESIAN_POINT('',(0.,0.103,-0.0824750125));
#19363=CARTESIAN_POINT('',(0.,0.103,-0.0824750125));
#19364=CARTESIAN_POINT('',(0.,0.103,-0.0824750125));
#19365=CARTESIAN_POINT('',(0.,0.103,-0.0824750125));
#19366=CARTESIAN_POINT('',(0.,0.103,-0.0824750125));
#19367=CARTESIAN_POINT('',(0.,0.103,-0.0824750125));
#19368=CARTESIAN_POINT('',(1.04083408558608E-17,0.097,-0.0889));
#19369=CARTESIAN_POINT('',(-0.01,0.087,-0.0889));
#19370=CARTESIAN_POINT('',(-0.0205,0.0975,-0.0889));
#19371=CARTESIAN_POINT('',(-0.0225,0.0995,-0.0889));
#19372=CARTESIAN_POINT('',(0.023,0.0995,-0.0889));
#19373=CARTESIAN_POINT('',(0.0225,0.0995,-0.0889));
#19374=CARTESIAN_POINT('',(0.01,0.087,-0.0889));
#19375=CARTESIAN_POINT('',(0.0205,0.0975,-0.0889));
#19376=CARTESIAN_POINT('',(-0.02,0.0975,-0.0889));
#19377=CARTESIAN_POINT('',(0.,0.097,-0.0825));
#19378=CARTESIAN_POINT('',(-0.02,0.097,-0.08815));
#19379=CARTESIAN_POINT('',(-0.02,0.097,-0.0874));
#19380=CARTESIAN_POINT('',(-0.02,0.097,-0.0884));
#19381=CARTESIAN_POINT('',(0.02,0.097,-0.0884));
#19382=CARTESIAN_POINT('',(0.02,0.097,-0.0884));
#19383=CARTESIAN_POINT('',(0.02,0.097,-0.08815));
#19384=CARTESIAN_POINT('',(0.02,0.097,-0.0874));
#19385=CARTESIAN_POINT('',(1.04083408558608E-17,0.097,-0.0874));
#19386=CARTESIAN_POINT('',(0.,0.097,-0.091));
#19387=CARTESIAN_POINT('',(-0.02,0.097,-0.091));
#19388=CARTESIAN_POINT('',(-0.02,0.097,-0.091));
#19389=CARTESIAN_POINT('',(0.,0.097,-0.091));
#19390=CARTESIAN_POINT('',(0.02,0.097,-0.091));
#19391=CARTESIAN_POINT('',(0.023,0.1,-0.091));
#19392=CARTESIAN_POINT('',(0.,0.097,-0.0825));
#19393=CARTESIAN_POINT('',(-0.02,0.097,-0.092));
#19394=CARTESIAN_POINT('',(-0.02,0.097,-0.093));
#19395=CARTESIAN_POINT('',(0.,0.097,-0.093));
#19396=CARTESIAN_POINT('',(0.02,0.097,-0.093));
#19397=CARTESIAN_POINT('',(0.02,0.097,-0.092));
#19398=CARTESIAN_POINT('',(-0.02,0.097,-0.08815));
#19399=CARTESIAN_POINT('',(-0.0133333333333333,0.0903333333333333,-0.0817333333333334));
#19400=CARTESIAN_POINT('',(-0.0153333333333333,0.0923333333333334,-0.0920666666666667));
#19401=CARTESIAN_POINT('',(-0.0205833333333333,0.0975833333333333,-0.0869833333333334));
#19402=CARTESIAN_POINT('',(0.,0.1,-0.0844));
#19403=CARTESIAN_POINT('',(0.0153333333333333,0.0923333333333333,-0.0920666666666667));
#19404=CARTESIAN_POINT('',(0.023,0.1,-0.0824750125));
#19405=CARTESIAN_POINT('',(0.0133333333333333,0.0903333333333333,-0.0817333333333334));
#19406=CARTESIAN_POINT('',(0.0206916708333334,0.0976916708333333,-0.0870916708333334));
#19407=CARTESIAN_POINT('',(-0.02,0.097,-0.092));
#19408=CARTESIAN_POINT('',(-0.0196666666666666,0.0966666666666667,-0.0926666666666667));
#19409=CARTESIAN_POINT('',(0.,0.097,-0.093));
#19410=CARTESIAN_POINT('',(0.0133333333333333,0.0903333333333333,-0.0863333333333334));
#19411=CARTESIAN_POINT('',(0.023,0.1,-0.0824750125));
#19412=CARTESIAN_POINT('',(1.04083408558608E-17,0.0995,-0.0889));
#19413=CARTESIAN_POINT('',(0.,0.097,-0.0884));
#19414=MECHANICAL_DESIGN_GEOMETRIC_PRESENTATION_REPRESENTATION('',(#11459),
#19415);
#19415=(
GEOMETRIC_REPRESENTATION_CONTEXT(3)
GLOBAL_UNCERTAINTY_ASSIGNED_CONTEXT((#19416))
GLOBAL_UNIT_ASSIGNED_CONTEXT((#19419,#19418,#19417))
REPRESENTATION_CONTEXT('IO Cover Plate (rear)',
'TOP_LEVEL_ASSEMBLY_PART')
);
#19416=UNCERTAINTY_MEASURE_WITH_UNIT(LENGTH_MEASURE(2.E-5),#19419,
'DISTANCE_ACCURACY_VALUE','Maximum Tolerance applied to model');
#19417=(
NAMED_UNIT(*)
SI_UNIT($,.STERADIAN.)
SOLID_ANGLE_UNIT()
);
#19418=(
NAMED_UNIT(*)
PLANE_ANGLE_UNIT()
SI_UNIT($,.RADIAN.)
);
#19419=(
LENGTH_UNIT()
NAMED_UNIT(*)
SI_UNIT($,.METRE.)
);
#19420=PRODUCT_DEFINITION_SHAPE('','',#19421);
#19421=PRODUCT_DEFINITION('','',#19423,#19422);
#19422=PRODUCT_DEFINITION_CONTEXT('',#19429,'design');
#19423=PRODUCT_DEFINITION_FORMATION_WITH_SPECIFIED_SOURCE('','',#19425,
 .NOT_KNOWN.);
#19424=PRODUCT_RELATED_PRODUCT_CATEGORY('','',(#19425));
#19425=PRODUCT('IO Cover Plate (rear)','IO Cover Plate (rear)',
'IO Cover Plate (rear)',(#19427));
#19426=PRODUCT_CATEGORY('','');
#19427=PRODUCT_CONTEXT('',#19429,'mechanical');
#19428=APPLICATION_PROTOCOL_DEFINITION('international standard',
'ap242_managed_model_based_3d_engineering',2020,#19429);
#19429=APPLICATION_CONTEXT('managed model based 3d engineering');
ENDSEC;
END-ISO-10303-21;
