ISO-10303-21;
HEADER;
/* Generated by software containing ST-Developer
 * from STEP Tools, Inc. (www.steptools.com) 
 */
/* OPTION: using custom renumber hook */

FILE_DESCRIPTION(
/* description */ ('STEP AP242 Edition 2',
'CAx-IF Rec.Pracs.---Representation and Presentation of Product Manufa
cturing Information (PMI)---4.0---2014-10-13',
'CAx-IF Rec.Pracs.---3D Tessellated Geometry---0.4---2014-09-14','2;1',
'CAx-IF Rec.Pracs.---User Defined Attributes---1.5---2016-08-15'),
/* implementation_level */ '2;1');

FILE_NAME(
/* name */ '9.7in IPS - LCD rear support',
/* time_stamp */ '2026-07-13T15:43:36Z',
/* author */ (''),
/* organization */ (''),
/* preprocessor_version */ 'ST-DEVELOPER v20',
/* originating_system */ 'ONSHAPE BY PTC INC, 1.217',
/* authorisation */ '  ');

FILE_SCHEMA (('AP242_MANAGED_MODEL_BASED_3D_ENGINEERING_MIM_LF { 1 0 10303 442 3 1 4 }'));
ENDSEC;

DATA;
#10=SHAPE_REPRESENTATION_RELATIONSHIP('','',#4006,#11);
#11=ADVANCED_BREP_SHAPE_REPRESENTATION('',(#4004),#6949);
#12=SPHERICAL_SURFACE('',#4374,0.002);
#13=SPHERICAL_SURFACE('',#4392,0.002);
#14=SPHERICAL_SURFACE('',#4410,0.002);
#15=SPHERICAL_SURFACE('',#4428,0.002);
#16=SPHERICAL_SURFACE('',#4456,0.002);
#17=SPHERICAL_SURFACE('',#4474,0.002);
#18=SPHERICAL_SURFACE('',#4492,0.002);
#19=TOROIDAL_SURFACE('',#4368,0.004,0.002);
#20=TOROIDAL_SURFACE('',#4380,0.004,0.002);
#21=TOROIDAL_SURFACE('',#4386,0.004,0.002);
#22=TOROIDAL_SURFACE('',#4398,0.004,0.002);
#23=TOROIDAL_SURFACE('',#4404,0.004,0.002);
#24=TOROIDAL_SURFACE('',#4416,0.004,0.002);
#25=TOROIDAL_SURFACE('',#4422,0.004,0.002);
#26=TOROIDAL_SURFACE('',#4434,0.004,0.002);
#27=TOROIDAL_SURFACE('',#4437,0.004,0.002);
#28=TOROIDAL_SURFACE('',#4444,0.004,0.002);
#29=TOROIDAL_SURFACE('',#4450,0.004,0.002);
#30=TOROIDAL_SURFACE('',#4462,0.004,0.002);
#31=TOROIDAL_SURFACE('',#4468,0.004,0.002);
#32=TOROIDAL_SURFACE('',#4480,0.004,0.002);
#33=TOROIDAL_SURFACE('',#4486,0.004,0.002);
#34=TOROIDAL_SURFACE('',#4496,0.004,0.002);
#35=ELLIPSE('',#4189,0.019436506316151,0.01);
#36=ELLIPSE('',#4191,0.019436506316151,0.01);
#37=ELLIPSE('',#4440,0.00282842712474619,0.002);
#38=VERTEX_LOOP('',#2562);
#39=VERTEX_LOOP('',#2564);
#40=VERTEX_LOOP('',#2645);
#41=VERTEX_LOOP('',#2647);
#42=VERTEX_LOOP('',#2715);
#43=VERTEX_LOOP('',#2717);
#44=CONICAL_SURFACE('',#4170,0.00125,1.02974425867665);
#45=CONICAL_SURFACE('',#4173,0.00125,1.02974425867665);
#46=CONICAL_SURFACE('',#4192,0.003,0.540419500270585);
#47=CONICAL_SURFACE('',#4193,0.0025,0.540419500270585);
#48=CONICAL_SURFACE('',#4194,0.003,0.540419500270585);
#49=CONICAL_SURFACE('',#4199,0.003,0.540419500270585);
#50=CONICAL_SURFACE('',#4200,0.0025,0.540419500270585);
#51=CONICAL_SURFACE('',#4201,0.003,0.540419500270585);
#52=CONICAL_SURFACE('',#4232,0.0025,0.380506377112366);
#53=CONICAL_SURFACE('',#4233,0.0025,0.380506377112365);
#54=CONICAL_SURFACE('',#4234,0.0025,0.380506377112365);
#55=CONICAL_SURFACE('',#4235,0.0025,0.380506377112365);
#56=CONICAL_SURFACE('',#4299,0.00125,1.02974425867665);
#57=CONICAL_SURFACE('',#4302,0.00125,1.02974425867665);
#58=CONICAL_SURFACE('',#4360,0.00125,1.02974425867665);
#59=CONICAL_SURFACE('',#4363,0.00125,1.02974425867665);
#60=CYLINDRICAL_SURFACE('',#4095,0.00155);
#61=CYLINDRICAL_SURFACE('',#4097,0.00155);
#62=CYLINDRICAL_SURFACE('',#4099,0.00155);
#63=CYLINDRICAL_SURFACE('',#4101,0.00155);
#64=CYLINDRICAL_SURFACE('',#4149,0.012);
#65=CYLINDRICAL_SURFACE('',#4150,0.012);
#66=CYLINDRICAL_SURFACE('',#4151,0.012);
#67=CYLINDRICAL_SURFACE('',#4152,0.012);
#68=CYLINDRICAL_SURFACE('',#4153,0.012);
#69=CYLINDRICAL_SURFACE('',#4154,0.012);
#70=CYLINDRICAL_SURFACE('',#4155,0.012);
#71=CYLINDRICAL_SURFACE('',#4156,0.012);
#72=CYLINDRICAL_SURFACE('',#4172,0.00125);
#73=CYLINDRICAL_SURFACE('',#4175,0.00125);
#74=CYLINDRICAL_SURFACE('',#4176,0.01);
#75=CYLINDRICAL_SURFACE('',#4177,0.01);
#76=CYLINDRICAL_SURFACE('',#4178,0.005);
#77=CYLINDRICAL_SURFACE('',#4179,0.005);
#78=CYLINDRICAL_SURFACE('',#4180,0.015);
#79=CYLINDRICAL_SURFACE('',#4181,0.01);
#80=CYLINDRICAL_SURFACE('',#4182,0.01);
#81=CYLINDRICAL_SURFACE('',#4183,0.0075);
#82=CYLINDRICAL_SURFACE('',#4184,0.01);
#83=CYLINDRICAL_SURFACE('',#4185,0.0075);
#84=CYLINDRICAL_SURFACE('',#4186,0.0025);
#85=CYLINDRICAL_SURFACE('',#4187,0.0025);
#86=CYLINDRICAL_SURFACE('',#4204,0.01);
#87=CYLINDRICAL_SURFACE('',#4205,0.01);
#88=CYLINDRICAL_SURFACE('',#4206,0.01);
#89=CYLINDRICAL_SURFACE('',#4207,0.01);
#90=CYLINDRICAL_SURFACE('',#4208,0.00125);
#91=CYLINDRICAL_SURFACE('',#4214,0.00125);
#92=CYLINDRICAL_SURFACE('',#4220,0.00125);
#93=CYLINDRICAL_SURFACE('',#4226,0.00125);
#94=CYLINDRICAL_SURFACE('',#4236,0.005);
#95=CYLINDRICAL_SURFACE('',#4237,0.005);
#96=CYLINDRICAL_SURFACE('',#4238,0.005);
#97=CYLINDRICAL_SURFACE('',#4239,0.005);
#98=CYLINDRICAL_SURFACE('',#4273,0.01);
#99=CYLINDRICAL_SURFACE('',#4274,0.01);
#100=CYLINDRICAL_SURFACE('',#4275,0.01475);
#101=CYLINDRICAL_SURFACE('',#4292,0.0045);
#102=CYLINDRICAL_SURFACE('',#4293,0.0045);
#103=CYLINDRICAL_SURFACE('',#4294,0.0045);
#104=CYLINDRICAL_SURFACE('',#4295,0.0045);
#105=CYLINDRICAL_SURFACE('',#4296,0.0045);
#106=CYLINDRICAL_SURFACE('',#4297,0.0045);
#107=CYLINDRICAL_SURFACE('',#4298,0.0045);
#108=CYLINDRICAL_SURFACE('',#4301,0.00125);
#109=CYLINDRICAL_SURFACE('',#4304,0.00125);
#110=CYLINDRICAL_SURFACE('',#4336,0.01475);
#111=CYLINDRICAL_SURFACE('',#4353,0.0045);
#112=CYLINDRICAL_SURFACE('',#4354,0.0045);
#113=CYLINDRICAL_SURFACE('',#4355,0.0045);
#114=CYLINDRICAL_SURFACE('',#4356,0.0045);
#115=CYLINDRICAL_SURFACE('',#4357,0.0045);
#116=CYLINDRICAL_SURFACE('',#4358,0.0045);
#117=CYLINDRICAL_SURFACE('',#4359,0.0045);
#118=CYLINDRICAL_SURFACE('',#4362,0.00125);
#119=CYLINDRICAL_SURFACE('',#4365,0.00125);
#120=CYLINDRICAL_SURFACE('',#4366,0.002);
#121=CYLINDRICAL_SURFACE('',#4370,0.002);
#122=CYLINDRICAL_SURFACE('',#4372,0.002);
#123=CYLINDRICAL_SURFACE('',#4376,0.002);
#124=CYLINDRICAL_SURFACE('',#4378,0.002);
#125=CYLINDRICAL_SURFACE('',#4382,0.002);
#126=CYLINDRICAL_SURFACE('',#4384,0.002);
#127=CYLINDRICAL_SURFACE('',#4388,0.002);
#128=CYLINDRICAL_SURFACE('',#4390,0.002);
#129=CYLINDRICAL_SURFACE('',#4394,0.002);
#130=CYLINDRICAL_SURFACE('',#4396,0.002);
#131=CYLINDRICAL_SURFACE('',#4400,0.002);
#132=CYLINDRICAL_SURFACE('',#4402,0.002);
#133=CYLINDRICAL_SURFACE('',#4406,0.002);
#134=CYLINDRICAL_SURFACE('',#4408,0.002);
#135=CYLINDRICAL_SURFACE('',#4412,0.002);
#136=CYLINDRICAL_SURFACE('',#4414,0.002);
#137=CYLINDRICAL_SURFACE('',#4418,0.002);
#138=CYLINDRICAL_SURFACE('',#4420,0.002);
#139=CYLINDRICAL_SURFACE('',#4424,0.002);
#140=CYLINDRICAL_SURFACE('',#4426,0.002);
#141=CYLINDRICAL_SURFACE('',#4430,0.002);
#142=CYLINDRICAL_SURFACE('',#4432,0.002);
#143=CYLINDRICAL_SURFACE('',#4435,0.002);
#144=CYLINDRICAL_SURFACE('',#4439,0.002);
#145=CYLINDRICAL_SURFACE('',#4441,0.002);
#146=CYLINDRICAL_SURFACE('',#4442,0.002);
#147=CYLINDRICAL_SURFACE('',#4446,0.002);
#148=CYLINDRICAL_SURFACE('',#4448,0.002);
#149=CYLINDRICAL_SURFACE('',#4452,0.002);
#150=CYLINDRICAL_SURFACE('',#4454,0.002);
#151=CYLINDRICAL_SURFACE('',#4458,0.002);
#152=CYLINDRICAL_SURFACE('',#4460,0.002);
#153=CYLINDRICAL_SURFACE('',#4464,0.002);
#154=CYLINDRICAL_SURFACE('',#4466,0.002);
#155=CYLINDRICAL_SURFACE('',#4470,0.002);
#156=CYLINDRICAL_SURFACE('',#4472,0.002);
#157=CYLINDRICAL_SURFACE('',#4476,0.002);
#158=CYLINDRICAL_SURFACE('',#4478,0.002);
#159=CYLINDRICAL_SURFACE('',#4482,0.002);
#160=CYLINDRICAL_SURFACE('',#4484,0.002);
#161=CYLINDRICAL_SURFACE('',#4488,0.002);
#162=CYLINDRICAL_SURFACE('',#4490,0.002);
#163=CYLINDRICAL_SURFACE('',#4494,0.002);
#164=CYLINDRICAL_SURFACE('',#4498,0.002);
#165=CYLINDRICAL_SURFACE('',#4499,0.012);
#166=B_SPLINE_CURVE_WITH_KNOTS('',3,(#6071,#6072,#6073,#6074,#6075,#6076,
#6077,#6078,#6079),.UNSPECIFIED.,.F.,.F.,(4,1,1,1,1,1,4),(0.,0.00232496982136194,
0.0034874547320429,0.00464993964272387,0.00581242455340484,0.00697490946408581,
0.00929987928544774),.UNSPECIFIED.);
#167=B_SPLINE_CURVE_WITH_KNOTS('',3,(#6129,#6130,#6131,#6132,#6133),
 .UNSPECIFIED.,.F.,.F.,(4,1,4),(0.0196212149668092,0.0222390482739568,0.0248568815811043),
 .UNSPECIFIED.);
#168=B_SPLINE_CURVE_WITH_KNOTS('',3,(#6134,#6135,#6136,#6137,#6138),
 .UNSPECIFIED.,.F.,.F.,(4,1,4),(0.0196212149668093,0.0222390482739569,0.0248568815811045),
 .UNSPECIFIED.);
#169=B_SPLINE_CURVE_WITH_KNOTS('',3,(#6311,#6312,#6313,#6314),
 .UNSPECIFIED.,.F.,.F.,(4,4),(0.,0.000696752691599221),.UNSPECIFIED.);
#170=B_SPLINE_CURVE_WITH_KNOTS('',3,(#6440,#6441,#6442,#6443,#6444),
 .UNSPECIFIED.,.F.,.F.,(4,1,4),(0.,0.00204748163821388,0.00409496327642776),
 .UNSPECIFIED.);
#171=B_SPLINE_CURVE_WITH_KNOTS('',3,(#6452,#6453,#6454,#6455,#6456),
 .UNSPECIFIED.,.F.,.F.,(4,1,4),(0.,0.00204748163821392,0.00409496327642784),
 .UNSPECIFIED.);
#172=B_SPLINE_CURVE_WITH_KNOTS('',3,(#6467,#6468,#6469,#6470),
 .UNSPECIFIED.,.F.,.F.,(4,4),(0.0022689952666565,0.0036410851724444),
 .UNSPECIFIED.);
#173=B_SPLINE_CURVE_WITH_KNOTS('',3,(#6717,#6718,#6719,#6720,#6721),
 .UNSPECIFIED.,.F.,.F.,(4,1,4),(0.,0.00204748163821392,0.00409496327642784),
 .UNSPECIFIED.);
#174=B_SPLINE_CURVE_WITH_KNOTS('',3,(#6729,#6730,#6731,#6732,#6733),
 .UNSPECIFIED.,.F.,.F.,(4,1,4),(0.,0.00204748163821388,0.00409496327642776),
 .UNSPECIFIED.);
#175=B_SPLINE_CURVE_WITH_KNOTS('',3,(#6881,#6882,#6883,#6884),
 .UNSPECIFIED.,.F.,.F.,(4,4),(-9.08975914252845E-6,0.0018997557779164),
 .UNSPECIFIED.);
#176=B_SPLINE_CURVE_WITH_KNOTS('',3,(#6886,#6887,#6888,#6889),
 .UNSPECIFIED.,.F.,.F.,(4,4),(0.00151596959406741,0.00281920733618521),
 .UNSPECIFIED.);
#177=LINE('',#5762,#448);
#178=LINE('',#5766,#449);
#179=LINE('',#5771,#450);
#180=LINE('',#5775,#451);
#181=LINE('',#5787,#452);
#182=LINE('',#5792,#453);
#183=LINE('',#5796,#454);
#184=LINE('',#5800,#455);
#185=LINE('',#5835,#456);
#186=LINE('',#5838,#457);
#187=LINE('',#5840,#458);
#188=LINE('',#5844,#459);
#189=LINE('',#5848,#460);
#190=LINE('',#5852,#461);
#191=LINE('',#5854,#462);
#192=LINE('',#5858,#463);
#193=LINE('',#5862,#464);
#194=LINE('',#5864,#465);
#195=LINE('',#5868,#466);
#196=LINE('',#5872,#467);
#197=LINE('',#5874,#468);
#198=LINE('',#5878,#469);
#199=LINE('',#5882,#470);
#200=LINE('',#5884,#471);
#201=LINE('',#5888,#472);
#202=LINE('',#5892,#473);
#203=LINE('',#5898,#474);
#204=LINE('',#5902,#475);
#205=LINE('',#5906,#476);
#206=LINE('',#5908,#477);
#207=LINE('',#5910,#478);
#208=LINE('',#5912,#479);
#209=LINE('',#5914,#480);
#210=LINE('',#5916,#481);
#211=LINE('',#5918,#482);
#212=LINE('',#5920,#483);
#213=LINE('',#5926,#484);
#214=LINE('',#5930,#485);
#215=LINE('',#5934,#486);
#216=LINE('',#5936,#487);
#217=LINE('',#5938,#488);
#218=LINE('',#5940,#489);
#219=LINE('',#5942,#490);
#220=LINE('',#5944,#491);
#221=LINE('',#5946,#492);
#222=LINE('',#5948,#493);
#223=LINE('',#5950,#494);
#224=LINE('',#5954,#495);
#225=LINE('',#5960,#496);
#226=LINE('',#5966,#497);
#227=LINE('',#5969,#498);
#228=LINE('',#5971,#499);
#229=LINE('',#5975,#500);
#230=LINE('',#5979,#501);
#231=LINE('',#5981,#502);
#232=LINE('',#5985,#503);
#233=LINE('',#5989,#504);
#234=LINE('',#5991,#505);
#235=LINE('',#5995,#506);
#236=LINE('',#5999,#507);
#237=LINE('',#6002,#508);
#238=LINE('',#6006,#509);
#239=LINE('',#6010,#510);
#240=LINE('',#6012,#511);
#241=LINE('',#6014,#512);
#242=LINE('',#6016,#513);
#243=LINE('',#6018,#514);
#244=LINE('',#6020,#515);
#245=LINE('',#6022,#516);
#246=LINE('',#6024,#517);
#247=LINE('',#6026,#518);
#248=LINE('',#6028,#519);
#249=LINE('',#6030,#520);
#250=LINE('',#6032,#521);
#251=LINE('',#6036,#522);
#252=LINE('',#6039,#523);
#253=LINE('',#6041,#524);
#254=LINE('',#6043,#525);
#255=LINE('',#6051,#526);
#256=LINE('',#6053,#527);
#257=LINE('',#6055,#528);
#258=LINE('',#6057,#529);
#259=LINE('',#6059,#530);
#260=LINE('',#6061,#531);
#261=LINE('',#6063,#532);
#262=LINE('',#6065,#533);
#263=LINE('',#6067,#534);
#264=LINE('',#6070,#535);
#265=LINE('',#6080,#536);
#266=LINE('',#6082,#537);
#267=LINE('',#6085,#538);
#268=LINE('',#6086,#539);
#269=LINE('',#6088,#540);
#270=LINE('',#6090,#541);
#271=LINE('',#6092,#542);
#272=LINE('',#6094,#543);
#273=LINE('',#6096,#544);
#274=LINE('',#6098,#545);
#275=LINE('',#6100,#546);
#276=LINE('',#6102,#547);
#277=LINE('',#6104,#548);
#278=LINE('',#6106,#549);
#279=LINE('',#6109,#550);
#280=LINE('',#6110,#551);
#281=LINE('',#6112,#552);
#282=LINE('',#6115,#553);
#283=LINE('',#6116,#554);
#284=LINE('',#6118,#555);
#285=LINE('',#6120,#556);
#286=LINE('',#6122,#557);
#287=LINE('',#6124,#558);
#288=LINE('',#6126,#559);
#289=LINE('',#6128,#560);
#290=LINE('',#6140,#561);
#291=LINE('',#6142,#562);
#292=LINE('',#6144,#563);
#293=LINE('',#6146,#564);
#294=LINE('',#6148,#565);
#295=LINE('',#6150,#566);
#296=LINE('',#6194,#567);
#297=LINE('',#6239,#568);
#298=LINE('',#6250,#569);
#299=LINE('',#6252,#570);
#300=LINE('',#6255,#571);
#301=LINE('',#6256,#572);
#302=LINE('',#6258,#573);
#303=LINE('',#6260,#574);
#304=LINE('',#6262,#575);
#305=LINE('',#6266,#576);
#306=LINE('',#6268,#577);
#307=LINE('',#6270,#578);
#308=LINE('',#6272,#579);
#309=LINE('',#6280,#580);
#310=LINE('',#6282,#581);
#311=LINE('',#6284,#582);
#312=LINE('',#6286,#583);
#313=LINE('',#6288,#584);
#314=LINE('',#6290,#585);
#315=LINE('',#6318,#586);
#316=LINE('',#6322,#587);
#317=LINE('',#6325,#588);
#318=LINE('',#6327,#589);
#319=LINE('',#6329,#590);
#320=LINE('',#6331,#591);
#321=LINE('',#6334,#592);
#322=LINE('',#6336,#593);
#323=LINE('',#6338,#594);
#324=LINE('',#6340,#595);
#325=LINE('',#6342,#596);
#326=LINE('',#6344,#597);
#327=LINE('',#6391,#598);
#328=LINE('',#6394,#599);
#329=LINE('',#6397,#600);
#330=LINE('',#6398,#601);
#331=LINE('',#6401,#602);
#332=LINE('',#6404,#603);
#333=LINE('',#6406,#604);
#334=LINE('',#6408,#605);
#335=LINE('',#6410,#606);
#336=LINE('',#6412,#607);
#337=LINE('',#6414,#608);
#338=LINE('',#6416,#609);
#339=LINE('',#6418,#610);
#340=LINE('',#6420,#611);
#341=LINE('',#6422,#612);
#342=LINE('',#6425,#613);
#343=LINE('',#6427,#614);
#344=LINE('',#6429,#615);
#345=LINE('',#6431,#616);
#346=LINE('',#6434,#617);
#347=LINE('',#6436,#618);
#348=LINE('',#6438,#619);
#349=LINE('',#6446,#620);
#350=LINE('',#6448,#621);
#351=LINE('',#6450,#622);
#352=LINE('',#6458,#623);
#353=LINE('',#6461,#624);
#354=LINE('',#6463,#625);
#355=LINE('',#6465,#626);
#356=LINE('',#6473,#627);
#357=LINE('',#6475,#628);
#358=LINE('',#6477,#629);
#359=LINE('',#6479,#630);
#360=LINE('',#6482,#631);
#361=LINE('',#6484,#632);
#362=LINE('',#6486,#633);
#363=LINE('',#6488,#634);
#364=LINE('',#6491,#635);
#365=LINE('',#6493,#636);
#366=LINE('',#6495,#637);
#367=LINE('',#6497,#638);
#368=LINE('',#6500,#639);
#369=LINE('',#6502,#640);
#370=LINE('',#6504,#641);
#371=LINE('',#6506,#642);
#372=LINE('',#6509,#643);
#373=LINE('',#6511,#644);
#374=LINE('',#6513,#645);
#375=LINE('',#6515,#646);
#376=LINE('',#6518,#647);
#377=LINE('',#6520,#648);
#378=LINE('',#6522,#649);
#379=LINE('',#6524,#650);
#380=LINE('',#6527,#651);
#381=LINE('',#6529,#652);
#382=LINE('',#6531,#653);
#383=LINE('',#6533,#654);
#384=LINE('',#6536,#655);
#385=LINE('',#6538,#656);
#386=LINE('',#6540,#657);
#387=LINE('',#6542,#658);
#388=LINE('',#6543,#659);
#389=LINE('',#6606,#660);
#390=LINE('',#6609,#661);
#391=LINE('',#6611,#662);
#392=LINE('',#6613,#663);
#393=LINE('',#6615,#664);
#394=LINE('',#6617,#665);
#395=LINE('',#6619,#666);
#396=LINE('',#6621,#667);
#397=LINE('',#6623,#668);
#398=LINE('',#6625,#669);
#399=LINE('',#6627,#670);
#400=LINE('',#6630,#671);
#401=LINE('',#6632,#672);
#402=LINE('',#6634,#673);
#403=LINE('',#6636,#674);
#404=LINE('',#6639,#675);
#405=LINE('',#6641,#676);
#406=LINE('',#6643,#677);
#407=LINE('',#6645,#678);
#408=LINE('',#6648,#679);
#409=LINE('',#6650,#680);
#410=LINE('',#6652,#681);
#411=LINE('',#6654,#682);
#412=LINE('',#6657,#683);
#413=LINE('',#6659,#684);
#414=LINE('',#6661,#685);
#415=LINE('',#6663,#686);
#416=LINE('',#6666,#687);
#417=LINE('',#6668,#688);
#418=LINE('',#6670,#689);
#419=LINE('',#6672,#690);
#420=LINE('',#6675,#691);
#421=LINE('',#6677,#692);
#422=LINE('',#6679,#693);
#423=LINE('',#6681,#694);
#424=LINE('',#6684,#695);
#425=LINE('',#6686,#696);
#426=LINE('',#6688,#697);
#427=LINE('',#6690,#698);
#428=LINE('',#6693,#699);
#429=LINE('',#6695,#700);
#430=LINE('',#6697,#701);
#431=LINE('',#6699,#702);
#432=LINE('',#6702,#703);
#433=LINE('',#6704,#704);
#434=LINE('',#6706,#705);
#435=LINE('',#6708,#706);
#436=LINE('',#6711,#707);
#437=LINE('',#6713,#708);
#438=LINE('',#6715,#709);
#439=LINE('',#6723,#710);
#440=LINE('',#6725,#711);
#441=LINE('',#6727,#712);
#442=LINE('',#6735,#713);
#443=LINE('',#6738,#714);
#444=LINE('',#6740,#715);
#445=LINE('',#6742,#716);
#446=LINE('',#6744,#717);
#447=LINE('',#6745,#718);
#448=VECTOR('',#4506,1.);
#449=VECTOR('',#4509,1.);
#450=VECTOR('',#4514,1.);
#451=VECTOR('',#4517,1.);
#452=VECTOR('',#4530,1.);
#453=VECTOR('',#4533,1.);
#454=VECTOR('',#4536,1.);
#455=VECTOR('',#4539,1.);
#456=VECTOR('',#4574,1.);
#457=VECTOR('',#4575,1.);
#458=VECTOR('',#4576,1.);
#459=VECTOR('',#4579,1.);
#460=VECTOR('',#4582,1.);
#461=VECTOR('',#4585,1.);
#462=VECTOR('',#4586,1.);
#463=VECTOR('',#4589,1.);
#464=VECTOR('',#4592,1.);
#465=VECTOR('',#4593,1.);
#466=VECTOR('',#4596,1.);
#467=VECTOR('',#4599,1.);
#468=VECTOR('',#4600,1.);
#469=VECTOR('',#4603,1.);
#470=VECTOR('',#4606,1.);
#471=VECTOR('',#4607,1.);
#472=VECTOR('',#4610,1.);
#473=VECTOR('',#4613,1.);
#474=VECTOR('',#4618,1.);
#475=VECTOR('',#4621,1.);
#476=VECTOR('',#4624,1.);
#477=VECTOR('',#4625,1.);
#478=VECTOR('',#4626,1.);
#479=VECTOR('',#4627,1.);
#480=VECTOR('',#4628,1.);
#481=VECTOR('',#4629,1.);
#482=VECTOR('',#4630,1.);
#483=VECTOR('',#4631,1.);
#484=VECTOR('',#4636,1.);
#485=VECTOR('',#4639,1.);
#486=VECTOR('',#4642,1.);
#487=VECTOR('',#4643,1.);
#488=VECTOR('',#4644,1.);
#489=VECTOR('',#4645,1.);
#490=VECTOR('',#4646,1.);
#491=VECTOR('',#4647,1.);
#492=VECTOR('',#4648,1.);
#493=VECTOR('',#4649,1.);
#494=VECTOR('',#4650,1.);
#495=VECTOR('',#4653,1.);
#496=VECTOR('',#4658,1.);
#497=VECTOR('',#4663,1.);
#498=VECTOR('',#4666,1.);
#499=VECTOR('',#4667,1.);
#500=VECTOR('',#4670,1.);
#501=VECTOR('',#4673,1.);
#502=VECTOR('',#4674,1.);
#503=VECTOR('',#4677,1.);
#504=VECTOR('',#4680,1.);
#505=VECTOR('',#4681,1.);
#506=VECTOR('',#4684,1.);
#507=VECTOR('',#4687,1.);
#508=VECTOR('',#4690,1.);
#509=VECTOR('',#4693,1.);
#510=VECTOR('',#4698,1.);
#511=VECTOR('',#4699,1.);
#512=VECTOR('',#4700,1.);
#513=VECTOR('',#4703,1.);
#514=VECTOR('',#4704,1.);
#515=VECTOR('',#4705,1.);
#516=VECTOR('',#4708,1.);
#517=VECTOR('',#4709,1.);
#518=VECTOR('',#4710,1.);
#519=VECTOR('',#4713,1.);
#520=VECTOR('',#4714,1.);
#521=VECTOR('',#4715,1.);
#522=VECTOR('',#4720,1.);
#523=VECTOR('',#4721,1.);
#524=VECTOR('',#4722,1.);
#525=VECTOR('',#4723,1.);
#526=VECTOR('',#4730,1.);
#527=VECTOR('',#4731,1.);
#528=VECTOR('',#4732,1.);
#529=VECTOR('',#4733,1.);
#530=VECTOR('',#4734,1.);
#531=VECTOR('',#4737,1.);
#532=VECTOR('',#4738,1.);
#533=VECTOR('',#4739,1.);
#534=VECTOR('',#4742,1.);
#535=VECTOR('',#4743,1.);
#536=VECTOR('',#4744,1.);
#537=VECTOR('',#4747,1.);
#538=VECTOR('',#4748,1.);
#539=VECTOR('',#4749,1.);
#540=VECTOR('',#4752,1.);
#541=VECTOR('',#4753,1.);
#542=VECTOR('',#4754,1.);
#543=VECTOR('',#4757,1.);
#544=VECTOR('',#4758,1.);
#545=VECTOR('',#4759,1.);
#546=VECTOR('',#4762,1.);
#547=VECTOR('',#4763,1.);
#548=VECTOR('',#4764,1.);
#549=VECTOR('',#4767,1.);
#550=VECTOR('',#4768,1.);
#551=VECTOR('',#4769,1.);
#552=VECTOR('',#4772,1.);
#553=VECTOR('',#4773,1.);
#554=VECTOR('',#4774,1.);
#555=VECTOR('',#4777,1.);
#556=VECTOR('',#4778,1.);
#557=VECTOR('',#4779,1.);
#558=VECTOR('',#4782,1.);
#559=VECTOR('',#4783,1.);
#560=VECTOR('',#4784,1.);
#561=VECTOR('',#4787,1.);
#562=VECTOR('',#4788,1.);
#563=VECTOR('',#4789,1.);
#564=VECTOR('',#4792,1.);
#565=VECTOR('',#4793,1.);
#566=VECTOR('',#4794,1.);
#567=VECTOR('',#4843,1.);
#568=VECTOR('',#4898,1.);
#569=VECTOR('',#4917,1.);
#570=VECTOR('',#4920,1.);
#571=VECTOR('',#4925,1.);
#572=VECTOR('',#4926,1.);
#573=VECTOR('',#4929,1.);
#574=VECTOR('',#4932,1.);
#575=VECTOR('',#4935,1.);
#576=VECTOR('',#4940,1.);
#577=VECTOR('',#4941,1.);
#578=VECTOR('',#4942,1.);
#579=VECTOR('',#4943,1.);
#580=VECTOR('',#4950,1.);
#581=VECTOR('',#4951,1.);
#582=VECTOR('',#4954,1.);
#583=VECTOR('',#4957,1.);
#584=VECTOR('',#4960,1.);
#585=VECTOR('',#4963,1.);
#586=VECTOR('',#5002,1.);
#587=VECTOR('',#5007,1.);
#588=VECTOR('',#5012,1.);
#589=VECTOR('',#5015,1.);
#590=VECTOR('',#5018,1.);
#591=VECTOR('',#5021,1.);
#592=VECTOR('',#5026,1.);
#593=VECTOR('',#5029,1.);
#594=VECTOR('',#5032,1.);
#595=VECTOR('',#5035,1.);
#596=VECTOR('',#5038,1.);
#597=VECTOR('',#5041,1.);
#598=VECTOR('',#5110,1.);
#599=VECTOR('',#5115,1.);
#600=VECTOR('',#5120,1.);
#601=VECTOR('',#5121,1.);
#602=VECTOR('',#5126,1.);
#603=VECTOR('',#5127,1.);
#604=VECTOR('',#5128,1.);
#605=VECTOR('',#5129,1.);
#606=VECTOR('',#5132,1.);
#607=VECTOR('',#5133,1.);
#608=VECTOR('',#5134,1.);
#609=VECTOR('',#5137,1.);
#610=VECTOR('',#5138,1.);
#611=VECTOR('',#5139,1.);
#612=VECTOR('',#5142,1.);
#613=VECTOR('',#5143,1.);
#614=VECTOR('',#5144,1.);
#615=VECTOR('',#5145,1.);
#616=VECTOR('',#5148,1.);
#617=VECTOR('',#5149,1.);
#618=VECTOR('',#5150,1.);
#619=VECTOR('',#5151,1.);
#620=VECTOR('',#5154,1.);
#621=VECTOR('',#5155,1.);
#622=VECTOR('',#5156,1.);
#623=VECTOR('',#5159,1.);
#624=VECTOR('',#5160,1.);
#625=VECTOR('',#5161,1.);
#626=VECTOR('',#5162,1.);
#627=VECTOR('',#5165,1.);
#628=VECTOR('',#5166,1.);
#629=VECTOR('',#5167,1.);
#630=VECTOR('',#5170,1.);
#631=VECTOR('',#5171,1.);
#632=VECTOR('',#5172,1.);
#633=VECTOR('',#5173,1.);
#634=VECTOR('',#5176,1.);
#635=VECTOR('',#5177,1.);
#636=VECTOR('',#5178,1.);
#637=VECTOR('',#5179,1.);
#638=VECTOR('',#5182,1.);
#639=VECTOR('',#5183,1.);
#640=VECTOR('',#5184,1.);
#641=VECTOR('',#5185,1.);
#642=VECTOR('',#5188,1.);
#643=VECTOR('',#5189,1.);
#644=VECTOR('',#5190,1.);
#645=VECTOR('',#5191,1.);
#646=VECTOR('',#5194,1.);
#647=VECTOR('',#5195,1.);
#648=VECTOR('',#5196,1.);
#649=VECTOR('',#5197,1.);
#650=VECTOR('',#5200,1.);
#651=VECTOR('',#5201,1.);
#652=VECTOR('',#5202,1.);
#653=VECTOR('',#5203,1.);
#654=VECTOR('',#5206,1.);
#655=VECTOR('',#5207,1.);
#656=VECTOR('',#5208,1.);
#657=VECTOR('',#5209,1.);
#658=VECTOR('',#5212,1.);
#659=VECTOR('',#5213,1.);
#660=VECTOR('',#5310,1.);
#661=VECTOR('',#5311,1.);
#662=VECTOR('',#5312,1.);
#663=VECTOR('',#5313,1.);
#664=VECTOR('',#5316,1.);
#665=VECTOR('',#5317,1.);
#666=VECTOR('',#5318,1.);
#667=VECTOR('',#5321,1.);
#668=VECTOR('',#5322,1.);
#669=VECTOR('',#5323,1.);
#670=VECTOR('',#5326,1.);
#671=VECTOR('',#5327,1.);
#672=VECTOR('',#5328,1.);
#673=VECTOR('',#5329,1.);
#674=VECTOR('',#5332,1.);
#675=VECTOR('',#5333,1.);
#676=VECTOR('',#5334,1.);
#677=VECTOR('',#5335,1.);
#678=VECTOR('',#5338,1.);
#679=VECTOR('',#5339,1.);
#680=VECTOR('',#5340,1.);
#681=VECTOR('',#5341,1.);
#682=VECTOR('',#5344,1.);
#683=VECTOR('',#5345,1.);
#684=VECTOR('',#5346,1.);
#685=VECTOR('',#5347,1.);
#686=VECTOR('',#5350,1.);
#687=VECTOR('',#5351,1.);
#688=VECTOR('',#5352,1.);
#689=VECTOR('',#5353,1.);
#690=VECTOR('',#5356,1.);
#691=VECTOR('',#5357,1.);
#692=VECTOR('',#5358,1.);
#693=VECTOR('',#5359,1.);
#694=VECTOR('',#5362,1.);
#695=VECTOR('',#5363,1.);
#696=VECTOR('',#5364,1.);
#697=VECTOR('',#5365,1.);
#698=VECTOR('',#5368,1.);
#699=VECTOR('',#5369,1.);
#700=VECTOR('',#5370,1.);
#701=VECTOR('',#5371,1.);
#702=VECTOR('',#5374,1.);
#703=VECTOR('',#5375,1.);
#704=VECTOR('',#5376,1.);
#705=VECTOR('',#5377,1.);
#706=VECTOR('',#5380,1.);
#707=VECTOR('',#5381,1.);
#708=VECTOR('',#5382,1.);
#709=VECTOR('',#5383,1.);
#710=VECTOR('',#5386,1.);
#711=VECTOR('',#5387,1.);
#712=VECTOR('',#5388,1.);
#713=VECTOR('',#5391,1.);
#714=VECTOR('',#5392,1.);
#715=VECTOR('',#5393,1.);
#716=VECTOR('',#5394,1.);
#717=VECTOR('',#5397,1.);
#718=VECTOR('',#5398,1.);
#719=ORIENTED_EDGE('',*,*,#1805,.T.);
#720=ORIENTED_EDGE('',*,*,#1806,.T.);
#721=ORIENTED_EDGE('',*,*,#1807,.T.);
#722=ORIENTED_EDGE('',*,*,#1808,.T.);
#723=ORIENTED_EDGE('',*,*,#1809,.T.);
#724=ORIENTED_EDGE('',*,*,#1810,.T.);
#725=ORIENTED_EDGE('',*,*,#1811,.T.);
#726=ORIENTED_EDGE('',*,*,#1812,.F.);
#727=ORIENTED_EDGE('',*,*,#1813,.F.);
#728=ORIENTED_EDGE('',*,*,#1814,.F.);
#729=ORIENTED_EDGE('',*,*,#1815,.F.);
#730=ORIENTED_EDGE('',*,*,#1816,.F.);
#731=ORIENTED_EDGE('',*,*,#1817,.F.);
#732=ORIENTED_EDGE('',*,*,#1818,.F.);
#733=ORIENTED_EDGE('',*,*,#1819,.T.);
#734=ORIENTED_EDGE('',*,*,#1820,.F.);
#735=ORIENTED_EDGE('',*,*,#1821,.T.);
#736=ORIENTED_EDGE('',*,*,#1822,.T.);
#737=ORIENTED_EDGE('',*,*,#1823,.T.);
#738=ORIENTED_EDGE('',*,*,#1824,.F.);
#739=ORIENTED_EDGE('',*,*,#1825,.T.);
#740=ORIENTED_EDGE('',*,*,#1826,.F.);
#741=ORIENTED_EDGE('',*,*,#1827,.F.);
#742=ORIENTED_EDGE('',*,*,#1828,.F.);
#743=ORIENTED_EDGE('',*,*,#1829,.F.);
#744=ORIENTED_EDGE('',*,*,#1830,.F.);
#745=ORIENTED_EDGE('',*,*,#1831,.F.);
#746=ORIENTED_EDGE('',*,*,#1832,.F.);
#747=ORIENTED_EDGE('',*,*,#1833,.F.);
#748=ORIENTED_EDGE('',*,*,#1834,.F.);
#749=ORIENTED_EDGE('',*,*,#1835,.F.);
#750=ORIENTED_EDGE('',*,*,#1836,.T.);
#751=ORIENTED_EDGE('',*,*,#1837,.F.);
#752=ORIENTED_EDGE('',*,*,#1838,.F.);
#753=ORIENTED_EDGE('',*,*,#1839,.T.);
#754=ORIENTED_EDGE('',*,*,#1840,.T.);
#755=ORIENTED_EDGE('',*,*,#1841,.T.);
#756=ORIENTED_EDGE('',*,*,#1842,.F.);
#757=ORIENTED_EDGE('',*,*,#1843,.T.);
#758=ORIENTED_EDGE('',*,*,#1844,.F.);
#759=ORIENTED_EDGE('',*,*,#1845,.T.);
#760=ORIENTED_EDGE('',*,*,#1846,.F.);
#761=ORIENTED_EDGE('',*,*,#1847,.T.);
#762=ORIENTED_EDGE('',*,*,#1848,.T.);
#763=ORIENTED_EDGE('',*,*,#1849,.T.);
#764=ORIENTED_EDGE('',*,*,#1850,.T.);
#765=ORIENTED_EDGE('',*,*,#1851,.T.);
#766=ORIENTED_EDGE('',*,*,#1852,.F.);
#767=ORIENTED_EDGE('',*,*,#1853,.T.);
#768=ORIENTED_EDGE('',*,*,#1854,.F.);
#769=ORIENTED_EDGE('',*,*,#1855,.T.);
#770=ORIENTED_EDGE('',*,*,#1856,.T.);
#771=ORIENTED_EDGE('',*,*,#1857,.F.);
#772=ORIENTED_EDGE('',*,*,#1858,.T.);
#773=ORIENTED_EDGE('',*,*,#1859,.F.);
#774=ORIENTED_EDGE('',*,*,#1860,.T.);
#775=ORIENTED_EDGE('',*,*,#1861,.T.);
#776=ORIENTED_EDGE('',*,*,#1862,.F.);
#777=ORIENTED_EDGE('',*,*,#1863,.T.);
#778=ORIENTED_EDGE('',*,*,#1864,.F.);
#779=ORIENTED_EDGE('',*,*,#1865,.T.);
#780=ORIENTED_EDGE('',*,*,#1866,.T.);
#781=ORIENTED_EDGE('',*,*,#1867,.T.);
#782=ORIENTED_EDGE('',*,*,#1868,.T.);
#783=ORIENTED_EDGE('',*,*,#1869,.T.);
#784=ORIENTED_EDGE('',*,*,#1870,.T.);
#785=ORIENTED_EDGE('',*,*,#1871,.T.);
#786=ORIENTED_EDGE('',*,*,#1872,.T.);
#787=ORIENTED_EDGE('',*,*,#1873,.F.);
#788=ORIENTED_EDGE('',*,*,#1874,.T.);
#789=ORIENTED_EDGE('',*,*,#1875,.T.);
#790=ORIENTED_EDGE('',*,*,#1876,.T.);
#791=ORIENTED_EDGE('',*,*,#1877,.T.);
#792=ORIENTED_EDGE('',*,*,#1878,.T.);
#793=ORIENTED_EDGE('',*,*,#1879,.F.);
#794=ORIENTED_EDGE('',*,*,#1880,.F.);
#795=ORIENTED_EDGE('',*,*,#1881,.F.);
#796=ORIENTED_EDGE('',*,*,#1882,.T.);
#797=ORIENTED_EDGE('',*,*,#1883,.F.);
#798=ORIENTED_EDGE('',*,*,#1884,.T.);
#799=ORIENTED_EDGE('',*,*,#1885,.T.);
#800=ORIENTED_EDGE('',*,*,#1886,.T.);
#801=ORIENTED_EDGE('',*,*,#1887,.F.);
#802=ORIENTED_EDGE('',*,*,#1888,.T.);
#803=ORIENTED_EDGE('',*,*,#1889,.T.);
#804=ORIENTED_EDGE('',*,*,#1890,.T.);
#805=ORIENTED_EDGE('',*,*,#1891,.T.);
#806=ORIENTED_EDGE('',*,*,#1892,.T.);
#807=ORIENTED_EDGE('',*,*,#1893,.T.);
#808=ORIENTED_EDGE('',*,*,#1894,.T.);
#809=ORIENTED_EDGE('',*,*,#1895,.T.);
#810=ORIENTED_EDGE('',*,*,#1896,.F.);
#811=ORIENTED_EDGE('',*,*,#1897,.T.);
#812=ORIENTED_EDGE('',*,*,#1898,.T.);
#813=ORIENTED_EDGE('',*,*,#1899,.T.);
#814=ORIENTED_EDGE('',*,*,#1900,.T.);
#815=ORIENTED_EDGE('',*,*,#1901,.T.);
#816=ORIENTED_EDGE('',*,*,#1902,.T.);
#817=ORIENTED_EDGE('',*,*,#1903,.T.);
#818=ORIENTED_EDGE('',*,*,#1904,.T.);
#819=ORIENTED_EDGE('',*,*,#1905,.T.);
#820=ORIENTED_EDGE('',*,*,#1906,.T.);
#821=ORIENTED_EDGE('',*,*,#1907,.T.);
#822=ORIENTED_EDGE('',*,*,#1908,.T.);
#823=ORIENTED_EDGE('',*,*,#1909,.T.);
#824=ORIENTED_EDGE('',*,*,#1910,.T.);
#825=ORIENTED_EDGE('',*,*,#1911,.F.);
#826=ORIENTED_EDGE('',*,*,#1912,.T.);
#827=ORIENTED_EDGE('',*,*,#1913,.F.);
#828=ORIENTED_EDGE('',*,*,#1914,.T.);
#829=ORIENTED_EDGE('',*,*,#1915,.T.);
#830=ORIENTED_EDGE('',*,*,#1916,.F.);
#831=ORIENTED_EDGE('',*,*,#1917,.T.);
#832=ORIENTED_EDGE('',*,*,#1918,.F.);
#833=ORIENTED_EDGE('',*,*,#1919,.T.);
#834=ORIENTED_EDGE('',*,*,#1920,.T.);
#835=ORIENTED_EDGE('',*,*,#1921,.F.);
#836=ORIENTED_EDGE('',*,*,#1922,.T.);
#837=ORIENTED_EDGE('',*,*,#1923,.T.);
#838=ORIENTED_EDGE('',*,*,#1924,.T.);
#839=ORIENTED_EDGE('',*,*,#1925,.T.);
#840=ORIENTED_EDGE('',*,*,#1926,.T.);
#841=ORIENTED_EDGE('',*,*,#1927,.T.);
#842=ORIENTED_EDGE('',*,*,#1928,.T.);
#843=ORIENTED_EDGE('',*,*,#1929,.T.);
#844=ORIENTED_EDGE('',*,*,#1820,.T.);
#845=ORIENTED_EDGE('',*,*,#1930,.T.);
#846=ORIENTED_EDGE('',*,*,#1931,.F.);
#847=ORIENTED_EDGE('',*,*,#1932,.T.);
#848=ORIENTED_EDGE('',*,*,#1844,.T.);
#849=ORIENTED_EDGE('',*,*,#1933,.T.);
#850=ORIENTED_EDGE('',*,*,#1934,.F.);
#851=ORIENTED_EDGE('',*,*,#1935,.T.);
#852=ORIENTED_EDGE('',*,*,#1894,.F.);
#853=ORIENTED_EDGE('',*,*,#1936,.T.);
#854=ORIENTED_EDGE('',*,*,#1937,.T.);
#855=ORIENTED_EDGE('',*,*,#1938,.T.);
#856=ORIENTED_EDGE('',*,*,#1939,.F.);
#857=ORIENTED_EDGE('',*,*,#1896,.T.);
#858=ORIENTED_EDGE('',*,*,#1940,.F.);
#859=ORIENTED_EDGE('',*,*,#1941,.F.);
#860=ORIENTED_EDGE('',*,*,#1942,.T.);
#861=ORIENTED_EDGE('',*,*,#1943,.T.);
#862=ORIENTED_EDGE('',*,*,#1944,.T.);
#863=ORIENTED_EDGE('',*,*,#1945,.T.);
#864=ORIENTED_EDGE('',*,*,#1946,.T.);
#865=ORIENTED_EDGE('',*,*,#1947,.T.);
#866=ORIENTED_EDGE('',*,*,#1948,.T.);
#867=ORIENTED_EDGE('',*,*,#1949,.T.);
#868=ORIENTED_EDGE('',*,*,#1950,.T.);
#869=ORIENTED_EDGE('',*,*,#1951,.T.);
#870=ORIENTED_EDGE('',*,*,#1952,.T.);
#871=ORIENTED_EDGE('',*,*,#1953,.F.);
#872=ORIENTED_EDGE('',*,*,#1954,.T.);
#873=ORIENTED_EDGE('',*,*,#1887,.T.);
#874=ORIENTED_EDGE('',*,*,#1955,.T.);
#875=ORIENTED_EDGE('',*,*,#1956,.F.);
#876=ORIENTED_EDGE('',*,*,#1957,.T.);
#877=ORIENTED_EDGE('',*,*,#1958,.T.);
#878=ORIENTED_EDGE('',*,*,#1959,.T.);
#879=ORIENTED_EDGE('',*,*,#1901,.F.);
#880=ORIENTED_EDGE('',*,*,#1960,.T.);
#881=ORIENTED_EDGE('',*,*,#1889,.F.);
#882=ORIENTED_EDGE('',*,*,#1961,.T.);
#883=ORIENTED_EDGE('',*,*,#1962,.T.);
#884=ORIENTED_EDGE('',*,*,#1963,.T.);
#885=ORIENTED_EDGE('',*,*,#1904,.F.);
#886=ORIENTED_EDGE('',*,*,#1964,.T.);
#887=ORIENTED_EDGE('',*,*,#1907,.F.);
#888=ORIENTED_EDGE('',*,*,#1965,.T.);
#889=ORIENTED_EDGE('',*,*,#1966,.T.);
#890=ORIENTED_EDGE('',*,*,#1967,.T.);
#891=ORIENTED_EDGE('',*,*,#1926,.F.);
#892=ORIENTED_EDGE('',*,*,#1810,.F.);
#893=ORIENTED_EDGE('',*,*,#1928,.F.);
#894=ORIENTED_EDGE('',*,*,#1968,.T.);
#895=ORIENTED_EDGE('',*,*,#1969,.T.);
#896=ORIENTED_EDGE('',*,*,#1970,.T.);
#897=ORIENTED_EDGE('',*,*,#1971,.F.);
#898=ORIENTED_EDGE('',*,*,#1842,.T.);
#899=ORIENTED_EDGE('',*,*,#1972,.T.);
#900=ORIENTED_EDGE('',*,*,#1973,.F.);
#901=ORIENTED_EDGE('',*,*,#1974,.T.);
#902=ORIENTED_EDGE('',*,*,#1975,.T.);
#903=ORIENTED_EDGE('',*,*,#1822,.F.);
#904=ORIENTED_EDGE('',*,*,#1976,.T.);
#905=ORIENTED_EDGE('',*,*,#1977,.F.);
#906=ORIENTED_EDGE('',*,*,#1978,.T.);
#907=ORIENTED_EDGE('',*,*,#1824,.T.);
#908=ORIENTED_EDGE('',*,*,#1979,.T.);
#909=ORIENTED_EDGE('',*,*,#1846,.T.);
#910=ORIENTED_EDGE('',*,*,#1980,.T.);
#911=ORIENTED_EDGE('',*,*,#1981,.F.);
#912=ORIENTED_EDGE('',*,*,#1982,.T.);
#913=ORIENTED_EDGE('',*,*,#1848,.F.);
#914=ORIENTED_EDGE('',*,*,#1983,.T.);
#915=ORIENTED_EDGE('',*,*,#1984,.T.);
#916=ORIENTED_EDGE('',*,*,#1985,.T.);
#917=ORIENTED_EDGE('',*,*,#1868,.F.);
#918=ORIENTED_EDGE('',*,*,#1986,.T.);
#919=ORIENTED_EDGE('',*,*,#1806,.F.);
#920=ORIENTED_EDGE('',*,*,#1987,.T.);
#921=ORIENTED_EDGE('',*,*,#1870,.F.);
#922=ORIENTED_EDGE('',*,*,#1988,.T.);
#923=ORIENTED_EDGE('',*,*,#1989,.T.);
#924=ORIENTED_EDGE('',*,*,#1990,.T.);
#925=ORIENTED_EDGE('',*,*,#1873,.T.);
#926=ORIENTED_EDGE('',*,*,#1991,.T.);
#927=ORIENTED_EDGE('',*,*,#1992,.F.);
#928=ORIENTED_EDGE('',*,*,#1993,.T.);
#929=ORIENTED_EDGE('',*,*,#1816,.T.);
#930=ORIENTED_EDGE('',*,*,#1994,.F.);
#931=ORIENTED_EDGE('',*,*,#1815,.T.);
#932=ORIENTED_EDGE('',*,*,#1995,.F.);
#933=ORIENTED_EDGE('',*,*,#1814,.T.);
#934=ORIENTED_EDGE('',*,*,#1996,.F.);
#935=ORIENTED_EDGE('',*,*,#1817,.T.);
#936=ORIENTED_EDGE('',*,*,#1997,.F.);
#937=ORIENTED_EDGE('',*,*,#1998,.F.);
#938=ORIENTED_EDGE('',*,*,#1999,.T.);
#939=ORIENTED_EDGE('',*,*,#2000,.T.);
#940=ORIENTED_EDGE('',*,*,#2001,.T.);
#941=ORIENTED_EDGE('',*,*,#2002,.T.);
#942=ORIENTED_EDGE('',*,*,#2003,.T.);
#943=ORIENTED_EDGE('',*,*,#2004,.T.);
#944=ORIENTED_EDGE('',*,*,#2005,.T.);
#945=ORIENTED_EDGE('',*,*,#2006,.F.);
#946=ORIENTED_EDGE('',*,*,#2007,.F.);
#947=ORIENTED_EDGE('',*,*,#2008,.F.);
#948=ORIENTED_EDGE('',*,*,#2009,.F.);
#949=ORIENTED_EDGE('',*,*,#2010,.F.);
#950=ORIENTED_EDGE('',*,*,#2011,.F.);
#951=ORIENTED_EDGE('',*,*,#2012,.F.);
#952=ORIENTED_EDGE('',*,*,#2013,.F.);
#953=ORIENTED_EDGE('',*,*,#1973,.T.);
#954=ORIENTED_EDGE('',*,*,#2014,.T.);
#955=ORIENTED_EDGE('',*,*,#1969,.F.);
#956=ORIENTED_EDGE('',*,*,#2015,.T.);
#957=ORIENTED_EDGE('',*,*,#1966,.F.);
#958=ORIENTED_EDGE('',*,*,#2016,.T.);
#959=ORIENTED_EDGE('',*,*,#2017,.T.);
#960=ORIENTED_EDGE('',*,*,#1962,.F.);
#961=ORIENTED_EDGE('',*,*,#2018,.T.);
#962=ORIENTED_EDGE('',*,*,#2019,.T.);
#963=ORIENTED_EDGE('',*,*,#1958,.F.);
#964=ORIENTED_EDGE('',*,*,#2020,.T.);
#965=ORIENTED_EDGE('',*,*,#1956,.T.);
#966=ORIENTED_EDGE('',*,*,#2021,.T.);
#967=ORIENTED_EDGE('',*,*,#2022,.T.);
#968=ORIENTED_EDGE('',*,*,#1992,.T.);
#969=ORIENTED_EDGE('',*,*,#2023,.T.);
#970=ORIENTED_EDGE('',*,*,#2024,.T.);
#971=ORIENTED_EDGE('',*,*,#1989,.F.);
#972=ORIENTED_EDGE('',*,*,#2025,.T.);
#973=ORIENTED_EDGE('',*,*,#1984,.F.);
#974=ORIENTED_EDGE('',*,*,#2026,.T.);
#975=ORIENTED_EDGE('',*,*,#1981,.T.);
#976=ORIENTED_EDGE('',*,*,#2027,.T.);
#977=ORIENTED_EDGE('',*,*,#1934,.T.);
#978=ORIENTED_EDGE('',*,*,#2028,.F.);
#979=ORIENTED_EDGE('',*,*,#2029,.F.);
#980=ORIENTED_EDGE('',*,*,#2030,.F.);
#981=ORIENTED_EDGE('',*,*,#2031,.F.);
#982=ORIENTED_EDGE('',*,*,#2032,.F.);
#983=ORIENTED_EDGE('',*,*,#2033,.F.);
#984=ORIENTED_EDGE('',*,*,#2034,.F.);
#985=ORIENTED_EDGE('',*,*,#2035,.F.);
#986=ORIENTED_EDGE('',*,*,#2036,.F.);
#987=ORIENTED_EDGE('',*,*,#2037,.F.);
#988=ORIENTED_EDGE('',*,*,#2038,.F.);
#989=ORIENTED_EDGE('',*,*,#2039,.F.);
#990=ORIENTED_EDGE('',*,*,#1996,.T.);
#991=ORIENTED_EDGE('',*,*,#1931,.T.);
#992=ORIENTED_EDGE('',*,*,#2040,.T.);
#993=ORIENTED_EDGE('',*,*,#2041,.T.);
#994=ORIENTED_EDGE('',*,*,#2042,.T.);
#995=ORIENTED_EDGE('',*,*,#1977,.T.);
#996=ORIENTED_EDGE('',*,*,#2043,.T.);
#997=ORIENTED_EDGE('',*,*,#1974,.F.);
#998=ORIENTED_EDGE('',*,*,#2044,.T.);
#999=ORIENTED_EDGE('',*,*,#1995,.T.);
#1000=ORIENTED_EDGE('',*,*,#1994,.T.);
#1001=ORIENTED_EDGE('',*,*,#1997,.T.);
#1002=ORIENTED_EDGE('',*,*,#1927,.F.);
#1003=ORIENTED_EDGE('',*,*,#1967,.F.);
#1004=ORIENTED_EDGE('',*,*,#2015,.F.);
#1005=ORIENTED_EDGE('',*,*,#1968,.F.);
#1006=ORIENTED_EDGE('',*,*,#1929,.F.);
#1007=ORIENTED_EDGE('',*,*,#1970,.F.);
#1008=ORIENTED_EDGE('',*,*,#2014,.F.);
#1009=ORIENTED_EDGE('',*,*,#1972,.F.);
#1010=ORIENTED_EDGE('',*,*,#1845,.F.);
#1011=ORIENTED_EDGE('',*,*,#1935,.F.);
#1012=ORIENTED_EDGE('',*,*,#2027,.F.);
#1013=ORIENTED_EDGE('',*,*,#1980,.F.);
#1014=ORIENTED_EDGE('',*,*,#1847,.F.);
#1015=ORIENTED_EDGE('',*,*,#1982,.F.);
#1016=ORIENTED_EDGE('',*,*,#2026,.F.);
#1017=ORIENTED_EDGE('',*,*,#1983,.F.);
#1018=ORIENTED_EDGE('',*,*,#1869,.F.);
#1019=ORIENTED_EDGE('',*,*,#1985,.F.);
#1020=ORIENTED_EDGE('',*,*,#2025,.F.);
#1021=ORIENTED_EDGE('',*,*,#1988,.F.);
#1022=ORIENTED_EDGE('',*,*,#2024,.F.);
#1023=ORIENTED_EDGE('',*,*,#2045,.T.);
#1024=ORIENTED_EDGE('',*,*,#1871,.F.);
#1025=ORIENTED_EDGE('',*,*,#1990,.F.);
#1026=ORIENTED_EDGE('',*,*,#1886,.F.);
#1027=ORIENTED_EDGE('',*,*,#2046,.T.);
#1028=ORIENTED_EDGE('',*,*,#2021,.F.);
#1029=ORIENTED_EDGE('',*,*,#1955,.F.);
#1030=ORIENTED_EDGE('',*,*,#1888,.F.);
#1031=ORIENTED_EDGE('',*,*,#1957,.F.);
#1032=ORIENTED_EDGE('',*,*,#2020,.F.);
#1033=ORIENTED_EDGE('',*,*,#1961,.F.);
#1034=ORIENTED_EDGE('',*,*,#2047,.F.);
#1035=ORIENTED_EDGE('',*,*,#1882,.F.);
#1036=ORIENTED_EDGE('',*,*,#2048,.F.);
#1037=ORIENTED_EDGE('',*,*,#1953,.T.);
#1038=ORIENTED_EDGE('',*,*,#1881,.T.);
#1039=ORIENTED_EDGE('',*,*,#2049,.F.);
#1040=ORIENTED_EDGE('',*,*,#1954,.F.);
#1041=ORIENTED_EDGE('',*,*,#2048,.T.);
#1042=ORIENTED_EDGE('',*,*,#1880,.T.);
#1043=ORIENTED_EDGE('',*,*,#2050,.T.);
#1044=ORIENTED_EDGE('',*,*,#1943,.F.);
#1045=ORIENTED_EDGE('',*,*,#2049,.T.);
#1046=ORIENTED_EDGE('',*,*,#1895,.F.);
#1047=ORIENTED_EDGE('',*,*,#1938,.F.);
#1048=ORIENTED_EDGE('',*,*,#2051,.T.);
#1049=ORIENTED_EDGE('',*,*,#1940,.T.);
#1050=ORIENTED_EDGE('',*,*,#2052,.T.);
#1051=ORIENTED_EDGE('',*,*,#2053,.F.);
#1052=ORIENTED_EDGE('',*,*,#1941,.T.);
#1053=ORIENTED_EDGE('',*,*,#2051,.F.);
#1054=ORIENTED_EDGE('',*,*,#1937,.F.);
#1055=ORIENTED_EDGE('',*,*,#2054,.F.);
#1056=ORIENTED_EDGE('',*,*,#2055,.T.);
#1057=ORIENTED_EDGE('',*,*,#2056,.T.);
#1058=ORIENTED_EDGE('',*,*,#2057,.T.);
#1059=ORIENTED_EDGE('',*,*,#2058,.T.);
#1060=ORIENTED_EDGE('',*,*,#2059,.T.);
#1061=ORIENTED_EDGE('',*,*,#2060,.T.);
#1062=ORIENTED_EDGE('',*,*,#2061,.T.);
#1063=ORIENTED_EDGE('',*,*,#2054,.T.);
#1064=ORIENTED_EDGE('',*,*,#1936,.F.);
#1065=ORIENTED_EDGE('',*,*,#1893,.F.);
#1066=ORIENTED_EDGE('',*,*,#2062,.T.);
#1067=ORIENTED_EDGE('',*,*,#1952,.F.);
#1068=ORIENTED_EDGE('',*,*,#2063,.T.);
#1069=ORIENTED_EDGE('',*,*,#1883,.T.);
#1070=ORIENTED_EDGE('',*,*,#2047,.T.);
#1071=ORIENTED_EDGE('',*,*,#2053,.T.);
#1072=ORIENTED_EDGE('',*,*,#2064,.T.);
#1073=ORIENTED_EDGE('',*,*,#1897,.F.);
#1074=ORIENTED_EDGE('',*,*,#1939,.T.);
#1075=ORIENTED_EDGE('',*,*,#1944,.F.);
#1076=ORIENTED_EDGE('',*,*,#2050,.F.);
#1077=ORIENTED_EDGE('',*,*,#1879,.T.);
#1078=ORIENTED_EDGE('',*,*,#2065,.T.);
#1079=ORIENTED_EDGE('',*,*,#2066,.F.);
#1080=ORIENTED_EDGE('',*,*,#2066,.T.);
#1081=ORIENTED_EDGE('',*,*,#2052,.F.);
#1082=ORIENTED_EDGE('',*,*,#2067,.F.);
#1083=ORIENTED_EDGE('',*,*,#2067,.T.);
#1084=ORIENTED_EDGE('',*,*,#1942,.F.);
#1085=ORIENTED_EDGE('',*,*,#2039,.T.);
#1086=ORIENTED_EDGE('',*,*,#1826,.T.);
#1087=ORIENTED_EDGE('',*,*,#2038,.T.);
#1088=ORIENTED_EDGE('',*,*,#1827,.T.);
#1089=ORIENTED_EDGE('',*,*,#2037,.T.);
#1090=ORIENTED_EDGE('',*,*,#1828,.T.);
#1091=ORIENTED_EDGE('',*,*,#2036,.T.);
#1092=ORIENTED_EDGE('',*,*,#1829,.T.);
#1093=ORIENTED_EDGE('',*,*,#2035,.T.);
#1094=ORIENTED_EDGE('',*,*,#1830,.T.);
#1095=ORIENTED_EDGE('',*,*,#2034,.T.);
#1096=ORIENTED_EDGE('',*,*,#1831,.T.);
#1097=ORIENTED_EDGE('',*,*,#2033,.T.);
#1098=ORIENTED_EDGE('',*,*,#1832,.T.);
#1099=ORIENTED_EDGE('',*,*,#2032,.T.);
#1100=ORIENTED_EDGE('',*,*,#1833,.T.);
#1101=ORIENTED_EDGE('',*,*,#2031,.T.);
#1102=ORIENTED_EDGE('',*,*,#1834,.T.);
#1103=ORIENTED_EDGE('',*,*,#2030,.T.);
#1104=ORIENTED_EDGE('',*,*,#1835,.T.);
#1105=ORIENTED_EDGE('',*,*,#2068,.T.);
#1106=ORIENTED_EDGE('',*,*,#2029,.T.);
#1107=ORIENTED_EDGE('',*,*,#1837,.T.);
#1108=ORIENTED_EDGE('',*,*,#2028,.T.);
#1109=ORIENTED_EDGE('',*,*,#1838,.T.);
#1110=ORIENTED_EDGE('',*,*,#2063,.F.);
#1111=ORIENTED_EDGE('',*,*,#1951,.F.);
#1112=ORIENTED_EDGE('',*,*,#2069,.F.);
#1113=ORIENTED_EDGE('',*,*,#2070,.T.);
#1114=ORIENTED_EDGE('',*,*,#1884,.F.);
#1115=ORIENTED_EDGE('',*,*,#2069,.T.);
#1116=ORIENTED_EDGE('',*,*,#1950,.F.);
#1117=ORIENTED_EDGE('',*,*,#2071,.F.);
#1118=ORIENTED_EDGE('',*,*,#1875,.F.);
#1119=ORIENTED_EDGE('',*,*,#2072,.T.);
#1120=ORIENTED_EDGE('',*,*,#2071,.T.);
#1121=ORIENTED_EDGE('',*,*,#1949,.F.);
#1122=ORIENTED_EDGE('',*,*,#2073,.F.);
#1123=ORIENTED_EDGE('',*,*,#2073,.T.);
#1124=ORIENTED_EDGE('',*,*,#1948,.F.);
#1125=ORIENTED_EDGE('',*,*,#2074,.F.);
#1126=ORIENTED_EDGE('',*,*,#1876,.F.);
#1127=ORIENTED_EDGE('',*,*,#2074,.T.);
#1128=ORIENTED_EDGE('',*,*,#1947,.F.);
#1129=ORIENTED_EDGE('',*,*,#2075,.F.);
#1130=ORIENTED_EDGE('',*,*,#2075,.T.);
#1131=ORIENTED_EDGE('',*,*,#1946,.F.);
#1132=ORIENTED_EDGE('',*,*,#2076,.F.);
#1133=ORIENTED_EDGE('',*,*,#1877,.F.);
#1134=ORIENTED_EDGE('',*,*,#2065,.F.);
#1135=ORIENTED_EDGE('',*,*,#1878,.F.);
#1136=ORIENTED_EDGE('',*,*,#2076,.T.);
#1137=ORIENTED_EDGE('',*,*,#1945,.F.);
#1138=ORIENTED_EDGE('',*,*,#2064,.F.);
#1139=ORIENTED_EDGE('',*,*,#2061,.F.);
#1140=ORIENTED_EDGE('',*,*,#2077,.F.);
#1141=ORIENTED_EDGE('',*,*,#1898,.F.);
#1142=ORIENTED_EDGE('',*,*,#2077,.T.);
#1143=ORIENTED_EDGE('',*,*,#2060,.F.);
#1144=ORIENTED_EDGE('',*,*,#2078,.F.);
#1145=ORIENTED_EDGE('',*,*,#1899,.F.);
#1146=ORIENTED_EDGE('',*,*,#2078,.T.);
#1147=ORIENTED_EDGE('',*,*,#2059,.F.);
#1148=ORIENTED_EDGE('',*,*,#2079,.F.);
#1149=ORIENTED_EDGE('',*,*,#2079,.T.);
#1150=ORIENTED_EDGE('',*,*,#2058,.F.);
#1151=ORIENTED_EDGE('',*,*,#2080,.F.);
#1152=ORIENTED_EDGE('',*,*,#1890,.F.);
#1153=ORIENTED_EDGE('',*,*,#1960,.F.);
#1154=ORIENTED_EDGE('',*,*,#1900,.F.);
#1155=ORIENTED_EDGE('',*,*,#2080,.T.);
#1156=ORIENTED_EDGE('',*,*,#2057,.F.);
#1157=ORIENTED_EDGE('',*,*,#2081,.F.);
#1158=ORIENTED_EDGE('',*,*,#2081,.T.);
#1159=ORIENTED_EDGE('',*,*,#2056,.F.);
#1160=ORIENTED_EDGE('',*,*,#2082,.F.);
#1161=ORIENTED_EDGE('',*,*,#1891,.F.);
#1162=ORIENTED_EDGE('',*,*,#2082,.T.);
#1163=ORIENTED_EDGE('',*,*,#2055,.F.);
#1164=ORIENTED_EDGE('',*,*,#2062,.F.);
#1165=ORIENTED_EDGE('',*,*,#1892,.F.);
#1166=ORIENTED_EDGE('',*,*,#1872,.F.);
#1167=ORIENTED_EDGE('',*,*,#2045,.F.);
#1168=ORIENTED_EDGE('',*,*,#2023,.F.);
#1169=ORIENTED_EDGE('',*,*,#1991,.F.);
#1170=ORIENTED_EDGE('',*,*,#1874,.F.);
#1171=ORIENTED_EDGE('',*,*,#1993,.F.);
#1172=ORIENTED_EDGE('',*,*,#2022,.F.);
#1173=ORIENTED_EDGE('',*,*,#2046,.F.);
#1174=ORIENTED_EDGE('',*,*,#1885,.F.);
#1175=ORIENTED_EDGE('',*,*,#2070,.F.);
#1176=ORIENTED_EDGE('',*,*,#2072,.F.);
#1177=ORIENTED_EDGE('',*,*,#1823,.F.);
#1178=ORIENTED_EDGE('',*,*,#1975,.F.);
#1179=ORIENTED_EDGE('',*,*,#2043,.F.);
#1180=ORIENTED_EDGE('',*,*,#1979,.F.);
#1181=ORIENTED_EDGE('',*,*,#1821,.F.);
#1182=ORIENTED_EDGE('',*,*,#1932,.F.);
#1183=ORIENTED_EDGE('',*,*,#2044,.F.);
#1184=ORIENTED_EDGE('',*,*,#1976,.F.);
#1185=ORIENTED_EDGE('',*,*,#2083,.T.);
#1186=ORIENTED_EDGE('',*,*,#2084,.T.);
#1187=ORIENTED_EDGE('',*,*,#2085,.T.);
#1188=ORIENTED_EDGE('',*,*,#2083,.F.);
#1189=ORIENTED_EDGE('',*,*,#2084,.F.);
#1190=ORIENTED_EDGE('',*,*,#2086,.T.);
#1191=ORIENTED_EDGE('',*,*,#2087,.T.);
#1192=ORIENTED_EDGE('',*,*,#2088,.T.);
#1193=ORIENTED_EDGE('',*,*,#2086,.F.);
#1194=ORIENTED_EDGE('',*,*,#2087,.F.);
#1195=ORIENTED_EDGE('',*,*,#2089,.T.);
#1196=ORIENTED_EDGE('',*,*,#2090,.T.);
#1197=ORIENTED_EDGE('',*,*,#2091,.T.);
#1198=ORIENTED_EDGE('',*,*,#2089,.F.);
#1199=ORIENTED_EDGE('',*,*,#2090,.F.);
#1200=ORIENTED_EDGE('',*,*,#2092,.T.);
#1201=ORIENTED_EDGE('',*,*,#2093,.T.);
#1202=ORIENTED_EDGE('',*,*,#2094,.T.);
#1203=ORIENTED_EDGE('',*,*,#2092,.F.);
#1204=ORIENTED_EDGE('',*,*,#2093,.F.);
#1205=ORIENTED_EDGE('',*,*,#1841,.F.);
#1206=ORIENTED_EDGE('',*,*,#2094,.F.);
#1207=ORIENTED_EDGE('',*,*,#2068,.F.);
#1208=ORIENTED_EDGE('',*,*,#1836,.F.);
#1209=ORIENTED_EDGE('',*,*,#2091,.F.);
#1210=ORIENTED_EDGE('',*,*,#1840,.F.);
#1211=ORIENTED_EDGE('',*,*,#2088,.F.);
#1212=ORIENTED_EDGE('',*,*,#1839,.F.);
#1213=ORIENTED_EDGE('',*,*,#2085,.F.);
#1214=ORIENTED_EDGE('',*,*,#2095,.F.);
#1215=ORIENTED_EDGE('',*,*,#1905,.F.);
#1216=ORIENTED_EDGE('',*,*,#1963,.F.);
#1217=ORIENTED_EDGE('',*,*,#2017,.F.);
#1218=ORIENTED_EDGE('',*,*,#1906,.F.);
#1219=ORIENTED_EDGE('',*,*,#2095,.T.);
#1220=ORIENTED_EDGE('',*,*,#2016,.F.);
#1221=ORIENTED_EDGE('',*,*,#1965,.F.);
#1222=ORIENTED_EDGE('',*,*,#2096,.F.);
#1223=ORIENTED_EDGE('',*,*,#1902,.F.);
#1224=ORIENTED_EDGE('',*,*,#1959,.F.);
#1225=ORIENTED_EDGE('',*,*,#2019,.F.);
#1226=ORIENTED_EDGE('',*,*,#1903,.F.);
#1227=ORIENTED_EDGE('',*,*,#2096,.T.);
#1228=ORIENTED_EDGE('',*,*,#2018,.F.);
#1229=ORIENTED_EDGE('',*,*,#1964,.F.);
#1230=ORIENTED_EDGE('',*,*,#1818,.T.);
#1231=ORIENTED_EDGE('',*,*,#2097,.T.);
#1232=ORIENTED_EDGE('',*,*,#2041,.F.);
#1233=ORIENTED_EDGE('',*,*,#2098,.T.);
#1234=ORIENTED_EDGE('',*,*,#1843,.F.);
#1235=ORIENTED_EDGE('',*,*,#1971,.T.);
#1236=ORIENTED_EDGE('',*,*,#2013,.T.);
#1237=ORIENTED_EDGE('',*,*,#1933,.F.);
#1238=ORIENTED_EDGE('',*,*,#2099,.F.);
#1239=ORIENTED_EDGE('',*,*,#2100,.F.);
#1240=ORIENTED_EDGE('',*,*,#2101,.T.);
#1241=ORIENTED_EDGE('',*,*,#2102,.T.);
#1242=ORIENTED_EDGE('',*,*,#2100,.T.);
#1243=ORIENTED_EDGE('',*,*,#2103,.T.);
#1244=ORIENTED_EDGE('',*,*,#2104,.F.);
#1245=ORIENTED_EDGE('',*,*,#2105,.F.);
#1246=ORIENTED_EDGE('',*,*,#2104,.T.);
#1247=ORIENTED_EDGE('',*,*,#2106,.T.);
#1248=ORIENTED_EDGE('',*,*,#2107,.F.);
#1249=ORIENTED_EDGE('',*,*,#2108,.F.);
#1250=ORIENTED_EDGE('',*,*,#2109,.T.);
#1251=ORIENTED_EDGE('',*,*,#2110,.T.);
#1252=ORIENTED_EDGE('',*,*,#2111,.T.);
#1253=ORIENTED_EDGE('',*,*,#2112,.T.);
#1254=ORIENTED_EDGE('',*,*,#2113,.T.);
#1255=ORIENTED_EDGE('',*,*,#2114,.T.);
#1256=ORIENTED_EDGE('',*,*,#2115,.T.);
#1257=ORIENTED_EDGE('',*,*,#2116,.T.);
#1258=ORIENTED_EDGE('',*,*,#2117,.T.);
#1259=ORIENTED_EDGE('',*,*,#2118,.T.);
#1260=ORIENTED_EDGE('',*,*,#2119,.F.);
#1261=ORIENTED_EDGE('',*,*,#2120,.T.);
#1262=ORIENTED_EDGE('',*,*,#2121,.T.);
#1263=ORIENTED_EDGE('',*,*,#1812,.T.);
#1264=ORIENTED_EDGE('',*,*,#2122,.F.);
#1265=ORIENTED_EDGE('',*,*,#2123,.T.);
#1266=ORIENTED_EDGE('',*,*,#2124,.T.);
#1267=ORIENTED_EDGE('',*,*,#2125,.T.);
#1268=ORIENTED_EDGE('',*,*,#2126,.T.);
#1269=ORIENTED_EDGE('',*,*,#2127,.T.);
#1270=ORIENTED_EDGE('',*,*,#2128,.F.);
#1271=ORIENTED_EDGE('',*,*,#2129,.T.);
#1272=ORIENTED_EDGE('',*,*,#2130,.T.);
#1273=ORIENTED_EDGE('',*,*,#2131,.T.);
#1274=ORIENTED_EDGE('',*,*,#2132,.T.);
#1275=ORIENTED_EDGE('',*,*,#2133,.T.);
#1276=ORIENTED_EDGE('',*,*,#2134,.T.);
#1277=ORIENTED_EDGE('',*,*,#2135,.T.);
#1278=ORIENTED_EDGE('',*,*,#2136,.T.);
#1279=ORIENTED_EDGE('',*,*,#2137,.T.);
#1280=ORIENTED_EDGE('',*,*,#2138,.T.);
#1281=ORIENTED_EDGE('',*,*,#2139,.T.);
#1282=ORIENTED_EDGE('',*,*,#2140,.F.);
#1283=ORIENTED_EDGE('',*,*,#2141,.T.);
#1284=ORIENTED_EDGE('',*,*,#2142,.T.);
#1285=ORIENTED_EDGE('',*,*,#2143,.T.);
#1286=ORIENTED_EDGE('',*,*,#2144,.T.);
#1287=ORIENTED_EDGE('',*,*,#2145,.T.);
#1288=ORIENTED_EDGE('',*,*,#2146,.T.);
#1289=ORIENTED_EDGE('',*,*,#2147,.T.);
#1290=ORIENTED_EDGE('',*,*,#2148,.T.);
#1291=ORIENTED_EDGE('',*,*,#2149,.T.);
#1292=ORIENTED_EDGE('',*,*,#2150,.T.);
#1293=ORIENTED_EDGE('',*,*,#2151,.T.);
#1294=ORIENTED_EDGE('',*,*,#2152,.F.);
#1295=ORIENTED_EDGE('',*,*,#2153,.T.);
#1296=ORIENTED_EDGE('',*,*,#2154,.T.);
#1297=ORIENTED_EDGE('',*,*,#2155,.T.);
#1298=ORIENTED_EDGE('',*,*,#2156,.T.);
#1299=ORIENTED_EDGE('',*,*,#2157,.T.);
#1300=ORIENTED_EDGE('',*,*,#2158,.F.);
#1301=ORIENTED_EDGE('',*,*,#2102,.F.);
#1302=ORIENTED_EDGE('',*,*,#2159,.T.);
#1303=ORIENTED_EDGE('',*,*,#2107,.T.);
#1304=ORIENTED_EDGE('',*,*,#2160,.T.);
#1305=ORIENTED_EDGE('',*,*,#2161,.T.);
#1306=ORIENTED_EDGE('',*,*,#2115,.F.);
#1307=ORIENTED_EDGE('',*,*,#2162,.T.);
#1308=ORIENTED_EDGE('',*,*,#2119,.T.);
#1309=ORIENTED_EDGE('',*,*,#2163,.T.);
#1310=ORIENTED_EDGE('',*,*,#2122,.T.);
#1311=ORIENTED_EDGE('',*,*,#2164,.T.);
#1312=ORIENTED_EDGE('',*,*,#2128,.T.);
#1313=ORIENTED_EDGE('',*,*,#2165,.T.);
#1314=ORIENTED_EDGE('',*,*,#2132,.F.);
#1315=ORIENTED_EDGE('',*,*,#2166,.T.);
#1316=ORIENTED_EDGE('',*,*,#2136,.F.);
#1317=ORIENTED_EDGE('',*,*,#2167,.T.);
#1318=ORIENTED_EDGE('',*,*,#2140,.T.);
#1319=ORIENTED_EDGE('',*,*,#2168,.T.);
#1320=ORIENTED_EDGE('',*,*,#2142,.F.);
#1321=ORIENTED_EDGE('',*,*,#2169,.T.);
#1322=ORIENTED_EDGE('',*,*,#2146,.F.);
#1323=ORIENTED_EDGE('',*,*,#2170,.T.);
#1324=ORIENTED_EDGE('',*,*,#2152,.T.);
#1325=ORIENTED_EDGE('',*,*,#2171,.T.);
#1326=ORIENTED_EDGE('',*,*,#2154,.F.);
#1327=ORIENTED_EDGE('',*,*,#2172,.T.);
#1328=ORIENTED_EDGE('',*,*,#2109,.F.);
#1329=ORIENTED_EDGE('',*,*,#2173,.T.);
#1330=ORIENTED_EDGE('',*,*,#2101,.F.);
#1331=ORIENTED_EDGE('',*,*,#2105,.T.);
#1332=ORIENTED_EDGE('',*,*,#2108,.T.);
#1333=ORIENTED_EDGE('',*,*,#2159,.F.);
#1334=ORIENTED_EDGE('',*,*,#1825,.F.);
#1335=ORIENTED_EDGE('',*,*,#1978,.F.);
#1336=ORIENTED_EDGE('',*,*,#2042,.F.);
#1337=ORIENTED_EDGE('',*,*,#2097,.F.);
#1338=ORIENTED_EDGE('',*,*,#1819,.F.);
#1339=ORIENTED_EDGE('',*,*,#2098,.F.);
#1340=ORIENTED_EDGE('',*,*,#2040,.F.);
#1341=ORIENTED_EDGE('',*,*,#1930,.F.);
#1342=ORIENTED_EDGE('',*,*,#2174,.T.);
#1343=ORIENTED_EDGE('',*,*,#2175,.T.);
#1344=ORIENTED_EDGE('',*,*,#2176,.T.);
#1345=ORIENTED_EDGE('',*,*,#2177,.T.);
#1346=ORIENTED_EDGE('',*,*,#2178,.T.);
#1347=ORIENTED_EDGE('',*,*,#2179,.T.);
#1348=ORIENTED_EDGE('',*,*,#2180,.T.);
#1349=ORIENTED_EDGE('',*,*,#2103,.F.);
#1350=ORIENTED_EDGE('',*,*,#2099,.T.);
#1351=ORIENTED_EDGE('',*,*,#2158,.T.);
#1352=ORIENTED_EDGE('',*,*,#2106,.F.);
#1353=ORIENTED_EDGE('',*,*,#2174,.F.);
#1354=ORIENTED_EDGE('',*,*,#2181,.F.);
#1355=ORIENTED_EDGE('',*,*,#2176,.F.);
#1356=ORIENTED_EDGE('',*,*,#2182,.F.);
#1357=ORIENTED_EDGE('',*,*,#2175,.F.);
#1358=ORIENTED_EDGE('',*,*,#2183,.F.);
#1359=ORIENTED_EDGE('',*,*,#2180,.F.);
#1360=ORIENTED_EDGE('',*,*,#2184,.F.);
#1361=ORIENTED_EDGE('',*,*,#2179,.F.);
#1362=ORIENTED_EDGE('',*,*,#2185,.F.);
#1363=ORIENTED_EDGE('',*,*,#2178,.F.);
#1364=ORIENTED_EDGE('',*,*,#2186,.F.);
#1365=ORIENTED_EDGE('',*,*,#2177,.F.);
#1366=ORIENTED_EDGE('',*,*,#2187,.F.);
#1367=ORIENTED_EDGE('',*,*,#2012,.T.);
#1368=ORIENTED_EDGE('',*,*,#2181,.T.);
#1369=ORIENTED_EDGE('',*,*,#2011,.T.);
#1370=ORIENTED_EDGE('',*,*,#2183,.T.);
#1371=ORIENTED_EDGE('',*,*,#2010,.T.);
#1372=ORIENTED_EDGE('',*,*,#2184,.T.);
#1373=ORIENTED_EDGE('',*,*,#2009,.T.);
#1374=ORIENTED_EDGE('',*,*,#2185,.T.);
#1375=ORIENTED_EDGE('',*,*,#2008,.T.);
#1376=ORIENTED_EDGE('',*,*,#2186,.T.);
#1377=ORIENTED_EDGE('',*,*,#2007,.T.);
#1378=ORIENTED_EDGE('',*,*,#2187,.T.);
#1379=ORIENTED_EDGE('',*,*,#2006,.T.);
#1380=ORIENTED_EDGE('',*,*,#2182,.T.);
#1381=ORIENTED_EDGE('',*,*,#2188,.F.);
#1382=ORIENTED_EDGE('',*,*,#2188,.T.);
#1383=ORIENTED_EDGE('',*,*,#2161,.F.);
#1384=ORIENTED_EDGE('',*,*,#2189,.F.);
#1385=ORIENTED_EDGE('',*,*,#2189,.T.);
#1386=ORIENTED_EDGE('',*,*,#2160,.F.);
#1387=ORIENTED_EDGE('',*,*,#2190,.T.);
#1388=ORIENTED_EDGE('',*,*,#2191,.T.);
#1389=ORIENTED_EDGE('',*,*,#2192,.F.);
#1390=ORIENTED_EDGE('',*,*,#2193,.F.);
#1391=ORIENTED_EDGE('',*,*,#2192,.T.);
#1392=ORIENTED_EDGE('',*,*,#2194,.T.);
#1393=ORIENTED_EDGE('',*,*,#2195,.F.);
#1394=ORIENTED_EDGE('',*,*,#2196,.F.);
#1395=ORIENTED_EDGE('',*,*,#2197,.F.);
#1396=ORIENTED_EDGE('',*,*,#2198,.F.);
#1397=ORIENTED_EDGE('',*,*,#2199,.T.);
#1398=ORIENTED_EDGE('',*,*,#2195,.T.);
#1399=ORIENTED_EDGE('',*,*,#2200,.F.);
#1400=ORIENTED_EDGE('',*,*,#2201,.T.);
#1401=ORIENTED_EDGE('',*,*,#2202,.T.);
#1402=ORIENTED_EDGE('',*,*,#2203,.T.);
#1403=ORIENTED_EDGE('',*,*,#2204,.F.);
#1404=ORIENTED_EDGE('',*,*,#2205,.T.);
#1405=ORIENTED_EDGE('',*,*,#2206,.T.);
#1406=ORIENTED_EDGE('',*,*,#2207,.T.);
#1407=ORIENTED_EDGE('',*,*,#2208,.T.);
#1408=ORIENTED_EDGE('',*,*,#2209,.T.);
#1409=ORIENTED_EDGE('',*,*,#2210,.T.);
#1410=ORIENTED_EDGE('',*,*,#2211,.T.);
#1411=ORIENTED_EDGE('',*,*,#2212,.T.);
#1412=ORIENTED_EDGE('',*,*,#2213,.T.);
#1413=ORIENTED_EDGE('',*,*,#2214,.F.);
#1414=ORIENTED_EDGE('',*,*,#2215,.T.);
#1415=ORIENTED_EDGE('',*,*,#2216,.F.);
#1416=ORIENTED_EDGE('',*,*,#2217,.T.);
#1417=ORIENTED_EDGE('',*,*,#2218,.T.);
#1418=ORIENTED_EDGE('',*,*,#2219,.T.);
#1419=ORIENTED_EDGE('',*,*,#2220,.T.);
#1420=ORIENTED_EDGE('',*,*,#2221,.T.);
#1421=ORIENTED_EDGE('',*,*,#2222,.T.);
#1422=ORIENTED_EDGE('',*,*,#2223,.T.);
#1423=ORIENTED_EDGE('',*,*,#2224,.F.);
#1424=ORIENTED_EDGE('',*,*,#2225,.T.);
#1425=ORIENTED_EDGE('',*,*,#2226,.T.);
#1426=ORIENTED_EDGE('',*,*,#2227,.T.);
#1427=ORIENTED_EDGE('',*,*,#2228,.F.);
#1428=ORIENTED_EDGE('',*,*,#2229,.T.);
#1429=ORIENTED_EDGE('',*,*,#2230,.T.);
#1430=ORIENTED_EDGE('',*,*,#2231,.T.);
#1431=ORIENTED_EDGE('',*,*,#2232,.T.);
#1432=ORIENTED_EDGE('',*,*,#2233,.T.);
#1433=ORIENTED_EDGE('',*,*,#2234,.T.);
#1434=ORIENTED_EDGE('',*,*,#2235,.T.);
#1435=ORIENTED_EDGE('',*,*,#2236,.T.);
#1436=ORIENTED_EDGE('',*,*,#2237,.T.);
#1437=ORIENTED_EDGE('',*,*,#2238,.T.);
#1438=ORIENTED_EDGE('',*,*,#2239,.T.);
#1439=ORIENTED_EDGE('',*,*,#1808,.F.);
#1440=ORIENTED_EDGE('',*,*,#2240,.T.);
#1441=ORIENTED_EDGE('',*,*,#2241,.T.);
#1442=ORIENTED_EDGE('',*,*,#2242,.T.);
#1443=ORIENTED_EDGE('',*,*,#2243,.T.);
#1444=ORIENTED_EDGE('',*,*,#2244,.T.);
#1445=ORIENTED_EDGE('',*,*,#2245,.F.);
#1446=ORIENTED_EDGE('',*,*,#2246,.T.);
#1447=ORIENTED_EDGE('',*,*,#2247,.T.);
#1448=ORIENTED_EDGE('',*,*,#2248,.T.);
#1449=ORIENTED_EDGE('',*,*,#2249,.F.);
#1450=ORIENTED_EDGE('',*,*,#2190,.F.);
#1451=ORIENTED_EDGE('',*,*,#2250,.T.);
#1452=ORIENTED_EDGE('',*,*,#2198,.T.);
#1453=ORIENTED_EDGE('',*,*,#2251,.T.);
#1454=ORIENTED_EDGE('',*,*,#2252,.T.);
#1455=ORIENTED_EDGE('',*,*,#2214,.T.);
#1456=ORIENTED_EDGE('',*,*,#2253,.T.);
#1457=ORIENTED_EDGE('',*,*,#2216,.T.);
#1458=ORIENTED_EDGE('',*,*,#2254,.T.);
#1459=ORIENTED_EDGE('',*,*,#2220,.F.);
#1460=ORIENTED_EDGE('',*,*,#2255,.T.);
#1461=ORIENTED_EDGE('',*,*,#2224,.T.);
#1462=ORIENTED_EDGE('',*,*,#2256,.T.);
#1463=ORIENTED_EDGE('',*,*,#2228,.T.);
#1464=ORIENTED_EDGE('',*,*,#2257,.T.);
#1465=ORIENTED_EDGE('',*,*,#2232,.F.);
#1466=ORIENTED_EDGE('',*,*,#2258,.T.);
#1467=ORIENTED_EDGE('',*,*,#2238,.F.);
#1468=ORIENTED_EDGE('',*,*,#2259,.T.);
#1469=ORIENTED_EDGE('',*,*,#2242,.F.);
#1470=ORIENTED_EDGE('',*,*,#2260,.T.);
#1471=ORIENTED_EDGE('',*,*,#2245,.T.);
#1472=ORIENTED_EDGE('',*,*,#2261,.T.);
#1473=ORIENTED_EDGE('',*,*,#2200,.T.);
#1474=ORIENTED_EDGE('',*,*,#2262,.T.);
#1475=ORIENTED_EDGE('',*,*,#2204,.T.);
#1476=ORIENTED_EDGE('',*,*,#2263,.T.);
#1477=ORIENTED_EDGE('',*,*,#2210,.F.);
#1478=ORIENTED_EDGE('',*,*,#2264,.T.);
#1479=ORIENTED_EDGE('',*,*,#2193,.T.);
#1480=ORIENTED_EDGE('',*,*,#2196,.T.);
#1481=ORIENTED_EDGE('',*,*,#2199,.F.);
#1482=ORIENTED_EDGE('',*,*,#2250,.F.);
#1483=ORIENTED_EDGE('',*,*,#2265,.F.);
#1484=ORIENTED_EDGE('',*,*,#2266,.T.);
#1485=ORIENTED_EDGE('',*,*,#2267,.T.);
#1486=ORIENTED_EDGE('',*,*,#2268,.T.);
#1487=ORIENTED_EDGE('',*,*,#2269,.T.);
#1488=ORIENTED_EDGE('',*,*,#2270,.T.);
#1489=ORIENTED_EDGE('',*,*,#2271,.T.);
#1490=ORIENTED_EDGE('',*,*,#2249,.T.);
#1491=ORIENTED_EDGE('',*,*,#2197,.T.);
#1492=ORIENTED_EDGE('',*,*,#2194,.F.);
#1493=ORIENTED_EDGE('',*,*,#2191,.F.);
#1494=ORIENTED_EDGE('',*,*,#2265,.T.);
#1495=ORIENTED_EDGE('',*,*,#2272,.T.);
#1496=ORIENTED_EDGE('',*,*,#2267,.F.);
#1497=ORIENTED_EDGE('',*,*,#2273,.T.);
#1498=ORIENTED_EDGE('',*,*,#2266,.F.);
#1499=ORIENTED_EDGE('',*,*,#2274,.T.);
#1500=ORIENTED_EDGE('',*,*,#2271,.F.);
#1501=ORIENTED_EDGE('',*,*,#2275,.T.);
#1502=ORIENTED_EDGE('',*,*,#2270,.F.);
#1503=ORIENTED_EDGE('',*,*,#2276,.T.);
#1504=ORIENTED_EDGE('',*,*,#2269,.F.);
#1505=ORIENTED_EDGE('',*,*,#2277,.T.);
#1506=ORIENTED_EDGE('',*,*,#2268,.F.);
#1507=ORIENTED_EDGE('',*,*,#2278,.T.);
#1508=ORIENTED_EDGE('',*,*,#2005,.F.);
#1509=ORIENTED_EDGE('',*,*,#2272,.F.);
#1510=ORIENTED_EDGE('',*,*,#2004,.F.);
#1511=ORIENTED_EDGE('',*,*,#2274,.F.);
#1512=ORIENTED_EDGE('',*,*,#2003,.F.);
#1513=ORIENTED_EDGE('',*,*,#2275,.F.);
#1514=ORIENTED_EDGE('',*,*,#2002,.F.);
#1515=ORIENTED_EDGE('',*,*,#2276,.F.);
#1516=ORIENTED_EDGE('',*,*,#2001,.F.);
#1517=ORIENTED_EDGE('',*,*,#2277,.F.);
#1518=ORIENTED_EDGE('',*,*,#2000,.F.);
#1519=ORIENTED_EDGE('',*,*,#2278,.F.);
#1520=ORIENTED_EDGE('',*,*,#1999,.F.);
#1521=ORIENTED_EDGE('',*,*,#2273,.F.);
#1522=ORIENTED_EDGE('',*,*,#2279,.F.);
#1523=ORIENTED_EDGE('',*,*,#2279,.T.);
#1524=ORIENTED_EDGE('',*,*,#2252,.F.);
#1525=ORIENTED_EDGE('',*,*,#2280,.F.);
#1526=ORIENTED_EDGE('',*,*,#2280,.T.);
#1527=ORIENTED_EDGE('',*,*,#2251,.F.);
#1528=ORIENTED_EDGE('',*,*,#2281,.F.);
#1529=ORIENTED_EDGE('',*,*,#2243,.F.);
#1530=ORIENTED_EDGE('',*,*,#2259,.F.);
#1531=ORIENTED_EDGE('',*,*,#2237,.F.);
#1532=ORIENTED_EDGE('',*,*,#2244,.F.);
#1533=ORIENTED_EDGE('',*,*,#2281,.T.);
#1534=ORIENTED_EDGE('',*,*,#2282,.F.);
#1535=ORIENTED_EDGE('',*,*,#1849,.F.);
#1536=ORIENTED_EDGE('',*,*,#1987,.F.);
#1537=ORIENTED_EDGE('',*,*,#1805,.F.);
#1538=ORIENTED_EDGE('',*,*,#2258,.F.);
#1539=ORIENTED_EDGE('',*,*,#2235,.F.);
#1540=ORIENTED_EDGE('',*,*,#2283,.F.);
#1541=ORIENTED_EDGE('',*,*,#2239,.F.);
#1542=ORIENTED_EDGE('',*,*,#2282,.T.);
#1543=ORIENTED_EDGE('',*,*,#2236,.F.);
#1544=ORIENTED_EDGE('',*,*,#2284,.F.);
#1545=ORIENTED_EDGE('',*,*,#1850,.F.);
#1546=ORIENTED_EDGE('',*,*,#2284,.T.);
#1547=ORIENTED_EDGE('',*,*,#2283,.T.);
#1548=ORIENTED_EDGE('',*,*,#2285,.F.);
#1549=ORIENTED_EDGE('',*,*,#2257,.F.);
#1550=ORIENTED_EDGE('',*,*,#2231,.F.);
#1551=ORIENTED_EDGE('',*,*,#2286,.F.);
#1552=ORIENTED_EDGE('',*,*,#2233,.F.);
#1553=ORIENTED_EDGE('',*,*,#2285,.T.);
#1554=ORIENTED_EDGE('',*,*,#2234,.F.);
#1555=ORIENTED_EDGE('',*,*,#2287,.F.);
#1556=ORIENTED_EDGE('',*,*,#1851,.F.);
#1557=ORIENTED_EDGE('',*,*,#2287,.T.);
#1558=ORIENTED_EDGE('',*,*,#2286,.T.);
#1559=ORIENTED_EDGE('',*,*,#2288,.F.);
#1560=ORIENTED_EDGE('',*,*,#1852,.T.);
#1561=ORIENTED_EDGE('',*,*,#2256,.F.);
#1562=ORIENTED_EDGE('',*,*,#2227,.F.);
#1563=ORIENTED_EDGE('',*,*,#2289,.F.);
#1564=ORIENTED_EDGE('',*,*,#2229,.F.);
#1565=ORIENTED_EDGE('',*,*,#2288,.T.);
#1566=ORIENTED_EDGE('',*,*,#2230,.F.);
#1567=ORIENTED_EDGE('',*,*,#2290,.F.);
#1568=ORIENTED_EDGE('',*,*,#1853,.F.);
#1569=ORIENTED_EDGE('',*,*,#2290,.T.);
#1570=ORIENTED_EDGE('',*,*,#2289,.T.);
#1571=ORIENTED_EDGE('',*,*,#2291,.F.);
#1572=ORIENTED_EDGE('',*,*,#1854,.T.);
#1573=ORIENTED_EDGE('',*,*,#2255,.F.);
#1574=ORIENTED_EDGE('',*,*,#2223,.F.);
#1575=ORIENTED_EDGE('',*,*,#2292,.F.);
#1576=ORIENTED_EDGE('',*,*,#2225,.F.);
#1577=ORIENTED_EDGE('',*,*,#2291,.T.);
#1578=ORIENTED_EDGE('',*,*,#2226,.F.);
#1579=ORIENTED_EDGE('',*,*,#2293,.F.);
#1580=ORIENTED_EDGE('',*,*,#1855,.F.);
#1581=ORIENTED_EDGE('',*,*,#2293,.T.);
#1582=ORIENTED_EDGE('',*,*,#2292,.T.);
#1583=ORIENTED_EDGE('',*,*,#2294,.F.);
#1584=ORIENTED_EDGE('',*,*,#2254,.F.);
#1585=ORIENTED_EDGE('',*,*,#2219,.F.);
#1586=ORIENTED_EDGE('',*,*,#2295,.F.);
#1587=ORIENTED_EDGE('',*,*,#2221,.F.);
#1588=ORIENTED_EDGE('',*,*,#2294,.T.);
#1589=ORIENTED_EDGE('',*,*,#2222,.F.);
#1590=ORIENTED_EDGE('',*,*,#2296,.F.);
#1591=ORIENTED_EDGE('',*,*,#1856,.F.);
#1592=ORIENTED_EDGE('',*,*,#2296,.T.);
#1593=ORIENTED_EDGE('',*,*,#2295,.T.);
#1594=ORIENTED_EDGE('',*,*,#2297,.F.);
#1595=ORIENTED_EDGE('',*,*,#1857,.T.);
#1596=ORIENTED_EDGE('',*,*,#2253,.F.);
#1597=ORIENTED_EDGE('',*,*,#2213,.F.);
#1598=ORIENTED_EDGE('',*,*,#2298,.F.);
#1599=ORIENTED_EDGE('',*,*,#2217,.F.);
#1600=ORIENTED_EDGE('',*,*,#2297,.T.);
#1601=ORIENTED_EDGE('',*,*,#2218,.F.);
#1602=ORIENTED_EDGE('',*,*,#2299,.F.);
#1603=ORIENTED_EDGE('',*,*,#1858,.F.);
#1604=ORIENTED_EDGE('',*,*,#2299,.T.);
#1605=ORIENTED_EDGE('',*,*,#2298,.T.);
#1606=ORIENTED_EDGE('',*,*,#2300,.F.);
#1607=ORIENTED_EDGE('',*,*,#1859,.T.);
#1608=ORIENTED_EDGE('',*,*,#2264,.F.);
#1609=ORIENTED_EDGE('',*,*,#2209,.F.);
#1610=ORIENTED_EDGE('',*,*,#2301,.F.);
#1611=ORIENTED_EDGE('',*,*,#2215,.F.);
#1612=ORIENTED_EDGE('',*,*,#2300,.T.);
#1613=ORIENTED_EDGE('',*,*,#2212,.F.);
#1614=ORIENTED_EDGE('',*,*,#2302,.F.);
#1615=ORIENTED_EDGE('',*,*,#1860,.F.);
#1616=ORIENTED_EDGE('',*,*,#2302,.T.);
#1617=ORIENTED_EDGE('',*,*,#2301,.T.);
#1618=ORIENTED_EDGE('',*,*,#2303,.F.);
#1619=ORIENTED_EDGE('',*,*,#2263,.F.);
#1620=ORIENTED_EDGE('',*,*,#2207,.F.);
#1621=ORIENTED_EDGE('',*,*,#2304,.F.);
#1622=ORIENTED_EDGE('',*,*,#2211,.F.);
#1623=ORIENTED_EDGE('',*,*,#2303,.T.);
#1624=ORIENTED_EDGE('',*,*,#2208,.F.);
#1625=ORIENTED_EDGE('',*,*,#2305,.F.);
#1626=ORIENTED_EDGE('',*,*,#1861,.F.);
#1627=ORIENTED_EDGE('',*,*,#2305,.T.);
#1628=ORIENTED_EDGE('',*,*,#2304,.T.);
#1629=ORIENTED_EDGE('',*,*,#2306,.F.);
#1630=ORIENTED_EDGE('',*,*,#1862,.T.);
#1631=ORIENTED_EDGE('',*,*,#2262,.F.);
#1632=ORIENTED_EDGE('',*,*,#2203,.F.);
#1633=ORIENTED_EDGE('',*,*,#2307,.F.);
#1634=ORIENTED_EDGE('',*,*,#2205,.F.);
#1635=ORIENTED_EDGE('',*,*,#2306,.T.);
#1636=ORIENTED_EDGE('',*,*,#2206,.F.);
#1637=ORIENTED_EDGE('',*,*,#2308,.F.);
#1638=ORIENTED_EDGE('',*,*,#1863,.F.);
#1639=ORIENTED_EDGE('',*,*,#2308,.T.);
#1640=ORIENTED_EDGE('',*,*,#2307,.T.);
#1641=ORIENTED_EDGE('',*,*,#2309,.F.);
#1642=ORIENTED_EDGE('',*,*,#1864,.T.);
#1643=ORIENTED_EDGE('',*,*,#2261,.F.);
#1644=ORIENTED_EDGE('',*,*,#2248,.F.);
#1645=ORIENTED_EDGE('',*,*,#2310,.F.);
#1646=ORIENTED_EDGE('',*,*,#2201,.F.);
#1647=ORIENTED_EDGE('',*,*,#2309,.T.);
#1648=ORIENTED_EDGE('',*,*,#2202,.F.);
#1649=ORIENTED_EDGE('',*,*,#2311,.F.);
#1650=ORIENTED_EDGE('',*,*,#1865,.F.);
#1651=ORIENTED_EDGE('',*,*,#2311,.T.);
#1652=ORIENTED_EDGE('',*,*,#2310,.T.);
#1653=ORIENTED_EDGE('',*,*,#2312,.F.);
#1654=ORIENTED_EDGE('',*,*,#2260,.F.);
#1655=ORIENTED_EDGE('',*,*,#2241,.F.);
#1656=ORIENTED_EDGE('',*,*,#2313,.F.);
#1657=ORIENTED_EDGE('',*,*,#2246,.F.);
#1658=ORIENTED_EDGE('',*,*,#2312,.T.);
#1659=ORIENTED_EDGE('',*,*,#2247,.F.);
#1660=ORIENTED_EDGE('',*,*,#2314,.F.);
#1661=ORIENTED_EDGE('',*,*,#1866,.F.);
#1662=ORIENTED_EDGE('',*,*,#2240,.F.);
#1663=ORIENTED_EDGE('',*,*,#1807,.F.);
#1664=ORIENTED_EDGE('',*,*,#1986,.F.);
#1665=ORIENTED_EDGE('',*,*,#1867,.F.);
#1666=ORIENTED_EDGE('',*,*,#2314,.T.);
#1667=ORIENTED_EDGE('',*,*,#2313,.T.);
#1668=ORIENTED_EDGE('',*,*,#2163,.F.);
#1669=ORIENTED_EDGE('',*,*,#2118,.F.);
#1670=ORIENTED_EDGE('',*,*,#2315,.F.);
#1671=ORIENTED_EDGE('',*,*,#2123,.F.);
#1672=ORIENTED_EDGE('',*,*,#2117,.F.);
#1673=ORIENTED_EDGE('',*,*,#1811,.F.);
#1674=ORIENTED_EDGE('',*,*,#1925,.F.);
#1675=ORIENTED_EDGE('',*,*,#2316,.F.);
#1676=ORIENTED_EDGE('',*,*,#2315,.T.);
#1677=ORIENTED_EDGE('',*,*,#2317,.F.);
#1678=ORIENTED_EDGE('',*,*,#2124,.F.);
#1679=ORIENTED_EDGE('',*,*,#2316,.T.);
#1680=ORIENTED_EDGE('',*,*,#1924,.F.);
#1681=ORIENTED_EDGE('',*,*,#2318,.F.);
#1682=ORIENTED_EDGE('',*,*,#2125,.F.);
#1683=ORIENTED_EDGE('',*,*,#2317,.T.);
#1684=ORIENTED_EDGE('',*,*,#2319,.F.);
#1685=ORIENTED_EDGE('',*,*,#2129,.F.);
#1686=ORIENTED_EDGE('',*,*,#2164,.F.);
#1687=ORIENTED_EDGE('',*,*,#2165,.F.);
#1688=ORIENTED_EDGE('',*,*,#2127,.F.);
#1689=ORIENTED_EDGE('',*,*,#2320,.F.);
#1690=ORIENTED_EDGE('',*,*,#2133,.F.);
#1691=ORIENTED_EDGE('',*,*,#2318,.T.);
#1692=ORIENTED_EDGE('',*,*,#1923,.F.);
#1693=ORIENTED_EDGE('',*,*,#2321,.F.);
#1694=ORIENTED_EDGE('',*,*,#2320,.T.);
#1695=ORIENTED_EDGE('',*,*,#2126,.F.);
#1696=ORIENTED_EDGE('',*,*,#2319,.T.);
#1697=ORIENTED_EDGE('',*,*,#2321,.T.);
#1698=ORIENTED_EDGE('',*,*,#1922,.F.);
#1699=ORIENTED_EDGE('',*,*,#2322,.F.);
#1700=ORIENTED_EDGE('',*,*,#2130,.F.);
#1701=ORIENTED_EDGE('',*,*,#2166,.F.);
#1702=ORIENTED_EDGE('',*,*,#2131,.F.);
#1703=ORIENTED_EDGE('',*,*,#2323,.F.);
#1704=ORIENTED_EDGE('',*,*,#2137,.F.);
#1705=ORIENTED_EDGE('',*,*,#2322,.T.);
#1706=ORIENTED_EDGE('',*,*,#1921,.T.);
#1707=ORIENTED_EDGE('',*,*,#2324,.F.);
#1708=ORIENTED_EDGE('',*,*,#2323,.T.);
#1709=ORIENTED_EDGE('',*,*,#2324,.T.);
#1710=ORIENTED_EDGE('',*,*,#1920,.F.);
#1711=ORIENTED_EDGE('',*,*,#2325,.F.);
#1712=ORIENTED_EDGE('',*,*,#2134,.F.);
#1713=ORIENTED_EDGE('',*,*,#2167,.F.);
#1714=ORIENTED_EDGE('',*,*,#2135,.F.);
#1715=ORIENTED_EDGE('',*,*,#2326,.F.);
#1716=ORIENTED_EDGE('',*,*,#2141,.F.);
#1717=ORIENTED_EDGE('',*,*,#2326,.T.);
#1718=ORIENTED_EDGE('',*,*,#2325,.T.);
#1719=ORIENTED_EDGE('',*,*,#2327,.F.);
#1720=ORIENTED_EDGE('',*,*,#2327,.T.);
#1721=ORIENTED_EDGE('',*,*,#1919,.F.);
#1722=ORIENTED_EDGE('',*,*,#2328,.F.);
#1723=ORIENTED_EDGE('',*,*,#2138,.F.);
#1724=ORIENTED_EDGE('',*,*,#2168,.F.);
#1725=ORIENTED_EDGE('',*,*,#2139,.F.);
#1726=ORIENTED_EDGE('',*,*,#2329,.F.);
#1727=ORIENTED_EDGE('',*,*,#2143,.F.);
#1728=ORIENTED_EDGE('',*,*,#2328,.T.);
#1729=ORIENTED_EDGE('',*,*,#1918,.T.);
#1730=ORIENTED_EDGE('',*,*,#2330,.F.);
#1731=ORIENTED_EDGE('',*,*,#2329,.T.);
#1732=ORIENTED_EDGE('',*,*,#2330,.T.);
#1733=ORIENTED_EDGE('',*,*,#1917,.F.);
#1734=ORIENTED_EDGE('',*,*,#2331,.F.);
#1735=ORIENTED_EDGE('',*,*,#2144,.F.);
#1736=ORIENTED_EDGE('',*,*,#2169,.F.);
#1737=ORIENTED_EDGE('',*,*,#2145,.F.);
#1738=ORIENTED_EDGE('',*,*,#2332,.F.);
#1739=ORIENTED_EDGE('',*,*,#2147,.F.);
#1740=ORIENTED_EDGE('',*,*,#2331,.T.);
#1741=ORIENTED_EDGE('',*,*,#1916,.T.);
#1742=ORIENTED_EDGE('',*,*,#2333,.F.);
#1743=ORIENTED_EDGE('',*,*,#2332,.T.);
#1744=ORIENTED_EDGE('',*,*,#2333,.T.);
#1745=ORIENTED_EDGE('',*,*,#1915,.F.);
#1746=ORIENTED_EDGE('',*,*,#2334,.F.);
#1747=ORIENTED_EDGE('',*,*,#2148,.F.);
#1748=ORIENTED_EDGE('',*,*,#2170,.F.);
#1749=ORIENTED_EDGE('',*,*,#2149,.F.);
#1750=ORIENTED_EDGE('',*,*,#2335,.F.);
#1751=ORIENTED_EDGE('',*,*,#2153,.F.);
#1752=ORIENTED_EDGE('',*,*,#2335,.T.);
#1753=ORIENTED_EDGE('',*,*,#2334,.T.);
#1754=ORIENTED_EDGE('',*,*,#2336,.F.);
#1755=ORIENTED_EDGE('',*,*,#2336,.T.);
#1756=ORIENTED_EDGE('',*,*,#1914,.F.);
#1757=ORIENTED_EDGE('',*,*,#2337,.F.);
#1758=ORIENTED_EDGE('',*,*,#2150,.F.);
#1759=ORIENTED_EDGE('',*,*,#2171,.F.);
#1760=ORIENTED_EDGE('',*,*,#2151,.F.);
#1761=ORIENTED_EDGE('',*,*,#2338,.F.);
#1762=ORIENTED_EDGE('',*,*,#2155,.F.);
#1763=ORIENTED_EDGE('',*,*,#2337,.T.);
#1764=ORIENTED_EDGE('',*,*,#1913,.T.);
#1765=ORIENTED_EDGE('',*,*,#2339,.F.);
#1766=ORIENTED_EDGE('',*,*,#2338,.T.);
#1767=ORIENTED_EDGE('',*,*,#2339,.T.);
#1768=ORIENTED_EDGE('',*,*,#1912,.F.);
#1769=ORIENTED_EDGE('',*,*,#2340,.F.);
#1770=ORIENTED_EDGE('',*,*,#2156,.F.);
#1771=ORIENTED_EDGE('',*,*,#2172,.F.);
#1772=ORIENTED_EDGE('',*,*,#2157,.F.);
#1773=ORIENTED_EDGE('',*,*,#2341,.F.);
#1774=ORIENTED_EDGE('',*,*,#2110,.F.);
#1775=ORIENTED_EDGE('',*,*,#2340,.T.);
#1776=ORIENTED_EDGE('',*,*,#1911,.T.);
#1777=ORIENTED_EDGE('',*,*,#2342,.F.);
#1778=ORIENTED_EDGE('',*,*,#2341,.T.);
#1779=ORIENTED_EDGE('',*,*,#2342,.T.);
#1780=ORIENTED_EDGE('',*,*,#1910,.F.);
#1781=ORIENTED_EDGE('',*,*,#2343,.F.);
#1782=ORIENTED_EDGE('',*,*,#2111,.F.);
#1783=ORIENTED_EDGE('',*,*,#2173,.F.);
#1784=ORIENTED_EDGE('',*,*,#2112,.F.);
#1785=ORIENTED_EDGE('',*,*,#2344,.F.);
#1786=ORIENTED_EDGE('',*,*,#2116,.F.);
#1787=ORIENTED_EDGE('',*,*,#2344,.T.);
#1788=ORIENTED_EDGE('',*,*,#2343,.T.);
#1789=ORIENTED_EDGE('',*,*,#2345,.F.);
#1790=ORIENTED_EDGE('',*,*,#2345,.T.);
#1791=ORIENTED_EDGE('',*,*,#1909,.F.);
#1792=ORIENTED_EDGE('',*,*,#2346,.F.);
#1793=ORIENTED_EDGE('',*,*,#2113,.F.);
#1794=ORIENTED_EDGE('',*,*,#1809,.F.);
#1795=ORIENTED_EDGE('',*,*,#2121,.F.);
#1796=ORIENTED_EDGE('',*,*,#2347,.F.);
#1797=ORIENTED_EDGE('',*,*,#2346,.T.);
#1798=ORIENTED_EDGE('',*,*,#1908,.F.);
#1799=ORIENTED_EDGE('',*,*,#2162,.F.);
#1800=ORIENTED_EDGE('',*,*,#2114,.F.);
#1801=ORIENTED_EDGE('',*,*,#2347,.T.);
#1802=ORIENTED_EDGE('',*,*,#2120,.F.);
#1803=ORIENTED_EDGE('',*,*,#1998,.T.);
#1804=ORIENTED_EDGE('',*,*,#1813,.T.);
#1805=EDGE_CURVE('',#2348,#2349,#2720,.F.);
#1806=EDGE_CURVE('',#2349,#2350,#177,.T.);
#1807=EDGE_CURVE('',#2350,#2351,#2721,.F.);
#1808=EDGE_CURVE('',#2351,#2348,#178,.T.);
#1809=EDGE_CURVE('',#2352,#2353,#2722,.F.);
#1810=EDGE_CURVE('',#2353,#2354,#179,.T.);
#1811=EDGE_CURVE('',#2354,#2355,#2723,.F.);
#1812=EDGE_CURVE('',#2352,#2355,#180,.T.);
#1813=EDGE_CURVE('',#2356,#2356,#2724,.T.);
#1814=EDGE_CURVE('',#2357,#2357,#2725,.T.);
#1815=EDGE_CURVE('',#2358,#2358,#2726,.T.);
#1816=EDGE_CURVE('',#2359,#2359,#2727,.T.);
#1817=EDGE_CURVE('',#2360,#2360,#2728,.T.);
#1818=EDGE_CURVE('',#2361,#2362,#181,.T.);
#1819=EDGE_CURVE('',#2361,#2363,#2729,.F.);
#1820=EDGE_CURVE('',#2364,#2363,#182,.T.);
#1821=EDGE_CURVE('',#2364,#2365,#2730,.F.);
#1822=EDGE_CURVE('',#2365,#2366,#183,.T.);
#1823=EDGE_CURVE('',#2366,#2367,#2731,.F.);
#1824=EDGE_CURVE('',#2368,#2367,#184,.T.);
#1825=EDGE_CURVE('',#2368,#2362,#2732,.F.);
#1826=EDGE_CURVE('',#2369,#2369,#2733,.T.);
#1827=EDGE_CURVE('',#2370,#2370,#2734,.T.);
#1828=EDGE_CURVE('',#2371,#2371,#2735,.T.);
#1829=EDGE_CURVE('',#2372,#2372,#2736,.T.);
#1830=EDGE_CURVE('',#2373,#2373,#2737,.T.);
#1831=EDGE_CURVE('',#2374,#2374,#2738,.T.);
#1832=EDGE_CURVE('',#2375,#2375,#2739,.T.);
#1833=EDGE_CURVE('',#2376,#2376,#2740,.T.);
#1834=EDGE_CURVE('',#2377,#2377,#2741,.T.);
#1835=EDGE_CURVE('',#2378,#2379,#2742,.T.);
#1836=EDGE_CURVE('',#2378,#2379,#2743,.F.);
#1837=EDGE_CURVE('',#2380,#2380,#2744,.T.);
#1838=EDGE_CURVE('',#2381,#2381,#2745,.T.);
#1839=EDGE_CURVE('',#2382,#2382,#2746,.F.);
#1840=EDGE_CURVE('',#2383,#2383,#2747,.F.);
#1841=EDGE_CURVE('',#2384,#2384,#2748,.F.);
#1842=EDGE_CURVE('',#2385,#2386,#185,.T.);
#1843=EDGE_CURVE('',#2385,#2387,#186,.T.);
#1844=EDGE_CURVE('',#2388,#2387,#187,.T.);
#1845=EDGE_CURVE('',#2388,#2389,#2749,.T.);
#1846=EDGE_CURVE('',#2390,#2389,#188,.T.);
#1847=EDGE_CURVE('',#2390,#2391,#2750,.T.);
#1848=EDGE_CURVE('',#2391,#2392,#189,.T.);
#1849=EDGE_CURVE('',#2392,#2393,#2751,.F.);
#1850=EDGE_CURVE('',#2393,#2394,#190,.T.);
#1851=EDGE_CURVE('',#2394,#2395,#191,.T.);
#1852=EDGE_CURVE('',#2396,#2395,#2752,.T.);
#1853=EDGE_CURVE('',#2396,#2397,#192,.F.);
#1854=EDGE_CURVE('',#2398,#2397,#2753,.T.);
#1855=EDGE_CURVE('',#2398,#2399,#193,.F.);
#1856=EDGE_CURVE('',#2399,#2400,#194,.T.);
#1857=EDGE_CURVE('',#2401,#2400,#2754,.T.);
#1858=EDGE_CURVE('',#2401,#2402,#195,.F.);
#1859=EDGE_CURVE('',#2403,#2402,#2755,.T.);
#1860=EDGE_CURVE('',#2403,#2404,#196,.F.);
#1861=EDGE_CURVE('',#2404,#2405,#197,.T.);
#1862=EDGE_CURVE('',#2406,#2405,#2756,.T.);
#1863=EDGE_CURVE('',#2406,#2407,#198,.F.);
#1864=EDGE_CURVE('',#2408,#2407,#2757,.T.);
#1865=EDGE_CURVE('',#2408,#2409,#199,.F.);
#1866=EDGE_CURVE('',#2409,#2410,#200,.F.);
#1867=EDGE_CURVE('',#2410,#2411,#2758,.F.);
#1868=EDGE_CURVE('',#2411,#2412,#201,.T.);
#1869=EDGE_CURVE('',#2412,#2413,#2759,.T.);
#1870=EDGE_CURVE('',#2413,#2414,#202,.T.);
#1871=EDGE_CURVE('',#2414,#2415,#2760,.T.);
#1872=EDGE_CURVE('',#2415,#2416,#2761,.F.);
#1873=EDGE_CURVE('',#2417,#2416,#203,.T.);
#1874=EDGE_CURVE('',#2417,#2418,#2762,.F.);
#1875=EDGE_CURVE('',#2418,#2419,#204,.T.);
#1876=EDGE_CURVE('',#2419,#2420,#2763,.F.);
#1877=EDGE_CURVE('',#2420,#2421,#205,.T.);
#1878=EDGE_CURVE('',#2421,#2422,#206,.T.);
#1879=EDGE_CURVE('',#2423,#2422,#207,.T.);
#1880=EDGE_CURVE('',#2424,#2423,#208,.T.);
#1881=EDGE_CURVE('',#2425,#2424,#209,.T.);
#1882=EDGE_CURVE('',#2425,#2426,#210,.T.);
#1883=EDGE_CURVE('',#2427,#2426,#211,.T.);
#1884=EDGE_CURVE('',#2427,#2428,#212,.F.);
#1885=EDGE_CURVE('',#2428,#2429,#2764,.F.);
#1886=EDGE_CURVE('',#2429,#2430,#2765,.T.);
#1887=EDGE_CURVE('',#2431,#2430,#213,.T.);
#1888=EDGE_CURVE('',#2431,#2432,#2766,.T.);
#1889=EDGE_CURVE('',#2432,#2433,#214,.T.);
#1890=EDGE_CURVE('',#2433,#2434,#2767,.F.);
#1891=EDGE_CURVE('',#2434,#2435,#215,.T.);
#1892=EDGE_CURVE('',#2435,#2436,#216,.T.);
#1893=EDGE_CURVE('',#2436,#2437,#217,.T.);
#1894=EDGE_CURVE('',#2437,#2438,#218,.T.);
#1895=EDGE_CURVE('',#2438,#2439,#219,.T.);
#1896=EDGE_CURVE('',#2440,#2439,#220,.T.);
#1897=EDGE_CURVE('',#2440,#2441,#221,.T.);
#1898=EDGE_CURVE('',#2441,#2442,#222,.T.);
#1899=EDGE_CURVE('',#2442,#2443,#223,.T.);
#1900=EDGE_CURVE('',#2443,#2444,#2768,.F.);
#1901=EDGE_CURVE('',#2444,#2445,#224,.T.);
#1902=EDGE_CURVE('',#2445,#2446,#2769,.F.);
#1903=EDGE_CURVE('',#2446,#2447,#2770,.T.);
#1904=EDGE_CURVE('',#2447,#2448,#225,.T.);
#1905=EDGE_CURVE('',#2448,#2449,#2771,.T.);
#1906=EDGE_CURVE('',#2449,#2450,#2772,.F.);
#1907=EDGE_CURVE('',#2450,#2353,#226,.T.);
#1908=EDGE_CURVE('',#2353,#2451,#2773,.F.);
#1909=EDGE_CURVE('',#2451,#2452,#227,.T.);
#1910=EDGE_CURVE('',#2452,#2453,#228,.T.);
#1911=EDGE_CURVE('',#2454,#2453,#2774,.T.);
#1912=EDGE_CURVE('',#2454,#2455,#229,.T.);
#1913=EDGE_CURVE('',#2456,#2455,#2775,.T.);
#1914=EDGE_CURVE('',#2456,#2457,#230,.F.);
#1915=EDGE_CURVE('',#2457,#2458,#231,.T.);
#1916=EDGE_CURVE('',#2459,#2458,#2776,.T.);
#1917=EDGE_CURVE('',#2459,#2460,#232,.T.);
#1918=EDGE_CURVE('',#2461,#2460,#2777,.T.);
#1919=EDGE_CURVE('',#2461,#2462,#233,.F.);
#1920=EDGE_CURVE('',#2462,#2463,#234,.T.);
#1921=EDGE_CURVE('',#2464,#2463,#2778,.T.);
#1922=EDGE_CURVE('',#2464,#2465,#235,.T.);
#1923=EDGE_CURVE('',#2465,#2466,#2779,.F.);
#1924=EDGE_CURVE('',#2466,#2467,#236,.F.);
#1925=EDGE_CURVE('',#2467,#2354,#2780,.F.);
#1926=EDGE_CURVE('',#2354,#2468,#237,.T.);
#1927=EDGE_CURVE('',#2468,#2469,#2781,.T.);
#1928=EDGE_CURVE('',#2469,#2470,#238,.T.);
#1929=EDGE_CURVE('',#2470,#2386,#2782,.T.);
#1930=EDGE_CURVE('',#2363,#2471,#239,.T.);
#1931=EDGE_CURVE('',#2472,#2471,#240,.T.);
#1932=EDGE_CURVE('',#2472,#2364,#241,.F.);
#1933=EDGE_CURVE('',#2387,#2473,#242,.T.);
#1934=EDGE_CURVE('',#2474,#2473,#243,.T.);
#1935=EDGE_CURVE('',#2474,#2388,#244,.F.);
#1936=EDGE_CURVE('',#2437,#2475,#245,.T.);
#1937=EDGE_CURVE('',#2475,#2476,#246,.T.);
#1938=EDGE_CURVE('',#2476,#2438,#247,.T.);
#1939=EDGE_CURVE('',#2440,#2477,#248,.T.);
#1940=EDGE_CURVE('',#2478,#2439,#249,.T.);
#1941=EDGE_CURVE('',#2477,#2478,#250,.T.);
#1942=EDGE_CURVE('',#2479,#2479,#2783,.T.);
#1943=EDGE_CURVE('',#2480,#2481,#251,.T.);
#1944=EDGE_CURVE('',#2481,#2482,#252,.T.);
#1945=EDGE_CURVE('',#2482,#2483,#253,.T.);
#1946=EDGE_CURVE('',#2483,#2484,#254,.F.);
#1947=EDGE_CURVE('',#2484,#2485,#2784,.F.);
#1948=EDGE_CURVE('',#2485,#2486,#2785,.T.);
#1949=EDGE_CURVE('',#2486,#2487,#2786,.F.);
#1950=EDGE_CURVE('',#2487,#2488,#255,.F.);
#1951=EDGE_CURVE('',#2488,#2489,#256,.F.);
#1952=EDGE_CURVE('',#2489,#2490,#257,.T.);
#1953=EDGE_CURVE('',#2491,#2490,#258,.T.);
#1954=EDGE_CURVE('',#2491,#2480,#259,.T.);
#1955=EDGE_CURVE('',#2430,#2492,#260,.T.);
#1956=EDGE_CURVE('',#2493,#2492,#261,.T.);
#1957=EDGE_CURVE('',#2493,#2431,#262,.F.);
#1958=EDGE_CURVE('',#2494,#2495,#263,.T.);
#1959=EDGE_CURVE('',#2495,#2445,#264,.F.);
#1960=EDGE_CURVE('',#2444,#2433,#166,.T.);
#1961=EDGE_CURVE('',#2432,#2494,#265,.T.);
#1962=EDGE_CURVE('',#2496,#2497,#266,.T.);
#1963=EDGE_CURVE('',#2497,#2448,#267,.F.);
#1964=EDGE_CURVE('',#2447,#2496,#268,.T.);
#1965=EDGE_CURVE('',#2450,#2498,#269,.T.);
#1966=EDGE_CURVE('',#2498,#2499,#270,.T.);
#1967=EDGE_CURVE('',#2499,#2468,#271,.F.);
#1968=EDGE_CURVE('',#2469,#2500,#272,.T.);
#1969=EDGE_CURVE('',#2500,#2501,#273,.T.);
#1970=EDGE_CURVE('',#2501,#2470,#274,.F.);
#1971=EDGE_CURVE('',#2385,#2502,#275,.T.);
#1972=EDGE_CURVE('',#2386,#2503,#276,.T.);
#1973=EDGE_CURVE('',#2502,#2503,#277,.T.);
#1974=EDGE_CURVE('',#2504,#2505,#278,.T.);
#1975=EDGE_CURVE('',#2505,#2366,#279,.F.);
#1976=EDGE_CURVE('',#2365,#2504,#280,.T.);
#1977=EDGE_CURVE('',#2506,#2507,#281,.T.);
#1978=EDGE_CURVE('',#2506,#2368,#282,.F.);
#1979=EDGE_CURVE('',#2367,#2507,#283,.T.);
#1980=EDGE_CURVE('',#2389,#2508,#284,.T.);
#1981=EDGE_CURVE('',#2509,#2508,#285,.T.);
#1982=EDGE_CURVE('',#2509,#2390,#286,.F.);
#1983=EDGE_CURVE('',#2391,#2510,#287,.T.);
#1984=EDGE_CURVE('',#2510,#2511,#288,.T.);
#1985=EDGE_CURVE('',#2511,#2412,#289,.F.);
#1986=EDGE_CURVE('',#2411,#2350,#167,.F.);
#1987=EDGE_CURVE('',#2349,#2392,#168,.F.);
#1988=EDGE_CURVE('',#2413,#2512,#290,.T.);
#1989=EDGE_CURVE('',#2512,#2513,#291,.T.);
#1990=EDGE_CURVE('',#2513,#2414,#292,.F.);
#1991=EDGE_CURVE('',#2416,#2514,#293,.T.);
#1992=EDGE_CURVE('',#2515,#2514,#294,.T.);
#1993=EDGE_CURVE('',#2515,#2417,#295,.T.);
#1994=EDGE_CURVE('',#2516,#2516,#2787,.T.);
#1995=EDGE_CURVE('',#2517,#2517,#2788,.T.);
#1996=EDGE_CURVE('',#2518,#2518,#2789,.T.);
#1997=EDGE_CURVE('',#2519,#2519,#2790,.T.);
#1998=EDGE_CURVE('',#2520,#2520,#2791,.F.);
#1999=EDGE_CURVE('',#2521,#2521,#2792,.T.);
#2000=EDGE_CURVE('',#2522,#2522,#2793,.T.);
#2001=EDGE_CURVE('',#2523,#2523,#2794,.T.);
#2002=EDGE_CURVE('',#2524,#2524,#2795,.T.);
#2003=EDGE_CURVE('',#2525,#2525,#2796,.T.);
#2004=EDGE_CURVE('',#2526,#2526,#2797,.T.);
#2005=EDGE_CURVE('',#2527,#2527,#2798,.T.);
#2006=EDGE_CURVE('',#2528,#2528,#2799,.F.);
#2007=EDGE_CURVE('',#2529,#2529,#2800,.F.);
#2008=EDGE_CURVE('',#2530,#2530,#2801,.F.);
#2009=EDGE_CURVE('',#2531,#2531,#2802,.F.);
#2010=EDGE_CURVE('',#2532,#2532,#2803,.F.);
#2011=EDGE_CURVE('',#2533,#2533,#2804,.F.);
#2012=EDGE_CURVE('',#2534,#2534,#2805,.F.);
#2013=EDGE_CURVE('',#2502,#2473,#296,.T.);
#2014=EDGE_CURVE('',#2503,#2501,#2806,.F.);
#2015=EDGE_CURVE('',#2500,#2499,#2807,.F.);
#2016=EDGE_CURVE('',#2498,#2535,#2808,.T.);
#2017=EDGE_CURVE('',#2535,#2497,#2809,.F.);
#2018=EDGE_CURVE('',#2496,#2536,#2810,.F.);
#2019=EDGE_CURVE('',#2536,#2495,#2811,.T.);
#2020=EDGE_CURVE('',#2494,#2493,#2812,.F.);
#2021=EDGE_CURVE('',#2492,#2537,#2813,.F.);
#2022=EDGE_CURVE('',#2537,#2515,#2814,.T.);
#2023=EDGE_CURVE('',#2514,#2538,#2815,.T.);
#2024=EDGE_CURVE('',#2538,#2513,#2816,.F.);
#2025=EDGE_CURVE('',#2512,#2511,#2817,.F.);
#2026=EDGE_CURVE('',#2510,#2509,#2818,.F.);
#2027=EDGE_CURVE('',#2508,#2474,#2819,.F.);
#2028=EDGE_CURVE('',#2539,#2539,#2820,.F.);
#2029=EDGE_CURVE('',#2540,#2540,#2821,.F.);
#2030=EDGE_CURVE('',#2541,#2541,#2822,.F.);
#2031=EDGE_CURVE('',#2542,#2542,#2823,.F.);
#2032=EDGE_CURVE('',#2543,#2543,#2824,.F.);
#2033=EDGE_CURVE('',#2544,#2544,#2825,.F.);
#2034=EDGE_CURVE('',#2545,#2545,#2826,.F.);
#2035=EDGE_CURVE('',#2546,#2546,#2827,.F.);
#2036=EDGE_CURVE('',#2547,#2547,#2828,.F.);
#2037=EDGE_CURVE('',#2548,#2548,#2829,.F.);
#2038=EDGE_CURVE('',#2549,#2549,#2830,.F.);
#2039=EDGE_CURVE('',#2550,#2550,#2831,.F.);
#2040=EDGE_CURVE('',#2471,#2551,#2832,.T.);
#2041=EDGE_CURVE('',#2551,#2552,#297,.T.);
#2042=EDGE_CURVE('',#2552,#2506,#2833,.T.);
#2043=EDGE_CURVE('',#2507,#2505,#2834,.T.);
#2044=EDGE_CURVE('',#2504,#2472,#2835,.T.);
#2045=EDGE_CURVE('',#2538,#2415,#298,.T.);
#2046=EDGE_CURVE('',#2429,#2537,#299,.T.);
#2047=EDGE_CURVE('',#2426,#2490,#300,.T.);
#2048=EDGE_CURVE('',#2491,#2425,#301,.T.);
#2049=EDGE_CURVE('',#2480,#2424,#302,.T.);
#2050=EDGE_CURVE('',#2423,#2481,#303,.T.);
#2051=EDGE_CURVE('',#2476,#2478,#304,.T.);
#2052=EDGE_CURVE('',#2553,#2553,#2836,.T.);
#2053=EDGE_CURVE('',#2477,#2554,#305,.T.);
#2054=EDGE_CURVE('',#2555,#2475,#306,.T.);
#2055=EDGE_CURVE('',#2555,#2556,#307,.F.);
#2056=EDGE_CURVE('',#2556,#2557,#308,.T.);
#2057=EDGE_CURVE('',#2557,#2558,#2837,.F.);
#2058=EDGE_CURVE('',#2558,#2559,#2838,.T.);
#2059=EDGE_CURVE('',#2559,#2560,#2839,.F.);
#2060=EDGE_CURVE('',#2560,#2561,#309,.T.);
#2061=EDGE_CURVE('',#2561,#2554,#310,.T.);
#2062=EDGE_CURVE('',#2436,#2555,#311,.F.);
#2063=EDGE_CURVE('',#2489,#2427,#312,.F.);
#2064=EDGE_CURVE('',#2554,#2441,#313,.T.);
#2065=EDGE_CURVE('',#2422,#2482,#314,.T.);
#2066=EDGE_CURVE('',#2563,#2563,#2840,.T.);
#2067=EDGE_CURVE('',#2565,#2565,#2841,.T.);
#2068=EDGE_CURVE('',#2379,#2378,#169,.T.);
#2069=EDGE_CURVE('',#2566,#2488,#315,.T.);
#2070=EDGE_CURVE('',#2566,#2428,#35,.F.);
#2071=EDGE_CURVE('',#2419,#2487,#316,.T.);
#2072=EDGE_CURVE('',#2418,#2566,#36,.F.);
#2073=EDGE_CURVE('',#2419,#2486,#317,.T.);
#2074=EDGE_CURVE('',#2420,#2485,#318,.T.);
#2075=EDGE_CURVE('',#2420,#2484,#319,.T.);
#2076=EDGE_CURVE('',#2421,#2483,#320,.F.);
#2077=EDGE_CURVE('',#2442,#2561,#321,.T.);
#2078=EDGE_CURVE('',#2443,#2560,#322,.T.);
#2079=EDGE_CURVE('',#2443,#2559,#323,.T.);
#2080=EDGE_CURVE('',#2434,#2558,#324,.T.);
#2081=EDGE_CURVE('',#2434,#2557,#325,.T.);
#2082=EDGE_CURVE('',#2435,#2556,#326,.F.);
#2083=EDGE_CURVE('',#2567,#2567,#2842,.T.);
#2084=EDGE_CURVE('',#2568,#2568,#2843,.F.);
#2085=EDGE_CURVE('',#2569,#2569,#2844,.T.);
#2086=EDGE_CURVE('',#2570,#2570,#2845,.T.);
#2087=EDGE_CURVE('',#2571,#2571,#2846,.F.);
#2088=EDGE_CURVE('',#2572,#2572,#2847,.T.);
#2089=EDGE_CURVE('',#2573,#2573,#2848,.T.);
#2090=EDGE_CURVE('',#2574,#2574,#2849,.F.);
#2091=EDGE_CURVE('',#2575,#2575,#2850,.T.);
#2092=EDGE_CURVE('',#2576,#2576,#2851,.T.);
#2093=EDGE_CURVE('',#2577,#2577,#2852,.F.);
#2094=EDGE_CURVE('',#2578,#2578,#2853,.T.);
#2095=EDGE_CURVE('',#2449,#2535,#327,.T.);
#2096=EDGE_CURVE('',#2446,#2536,#328,.T.);
#2097=EDGE_CURVE('',#2362,#2552,#329,.T.);
#2098=EDGE_CURVE('',#2551,#2361,#330,.F.);
#2099=EDGE_CURVE('',#2579,#2580,#331,.T.);
#2100=EDGE_CURVE('',#2581,#2579,#332,.T.);
#2101=EDGE_CURVE('',#2581,#2582,#333,.T.);
#2102=EDGE_CURVE('',#2582,#2580,#334,.T.);
#2103=EDGE_CURVE('',#2579,#2583,#335,.T.);
#2104=EDGE_CURVE('',#2584,#2583,#336,.T.);
#2105=EDGE_CURVE('',#2581,#2584,#337,.T.);
#2106=EDGE_CURVE('',#2583,#2585,#338,.T.);
#2107=EDGE_CURVE('',#2586,#2585,#339,.T.);
#2108=EDGE_CURVE('',#2584,#2586,#340,.T.);
#2109=EDGE_CURVE('',#2587,#2588,#341,.T.);
#2110=EDGE_CURVE('',#2588,#2589,#342,.T.);
#2111=EDGE_CURVE('',#2589,#2590,#343,.F.);
#2112=EDGE_CURVE('',#2590,#2587,#344,.F.);
#2113=EDGE_CURVE('',#2591,#2592,#345,.F.);
#2114=EDGE_CURVE('',#2592,#2593,#346,.F.);
#2115=EDGE_CURVE('',#2593,#2594,#347,.T.);
#2116=EDGE_CURVE('',#2594,#2591,#348,.T.);
#2117=EDGE_CURVE('',#2355,#2595,#170,.T.);
#2118=EDGE_CURVE('',#2595,#2596,#349,.F.);
#2119=EDGE_CURVE('',#2597,#2596,#350,.T.);
#2120=EDGE_CURVE('',#2597,#2598,#351,.T.);
#2121=EDGE_CURVE('',#2598,#2352,#171,.F.);
#2122=EDGE_CURVE('',#2599,#2600,#352,.T.);
#2123=EDGE_CURVE('',#2599,#2601,#353,.T.);
#2124=EDGE_CURVE('',#2601,#2602,#354,.T.);
#2125=EDGE_CURVE('',#2602,#2600,#355,.F.);
#2126=EDGE_CURVE('',#2603,#2604,#172,.T.);
#2127=EDGE_CURVE('',#2604,#2605,#356,.F.);
#2128=EDGE_CURVE('',#2606,#2605,#357,.T.);
#2129=EDGE_CURVE('',#2606,#2603,#358,.T.);
#2130=EDGE_CURVE('',#2607,#2608,#359,.F.);
#2131=EDGE_CURVE('',#2608,#2609,#360,.F.);
#2132=EDGE_CURVE('',#2609,#2610,#361,.T.);
#2133=EDGE_CURVE('',#2610,#2607,#362,.T.);
#2134=EDGE_CURVE('',#2611,#2612,#363,.F.);
#2135=EDGE_CURVE('',#2612,#2613,#364,.F.);
#2136=EDGE_CURVE('',#2613,#2614,#365,.T.);
#2137=EDGE_CURVE('',#2614,#2611,#366,.T.);
#2138=EDGE_CURVE('',#2615,#2616,#367,.T.);
#2139=EDGE_CURVE('',#2616,#2617,#368,.F.);
#2140=EDGE_CURVE('',#2618,#2617,#369,.T.);
#2141=EDGE_CURVE('',#2618,#2615,#370,.T.);
#2142=EDGE_CURVE('',#2619,#2620,#371,.T.);
#2143=EDGE_CURVE('',#2620,#2621,#372,.T.);
#2144=EDGE_CURVE('',#2621,#2622,#373,.F.);
#2145=EDGE_CURVE('',#2622,#2619,#374,.F.);
#2146=EDGE_CURVE('',#2623,#2624,#375,.T.);
#2147=EDGE_CURVE('',#2624,#2625,#376,.T.);
#2148=EDGE_CURVE('',#2625,#2626,#377,.F.);
#2149=EDGE_CURVE('',#2626,#2623,#378,.F.);
#2150=EDGE_CURVE('',#2627,#2628,#379,.T.);
#2151=EDGE_CURVE('',#2628,#2629,#380,.F.);
#2152=EDGE_CURVE('',#2630,#2629,#381,.T.);
#2153=EDGE_CURVE('',#2630,#2627,#382,.T.);
#2154=EDGE_CURVE('',#2631,#2632,#383,.T.);
#2155=EDGE_CURVE('',#2632,#2633,#384,.T.);
#2156=EDGE_CURVE('',#2633,#2634,#385,.F.);
#2157=EDGE_CURVE('',#2634,#2631,#386,.F.);
#2158=EDGE_CURVE('',#2580,#2585,#387,.T.);
#2159=EDGE_CURVE('',#2582,#2586,#388,.T.);
#2160=EDGE_CURVE('',#2635,#2635,#2854,.T.);
#2161=EDGE_CURVE('',#2636,#2636,#2855,.T.);
#2162=EDGE_CURVE('',#2593,#2597,#2856,.T.);
#2163=EDGE_CURVE('',#2596,#2599,#2857,.T.);
#2164=EDGE_CURVE('',#2600,#2606,#2858,.F.);
#2165=EDGE_CURVE('',#2605,#2610,#2859,.T.);
#2166=EDGE_CURVE('',#2609,#2614,#2860,.T.);
#2167=EDGE_CURVE('',#2613,#2618,#2861,.F.);
#2168=EDGE_CURVE('',#2617,#2620,#2862,.T.);
#2169=EDGE_CURVE('',#2619,#2624,#2863,.T.);
#2170=EDGE_CURVE('',#2623,#2630,#2864,.F.);
#2171=EDGE_CURVE('',#2629,#2632,#2865,.T.);
#2172=EDGE_CURVE('',#2631,#2588,#2866,.T.);
#2173=EDGE_CURVE('',#2587,#2594,#2867,.F.);
#2174=EDGE_CURVE('',#2637,#2637,#2868,.T.);
#2175=EDGE_CURVE('',#2638,#2639,#2869,.F.);
#2176=EDGE_CURVE('',#2639,#2640,#2870,.F.);
#2177=EDGE_CURVE('',#2640,#2641,#2871,.F.);
#2178=EDGE_CURVE('',#2641,#2642,#2872,.F.);
#2179=EDGE_CURVE('',#2642,#2643,#2873,.F.);
#2180=EDGE_CURVE('',#2643,#2638,#2874,.F.);
#2181=EDGE_CURVE('',#2644,#2644,#2875,.T.);
#2182=EDGE_CURVE('',#2639,#2639,#2876,.T.);
#2183=EDGE_CURVE('',#2638,#2638,#2877,.T.);
#2184=EDGE_CURVE('',#2643,#2643,#2878,.T.);
#2185=EDGE_CURVE('',#2642,#2642,#2879,.T.);
#2186=EDGE_CURVE('',#2641,#2641,#2880,.T.);
#2187=EDGE_CURVE('',#2640,#2640,#2881,.T.);
#2188=EDGE_CURVE('',#2646,#2646,#2882,.T.);
#2189=EDGE_CURVE('',#2648,#2648,#2883,.T.);
#2190=EDGE_CURVE('',#2649,#2650,#389,.T.);
#2191=EDGE_CURVE('',#2650,#2651,#390,.T.);
#2192=EDGE_CURVE('',#2652,#2651,#391,.T.);
#2193=EDGE_CURVE('',#2649,#2652,#392,.T.);
#2194=EDGE_CURVE('',#2651,#2653,#393,.T.);
#2195=EDGE_CURVE('',#2654,#2653,#394,.T.);
#2196=EDGE_CURVE('',#2652,#2654,#395,.T.);
#2197=EDGE_CURVE('',#2655,#2653,#396,.T.);
#2198=EDGE_CURVE('',#2656,#2655,#397,.T.);
#2199=EDGE_CURVE('',#2656,#2654,#398,.T.);
#2200=EDGE_CURVE('',#2657,#2658,#399,.T.);
#2201=EDGE_CURVE('',#2657,#2659,#400,.T.);
#2202=EDGE_CURVE('',#2659,#2660,#401,.T.);
#2203=EDGE_CURVE('',#2660,#2658,#402,.F.);
#2204=EDGE_CURVE('',#2661,#2662,#403,.T.);
#2205=EDGE_CURVE('',#2661,#2663,#404,.T.);
#2206=EDGE_CURVE('',#2663,#2664,#405,.T.);
#2207=EDGE_CURVE('',#2664,#2662,#406,.F.);
#2208=EDGE_CURVE('',#2665,#2666,#407,.F.);
#2209=EDGE_CURVE('',#2666,#2667,#408,.F.);
#2210=EDGE_CURVE('',#2667,#2668,#409,.T.);
#2211=EDGE_CURVE('',#2668,#2665,#410,.T.);
#2212=EDGE_CURVE('',#2669,#2670,#411,.T.);
#2213=EDGE_CURVE('',#2670,#2671,#412,.F.);
#2214=EDGE_CURVE('',#2672,#2671,#413,.T.);
#2215=EDGE_CURVE('',#2672,#2669,#414,.T.);
#2216=EDGE_CURVE('',#2673,#2674,#415,.T.);
#2217=EDGE_CURVE('',#2673,#2675,#416,.T.);
#2218=EDGE_CURVE('',#2675,#2676,#417,.T.);
#2219=EDGE_CURVE('',#2676,#2674,#418,.F.);
#2220=EDGE_CURVE('',#2677,#2678,#419,.T.);
#2221=EDGE_CURVE('',#2678,#2679,#420,.T.);
#2222=EDGE_CURVE('',#2679,#2680,#421,.F.);
#2223=EDGE_CURVE('',#2680,#2677,#422,.F.);
#2224=EDGE_CURVE('',#2681,#2682,#423,.T.);
#2225=EDGE_CURVE('',#2681,#2683,#424,.T.);
#2226=EDGE_CURVE('',#2683,#2684,#425,.T.);
#2227=EDGE_CURVE('',#2684,#2682,#426,.F.);
#2228=EDGE_CURVE('',#2685,#2686,#427,.T.);
#2229=EDGE_CURVE('',#2685,#2687,#428,.T.);
#2230=EDGE_CURVE('',#2687,#2688,#429,.T.);
#2231=EDGE_CURVE('',#2688,#2686,#430,.F.);
#2232=EDGE_CURVE('',#2689,#2690,#431,.T.);
#2233=EDGE_CURVE('',#2690,#2691,#432,.T.);
#2234=EDGE_CURVE('',#2691,#2692,#433,.F.);
#2235=EDGE_CURVE('',#2692,#2689,#434,.F.);
#2236=EDGE_CURVE('',#2693,#2694,#435,.F.);
#2237=EDGE_CURVE('',#2694,#2695,#436,.F.);
#2238=EDGE_CURVE('',#2695,#2696,#437,.T.);
#2239=EDGE_CURVE('',#2696,#2693,#438,.T.);
#2240=EDGE_CURVE('',#2351,#2697,#173,.T.);
#2241=EDGE_CURVE('',#2697,#2698,#439,.F.);
#2242=EDGE_CURVE('',#2698,#2699,#440,.T.);
#2243=EDGE_CURVE('',#2699,#2700,#441,.T.);
#2244=EDGE_CURVE('',#2700,#2348,#174,.F.);
#2245=EDGE_CURVE('',#2701,#2702,#442,.T.);
#2246=EDGE_CURVE('',#2701,#2703,#443,.T.);
#2247=EDGE_CURVE('',#2703,#2704,#444,.T.);
#2248=EDGE_CURVE('',#2704,#2702,#445,.F.);
#2249=EDGE_CURVE('',#2650,#2655,#446,.T.);
#2250=EDGE_CURVE('',#2649,#2656,#447,.T.);
#2251=EDGE_CURVE('',#2705,#2705,#2884,.T.);
#2252=EDGE_CURVE('',#2706,#2706,#2885,.T.);
#2253=EDGE_CURVE('',#2671,#2673,#2886,.T.);
#2254=EDGE_CURVE('',#2674,#2678,#2887,.T.);
#2255=EDGE_CURVE('',#2677,#2681,#2888,.F.);
#2256=EDGE_CURVE('',#2682,#2685,#2889,.T.);
#2257=EDGE_CURVE('',#2686,#2690,#2890,.T.);
#2258=EDGE_CURVE('',#2689,#2696,#2891,.F.);
#2259=EDGE_CURVE('',#2695,#2699,#2892,.T.);
#2260=EDGE_CURVE('',#2698,#2701,#2893,.T.);
#2261=EDGE_CURVE('',#2702,#2657,#2894,.F.);
#2262=EDGE_CURVE('',#2658,#2661,#2895,.T.);
#2263=EDGE_CURVE('',#2662,#2668,#2896,.T.);
#2264=EDGE_CURVE('',#2667,#2672,#2897,.F.);
#2265=EDGE_CURVE('',#2707,#2707,#2898,.T.);
#2266=EDGE_CURVE('',#2708,#2709,#2899,.T.);
#2267=EDGE_CURVE('',#2709,#2710,#2900,.T.);
#2268=EDGE_CURVE('',#2710,#2711,#2901,.T.);
#2269=EDGE_CURVE('',#2711,#2712,#2902,.T.);
#2270=EDGE_CURVE('',#2712,#2713,#2903,.T.);
#2271=EDGE_CURVE('',#2713,#2708,#2904,.T.);
#2272=EDGE_CURVE('',#2714,#2714,#2905,.T.);
#2273=EDGE_CURVE('',#2709,#2709,#2906,.T.);
#2274=EDGE_CURVE('',#2708,#2708,#2907,.T.);
#2275=EDGE_CURVE('',#2713,#2713,#2908,.T.);
#2276=EDGE_CURVE('',#2712,#2712,#2909,.T.);
#2277=EDGE_CURVE('',#2711,#2711,#2910,.T.);
#2278=EDGE_CURVE('',#2710,#2710,#2911,.T.);
#2279=EDGE_CURVE('',#2716,#2716,#2912,.T.);
#2280=EDGE_CURVE('',#2718,#2718,#2913,.T.);
#2281=EDGE_CURVE('',#2700,#2694,#2914,.F.);
#2282=EDGE_CURVE('',#2393,#2694,#2915,.T.);
#2283=EDGE_CURVE('',#2693,#2692,#2916,.T.);
#2284=EDGE_CURVE('',#2394,#2693,#2917,.T.);
#2285=EDGE_CURVE('',#2394,#2692,#2918,.F.);
#2286=EDGE_CURVE('',#2691,#2688,#2919,.F.);
#2287=EDGE_CURVE('',#2395,#2691,#2920,.T.);
#2288=EDGE_CURVE('',#2396,#2688,#2921,.F.);
#2289=EDGE_CURVE('',#2687,#2684,#2922,.F.);
#2290=EDGE_CURVE('',#2397,#2687,#2923,.T.);
#2291=EDGE_CURVE('',#2398,#2684,#2924,.F.);
#2292=EDGE_CURVE('',#2683,#2680,#2925,.T.);
#2293=EDGE_CURVE('',#2399,#2683,#2926,.T.);
#2294=EDGE_CURVE('',#2399,#2680,#2927,.F.);
#2295=EDGE_CURVE('',#2679,#2676,#2928,.F.);
#2296=EDGE_CURVE('',#2400,#2679,#2929,.T.);
#2297=EDGE_CURVE('',#2401,#2676,#2930,.F.);
#2298=EDGE_CURVE('',#2675,#2670,#2931,.F.);
#2299=EDGE_CURVE('',#2402,#2675,#2932,.T.);
#2300=EDGE_CURVE('',#2403,#2670,#2933,.F.);
#2301=EDGE_CURVE('',#2669,#2666,#2934,.T.);
#2302=EDGE_CURVE('',#2404,#2669,#2935,.T.);
#2303=EDGE_CURVE('',#2404,#2666,#2936,.F.);
#2304=EDGE_CURVE('',#2665,#2664,#2937,.F.);
#2305=EDGE_CURVE('',#2405,#2665,#2938,.T.);
#2306=EDGE_CURVE('',#2406,#2664,#2939,.F.);
#2307=EDGE_CURVE('',#2663,#2660,#2940,.F.);
#2308=EDGE_CURVE('',#2407,#2663,#2941,.T.);
#2309=EDGE_CURVE('',#2408,#2660,#2942,.F.);
#2310=EDGE_CURVE('',#2659,#2704,#2943,.T.);
#2311=EDGE_CURVE('',#2409,#2659,#2944,.T.);
#2312=EDGE_CURVE('',#2409,#2704,#2945,.F.);
#2313=EDGE_CURVE('',#2703,#2697,#2946,.F.);
#2314=EDGE_CURVE('',#2410,#2703,#2947,.T.);
#2315=EDGE_CURVE('',#2601,#2595,#2948,.F.);
#2316=EDGE_CURVE('',#2601,#2467,#2949,.T.);
#2317=EDGE_CURVE('',#2602,#2719,#37,.F.);
#2318=EDGE_CURVE('',#2719,#2466,#175,.F.);
#2319=EDGE_CURVE('',#2603,#2719,#176,.F.);
#2320=EDGE_CURVE('',#2607,#2604,#2950,.F.);
#2321=EDGE_CURVE('',#2607,#2465,#2951,.T.);
#2322=EDGE_CURVE('',#2608,#2464,#2952,.T.);
#2323=EDGE_CURVE('',#2611,#2608,#2953,.F.);
#2324=EDGE_CURVE('',#2611,#2463,#2954,.F.);
#2325=EDGE_CURVE('',#2612,#2462,#2955,.T.);
#2326=EDGE_CURVE('',#2615,#2612,#2956,.T.);
#2327=EDGE_CURVE('',#2615,#2462,#2957,.F.);
#2328=EDGE_CURVE('',#2616,#2461,#2958,.T.);
#2329=EDGE_CURVE('',#2621,#2616,#2959,.F.);
#2330=EDGE_CURVE('',#2621,#2460,#2960,.F.);
#2331=EDGE_CURVE('',#2622,#2459,#2961,.T.);
#2332=EDGE_CURVE('',#2625,#2622,#2962,.F.);
#2333=EDGE_CURVE('',#2625,#2458,#2963,.F.);
#2334=EDGE_CURVE('',#2626,#2457,#2964,.T.);
#2335=EDGE_CURVE('',#2627,#2626,#2965,.T.);
#2336=EDGE_CURVE('',#2627,#2457,#2966,.F.);
#2337=EDGE_CURVE('',#2628,#2456,#2967,.T.);
#2338=EDGE_CURVE('',#2633,#2628,#2968,.F.);
#2339=EDGE_CURVE('',#2633,#2455,#2969,.F.);
#2340=EDGE_CURVE('',#2634,#2454,#2970,.T.);
#2341=EDGE_CURVE('',#2589,#2634,#2971,.F.);
#2342=EDGE_CURVE('',#2589,#2453,#2972,.F.);
#2343=EDGE_CURVE('',#2590,#2452,#2973,.T.);
#2344=EDGE_CURVE('',#2591,#2590,#2974,.T.);
#2345=EDGE_CURVE('',#2591,#2452,#2975,.F.);
#2346=EDGE_CURVE('',#2592,#2451,#2976,.T.);
#2347=EDGE_CURVE('',#2592,#2598,#2977,.T.);
#2348=VERTEX_POINT('',#5760);
#2349=VERTEX_POINT('',#5761);
#2350=VERTEX_POINT('',#5763);
#2351=VERTEX_POINT('',#5765);
#2352=VERTEX_POINT('',#5769);
#2353=VERTEX_POINT('',#5770);
#2354=VERTEX_POINT('',#5772);
#2355=VERTEX_POINT('',#5774);
#2356=VERTEX_POINT('',#5778);
#2357=VERTEX_POINT('',#5780);
#2358=VERTEX_POINT('',#5782);
#2359=VERTEX_POINT('',#5784);
#2360=VERTEX_POINT('',#5786);
#2361=VERTEX_POINT('',#5788);
#2362=VERTEX_POINT('',#5789);
#2363=VERTEX_POINT('',#5791);
#2364=VERTEX_POINT('',#5793);
#2365=VERTEX_POINT('',#5795);
#2366=VERTEX_POINT('',#5797);
#2367=VERTEX_POINT('',#5799);
#2368=VERTEX_POINT('',#5801);
#2369=VERTEX_POINT('',#5804);
#2370=VERTEX_POINT('',#5806);
#2371=VERTEX_POINT('',#5808);
#2372=VERTEX_POINT('',#5810);
#2373=VERTEX_POINT('',#5812);
#2374=VERTEX_POINT('',#5814);
#2375=VERTEX_POINT('',#5816);
#2376=VERTEX_POINT('',#5818);
#2377=VERTEX_POINT('',#5820);
#2378=VERTEX_POINT('',#5822);
#2379=VERTEX_POINT('',#5823);
#2380=VERTEX_POINT('',#5826);
#2381=VERTEX_POINT('',#5828);
#2382=VERTEX_POINT('',#5830);
#2383=VERTEX_POINT('',#5832);
#2384=VERTEX_POINT('',#5834);
#2385=VERTEX_POINT('',#5836);
#2386=VERTEX_POINT('',#5837);
#2387=VERTEX_POINT('',#5839);
#2388=VERTEX_POINT('',#5841);
#2389=VERTEX_POINT('',#5843);
#2390=VERTEX_POINT('',#5845);
#2391=VERTEX_POINT('',#5847);
#2392=VERTEX_POINT('',#5849);
#2393=VERTEX_POINT('',#5851);
#2394=VERTEX_POINT('',#5853);
#2395=VERTEX_POINT('',#5855);
#2396=VERTEX_POINT('',#5857);
#2397=VERTEX_POINT('',#5859);
#2398=VERTEX_POINT('',#5861);
#2399=VERTEX_POINT('',#5863);
#2400=VERTEX_POINT('',#5865);
#2401=VERTEX_POINT('',#5867);
#2402=VERTEX_POINT('',#5869);
#2403=VERTEX_POINT('',#5871);
#2404=VERTEX_POINT('',#5873);
#2405=VERTEX_POINT('',#5875);
#2406=VERTEX_POINT('',#5877);
#2407=VERTEX_POINT('',#5879);
#2408=VERTEX_POINT('',#5881);
#2409=VERTEX_POINT('',#5883);
#2410=VERTEX_POINT('',#5885);
#2411=VERTEX_POINT('',#5887);
#2412=VERTEX_POINT('',#5889);
#2413=VERTEX_POINT('',#5891);
#2414=VERTEX_POINT('',#5893);
#2415=VERTEX_POINT('',#5895);
#2416=VERTEX_POINT('',#5897);
#2417=VERTEX_POINT('',#5899);
#2418=VERTEX_POINT('',#5901);
#2419=VERTEX_POINT('',#5903);
#2420=VERTEX_POINT('',#5905);
#2421=VERTEX_POINT('',#5907);
#2422=VERTEX_POINT('',#5909);
#2423=VERTEX_POINT('',#5911);
#2424=VERTEX_POINT('',#5913);
#2425=VERTEX_POINT('',#5915);
#2426=VERTEX_POINT('',#5917);
#2427=VERTEX_POINT('',#5919);
#2428=VERTEX_POINT('',#5921);
#2429=VERTEX_POINT('',#5923);
#2430=VERTEX_POINT('',#5925);
#2431=VERTEX_POINT('',#5927);
#2432=VERTEX_POINT('',#5929);
#2433=VERTEX_POINT('',#5931);
#2434=VERTEX_POINT('',#5933);
#2435=VERTEX_POINT('',#5935);
#2436=VERTEX_POINT('',#5937);
#2437=VERTEX_POINT('',#5939);
#2438=VERTEX_POINT('',#5941);
#2439=VERTEX_POINT('',#5943);
#2440=VERTEX_POINT('',#5945);
#2441=VERTEX_POINT('',#5947);
#2442=VERTEX_POINT('',#5949);
#2443=VERTEX_POINT('',#5951);
#2444=VERTEX_POINT('',#5953);
#2445=VERTEX_POINT('',#5955);
#2446=VERTEX_POINT('',#5957);
#2447=VERTEX_POINT('',#5959);
#2448=VERTEX_POINT('',#5961);
#2449=VERTEX_POINT('',#5963);
#2450=VERTEX_POINT('',#5965);
#2451=VERTEX_POINT('',#5968);
#2452=VERTEX_POINT('',#5970);
#2453=VERTEX_POINT('',#5972);
#2454=VERTEX_POINT('',#5974);
#2455=VERTEX_POINT('',#5976);
#2456=VERTEX_POINT('',#5978);
#2457=VERTEX_POINT('',#5980);
#2458=VERTEX_POINT('',#5982);
#2459=VERTEX_POINT('',#5984);
#2460=VERTEX_POINT('',#5986);
#2461=VERTEX_POINT('',#5988);
#2462=VERTEX_POINT('',#5990);
#2463=VERTEX_POINT('',#5992);
#2464=VERTEX_POINT('',#5994);
#2465=VERTEX_POINT('',#5996);
#2466=VERTEX_POINT('',#5998);
#2467=VERTEX_POINT('',#6000);
#2468=VERTEX_POINT('',#6003);
#2469=VERTEX_POINT('',#6005);
#2470=VERTEX_POINT('',#6007);
#2471=VERTEX_POINT('',#6011);
#2472=VERTEX_POINT('',#6013);
#2473=VERTEX_POINT('',#6017);
#2474=VERTEX_POINT('',#6019);
#2475=VERTEX_POINT('',#6023);
#2476=VERTEX_POINT('',#6025);
#2477=VERTEX_POINT('',#6029);
#2478=VERTEX_POINT('',#6031);
#2479=VERTEX_POINT('',#6035);
#2480=VERTEX_POINT('',#6037);
#2481=VERTEX_POINT('',#6038);
#2482=VERTEX_POINT('',#6040);
#2483=VERTEX_POINT('',#6042);
#2484=VERTEX_POINT('',#6044);
#2485=VERTEX_POINT('',#6046);
#2486=VERTEX_POINT('',#6048);
#2487=VERTEX_POINT('',#6050);
#2488=VERTEX_POINT('',#6052);
#2489=VERTEX_POINT('',#6054);
#2490=VERTEX_POINT('',#6056);
#2491=VERTEX_POINT('',#6058);
#2492=VERTEX_POINT('',#6062);
#2493=VERTEX_POINT('',#6064);
#2494=VERTEX_POINT('',#6068);
#2495=VERTEX_POINT('',#6069);
#2496=VERTEX_POINT('',#6083);
#2497=VERTEX_POINT('',#6084);
#2498=VERTEX_POINT('',#6089);
#2499=VERTEX_POINT('',#6091);
#2500=VERTEX_POINT('',#6095);
#2501=VERTEX_POINT('',#6097);
#2502=VERTEX_POINT('',#6101);
#2503=VERTEX_POINT('',#6103);
#2504=VERTEX_POINT('',#6107);
#2505=VERTEX_POINT('',#6108);
#2506=VERTEX_POINT('',#6113);
#2507=VERTEX_POINT('',#6114);
#2508=VERTEX_POINT('',#6119);
#2509=VERTEX_POINT('',#6121);
#2510=VERTEX_POINT('',#6125);
#2511=VERTEX_POINT('',#6127);
#2512=VERTEX_POINT('',#6141);
#2513=VERTEX_POINT('',#6143);
#2514=VERTEX_POINT('',#6147);
#2515=VERTEX_POINT('',#6149);
#2516=VERTEX_POINT('',#6153);
#2517=VERTEX_POINT('',#6156);
#2518=VERTEX_POINT('',#6159);
#2519=VERTEX_POINT('',#6162);
#2520=VERTEX_POINT('',#6165);
#2521=VERTEX_POINT('',#6167);
#2522=VERTEX_POINT('',#6169);
#2523=VERTEX_POINT('',#6171);
#2524=VERTEX_POINT('',#6173);
#2525=VERTEX_POINT('',#6175);
#2526=VERTEX_POINT('',#6177);
#2527=VERTEX_POINT('',#6179);
#2528=VERTEX_POINT('',#6181);
#2529=VERTEX_POINT('',#6183);
#2530=VERTEX_POINT('',#6185);
#2531=VERTEX_POINT('',#6187);
#2532=VERTEX_POINT('',#6189);
#2533=VERTEX_POINT('',#6191);
#2534=VERTEX_POINT('',#6193);
#2535=VERTEX_POINT('',#6198);
#2536=VERTEX_POINT('',#6201);
#2537=VERTEX_POINT('',#6205);
#2538=VERTEX_POINT('',#6208);
#2539=VERTEX_POINT('',#6214);
#2540=VERTEX_POINT('',#6216);
#2541=VERTEX_POINT('',#6218);
#2542=VERTEX_POINT('',#6220);
#2543=VERTEX_POINT('',#6222);
#2544=VERTEX_POINT('',#6224);
#2545=VERTEX_POINT('',#6226);
#2546=VERTEX_POINT('',#6228);
#2547=VERTEX_POINT('',#6230);
#2548=VERTEX_POINT('',#6232);
#2549=VERTEX_POINT('',#6234);
#2550=VERTEX_POINT('',#6236);
#2551=VERTEX_POINT('',#6238);
#2552=VERTEX_POINT('',#6240);
#2553=VERTEX_POINT('',#6265);
#2554=VERTEX_POINT('',#6267);
#2555=VERTEX_POINT('',#6269);
#2556=VERTEX_POINT('',#6271);
#2557=VERTEX_POINT('',#6273);
#2558=VERTEX_POINT('',#6275);
#2559=VERTEX_POINT('',#6277);
#2560=VERTEX_POINT('',#6279);
#2561=VERTEX_POINT('',#6281);
#2562=VERTEX_POINT('',#6292);
#2563=VERTEX_POINT('',#6294);
#2564=VERTEX_POINT('',#6297);
#2565=VERTEX_POINT('',#6299);
#2566=VERTEX_POINT('',#6319);
#2567=VERTEX_POINT('',#6352);
#2568=VERTEX_POINT('',#6354);
#2569=VERTEX_POINT('',#6357);
#2570=VERTEX_POINT('',#6361);
#2571=VERTEX_POINT('',#6363);
#2572=VERTEX_POINT('',#6366);
#2573=VERTEX_POINT('',#6370);
#2574=VERTEX_POINT('',#6372);
#2575=VERTEX_POINT('',#6375);
#2576=VERTEX_POINT('',#6379);
#2577=VERTEX_POINT('',#6381);
#2578=VERTEX_POINT('',#6384);
#2579=VERTEX_POINT('',#6402);
#2580=VERTEX_POINT('',#6403);
#2581=VERTEX_POINT('',#6405);
#2582=VERTEX_POINT('',#6407);
#2583=VERTEX_POINT('',#6411);
#2584=VERTEX_POINT('',#6413);
#2585=VERTEX_POINT('',#6417);
#2586=VERTEX_POINT('',#6419);
#2587=VERTEX_POINT('',#6423);
#2588=VERTEX_POINT('',#6424);
#2589=VERTEX_POINT('',#6426);
#2590=VERTEX_POINT('',#6428);
#2591=VERTEX_POINT('',#6432);
#2592=VERTEX_POINT('',#6433);
#2593=VERTEX_POINT('',#6435);
#2594=VERTEX_POINT('',#6437);
#2595=VERTEX_POINT('',#6445);
#2596=VERTEX_POINT('',#6447);
#2597=VERTEX_POINT('',#6449);
#2598=VERTEX_POINT('',#6451);
#2599=VERTEX_POINT('',#6459);
#2600=VERTEX_POINT('',#6460);
#2601=VERTEX_POINT('',#6462);
#2602=VERTEX_POINT('',#6464);
#2603=VERTEX_POINT('',#6471);
#2604=VERTEX_POINT('',#6472);
#2605=VERTEX_POINT('',#6474);
#2606=VERTEX_POINT('',#6476);
#2607=VERTEX_POINT('',#6480);
#2608=VERTEX_POINT('',#6481);
#2609=VERTEX_POINT('',#6483);
#2610=VERTEX_POINT('',#6485);
#2611=VERTEX_POINT('',#6489);
#2612=VERTEX_POINT('',#6490);
#2613=VERTEX_POINT('',#6492);
#2614=VERTEX_POINT('',#6494);
#2615=VERTEX_POINT('',#6498);
#2616=VERTEX_POINT('',#6499);
#2617=VERTEX_POINT('',#6501);
#2618=VERTEX_POINT('',#6503);
#2619=VERTEX_POINT('',#6507);
#2620=VERTEX_POINT('',#6508);
#2621=VERTEX_POINT('',#6510);
#2622=VERTEX_POINT('',#6512);
#2623=VERTEX_POINT('',#6516);
#2624=VERTEX_POINT('',#6517);
#2625=VERTEX_POINT('',#6519);
#2626=VERTEX_POINT('',#6521);
#2627=VERTEX_POINT('',#6525);
#2628=VERTEX_POINT('',#6526);
#2629=VERTEX_POINT('',#6528);
#2630=VERTEX_POINT('',#6530);
#2631=VERTEX_POINT('',#6534);
#2632=VERTEX_POINT('',#6535);
#2633=VERTEX_POINT('',#6537);
#2634=VERTEX_POINT('',#6539);
#2635=VERTEX_POINT('',#6546);
#2636=VERTEX_POINT('',#6548);
#2637=VERTEX_POINT('',#6565);
#2638=VERTEX_POINT('',#6567);
#2639=VERTEX_POINT('',#6568);
#2640=VERTEX_POINT('',#6570);
#2641=VERTEX_POINT('',#6572);
#2642=VERTEX_POINT('',#6574);
#2643=VERTEX_POINT('',#6576);
#2644=VERTEX_POINT('',#6581);
#2645=VERTEX_POINT('',#6596);
#2646=VERTEX_POINT('',#6598);
#2647=VERTEX_POINT('',#6601);
#2648=VERTEX_POINT('',#6603);
#2649=VERTEX_POINT('',#6607);
#2650=VERTEX_POINT('',#6608);
#2651=VERTEX_POINT('',#6610);
#2652=VERTEX_POINT('',#6612);
#2653=VERTEX_POINT('',#6616);
#2654=VERTEX_POINT('',#6618);
#2655=VERTEX_POINT('',#6622);
#2656=VERTEX_POINT('',#6624);
#2657=VERTEX_POINT('',#6628);
#2658=VERTEX_POINT('',#6629);
#2659=VERTEX_POINT('',#6631);
#2660=VERTEX_POINT('',#6633);
#2661=VERTEX_POINT('',#6637);
#2662=VERTEX_POINT('',#6638);
#2663=VERTEX_POINT('',#6640);
#2664=VERTEX_POINT('',#6642);
#2665=VERTEX_POINT('',#6646);
#2666=VERTEX_POINT('',#6647);
#2667=VERTEX_POINT('',#6649);
#2668=VERTEX_POINT('',#6651);
#2669=VERTEX_POINT('',#6655);
#2670=VERTEX_POINT('',#6656);
#2671=VERTEX_POINT('',#6658);
#2672=VERTEX_POINT('',#6660);
#2673=VERTEX_POINT('',#6664);
#2674=VERTEX_POINT('',#6665);
#2675=VERTEX_POINT('',#6667);
#2676=VERTEX_POINT('',#6669);
#2677=VERTEX_POINT('',#6673);
#2678=VERTEX_POINT('',#6674);
#2679=VERTEX_POINT('',#6676);
#2680=VERTEX_POINT('',#6678);
#2681=VERTEX_POINT('',#6682);
#2682=VERTEX_POINT('',#6683);
#2683=VERTEX_POINT('',#6685);
#2684=VERTEX_POINT('',#6687);
#2685=VERTEX_POINT('',#6691);
#2686=VERTEX_POINT('',#6692);
#2687=VERTEX_POINT('',#6694);
#2688=VERTEX_POINT('',#6696);
#2689=VERTEX_POINT('',#6700);
#2690=VERTEX_POINT('',#6701);
#2691=VERTEX_POINT('',#6703);
#2692=VERTEX_POINT('',#6705);
#2693=VERTEX_POINT('',#6709);
#2694=VERTEX_POINT('',#6710);
#2695=VERTEX_POINT('',#6712);
#2696=VERTEX_POINT('',#6714);
#2697=VERTEX_POINT('',#6722);
#2698=VERTEX_POINT('',#6724);
#2699=VERTEX_POINT('',#6726);
#2700=VERTEX_POINT('',#6728);
#2701=VERTEX_POINT('',#6736);
#2702=VERTEX_POINT('',#6737);
#2703=VERTEX_POINT('',#6739);
#2704=VERTEX_POINT('',#6741);
#2705=VERTEX_POINT('',#6748);
#2706=VERTEX_POINT('',#6750);
#2707=VERTEX_POINT('',#6765);
#2708=VERTEX_POINT('',#6767);
#2709=VERTEX_POINT('',#6768);
#2710=VERTEX_POINT('',#6770);
#2711=VERTEX_POINT('',#6772);
#2712=VERTEX_POINT('',#6774);
#2713=VERTEX_POINT('',#6776);
#2714=VERTEX_POINT('',#6781);
#2715=VERTEX_POINT('',#6796);
#2716=VERTEX_POINT('',#6798);
#2717=VERTEX_POINT('',#6801);
#2718=VERTEX_POINT('',#6803);
#2719=VERTEX_POINT('',#6880);
#2720=CIRCLE('',#4009,0.004);
#2721=CIRCLE('',#4010,0.004);
#2722=CIRCLE('',#4012,0.004);
#2723=CIRCLE('',#4013,0.004);
#2724=CIRCLE('',#4015,0.012);
#2725=CIRCLE('',#4016,0.00155);
#2726=CIRCLE('',#4017,0.00155);
#2727=CIRCLE('',#4018,0.00155);
#2728=CIRCLE('',#4019,0.00155);
#2729=CIRCLE('',#4020,0.01);
#2730=CIRCLE('',#4021,0.01);
#2731=CIRCLE('',#4022,0.01);
#2732=CIRCLE('',#4023,0.01);
#2733=CIRCLE('',#4024,0.01);
#2734=CIRCLE('',#4025,0.01);
#2735=CIRCLE('',#4026,0.005);
#2736=CIRCLE('',#4027,0.005);
#2737=CIRCLE('',#4028,0.015);
#2738=CIRCLE('',#4029,0.01);
#2739=CIRCLE('',#4030,0.01);
#2740=CIRCLE('',#4031,0.0075);
#2741=CIRCLE('',#4032,0.01);
#2742=CIRCLE('',#4033,0.0075);
#2743=CIRCLE('',#4034,0.0045);
#2744=CIRCLE('',#4035,0.0025);
#2745=CIRCLE('',#4036,0.0025);
#2746=CIRCLE('',#4037,0.0045);
#2747=CIRCLE('',#4038,0.0045);
#2748=CIRCLE('',#4039,0.0045);
#2749=CIRCLE('',#4040,0.012);
#2750=CIRCLE('',#4041,0.012);
#2751=CIRCLE('',#4042,0.004);
#2752=CIRCLE('',#4043,0.004);
#2753=CIRCLE('',#4044,0.004);
#2754=CIRCLE('',#4045,0.004);
#2755=CIRCLE('',#4046,0.004);
#2756=CIRCLE('',#4047,0.004);
#2757=CIRCLE('',#4048,0.004);
#2758=CIRCLE('',#4049,0.004);
#2759=CIRCLE('',#4050,0.012);
#2760=CIRCLE('',#4051,0.012);
#2761=CIRCLE('',#4052,0.01);
#2762=CIRCLE('',#4053,0.01);
#2763=CIRCLE('',#4054,0.0055);
#2764=CIRCLE('',#4055,0.01);
#2765=CIRCLE('',#4056,0.012);
#2766=CIRCLE('',#4057,0.012);
#2767=CIRCLE('',#4058,0.0055);
#2768=CIRCLE('',#4059,0.0055);
#2769=CIRCLE('',#4060,0.005);
#2770=CIRCLE('',#4061,0.005);
#2771=CIRCLE('',#4062,0.005);
#2772=CIRCLE('',#4063,0.005);
#2773=CIRCLE('',#4064,0.004);
#2774=CIRCLE('',#4065,0.004);
#2775=CIRCLE('',#4066,0.004);
#2776=CIRCLE('',#4067,0.004);
#2777=CIRCLE('',#4068,0.004);
#2778=CIRCLE('',#4069,0.004);
#2779=CIRCLE('',#4070,0.004);
#2780=CIRCLE('',#4071,0.004);
#2781=CIRCLE('',#4072,0.012);
#2782=CIRCLE('',#4073,0.012);
#2783=CIRCLE('',#4079,0.00125);
#2784=CIRCLE('',#4080,0.0024);
#2785=CIRCLE('',#4081,0.0031);
#2786=CIRCLE('',#4082,0.0024);
#2787=CIRCLE('',#4096,0.00155);
#2788=CIRCLE('',#4098,0.00155);
#2789=CIRCLE('',#4100,0.00155);
#2790=CIRCLE('',#4102,0.00155);
#2791=CIRCLE('',#4104,0.012);
#2792=CIRCLE('',#4105,0.0045);
#2793=CIRCLE('',#4106,0.0045);
#2794=CIRCLE('',#4107,0.0045);
#2795=CIRCLE('',#4108,0.0045);
#2796=CIRCLE('',#4109,0.0045);
#2797=CIRCLE('',#4110,0.0045);
#2798=CIRCLE('',#4111,0.0045);
#2799=CIRCLE('',#4112,0.0045);
#2800=CIRCLE('',#4113,0.0045);
#2801=CIRCLE('',#4114,0.0045);
#2802=CIRCLE('',#4115,0.0045);
#2803=CIRCLE('',#4116,0.0045);
#2804=CIRCLE('',#4117,0.0045);
#2805=CIRCLE('',#4118,0.0045);
#2806=CIRCLE('',#4119,0.012);
#2807=CIRCLE('',#4120,0.012);
#2808=CIRCLE('',#4121,0.005);
#2809=CIRCLE('',#4122,0.005);
#2810=CIRCLE('',#4123,0.005);
#2811=CIRCLE('',#4124,0.005);
#2812=CIRCLE('',#4125,0.012);
#2813=CIRCLE('',#4126,0.012);
#2814=CIRCLE('',#4127,0.01);
#2815=CIRCLE('',#4128,0.01);
#2816=CIRCLE('',#4129,0.012);
#2817=CIRCLE('',#4130,0.012);
#2818=CIRCLE('',#4131,0.012);
#2819=CIRCLE('',#4132,0.012);
#2820=CIRCLE('',#4133,0.0025);
#2821=CIRCLE('',#4134,0.0025);
#2822=CIRCLE('',#4135,0.0075);
#2823=CIRCLE('',#4136,0.01);
#2824=CIRCLE('',#4137,0.0075);
#2825=CIRCLE('',#4138,0.01);
#2826=CIRCLE('',#4139,0.01);
#2827=CIRCLE('',#4140,0.015);
#2828=CIRCLE('',#4141,0.005);
#2829=CIRCLE('',#4142,0.005);
#2830=CIRCLE('',#4143,0.01);
#2831=CIRCLE('',#4144,0.01);
#2832=CIRCLE('',#4145,0.01);
#2833=CIRCLE('',#4146,0.01);
#2834=CIRCLE('',#4147,0.01);
#2835=CIRCLE('',#4148,0.01);
#2836=CIRCLE('',#4162,0.00125);
#2837=CIRCLE('',#4163,0.0024);
#2838=CIRCLE('',#4164,0.0031);
#2839=CIRCLE('',#4165,0.0024);
#2840=CIRCLE('',#4171,0.00125);
#2841=CIRCLE('',#4174,0.00125);
#2842=CIRCLE('',#4209,0.00125);
#2843=CIRCLE('',#4210,0.00125);
#2844=CIRCLE('',#4212,0.0029);
#2845=CIRCLE('',#4215,0.00125);
#2846=CIRCLE('',#4216,0.00125);
#2847=CIRCLE('',#4218,0.0029);
#2848=CIRCLE('',#4221,0.00125);
#2849=CIRCLE('',#4222,0.00125);
#2850=CIRCLE('',#4224,0.0029);
#2851=CIRCLE('',#4227,0.00125);
#2852=CIRCLE('',#4228,0.00125);
#2853=CIRCLE('',#4230,0.0029);
#2854=CIRCLE('',#4259,0.00125);
#2855=CIRCLE('',#4260,0.00125);
#2856=CIRCLE('',#4261,0.002);
#2857=CIRCLE('',#4262,0.002);
#2858=CIRCLE('',#4263,0.002);
#2859=CIRCLE('',#4264,0.002);
#2860=CIRCLE('',#4265,0.002);
#2861=CIRCLE('',#4266,0.002);
#2862=CIRCLE('',#4267,0.002);
#2863=CIRCLE('',#4268,0.002);
#2864=CIRCLE('',#4269,0.002);
#2865=CIRCLE('',#4270,0.002);
#2866=CIRCLE('',#4271,0.002);
#2867=CIRCLE('',#4272,0.002);
#2868=CIRCLE('',#4276,0.01475);
#2869=CIRCLE('',#4277,0.01475);
#2870=CIRCLE('',#4278,0.01475);
#2871=CIRCLE('',#4279,0.01475);
#2872=CIRCLE('',#4280,0.01475);
#2873=CIRCLE('',#4281,0.01475);
#2874=CIRCLE('',#4282,0.01475);
#2875=CIRCLE('',#4285,0.0045);
#2876=CIRCLE('',#4286,0.0045);
#2877=CIRCLE('',#4287,0.0045);
#2878=CIRCLE('',#4288,0.0045);
#2879=CIRCLE('',#4289,0.0045);
#2880=CIRCLE('',#4290,0.0045);
#2881=CIRCLE('',#4291,0.0045);
#2882=CIRCLE('',#4300,0.00125);
#2883=CIRCLE('',#4303,0.00125);
#2884=CIRCLE('',#4322,0.00125);
#2885=CIRCLE('',#4323,0.00125);
#2886=CIRCLE('',#4324,0.002);
#2887=CIRCLE('',#4325,0.002);
#2888=CIRCLE('',#4326,0.002);
#2889=CIRCLE('',#4327,0.002);
#2890=CIRCLE('',#4328,0.002);
#2891=CIRCLE('',#4329,0.002);
#2892=CIRCLE('',#4330,0.002);
#2893=CIRCLE('',#4331,0.002);
#2894=CIRCLE('',#4332,0.002);
#2895=CIRCLE('',#4333,0.002);
#2896=CIRCLE('',#4334,0.002);
#2897=CIRCLE('',#4335,0.002);
#2898=CIRCLE('',#4337,0.01475);
#2899=CIRCLE('',#4338,0.01475);
#2900=CIRCLE('',#4339,0.01475);
#2901=CIRCLE('',#4340,0.01475);
#2902=CIRCLE('',#4341,0.01475);
#2903=CIRCLE('',#4342,0.01475);
#2904=CIRCLE('',#4343,0.01475);
#2905=CIRCLE('',#4346,0.0045);
#2906=CIRCLE('',#4347,0.0045);
#2907=CIRCLE('',#4348,0.0045);
#2908=CIRCLE('',#4349,0.0045);
#2909=CIRCLE('',#4350,0.0045);
#2910=CIRCLE('',#4351,0.0045);
#2911=CIRCLE('',#4352,0.0045);
#2912=CIRCLE('',#4361,0.00125);
#2913=CIRCLE('',#4364,0.00125);
#2914=CIRCLE('',#4367,0.002);
#2915=CIRCLE('',#4369,0.002);
#2916=CIRCLE('',#4371,0.002);
#2917=CIRCLE('',#4373,0.002);
#2918=CIRCLE('',#4375,0.002);
#2919=CIRCLE('',#4377,0.002);
#2920=CIRCLE('',#4379,0.002);
#2921=CIRCLE('',#4381,0.002);
#2922=CIRCLE('',#4383,0.002);
#2923=CIRCLE('',#4385,0.002);
#2924=CIRCLE('',#4387,0.002);
#2925=CIRCLE('',#4389,0.002);
#2926=CIRCLE('',#4391,0.002);
#2927=CIRCLE('',#4393,0.002);
#2928=CIRCLE('',#4395,0.002);
#2929=CIRCLE('',#4397,0.002);
#2930=CIRCLE('',#4399,0.002);
#2931=CIRCLE('',#4401,0.002);
#2932=CIRCLE('',#4403,0.002);
#2933=CIRCLE('',#4405,0.002);
#2934=CIRCLE('',#4407,0.002);
#2935=CIRCLE('',#4409,0.002);
#2936=CIRCLE('',#4411,0.002);
#2937=CIRCLE('',#4413,0.002);
#2938=CIRCLE('',#4415,0.002);
#2939=CIRCLE('',#4417,0.002);
#2940=CIRCLE('',#4419,0.002);
#2941=CIRCLE('',#4421,0.002);
#2942=CIRCLE('',#4423,0.002);
#2943=CIRCLE('',#4425,0.002);
#2944=CIRCLE('',#4427,0.002);
#2945=CIRCLE('',#4429,0.002);
#2946=CIRCLE('',#4431,0.002);
#2947=CIRCLE('',#4433,0.002);
#2948=CIRCLE('',#4436,0.002);
#2949=CIRCLE('',#4438,0.002);
#2950=CIRCLE('',#4443,0.002);
#2951=CIRCLE('',#4445,0.002);
#2952=CIRCLE('',#4447,0.002);
#2953=CIRCLE('',#4449,0.002);
#2954=CIRCLE('',#4451,0.002);
#2955=CIRCLE('',#4453,0.002);
#2956=CIRCLE('',#4455,0.002);
#2957=CIRCLE('',#4457,0.002);
#2958=CIRCLE('',#4459,0.002);
#2959=CIRCLE('',#4461,0.002);
#2960=CIRCLE('',#4463,0.002);
#2961=CIRCLE('',#4465,0.002);
#2962=CIRCLE('',#4467,0.002);
#2963=CIRCLE('',#4469,0.002);
#2964=CIRCLE('',#4471,0.002);
#2965=CIRCLE('',#4473,0.002);
#2966=CIRCLE('',#4475,0.002);
#2967=CIRCLE('',#4477,0.002);
#2968=CIRCLE('',#4479,0.002);
#2969=CIRCLE('',#4481,0.002);
#2970=CIRCLE('',#4483,0.002);
#2971=CIRCLE('',#4485,0.002);
#2972=CIRCLE('',#4487,0.002);
#2973=CIRCLE('',#4489,0.002);
#2974=CIRCLE('',#4491,0.002);
#2975=CIRCLE('',#4493,0.002);
#2976=CIRCLE('',#4495,0.002);
#2977=CIRCLE('',#4497,0.002);
#2978=EDGE_LOOP('',(#719,#720,#721,#722));
#2979=EDGE_LOOP('',(#723,#724,#725,#726));
#2980=EDGE_LOOP('',(#727));
#2981=EDGE_LOOP('',(#728));
#2982=EDGE_LOOP('',(#729));
#2983=EDGE_LOOP('',(#730));
#2984=EDGE_LOOP('',(#731));
#2985=EDGE_LOOP('',(#732,#733,#734,#735,#736,#737,#738,#739));
#2986=EDGE_LOOP('',(#740));
#2987=EDGE_LOOP('',(#741));
#2988=EDGE_LOOP('',(#742));
#2989=EDGE_LOOP('',(#743));
#2990=EDGE_LOOP('',(#744));
#2991=EDGE_LOOP('',(#745));
#2992=EDGE_LOOP('',(#746));
#2993=EDGE_LOOP('',(#747));
#2994=EDGE_LOOP('',(#748));
#2995=EDGE_LOOP('',(#749,#750));
#2996=EDGE_LOOP('',(#751));
#2997=EDGE_LOOP('',(#752));
#2998=EDGE_LOOP('',(#753));
#2999=EDGE_LOOP('',(#754));
#3000=EDGE_LOOP('',(#755));
#3001=EDGE_LOOP('',(#756,#757,#758,#759,#760,#761,#762,#763,#764,#765,#766,
#767,#768,#769,#770,#771,#772,#773,#774,#775,#776,#777,#778,#779,#780,#781,
#782,#783,#784,#785,#786,#787,#788,#789,#790,#791,#792,#793,#794,#795,#796,
#797,#798,#799,#800,#801,#802,#803,#804,#805,#806,#807,#808,#809,#810,#811,
#812,#813,#814,#815,#816,#817,#818,#819,#820,#821,#822,#823,#824,#825,#826,
#827,#828,#829,#830,#831,#832,#833,#834,#835,#836,#837,#838,#839,#840,#841,
#842,#843));
#3002=EDGE_LOOP('',(#844,#845,#846,#847));
#3003=EDGE_LOOP('',(#848,#849,#850,#851));
#3004=EDGE_LOOP('',(#852,#853,#854,#855));
#3005=EDGE_LOOP('',(#856,#857,#858,#859));
#3006=EDGE_LOOP('',(#860));
#3007=EDGE_LOOP('',(#861,#862,#863,#864,#865,#866,#867,#868,#869,#870,#871,
#872));
#3008=EDGE_LOOP('',(#873,#874,#875,#876));
#3009=EDGE_LOOP('',(#877,#878,#879,#880,#881,#882));
#3010=EDGE_LOOP('',(#883,#884,#885,#886));
#3011=EDGE_LOOP('',(#887,#888,#889,#890,#891,#892));
#3012=EDGE_LOOP('',(#893,#894,#895,#896));
#3013=EDGE_LOOP('',(#897,#898,#899,#900));
#3014=EDGE_LOOP('',(#901,#902,#903,#904));
#3015=EDGE_LOOP('',(#905,#906,#907,#908));
#3016=EDGE_LOOP('',(#909,#910,#911,#912));
#3017=EDGE_LOOP('',(#913,#914,#915,#916,#917,#918,#919,#920));
#3018=EDGE_LOOP('',(#921,#922,#923,#924));
#3019=EDGE_LOOP('',(#925,#926,#927,#928));
#3020=EDGE_LOOP('',(#929));
#3021=EDGE_LOOP('',(#930));
#3022=EDGE_LOOP('',(#931));
#3023=EDGE_LOOP('',(#932));
#3024=EDGE_LOOP('',(#933));
#3025=EDGE_LOOP('',(#934));
#3026=EDGE_LOOP('',(#935));
#3027=EDGE_LOOP('',(#936));
#3028=EDGE_LOOP('',(#937));
#3029=EDGE_LOOP('',(#938));
#3030=EDGE_LOOP('',(#939));
#3031=EDGE_LOOP('',(#940));
#3032=EDGE_LOOP('',(#941));
#3033=EDGE_LOOP('',(#942));
#3034=EDGE_LOOP('',(#943));
#3035=EDGE_LOOP('',(#944));
#3036=EDGE_LOOP('',(#945));
#3037=EDGE_LOOP('',(#946));
#3038=EDGE_LOOP('',(#947));
#3039=EDGE_LOOP('',(#948));
#3040=EDGE_LOOP('',(#949));
#3041=EDGE_LOOP('',(#950));
#3042=EDGE_LOOP('',(#951));
#3043=EDGE_LOOP('',(#952,#953,#954,#955,#956,#957,#958,#959,#960,#961,#962,
#963,#964,#965,#966,#967,#968,#969,#970,#971,#972,#973,#974,#975,#976,#977));
#3044=EDGE_LOOP('',(#978));
#3045=EDGE_LOOP('',(#979));
#3046=EDGE_LOOP('',(#980));
#3047=EDGE_LOOP('',(#981));
#3048=EDGE_LOOP('',(#982));
#3049=EDGE_LOOP('',(#983));
#3050=EDGE_LOOP('',(#984));
#3051=EDGE_LOOP('',(#985));
#3052=EDGE_LOOP('',(#986));
#3053=EDGE_LOOP('',(#987));
#3054=EDGE_LOOP('',(#988));
#3055=EDGE_LOOP('',(#989));
#3056=EDGE_LOOP('',(#990));
#3057=EDGE_LOOP('',(#991,#992,#993,#994,#995,#996,#997,#998));
#3058=EDGE_LOOP('',(#999));
#3059=EDGE_LOOP('',(#1000));
#3060=EDGE_LOOP('',(#1001));
#3061=EDGE_LOOP('',(#1002,#1003,#1004,#1005));
#3062=EDGE_LOOP('',(#1006,#1007,#1008,#1009));
#3063=EDGE_LOOP('',(#1010,#1011,#1012,#1013));
#3064=EDGE_LOOP('',(#1014,#1015,#1016,#1017));
#3065=EDGE_LOOP('',(#1018,#1019,#1020,#1021));
#3066=EDGE_LOOP('',(#1022,#1023,#1024,#1025));
#3067=EDGE_LOOP('',(#1026,#1027,#1028,#1029));
#3068=EDGE_LOOP('',(#1030,#1031,#1032,#1033));
#3069=EDGE_LOOP('',(#1034,#1035,#1036,#1037));
#3070=EDGE_LOOP('',(#1038,#1039,#1040,#1041));
#3071=EDGE_LOOP('',(#1042,#1043,#1044,#1045));
#3072=EDGE_LOOP('',(#1046,#1047,#1048,#1049));
#3073=EDGE_LOOP('',(#1050));
#3074=EDGE_LOOP('',(#1051,#1052,#1053,#1054,#1055,#1056,#1057,#1058,#1059,
#1060,#1061,#1062));
#3075=EDGE_LOOP('',(#1063,#1064,#1065,#1066));
#3076=EDGE_LOOP('',(#1067,#1068,#1069,#1070));
#3077=EDGE_LOOP('',(#1071,#1072,#1073,#1074));
#3078=EDGE_LOOP('',(#1075,#1076,#1077,#1078));
#3079=EDGE_LOOP('',(#1079));
#3080=EDGE_LOOP('',(#1080));
#3081=EDGE_LOOP('',(#1081));
#3082=EDGE_LOOP('',(#1082));
#3083=EDGE_LOOP('',(#1083));
#3084=EDGE_LOOP('',(#1084));
#3085=EDGE_LOOP('',(#1085));
#3086=EDGE_LOOP('',(#1086));
#3087=EDGE_LOOP('',(#1087));
#3088=EDGE_LOOP('',(#1088));
#3089=EDGE_LOOP('',(#1089));
#3090=EDGE_LOOP('',(#1090));
#3091=EDGE_LOOP('',(#1091));
#3092=EDGE_LOOP('',(#1092));
#3093=EDGE_LOOP('',(#1093));
#3094=EDGE_LOOP('',(#1094));
#3095=EDGE_LOOP('',(#1095));
#3096=EDGE_LOOP('',(#1096));
#3097=EDGE_LOOP('',(#1097));
#3098=EDGE_LOOP('',(#1098));
#3099=EDGE_LOOP('',(#1099));
#3100=EDGE_LOOP('',(#1100));
#3101=EDGE_LOOP('',(#1101));
#3102=EDGE_LOOP('',(#1102));
#3103=EDGE_LOOP('',(#1103));
#3104=EDGE_LOOP('',(#1104,#1105));
#3105=EDGE_LOOP('',(#1106));
#3106=EDGE_LOOP('',(#1107));
#3107=EDGE_LOOP('',(#1108));
#3108=EDGE_LOOP('',(#1109));
#3109=EDGE_LOOP('',(#1110,#1111,#1112,#1113,#1114));
#3110=EDGE_LOOP('',(#1115,#1116,#1117,#1118,#1119));
#3111=EDGE_LOOP('',(#1120,#1121,#1122));
#3112=EDGE_LOOP('',(#1123,#1124,#1125,#1126));
#3113=EDGE_LOOP('',(#1127,#1128,#1129));
#3114=EDGE_LOOP('',(#1130,#1131,#1132,#1133));
#3115=EDGE_LOOP('',(#1134,#1135,#1136,#1137));
#3116=EDGE_LOOP('',(#1138,#1139,#1140,#1141));
#3117=EDGE_LOOP('',(#1142,#1143,#1144,#1145));
#3118=EDGE_LOOP('',(#1146,#1147,#1148));
#3119=EDGE_LOOP('',(#1149,#1150,#1151,#1152,#1153,#1154));
#3120=EDGE_LOOP('',(#1155,#1156,#1157));
#3121=EDGE_LOOP('',(#1158,#1159,#1160,#1161));
#3122=EDGE_LOOP('',(#1162,#1163,#1164,#1165));
#3123=EDGE_LOOP('',(#1166,#1167,#1168,#1169));
#3124=EDGE_LOOP('',(#1170,#1171,#1172,#1173,#1174,#1175,#1176));
#3125=EDGE_LOOP('',(#1177,#1178,#1179,#1180));
#3126=EDGE_LOOP('',(#1181,#1182,#1183,#1184));
#3127=EDGE_LOOP('',(#1185));
#3128=EDGE_LOOP('',(#1186));
#3129=EDGE_LOOP('',(#1187));
#3130=EDGE_LOOP('',(#1188));
#3131=EDGE_LOOP('',(#1189));
#3132=EDGE_LOOP('',(#1190));
#3133=EDGE_LOOP('',(#1191));
#3134=EDGE_LOOP('',(#1192));
#3135=EDGE_LOOP('',(#1193));
#3136=EDGE_LOOP('',(#1194));
#3137=EDGE_LOOP('',(#1195));
#3138=EDGE_LOOP('',(#1196));
#3139=EDGE_LOOP('',(#1197));
#3140=EDGE_LOOP('',(#1198));
#3141=EDGE_LOOP('',(#1199));
#3142=EDGE_LOOP('',(#1200));
#3143=EDGE_LOOP('',(#1201));
#3144=EDGE_LOOP('',(#1202));
#3145=EDGE_LOOP('',(#1203));
#3146=EDGE_LOOP('',(#1204));
#3147=EDGE_LOOP('',(#1205));
#3148=EDGE_LOOP('',(#1206));
#3149=EDGE_LOOP('',(#1207,#1208));
#3150=EDGE_LOOP('',(#1209));
#3151=EDGE_LOOP('',(#1210));
#3152=EDGE_LOOP('',(#1211));
#3153=EDGE_LOOP('',(#1212));
#3154=EDGE_LOOP('',(#1213));
#3155=EDGE_LOOP('',(#1214,#1215,#1216,#1217));
#3156=EDGE_LOOP('',(#1218,#1219,#1220,#1221));
#3157=EDGE_LOOP('',(#1222,#1223,#1224,#1225));
#3158=EDGE_LOOP('',(#1226,#1227,#1228,#1229));
#3159=EDGE_LOOP('',(#1230,#1231,#1232,#1233));
#3160=EDGE_LOOP('',(#1234,#1235,#1236,#1237));
#3161=EDGE_LOOP('',(#1238,#1239,#1240,#1241));
#3162=EDGE_LOOP('',(#1242,#1243,#1244,#1245));
#3163=EDGE_LOOP('',(#1246,#1247,#1248,#1249));
#3164=EDGE_LOOP('',(#1250,#1251,#1252,#1253));
#3165=EDGE_LOOP('',(#1254,#1255,#1256,#1257));
#3166=EDGE_LOOP('',(#1258,#1259,#1260,#1261,#1262,#1263));
#3167=EDGE_LOOP('',(#1264,#1265,#1266,#1267));
#3168=EDGE_LOOP('',(#1268,#1269,#1270,#1271));
#3169=EDGE_LOOP('',(#1272,#1273,#1274,#1275));
#3170=EDGE_LOOP('',(#1276,#1277,#1278,#1279));
#3171=EDGE_LOOP('',(#1280,#1281,#1282,#1283));
#3172=EDGE_LOOP('',(#1284,#1285,#1286,#1287));
#3173=EDGE_LOOP('',(#1288,#1289,#1290,#1291));
#3174=EDGE_LOOP('',(#1292,#1293,#1294,#1295));
#3175=EDGE_LOOP('',(#1296,#1297,#1298,#1299));
#3176=EDGE_LOOP('',(#1300,#1301,#1302,#1303));
#3177=EDGE_LOOP('',(#1304));
#3178=EDGE_LOOP('',(#1305));
#3179=EDGE_LOOP('',(#1306,#1307,#1308,#1309,#1310,#1311,#1312,#1313,#1314,
#1315,#1316,#1317,#1318,#1319,#1320,#1321,#1322,#1323,#1324,#1325,#1326,
#1327,#1328,#1329));
#3180=EDGE_LOOP('',(#1330,#1331,#1332,#1333));
#3181=EDGE_LOOP('',(#1334,#1335,#1336,#1337));
#3182=EDGE_LOOP('',(#1338,#1339,#1340,#1341));
#3183=EDGE_LOOP('',(#1342));
#3184=EDGE_LOOP('',(#1343,#1344,#1345,#1346,#1347,#1348));
#3185=EDGE_LOOP('',(#1349,#1350,#1351,#1352));
#3186=EDGE_LOOP('',(#1353));
#3187=EDGE_LOOP('',(#1354));
#3188=EDGE_LOOP('',(#1355,#1356,#1357,#1358,#1359,#1360,#1361,#1362,#1363,
#1364,#1365,#1366));
#3189=EDGE_LOOP('',(#1367));
#3190=EDGE_LOOP('',(#1368));
#3191=EDGE_LOOP('',(#1369));
#3192=EDGE_LOOP('',(#1370));
#3193=EDGE_LOOP('',(#1371));
#3194=EDGE_LOOP('',(#1372));
#3195=EDGE_LOOP('',(#1373));
#3196=EDGE_LOOP('',(#1374));
#3197=EDGE_LOOP('',(#1375));
#3198=EDGE_LOOP('',(#1376));
#3199=EDGE_LOOP('',(#1377));
#3200=EDGE_LOOP('',(#1378));
#3201=EDGE_LOOP('',(#1379));
#3202=EDGE_LOOP('',(#1380));
#3203=EDGE_LOOP('',(#1381));
#3204=EDGE_LOOP('',(#1382));
#3205=EDGE_LOOP('',(#1383));
#3206=EDGE_LOOP('',(#1384));
#3207=EDGE_LOOP('',(#1385));
#3208=EDGE_LOOP('',(#1386));
#3209=EDGE_LOOP('',(#1387,#1388,#1389,#1390));
#3210=EDGE_LOOP('',(#1391,#1392,#1393,#1394));
#3211=EDGE_LOOP('',(#1395,#1396,#1397,#1398));
#3212=EDGE_LOOP('',(#1399,#1400,#1401,#1402));
#3213=EDGE_LOOP('',(#1403,#1404,#1405,#1406));
#3214=EDGE_LOOP('',(#1407,#1408,#1409,#1410));
#3215=EDGE_LOOP('',(#1411,#1412,#1413,#1414));
#3216=EDGE_LOOP('',(#1415,#1416,#1417,#1418));
#3217=EDGE_LOOP('',(#1419,#1420,#1421,#1422));
#3218=EDGE_LOOP('',(#1423,#1424,#1425,#1426));
#3219=EDGE_LOOP('',(#1427,#1428,#1429,#1430));
#3220=EDGE_LOOP('',(#1431,#1432,#1433,#1434));
#3221=EDGE_LOOP('',(#1435,#1436,#1437,#1438));
#3222=EDGE_LOOP('',(#1439,#1440,#1441,#1442,#1443,#1444));
#3223=EDGE_LOOP('',(#1445,#1446,#1447,#1448));
#3224=EDGE_LOOP('',(#1449,#1450,#1451,#1452));
#3225=EDGE_LOOP('',(#1453));
#3226=EDGE_LOOP('',(#1454));
#3227=EDGE_LOOP('',(#1455,#1456,#1457,#1458,#1459,#1460,#1461,#1462,#1463,
#1464,#1465,#1466,#1467,#1468,#1469,#1470,#1471,#1472,#1473,#1474,#1475,
#1476,#1477,#1478));
#3228=EDGE_LOOP('',(#1479,#1480,#1481,#1482));
#3229=EDGE_LOOP('',(#1483));
#3230=EDGE_LOOP('',(#1484,#1485,#1486,#1487,#1488,#1489));
#3231=EDGE_LOOP('',(#1490,#1491,#1492,#1493));
#3232=EDGE_LOOP('',(#1494));
#3233=EDGE_LOOP('',(#1495));
#3234=EDGE_LOOP('',(#1496,#1497,#1498,#1499,#1500,#1501,#1502,#1503,#1504,
#1505,#1506,#1507));
#3235=EDGE_LOOP('',(#1508));
#3236=EDGE_LOOP('',(#1509));
#3237=EDGE_LOOP('',(#1510));
#3238=EDGE_LOOP('',(#1511));
#3239=EDGE_LOOP('',(#1512));
#3240=EDGE_LOOP('',(#1513));
#3241=EDGE_LOOP('',(#1514));
#3242=EDGE_LOOP('',(#1515));
#3243=EDGE_LOOP('',(#1516));
#3244=EDGE_LOOP('',(#1517));
#3245=EDGE_LOOP('',(#1518));
#3246=EDGE_LOOP('',(#1519));
#3247=EDGE_LOOP('',(#1520));
#3248=EDGE_LOOP('',(#1521));
#3249=EDGE_LOOP('',(#1522));
#3250=EDGE_LOOP('',(#1523));
#3251=EDGE_LOOP('',(#1524));
#3252=EDGE_LOOP('',(#1525));
#3253=EDGE_LOOP('',(#1526));
#3254=EDGE_LOOP('',(#1527));
#3255=EDGE_LOOP('',(#1528,#1529,#1530,#1531));
#3256=EDGE_LOOP('',(#1532,#1533,#1534,#1535,#1536,#1537));
#3257=EDGE_LOOP('',(#1538,#1539,#1540,#1541));
#3258=EDGE_LOOP('',(#1542,#1543,#1544,#1545));
#3259=EDGE_LOOP('',(#1546,#1547,#1548));
#3260=EDGE_LOOP('',(#1549,#1550,#1551,#1552));
#3261=EDGE_LOOP('',(#1553,#1554,#1555,#1556));
#3262=EDGE_LOOP('',(#1557,#1558,#1559,#1560));
#3263=EDGE_LOOP('',(#1561,#1562,#1563,#1564));
#3264=EDGE_LOOP('',(#1565,#1566,#1567,#1568));
#3265=EDGE_LOOP('',(#1569,#1570,#1571,#1572));
#3266=EDGE_LOOP('',(#1573,#1574,#1575,#1576));
#3267=EDGE_LOOP('',(#1577,#1578,#1579,#1580));
#3268=EDGE_LOOP('',(#1581,#1582,#1583));
#3269=EDGE_LOOP('',(#1584,#1585,#1586,#1587));
#3270=EDGE_LOOP('',(#1588,#1589,#1590,#1591));
#3271=EDGE_LOOP('',(#1592,#1593,#1594,#1595));
#3272=EDGE_LOOP('',(#1596,#1597,#1598,#1599));
#3273=EDGE_LOOP('',(#1600,#1601,#1602,#1603));
#3274=EDGE_LOOP('',(#1604,#1605,#1606,#1607));
#3275=EDGE_LOOP('',(#1608,#1609,#1610,#1611));
#3276=EDGE_LOOP('',(#1612,#1613,#1614,#1615));
#3277=EDGE_LOOP('',(#1616,#1617,#1618));
#3278=EDGE_LOOP('',(#1619,#1620,#1621,#1622));
#3279=EDGE_LOOP('',(#1623,#1624,#1625,#1626));
#3280=EDGE_LOOP('',(#1627,#1628,#1629,#1630));
#3281=EDGE_LOOP('',(#1631,#1632,#1633,#1634));
#3282=EDGE_LOOP('',(#1635,#1636,#1637,#1638));
#3283=EDGE_LOOP('',(#1639,#1640,#1641,#1642));
#3284=EDGE_LOOP('',(#1643,#1644,#1645,#1646));
#3285=EDGE_LOOP('',(#1647,#1648,#1649,#1650));
#3286=EDGE_LOOP('',(#1651,#1652,#1653));
#3287=EDGE_LOOP('',(#1654,#1655,#1656,#1657));
#3288=EDGE_LOOP('',(#1658,#1659,#1660,#1661));
#3289=EDGE_LOOP('',(#1662,#1663,#1664,#1665,#1666,#1667));
#3290=EDGE_LOOP('',(#1668,#1669,#1670,#1671));
#3291=EDGE_LOOP('',(#1672,#1673,#1674,#1675,#1676));
#3292=EDGE_LOOP('',(#1677,#1678,#1679,#1680,#1681));
#3293=EDGE_LOOP('',(#1682,#1683,#1684,#1685,#1686));
#3294=EDGE_LOOP('',(#1687,#1688,#1689,#1690));
#3295=EDGE_LOOP('',(#1691,#1692,#1693,#1694,#1695,#1696));
#3296=EDGE_LOOP('',(#1697,#1698,#1699,#1700));
#3297=EDGE_LOOP('',(#1701,#1702,#1703,#1704));
#3298=EDGE_LOOP('',(#1705,#1706,#1707,#1708));
#3299=EDGE_LOOP('',(#1709,#1710,#1711,#1712));
#3300=EDGE_LOOP('',(#1713,#1714,#1715,#1716));
#3301=EDGE_LOOP('',(#1717,#1718,#1719));
#3302=EDGE_LOOP('',(#1720,#1721,#1722,#1723));
#3303=EDGE_LOOP('',(#1724,#1725,#1726,#1727));
#3304=EDGE_LOOP('',(#1728,#1729,#1730,#1731));
#3305=EDGE_LOOP('',(#1732,#1733,#1734,#1735));
#3306=EDGE_LOOP('',(#1736,#1737,#1738,#1739));
#3307=EDGE_LOOP('',(#1740,#1741,#1742,#1743));
#3308=EDGE_LOOP('',(#1744,#1745,#1746,#1747));
#3309=EDGE_LOOP('',(#1748,#1749,#1750,#1751));
#3310=EDGE_LOOP('',(#1752,#1753,#1754));
#3311=EDGE_LOOP('',(#1755,#1756,#1757,#1758));
#3312=EDGE_LOOP('',(#1759,#1760,#1761,#1762));
#3313=EDGE_LOOP('',(#1763,#1764,#1765,#1766));
#3314=EDGE_LOOP('',(#1767,#1768,#1769,#1770));
#3315=EDGE_LOOP('',(#1771,#1772,#1773,#1774));
#3316=EDGE_LOOP('',(#1775,#1776,#1777,#1778));
#3317=EDGE_LOOP('',(#1779,#1780,#1781,#1782));
#3318=EDGE_LOOP('',(#1783,#1784,#1785,#1786));
#3319=EDGE_LOOP('',(#1787,#1788,#1789));
#3320=EDGE_LOOP('',(#1790,#1791,#1792,#1793));
#3321=EDGE_LOOP('',(#1794,#1795,#1796,#1797,#1798));
#3322=EDGE_LOOP('',(#1799,#1800,#1801,#1802));
#3323=EDGE_LOOP('',(#1803));
#3324=EDGE_LOOP('',(#1804));
#3325=FACE_BOUND('',#2978,.T.);
#3326=FACE_BOUND('',#2979,.T.);
#3327=FACE_BOUND('',#2980,.T.);
#3328=FACE_BOUND('',#2981,.T.);
#3329=FACE_BOUND('',#2982,.T.);
#3330=FACE_BOUND('',#2983,.T.);
#3331=FACE_BOUND('',#2984,.T.);
#3332=FACE_BOUND('',#2985,.T.);
#3333=FACE_BOUND('',#2986,.T.);
#3334=FACE_BOUND('',#2987,.T.);
#3335=FACE_BOUND('',#2988,.T.);
#3336=FACE_BOUND('',#2989,.T.);
#3337=FACE_BOUND('',#2990,.T.);
#3338=FACE_BOUND('',#2991,.T.);
#3339=FACE_BOUND('',#2992,.T.);
#3340=FACE_BOUND('',#2993,.T.);
#3341=FACE_BOUND('',#2994,.T.);
#3342=FACE_BOUND('',#2995,.T.);
#3343=FACE_BOUND('',#2996,.T.);
#3344=FACE_BOUND('',#2997,.T.);
#3345=FACE_BOUND('',#2998,.T.);
#3346=FACE_BOUND('',#2999,.T.);
#3347=FACE_BOUND('',#3000,.T.);
#3348=FACE_BOUND('',#3001,.T.);
#3349=FACE_BOUND('',#3002,.T.);
#3350=FACE_BOUND('',#3003,.T.);
#3351=FACE_BOUND('',#3004,.T.);
#3352=FACE_BOUND('',#3005,.T.);
#3353=FACE_BOUND('',#3006,.T.);
#3354=FACE_BOUND('',#3007,.T.);
#3355=FACE_BOUND('',#3008,.T.);
#3356=FACE_BOUND('',#3009,.T.);
#3357=FACE_BOUND('',#3010,.T.);
#3358=FACE_BOUND('',#3011,.T.);
#3359=FACE_BOUND('',#3012,.T.);
#3360=FACE_BOUND('',#3013,.T.);
#3361=FACE_BOUND('',#3014,.T.);
#3362=FACE_BOUND('',#3015,.T.);
#3363=FACE_BOUND('',#3016,.T.);
#3364=FACE_BOUND('',#3017,.T.);
#3365=FACE_BOUND('',#3018,.T.);
#3366=FACE_BOUND('',#3019,.T.);
#3367=FACE_BOUND('',#3020,.T.);
#3368=FACE_BOUND('',#3021,.T.);
#3369=FACE_BOUND('',#3022,.T.);
#3370=FACE_BOUND('',#3023,.T.);
#3371=FACE_BOUND('',#3024,.T.);
#3372=FACE_BOUND('',#3025,.T.);
#3373=FACE_BOUND('',#3026,.T.);
#3374=FACE_BOUND('',#3027,.T.);
#3375=FACE_BOUND('',#3028,.T.);
#3376=FACE_BOUND('',#3029,.T.);
#3377=FACE_BOUND('',#3030,.T.);
#3378=FACE_BOUND('',#3031,.T.);
#3379=FACE_BOUND('',#3032,.T.);
#3380=FACE_BOUND('',#3033,.T.);
#3381=FACE_BOUND('',#3034,.T.);
#3382=FACE_BOUND('',#3035,.T.);
#3383=FACE_BOUND('',#3036,.T.);
#3384=FACE_BOUND('',#3037,.T.);
#3385=FACE_BOUND('',#3038,.T.);
#3386=FACE_BOUND('',#3039,.T.);
#3387=FACE_BOUND('',#3040,.T.);
#3388=FACE_BOUND('',#3041,.T.);
#3389=FACE_BOUND('',#3042,.T.);
#3390=FACE_BOUND('',#3043,.T.);
#3391=FACE_BOUND('',#3044,.T.);
#3392=FACE_BOUND('',#3045,.T.);
#3393=FACE_BOUND('',#3046,.T.);
#3394=FACE_BOUND('',#3047,.T.);
#3395=FACE_BOUND('',#3048,.T.);
#3396=FACE_BOUND('',#3049,.T.);
#3397=FACE_BOUND('',#3050,.T.);
#3398=FACE_BOUND('',#3051,.T.);
#3399=FACE_BOUND('',#3052,.T.);
#3400=FACE_BOUND('',#3053,.T.);
#3401=FACE_BOUND('',#3054,.T.);
#3402=FACE_BOUND('',#3055,.T.);
#3403=FACE_BOUND('',#3056,.T.);
#3404=FACE_BOUND('',#3057,.T.);
#3405=FACE_BOUND('',#3058,.T.);
#3406=FACE_BOUND('',#3059,.T.);
#3407=FACE_BOUND('',#3060,.T.);
#3408=FACE_BOUND('',#3061,.T.);
#3409=FACE_BOUND('',#3062,.T.);
#3410=FACE_BOUND('',#3063,.T.);
#3411=FACE_BOUND('',#3064,.T.);
#3412=FACE_BOUND('',#3065,.T.);
#3413=FACE_BOUND('',#3066,.T.);
#3414=FACE_BOUND('',#3067,.T.);
#3415=FACE_BOUND('',#3068,.T.);
#3416=FACE_BOUND('',#3069,.T.);
#3417=FACE_BOUND('',#3070,.T.);
#3418=FACE_BOUND('',#3071,.T.);
#3419=FACE_BOUND('',#3072,.T.);
#3420=FACE_BOUND('',#3073,.T.);
#3421=FACE_BOUND('',#3074,.T.);
#3422=FACE_BOUND('',#3075,.T.);
#3423=FACE_BOUND('',#3076,.T.);
#3424=FACE_BOUND('',#3077,.T.);
#3425=FACE_BOUND('',#3078,.T.);
#3426=FACE_BOUND('',#38,.T.);
#3427=FACE_BOUND('',#3079,.T.);
#3428=FACE_BOUND('',#3080,.T.);
#3429=FACE_BOUND('',#3081,.T.);
#3430=FACE_BOUND('',#39,.T.);
#3431=FACE_BOUND('',#3082,.T.);
#3432=FACE_BOUND('',#3083,.T.);
#3433=FACE_BOUND('',#3084,.T.);
#3434=FACE_BOUND('',#3085,.T.);
#3435=FACE_BOUND('',#3086,.T.);
#3436=FACE_BOUND('',#3087,.T.);
#3437=FACE_BOUND('',#3088,.T.);
#3438=FACE_BOUND('',#3089,.T.);
#3439=FACE_BOUND('',#3090,.T.);
#3440=FACE_BOUND('',#3091,.T.);
#3441=FACE_BOUND('',#3092,.T.);
#3442=FACE_BOUND('',#3093,.T.);
#3443=FACE_BOUND('',#3094,.T.);
#3444=FACE_BOUND('',#3095,.T.);
#3445=FACE_BOUND('',#3096,.T.);
#3446=FACE_BOUND('',#3097,.T.);
#3447=FACE_BOUND('',#3098,.T.);
#3448=FACE_BOUND('',#3099,.T.);
#3449=FACE_BOUND('',#3100,.T.);
#3450=FACE_BOUND('',#3101,.T.);
#3451=FACE_BOUND('',#3102,.T.);
#3452=FACE_BOUND('',#3103,.T.);
#3453=FACE_BOUND('',#3104,.T.);
#3454=FACE_BOUND('',#3105,.T.);
#3455=FACE_BOUND('',#3106,.T.);
#3456=FACE_BOUND('',#3107,.T.);
#3457=FACE_BOUND('',#3108,.T.);
#3458=FACE_BOUND('',#3109,.T.);
#3459=FACE_BOUND('',#3110,.T.);
#3460=FACE_BOUND('',#3111,.T.);
#3461=FACE_BOUND('',#3112,.T.);
#3462=FACE_BOUND('',#3113,.T.);
#3463=FACE_BOUND('',#3114,.T.);
#3464=FACE_BOUND('',#3115,.T.);
#3465=FACE_BOUND('',#3116,.T.);
#3466=FACE_BOUND('',#3117,.T.);
#3467=FACE_BOUND('',#3118,.T.);
#3468=FACE_BOUND('',#3119,.T.);
#3469=FACE_BOUND('',#3120,.T.);
#3470=FACE_BOUND('',#3121,.T.);
#3471=FACE_BOUND('',#3122,.T.);
#3472=FACE_BOUND('',#3123,.T.);
#3473=FACE_BOUND('',#3124,.T.);
#3474=FACE_BOUND('',#3125,.T.);
#3475=FACE_BOUND('',#3126,.T.);
#3476=FACE_BOUND('',#3127,.T.);
#3477=FACE_BOUND('',#3128,.T.);
#3478=FACE_BOUND('',#3129,.T.);
#3479=FACE_BOUND('',#3130,.T.);
#3480=FACE_BOUND('',#3131,.T.);
#3481=FACE_BOUND('',#3132,.T.);
#3482=FACE_BOUND('',#3133,.T.);
#3483=FACE_BOUND('',#3134,.T.);
#3484=FACE_BOUND('',#3135,.T.);
#3485=FACE_BOUND('',#3136,.T.);
#3486=FACE_BOUND('',#3137,.T.);
#3487=FACE_BOUND('',#3138,.T.);
#3488=FACE_BOUND('',#3139,.T.);
#3489=FACE_BOUND('',#3140,.T.);
#3490=FACE_BOUND('',#3141,.T.);
#3491=FACE_BOUND('',#3142,.T.);
#3492=FACE_BOUND('',#3143,.T.);
#3493=FACE_BOUND('',#3144,.T.);
#3494=FACE_BOUND('',#3145,.T.);
#3495=FACE_BOUND('',#3146,.T.);
#3496=FACE_BOUND('',#3147,.T.);
#3497=FACE_BOUND('',#3148,.T.);
#3498=FACE_BOUND('',#3149,.T.);
#3499=FACE_BOUND('',#3150,.T.);
#3500=FACE_BOUND('',#3151,.T.);
#3501=FACE_BOUND('',#3152,.T.);
#3502=FACE_BOUND('',#3153,.T.);
#3503=FACE_BOUND('',#3154,.T.);
#3504=FACE_BOUND('',#3155,.T.);
#3505=FACE_BOUND('',#3156,.T.);
#3506=FACE_BOUND('',#3157,.T.);
#3507=FACE_BOUND('',#3158,.T.);
#3508=FACE_BOUND('',#3159,.T.);
#3509=FACE_BOUND('',#3160,.T.);
#3510=FACE_BOUND('',#3161,.T.);
#3511=FACE_BOUND('',#3162,.T.);
#3512=FACE_BOUND('',#3163,.T.);
#3513=FACE_BOUND('',#3164,.T.);
#3514=FACE_BOUND('',#3165,.T.);
#3515=FACE_BOUND('',#3166,.T.);
#3516=FACE_BOUND('',#3167,.T.);
#3517=FACE_BOUND('',#3168,.T.);
#3518=FACE_BOUND('',#3169,.T.);
#3519=FACE_BOUND('',#3170,.T.);
#3520=FACE_BOUND('',#3171,.T.);
#3521=FACE_BOUND('',#3172,.T.);
#3522=FACE_BOUND('',#3173,.T.);
#3523=FACE_BOUND('',#3174,.T.);
#3524=FACE_BOUND('',#3175,.T.);
#3525=FACE_BOUND('',#3176,.T.);
#3526=FACE_BOUND('',#3177,.T.);
#3527=FACE_BOUND('',#3178,.T.);
#3528=FACE_BOUND('',#3179,.T.);
#3529=FACE_BOUND('',#3180,.T.);
#3530=FACE_BOUND('',#3181,.T.);
#3531=FACE_BOUND('',#3182,.T.);
#3532=FACE_BOUND('',#3183,.T.);
#3533=FACE_BOUND('',#3184,.T.);
#3534=FACE_BOUND('',#3185,.T.);
#3535=FACE_BOUND('',#3186,.T.);
#3536=FACE_BOUND('',#3187,.T.);
#3537=FACE_BOUND('',#3188,.T.);
#3538=FACE_BOUND('',#3189,.T.);
#3539=FACE_BOUND('',#3190,.T.);
#3540=FACE_BOUND('',#3191,.T.);
#3541=FACE_BOUND('',#3192,.T.);
#3542=FACE_BOUND('',#3193,.T.);
#3543=FACE_BOUND('',#3194,.T.);
#3544=FACE_BOUND('',#3195,.T.);
#3545=FACE_BOUND('',#3196,.T.);
#3546=FACE_BOUND('',#3197,.T.);
#3547=FACE_BOUND('',#3198,.T.);
#3548=FACE_BOUND('',#3199,.T.);
#3549=FACE_BOUND('',#3200,.T.);
#3550=FACE_BOUND('',#3201,.T.);
#3551=FACE_BOUND('',#3202,.T.);
#3552=FACE_BOUND('',#40,.T.);
#3553=FACE_BOUND('',#3203,.T.);
#3554=FACE_BOUND('',#3204,.T.);
#3555=FACE_BOUND('',#3205,.T.);
#3556=FACE_BOUND('',#41,.T.);
#3557=FACE_BOUND('',#3206,.T.);
#3558=FACE_BOUND('',#3207,.T.);
#3559=FACE_BOUND('',#3208,.T.);
#3560=FACE_BOUND('',#3209,.T.);
#3561=FACE_BOUND('',#3210,.T.);
#3562=FACE_BOUND('',#3211,.T.);
#3563=FACE_BOUND('',#3212,.T.);
#3564=FACE_BOUND('',#3213,.T.);
#3565=FACE_BOUND('',#3214,.T.);
#3566=FACE_BOUND('',#3215,.T.);
#3567=FACE_BOUND('',#3216,.T.);
#3568=FACE_BOUND('',#3217,.T.);
#3569=FACE_BOUND('',#3218,.T.);
#3570=FACE_BOUND('',#3219,.T.);
#3571=FACE_BOUND('',#3220,.T.);
#3572=FACE_BOUND('',#3221,.T.);
#3573=FACE_BOUND('',#3222,.T.);
#3574=FACE_BOUND('',#3223,.T.);
#3575=FACE_BOUND('',#3224,.T.);
#3576=FACE_BOUND('',#3225,.T.);
#3577=FACE_BOUND('',#3226,.T.);
#3578=FACE_BOUND('',#3227,.T.);
#3579=FACE_BOUND('',#3228,.T.);
#3580=FACE_BOUND('',#3229,.T.);
#3581=FACE_BOUND('',#3230,.T.);
#3582=FACE_BOUND('',#3231,.T.);
#3583=FACE_BOUND('',#3232,.T.);
#3584=FACE_BOUND('',#3233,.T.);
#3585=FACE_BOUND('',#3234,.T.);
#3586=FACE_BOUND('',#3235,.T.);
#3587=FACE_BOUND('',#3236,.T.);
#3588=FACE_BOUND('',#3237,.T.);
#3589=FACE_BOUND('',#3238,.T.);
#3590=FACE_BOUND('',#3239,.T.);
#3591=FACE_BOUND('',#3240,.T.);
#3592=FACE_BOUND('',#3241,.T.);
#3593=FACE_BOUND('',#3242,.T.);
#3594=FACE_BOUND('',#3243,.T.);
#3595=FACE_BOUND('',#3244,.T.);
#3596=FACE_BOUND('',#3245,.T.);
#3597=FACE_BOUND('',#3246,.T.);
#3598=FACE_BOUND('',#3247,.T.);
#3599=FACE_BOUND('',#3248,.T.);
#3600=FACE_BOUND('',#42,.T.);
#3601=FACE_BOUND('',#3249,.T.);
#3602=FACE_BOUND('',#3250,.T.);
#3603=FACE_BOUND('',#3251,.T.);
#3604=FACE_BOUND('',#43,.T.);
#3605=FACE_BOUND('',#3252,.T.);
#3606=FACE_BOUND('',#3253,.T.);
#3607=FACE_BOUND('',#3254,.T.);
#3608=FACE_BOUND('',#3255,.T.);
#3609=FACE_BOUND('',#3256,.T.);
#3610=FACE_BOUND('',#3257,.T.);
#3611=FACE_BOUND('',#3258,.T.);
#3612=FACE_BOUND('',#3259,.T.);
#3613=FACE_BOUND('',#3260,.T.);
#3614=FACE_BOUND('',#3261,.T.);
#3615=FACE_BOUND('',#3262,.T.);
#3616=FACE_BOUND('',#3263,.T.);
#3617=FACE_BOUND('',#3264,.T.);
#3618=FACE_BOUND('',#3265,.T.);
#3619=FACE_BOUND('',#3266,.T.);
#3620=FACE_BOUND('',#3267,.T.);
#3621=FACE_BOUND('',#3268,.T.);
#3622=FACE_BOUND('',#3269,.T.);
#3623=FACE_BOUND('',#3270,.T.);
#3624=FACE_BOUND('',#3271,.T.);
#3625=FACE_BOUND('',#3272,.T.);
#3626=FACE_BOUND('',#3273,.T.);
#3627=FACE_BOUND('',#3274,.T.);
#3628=FACE_BOUND('',#3275,.T.);
#3629=FACE_BOUND('',#3276,.T.);
#3630=FACE_BOUND('',#3277,.T.);
#3631=FACE_BOUND('',#3278,.T.);
#3632=FACE_BOUND('',#3279,.T.);
#3633=FACE_BOUND('',#3280,.T.);
#3634=FACE_BOUND('',#3281,.T.);
#3635=FACE_BOUND('',#3282,.T.);
#3636=FACE_BOUND('',#3283,.T.);
#3637=FACE_BOUND('',#3284,.T.);
#3638=FACE_BOUND('',#3285,.T.);
#3639=FACE_BOUND('',#3286,.T.);
#3640=FACE_BOUND('',#3287,.T.);
#3641=FACE_BOUND('',#3288,.T.);
#3642=FACE_BOUND('',#3289,.T.);
#3643=FACE_BOUND('',#3290,.T.);
#3644=FACE_BOUND('',#3291,.T.);
#3645=FACE_BOUND('',#3292,.T.);
#3646=FACE_BOUND('',#3293,.T.);
#3647=FACE_BOUND('',#3294,.T.);
#3648=FACE_BOUND('',#3295,.T.);
#3649=FACE_BOUND('',#3296,.T.);
#3650=FACE_BOUND('',#3297,.T.);
#3651=FACE_BOUND('',#3298,.T.);
#3652=FACE_BOUND('',#3299,.T.);
#3653=FACE_BOUND('',#3300,.T.);
#3654=FACE_BOUND('',#3301,.T.);
#3655=FACE_BOUND('',#3302,.T.);
#3656=FACE_BOUND('',#3303,.T.);
#3657=FACE_BOUND('',#3304,.T.);
#3658=FACE_BOUND('',#3305,.T.);
#3659=FACE_BOUND('',#3306,.T.);
#3660=FACE_BOUND('',#3307,.T.);
#3661=FACE_BOUND('',#3308,.T.);
#3662=FACE_BOUND('',#3309,.T.);
#3663=FACE_BOUND('',#3310,.T.);
#3664=FACE_BOUND('',#3311,.T.);
#3665=FACE_BOUND('',#3312,.T.);
#3666=FACE_BOUND('',#3313,.T.);
#3667=FACE_BOUND('',#3314,.T.);
#3668=FACE_BOUND('',#3315,.T.);
#3669=FACE_BOUND('',#3316,.T.);
#3670=FACE_BOUND('',#3317,.T.);
#3671=FACE_BOUND('',#3318,.T.);
#3672=FACE_BOUND('',#3319,.T.);
#3673=FACE_BOUND('',#3320,.T.);
#3674=FACE_BOUND('',#3321,.T.);
#3675=FACE_BOUND('',#3322,.T.);
#3676=FACE_BOUND('',#3323,.T.);
#3677=FACE_BOUND('',#3324,.T.);
#3678=PLANE('',#4008);
#3679=PLANE('',#4011);
#3680=PLANE('',#4014);
#3681=PLANE('',#4074);
#3682=PLANE('',#4075);
#3683=PLANE('',#4076);
#3684=PLANE('',#4077);
#3685=PLANE('',#4078);
#3686=PLANE('',#4083);
#3687=PLANE('',#4084);
#3688=PLANE('',#4085);
#3689=PLANE('',#4086);
#3690=PLANE('',#4087);
#3691=PLANE('',#4088);
#3692=PLANE('',#4089);
#3693=PLANE('',#4090);
#3694=PLANE('',#4091);
#3695=PLANE('',#4092);
#3696=PLANE('',#4093);
#3697=PLANE('',#4094);
#3698=PLANE('',#4103);
#3699=PLANE('',#4157);
#3700=PLANE('',#4158);
#3701=PLANE('',#4159);
#3702=PLANE('',#4160);
#3703=PLANE('',#4161);
#3704=PLANE('',#4166);
#3705=PLANE('',#4167);
#3706=PLANE('',#4168);
#3707=PLANE('',#4169);
#3708=PLANE('',#4188);
#3709=PLANE('',#4190);
#3710=PLANE('',#4195);
#3711=PLANE('',#4196);
#3712=PLANE('',#4197);
#3713=PLANE('',#4198);
#3714=PLANE('',#4202);
#3715=PLANE('',#4203);
#3716=PLANE('',#4211);
#3717=PLANE('',#4213);
#3718=PLANE('',#4217);
#3719=PLANE('',#4219);
#3720=PLANE('',#4223);
#3721=PLANE('',#4225);
#3722=PLANE('',#4229);
#3723=PLANE('',#4231);
#3724=PLANE('',#4240);
#3725=PLANE('',#4241);
#3726=PLANE('',#4242);
#3727=PLANE('',#4243);
#3728=PLANE('',#4244);
#3729=PLANE('',#4245);
#3730=PLANE('',#4246);
#3731=PLANE('',#4247);
#3732=PLANE('',#4248);
#3733=PLANE('',#4249);
#3734=PLANE('',#4250);
#3735=PLANE('',#4251);
#3736=PLANE('',#4252);
#3737=PLANE('',#4253);
#3738=PLANE('',#4254);
#3739=PLANE('',#4255);
#3740=PLANE('',#4256);
#3741=PLANE('',#4257);
#3742=PLANE('',#4258);
#3743=PLANE('',#4283);
#3744=PLANE('',#4284);
#3745=PLANE('',#4305);
#3746=PLANE('',#4306);
#3747=PLANE('',#4307);
#3748=PLANE('',#4308);
#3749=PLANE('',#4309);
#3750=PLANE('',#4310);
#3751=PLANE('',#4311);
#3752=PLANE('',#4312);
#3753=PLANE('',#4313);
#3754=PLANE('',#4314);
#3755=PLANE('',#4315);
#3756=PLANE('',#4316);
#3757=PLANE('',#4317);
#3758=PLANE('',#4318);
#3759=PLANE('',#4319);
#3760=PLANE('',#4320);
#3761=PLANE('',#4321);
#3762=PLANE('',#4344);
#3763=PLANE('',#4345);
#3764=ADVANCED_FACE('',(#3325),#3678,.T.);
#3765=ADVANCED_FACE('',(#3326),#3679,.T.);
#3766=ADVANCED_FACE('',(#3327,#3328,#3329,#3330,#3331,#3332,#3333,#3334,
#3335,#3336,#3337,#3338,#3339,#3340,#3341,#3342,#3343,#3344,#3345,#3346,
#3347,#3348),#3680,.T.);
#3767=ADVANCED_FACE('',(#3349),#3681,.T.);
#3768=ADVANCED_FACE('',(#3350),#3682,.T.);
#3769=ADVANCED_FACE('',(#3351),#3683,.T.);
#3770=ADVANCED_FACE('',(#3352),#3684,.F.);
#3771=ADVANCED_FACE('',(#3353,#3354),#3685,.T.);
#3772=ADVANCED_FACE('',(#3355),#3686,.T.);
#3773=ADVANCED_FACE('',(#3356),#3687,.F.);
#3774=ADVANCED_FACE('',(#3357),#3688,.F.);
#3775=ADVANCED_FACE('',(#3358),#3689,.F.);
#3776=ADVANCED_FACE('',(#3359),#3690,.F.);
#3777=ADVANCED_FACE('',(#3360),#3691,.T.);
#3778=ADVANCED_FACE('',(#3361),#3692,.F.);
#3779=ADVANCED_FACE('',(#3362),#3693,.T.);
#3780=ADVANCED_FACE('',(#3363),#3694,.T.);
#3781=ADVANCED_FACE('',(#3364),#3695,.F.);
#3782=ADVANCED_FACE('',(#3365),#3696,.F.);
#3783=ADVANCED_FACE('',(#3366),#3697,.T.);
#3784=ADVANCED_FACE('',(#3367,#3368),#60,.F.);
#3785=ADVANCED_FACE('',(#3369,#3370),#61,.F.);
#3786=ADVANCED_FACE('',(#3371,#3372),#62,.F.);
#3787=ADVANCED_FACE('',(#3373,#3374),#63,.F.);
#3788=ADVANCED_FACE('',(#3375,#3376,#3377,#3378,#3379,#3380,#3381,#3382,
#3383,#3384,#3385,#3386,#3387,#3388,#3389,#3390,#3391,#3392,#3393,#3394,
#3395,#3396,#3397,#3398,#3399,#3400,#3401,#3402,#3403,#3404,#3405,#3406,
#3407),#3698,.F.);
#3789=ADVANCED_FACE('',(#3408),#64,.T.);
#3790=ADVANCED_FACE('',(#3409),#65,.T.);
#3791=ADVANCED_FACE('',(#3410),#66,.T.);
#3792=ADVANCED_FACE('',(#3411),#67,.T.);
#3793=ADVANCED_FACE('',(#3412),#68,.T.);
#3794=ADVANCED_FACE('',(#3413),#69,.T.);
#3795=ADVANCED_FACE('',(#3414),#70,.T.);
#3796=ADVANCED_FACE('',(#3415),#71,.T.);
#3797=ADVANCED_FACE('',(#3416),#3699,.T.);
#3798=ADVANCED_FACE('',(#3417),#3700,.F.);
#3799=ADVANCED_FACE('',(#3418),#3701,.F.);
#3800=ADVANCED_FACE('',(#3419),#3702,.T.);
#3801=ADVANCED_FACE('',(#3420,#3421),#3703,.T.);
#3802=ADVANCED_FACE('',(#3422),#3704,.F.);
#3803=ADVANCED_FACE('',(#3423),#3705,.T.);
#3804=ADVANCED_FACE('',(#3424),#3706,.F.);
#3805=ADVANCED_FACE('',(#3425),#3707,.T.);
#3806=ADVANCED_FACE('',(#3426,#3427),#44,.F.);
#3807=ADVANCED_FACE('',(#3428,#3429),#72,.F.);
#3808=ADVANCED_FACE('',(#3430,#3431),#45,.F.);
#3809=ADVANCED_FACE('',(#3432,#3433),#73,.F.);
#3810=ADVANCED_FACE('',(#3434,#3435),#74,.F.);
#3811=ADVANCED_FACE('',(#3436,#3437),#75,.F.);
#3812=ADVANCED_FACE('',(#3438,#3439),#76,.F.);
#3813=ADVANCED_FACE('',(#3440,#3441),#77,.F.);
#3814=ADVANCED_FACE('',(#3442,#3443),#78,.F.);
#3815=ADVANCED_FACE('',(#3444,#3445),#79,.F.);
#3816=ADVANCED_FACE('',(#3446,#3447),#80,.F.);
#3817=ADVANCED_FACE('',(#3448,#3449),#81,.F.);
#3818=ADVANCED_FACE('',(#3450,#3451),#82,.F.);
#3819=ADVANCED_FACE('',(#3452,#3453),#83,.F.);
#3820=ADVANCED_FACE('',(#3454,#3455),#84,.F.);
#3821=ADVANCED_FACE('',(#3456,#3457),#85,.F.);
#3822=ADVANCED_FACE('',(#3458),#3708,.T.);
#3823=ADVANCED_FACE('',(#3459),#3709,.T.);
#3824=ADVANCED_FACE('',(#3460),#46,.F.);
#3825=ADVANCED_FACE('',(#3461),#47,.T.);
#3826=ADVANCED_FACE('',(#3462),#48,.F.);
#3827=ADVANCED_FACE('',(#3463),#3710,.T.);
#3828=ADVANCED_FACE('',(#3464),#3711,.F.);
#3829=ADVANCED_FACE('',(#3465),#3712,.F.);
#3830=ADVANCED_FACE('',(#3466),#3713,.F.);
#3831=ADVANCED_FACE('',(#3467),#49,.F.);
#3832=ADVANCED_FACE('',(#3468),#50,.T.);
#3833=ADVANCED_FACE('',(#3469),#51,.F.);
#3834=ADVANCED_FACE('',(#3470),#3714,.F.);
#3835=ADVANCED_FACE('',(#3471),#3715,.T.);
#3836=ADVANCED_FACE('',(#3472),#86,.F.);
#3837=ADVANCED_FACE('',(#3473),#87,.F.);
#3838=ADVANCED_FACE('',(#3474),#88,.F.);
#3839=ADVANCED_FACE('',(#3475),#89,.F.);
#3840=ADVANCED_FACE('',(#3476,#3477),#90,.F.);
#3841=ADVANCED_FACE('',(#3478,#3479),#3716,.T.);
#3842=ADVANCED_FACE('',(#3480),#3717,.T.);
#3843=ADVANCED_FACE('',(#3481,#3482),#91,.F.);
#3844=ADVANCED_FACE('',(#3483,#3484),#3718,.T.);
#3845=ADVANCED_FACE('',(#3485),#3719,.T.);
#3846=ADVANCED_FACE('',(#3486,#3487),#92,.F.);
#3847=ADVANCED_FACE('',(#3488,#3489),#3720,.T.);
#3848=ADVANCED_FACE('',(#3490),#3721,.T.);
#3849=ADVANCED_FACE('',(#3491,#3492),#93,.F.);
#3850=ADVANCED_FACE('',(#3493,#3494),#3722,.T.);
#3851=ADVANCED_FACE('',(#3495),#3723,.T.);
#3852=ADVANCED_FACE('',(#3496,#3497),#52,.T.);
#3853=ADVANCED_FACE('',(#3498,#3499),#53,.T.);
#3854=ADVANCED_FACE('',(#3500,#3501),#54,.T.);
#3855=ADVANCED_FACE('',(#3502,#3503),#55,.T.);
#3856=ADVANCED_FACE('',(#3504),#94,.T.);
#3857=ADVANCED_FACE('',(#3505),#95,.F.);
#3858=ADVANCED_FACE('',(#3506),#96,.F.);
#3859=ADVANCED_FACE('',(#3507),#97,.T.);
#3860=ADVANCED_FACE('',(#3508),#3724,.T.);
#3861=ADVANCED_FACE('',(#3509),#3725,.F.);
#3862=ADVANCED_FACE('',(#3510),#3726,.T.);
#3863=ADVANCED_FACE('',(#3511),#3727,.F.);
#3864=ADVANCED_FACE('',(#3512),#3728,.F.);
#3865=ADVANCED_FACE('',(#3513),#3729,.T.);
#3866=ADVANCED_FACE('',(#3514),#3730,.T.);
#3867=ADVANCED_FACE('',(#3515),#3731,.F.);
#3868=ADVANCED_FACE('',(#3516),#3732,.F.);
#3869=ADVANCED_FACE('',(#3517),#3733,.F.);
#3870=ADVANCED_FACE('',(#3518),#3734,.T.);
#3871=ADVANCED_FACE('',(#3519),#3735,.T.);
#3872=ADVANCED_FACE('',(#3520),#3736,.F.);
#3873=ADVANCED_FACE('',(#3521),#3737,.T.);
#3874=ADVANCED_FACE('',(#3522),#3738,.T.);
#3875=ADVANCED_FACE('',(#3523),#3739,.F.);
#3876=ADVANCED_FACE('',(#3524),#3740,.T.);
#3877=ADVANCED_FACE('',(#3525),#3741,.T.);
#3878=ADVANCED_FACE('',(#3526,#3527,#3528,#3529),#3742,.T.);
#3879=ADVANCED_FACE('',(#3530),#98,.F.);
#3880=ADVANCED_FACE('',(#3531),#99,.F.);
#3881=ADVANCED_FACE('',(#3532,#3533),#100,.F.);
#3882=ADVANCED_FACE('',(#3534,#3535),#3743,.T.);
#3883=ADVANCED_FACE('',(#3536,#3537),#3744,.T.);
#3884=ADVANCED_FACE('',(#3538,#3539),#101,.F.);
#3885=ADVANCED_FACE('',(#3540,#3541),#102,.F.);
#3886=ADVANCED_FACE('',(#3542,#3543),#103,.F.);
#3887=ADVANCED_FACE('',(#3544,#3545),#104,.F.);
#3888=ADVANCED_FACE('',(#3546,#3547),#105,.F.);
#3889=ADVANCED_FACE('',(#3548,#3549),#106,.F.);
#3890=ADVANCED_FACE('',(#3550,#3551),#107,.F.);
#3891=ADVANCED_FACE('',(#3552,#3553),#56,.F.);
#3892=ADVANCED_FACE('',(#3554,#3555),#108,.F.);
#3893=ADVANCED_FACE('',(#3556,#3557),#57,.F.);
#3894=ADVANCED_FACE('',(#3558,#3559),#109,.F.);
#3895=ADVANCED_FACE('',(#3560),#3745,.F.);
#3896=ADVANCED_FACE('',(#3561),#3746,.F.);
#3897=ADVANCED_FACE('',(#3562),#3747,.T.);
#3898=ADVANCED_FACE('',(#3563),#3748,.F.);
#3899=ADVANCED_FACE('',(#3564),#3749,.F.);
#3900=ADVANCED_FACE('',(#3565),#3750,.T.);
#3901=ADVANCED_FACE('',(#3566),#3751,.F.);
#3902=ADVANCED_FACE('',(#3567),#3752,.F.);
#3903=ADVANCED_FACE('',(#3568),#3753,.T.);
#3904=ADVANCED_FACE('',(#3569),#3754,.F.);
#3905=ADVANCED_FACE('',(#3570),#3755,.F.);
#3906=ADVANCED_FACE('',(#3571),#3756,.T.);
#3907=ADVANCED_FACE('',(#3572),#3757,.T.);
#3908=ADVANCED_FACE('',(#3573),#3758,.T.);
#3909=ADVANCED_FACE('',(#3574),#3759,.F.);
#3910=ADVANCED_FACE('',(#3575),#3760,.T.);
#3911=ADVANCED_FACE('',(#3576,#3577,#3578,#3579),#3761,.T.);
#3912=ADVANCED_FACE('',(#3580,#3581),#110,.F.);
#3913=ADVANCED_FACE('',(#3582,#3583),#3762,.T.);
#3914=ADVANCED_FACE('',(#3584,#3585),#3763,.T.);
#3915=ADVANCED_FACE('',(#3586,#3587),#111,.F.);
#3916=ADVANCED_FACE('',(#3588,#3589),#112,.F.);
#3917=ADVANCED_FACE('',(#3590,#3591),#113,.F.);
#3918=ADVANCED_FACE('',(#3592,#3593),#114,.F.);
#3919=ADVANCED_FACE('',(#3594,#3595),#115,.F.);
#3920=ADVANCED_FACE('',(#3596,#3597),#116,.F.);
#3921=ADVANCED_FACE('',(#3598,#3599),#117,.F.);
#3922=ADVANCED_FACE('',(#3600,#3601),#58,.F.);
#3923=ADVANCED_FACE('',(#3602,#3603),#118,.F.);
#3924=ADVANCED_FACE('',(#3604,#3605),#59,.F.);
#3925=ADVANCED_FACE('',(#3606,#3607),#119,.F.);
#3926=ADVANCED_FACE('',(#3608),#120,.T.);
#3927=ADVANCED_FACE('',(#3609),#19,.F.);
#3928=ADVANCED_FACE('',(#3610),#121,.F.);
#3929=ADVANCED_FACE('',(#3611),#122,.F.);
#3930=ADVANCED_FACE('',(#3612),#12,.F.);
#3931=ADVANCED_FACE('',(#3613),#123,.T.);
#3932=ADVANCED_FACE('',(#3614),#124,.F.);
#3933=ADVANCED_FACE('',(#3615),#20,.F.);
#3934=ADVANCED_FACE('',(#3616),#125,.T.);
#3935=ADVANCED_FACE('',(#3617),#126,.F.);
#3936=ADVANCED_FACE('',(#3618),#21,.F.);
#3937=ADVANCED_FACE('',(#3619),#127,.F.);
#3938=ADVANCED_FACE('',(#3620),#128,.F.);
#3939=ADVANCED_FACE('',(#3621),#13,.F.);
#3940=ADVANCED_FACE('',(#3622),#129,.T.);
#3941=ADVANCED_FACE('',(#3623),#130,.F.);
#3942=ADVANCED_FACE('',(#3624),#22,.F.);
#3943=ADVANCED_FACE('',(#3625),#131,.T.);
#3944=ADVANCED_FACE('',(#3626),#132,.F.);
#3945=ADVANCED_FACE('',(#3627),#23,.F.);
#3946=ADVANCED_FACE('',(#3628),#133,.F.);
#3947=ADVANCED_FACE('',(#3629),#134,.F.);
#3948=ADVANCED_FACE('',(#3630),#14,.F.);
#3949=ADVANCED_FACE('',(#3631),#135,.T.);
#3950=ADVANCED_FACE('',(#3632),#136,.F.);
#3951=ADVANCED_FACE('',(#3633),#24,.F.);
#3952=ADVANCED_FACE('',(#3634),#137,.T.);
#3953=ADVANCED_FACE('',(#3635),#138,.F.);
#3954=ADVANCED_FACE('',(#3636),#25,.F.);
#3955=ADVANCED_FACE('',(#3637),#139,.F.);
#3956=ADVANCED_FACE('',(#3638),#140,.F.);
#3957=ADVANCED_FACE('',(#3639),#15,.F.);
#3958=ADVANCED_FACE('',(#3640),#141,.T.);
#3959=ADVANCED_FACE('',(#3641),#142,.F.);
#3960=ADVANCED_FACE('',(#3642),#26,.F.);
#3961=ADVANCED_FACE('',(#3643),#143,.T.);
#3962=ADVANCED_FACE('',(#3644),#27,.F.);
#3963=ADVANCED_FACE('',(#3645),#144,.F.);
#3964=ADVANCED_FACE('',(#3646),#145,.F.);
#3965=ADVANCED_FACE('',(#3647),#146,.T.);
#3966=ADVANCED_FACE('',(#3648),#28,.F.);
#3967=ADVANCED_FACE('',(#3649),#147,.F.);
#3968=ADVANCED_FACE('',(#3650),#148,.T.);
#3969=ADVANCED_FACE('',(#3651),#29,.F.);
#3970=ADVANCED_FACE('',(#3652),#149,.F.);
#3971=ADVANCED_FACE('',(#3653),#150,.F.);
#3972=ADVANCED_FACE('',(#3654),#16,.F.);
#3973=ADVANCED_FACE('',(#3655),#151,.F.);
#3974=ADVANCED_FACE('',(#3656),#152,.T.);
#3975=ADVANCED_FACE('',(#3657),#30,.F.);
#3976=ADVANCED_FACE('',(#3658),#153,.F.);
#3977=ADVANCED_FACE('',(#3659),#154,.T.);
#3978=ADVANCED_FACE('',(#3660),#31,.F.);
#3979=ADVANCED_FACE('',(#3661),#155,.F.);
#3980=ADVANCED_FACE('',(#3662),#156,.F.);
#3981=ADVANCED_FACE('',(#3663),#17,.F.);
#3982=ADVANCED_FACE('',(#3664),#157,.F.);
#3983=ADVANCED_FACE('',(#3665),#158,.T.);
#3984=ADVANCED_FACE('',(#3666),#32,.F.);
#3985=ADVANCED_FACE('',(#3667),#159,.F.);
#3986=ADVANCED_FACE('',(#3668),#160,.T.);
#3987=ADVANCED_FACE('',(#3669),#33,.F.);
#3988=ADVANCED_FACE('',(#3670),#161,.F.);
#3989=ADVANCED_FACE('',(#3671),#162,.F.);
#3990=ADVANCED_FACE('',(#3672),#18,.F.);
#3991=ADVANCED_FACE('',(#3673),#163,.F.);
#3992=ADVANCED_FACE('',(#3674),#34,.F.);
#3993=ADVANCED_FACE('',(#3675),#164,.T.);
#3994=ADVANCED_FACE('',(#3676,#3677),#165,.F.);
#3995=CLOSED_SHELL('',(#3764,#3765,#3766,#3767,#3768,#3769,#3770,#3771,
#3772,#3773,#3774,#3775,#3776,#3777,#3778,#3779,#3780,#3781,#3782,#3783,
#3784,#3785,#3786,#3787,#3788,#3789,#3790,#3791,#3792,#3793,#3794,#3795,
#3796,#3797,#3798,#3799,#3800,#3801,#3802,#3803,#3804,#3805,#3806,#3807,
#3808,#3809,#3810,#3811,#3812,#3813,#3814,#3815,#3816,#3817,#3818,#3819,
#3820,#3821,#3822,#3823,#3824,#3825,#3826,#3827,#3828,#3829,#3830,#3831,
#3832,#3833,#3834,#3835,#3836,#3837,#3838,#3839,#3840,#3841,#3842,#3843,
#3844,#3845,#3846,#3847,#3848,#3849,#3850,#3851,#3852,#3853,#3854,#3855,
#3856,#3857,#3858,#3859,#3860,#3861,#3862,#3863,#3864,#3865,#3866,#3867,
#3868,#3869,#3870,#3871,#3872,#3873,#3874,#3875,#3876,#3877,#3878,#3879,
#3880,#3881,#3882,#3883,#3884,#3885,#3886,#3887,#3888,#3889,#3890,#3891,
#3892,#3893,#3894,#3895,#3896,#3897,#3898,#3899,#3900,#3901,#3902,#3903,
#3904,#3905,#3906,#3907,#3908,#3909,#3910,#3911,#3912,#3913,#3914,#3915,
#3916,#3917,#3918,#3919,#3920,#3921,#3922,#3923,#3924,#3925,#3926,#3927,
#3928,#3929,#3930,#3931,#3932,#3933,#3934,#3935,#3936,#3937,#3938,#3939,
#3940,#3941,#3942,#3943,#3944,#3945,#3946,#3947,#3948,#3949,#3950,#3951,
#3952,#3953,#3954,#3955,#3956,#3957,#3958,#3959,#3960,#3961,#3962,#3963,
#3964,#3965,#3966,#3967,#3968,#3969,#3970,#3971,#3972,#3973,#3974,#3975,
#3976,#3977,#3978,#3979,#3980,#3981,#3982,#3983,#3984,#3985,#3986,#3987,
#3988,#3989,#3990,#3991,#3992,#3993,#3994));
#3996=STYLED_ITEM('',(#3997),#4004);
#3997=PRESENTATION_STYLE_ASSIGNMENT((#3998));
#3998=SURFACE_STYLE_USAGE(.BOTH.,#3999);
#3999=SURFACE_SIDE_STYLE('',(#4000));
#4000=SURFACE_STYLE_FILL_AREA(#4001);
#4001=FILL_AREA_STYLE('',(#4002));
#4002=FILL_AREA_STYLE_COLOUR('',#4003);
#4003=COLOUR_RGB('',0.682352941176471,0.333333333333334,0.737254901960784);
#4004=MANIFOLD_SOLID_BREP('LCD rear support',#3995);
#4005=SHAPE_DEFINITION_REPRESENTATION(#6954,#4006);
#4006=SHAPE_REPRESENTATION('LCD rear support',(#4007),#6949);
#4007=AXIS2_PLACEMENT_3D('',#5757,#4500,#4501);
#4008=AXIS2_PLACEMENT_3D('',#5758,#4502,#4503);
#4009=AXIS2_PLACEMENT_3D('',#5759,#4504,#4505);
#4010=AXIS2_PLACEMENT_3D('',#5764,#4507,#4508);
#4011=AXIS2_PLACEMENT_3D('',#5767,#4510,#4511);
#4012=AXIS2_PLACEMENT_3D('',#5768,#4512,#4513);
#4013=AXIS2_PLACEMENT_3D('',#5773,#4515,#4516);
#4014=AXIS2_PLACEMENT_3D('',#5776,#4518,#4519);
#4015=AXIS2_PLACEMENT_3D('',#5777,#4520,#4521);
#4016=AXIS2_PLACEMENT_3D('',#5779,#4522,#4523);
#4017=AXIS2_PLACEMENT_3D('',#5781,#4524,#4525);
#4018=AXIS2_PLACEMENT_3D('',#5783,#4526,#4527);
#4019=AXIS2_PLACEMENT_3D('',#5785,#4528,#4529);
#4020=AXIS2_PLACEMENT_3D('',#5790,#4531,#4532);
#4021=AXIS2_PLACEMENT_3D('',#5794,#4534,#4535);
#4022=AXIS2_PLACEMENT_3D('',#5798,#4537,#4538);
#4023=AXIS2_PLACEMENT_3D('',#5802,#4540,#4541);
#4024=AXIS2_PLACEMENT_3D('',#5803,#4542,#4543);
#4025=AXIS2_PLACEMENT_3D('',#5805,#4544,#4545);
#4026=AXIS2_PLACEMENT_3D('',#5807,#4546,#4547);
#4027=AXIS2_PLACEMENT_3D('',#5809,#4548,#4549);
#4028=AXIS2_PLACEMENT_3D('',#5811,#4550,#4551);
#4029=AXIS2_PLACEMENT_3D('',#5813,#4552,#4553);
#4030=AXIS2_PLACEMENT_3D('',#5815,#4554,#4555);
#4031=AXIS2_PLACEMENT_3D('',#5817,#4556,#4557);
#4032=AXIS2_PLACEMENT_3D('',#5819,#4558,#4559);
#4033=AXIS2_PLACEMENT_3D('',#5821,#4560,#4561);
#4034=AXIS2_PLACEMENT_3D('',#5824,#4562,#4563);
#4035=AXIS2_PLACEMENT_3D('',#5825,#4564,#4565);
#4036=AXIS2_PLACEMENT_3D('',#5827,#4566,#4567);
#4037=AXIS2_PLACEMENT_3D('',#5829,#4568,#4569);
#4038=AXIS2_PLACEMENT_3D('',#5831,#4570,#4571);
#4039=AXIS2_PLACEMENT_3D('',#5833,#4572,#4573);
#4040=AXIS2_PLACEMENT_3D('',#5842,#4577,#4578);
#4041=AXIS2_PLACEMENT_3D('',#5846,#4580,#4581);
#4042=AXIS2_PLACEMENT_3D('',#5850,#4583,#4584);
#4043=AXIS2_PLACEMENT_3D('',#5856,#4587,#4588);
#4044=AXIS2_PLACEMENT_3D('',#5860,#4590,#4591);
#4045=AXIS2_PLACEMENT_3D('',#5866,#4594,#4595);
#4046=AXIS2_PLACEMENT_3D('',#5870,#4597,#4598);
#4047=AXIS2_PLACEMENT_3D('',#5876,#4601,#4602);
#4048=AXIS2_PLACEMENT_3D('',#5880,#4604,#4605);
#4049=AXIS2_PLACEMENT_3D('',#5886,#4608,#4609);
#4050=AXIS2_PLACEMENT_3D('',#5890,#4611,#4612);
#4051=AXIS2_PLACEMENT_3D('',#5894,#4614,#4615);
#4052=AXIS2_PLACEMENT_3D('',#5896,#4616,#4617);
#4053=AXIS2_PLACEMENT_3D('',#5900,#4619,#4620);
#4054=AXIS2_PLACEMENT_3D('',#5904,#4622,#4623);
#4055=AXIS2_PLACEMENT_3D('',#5922,#4632,#4633);
#4056=AXIS2_PLACEMENT_3D('',#5924,#4634,#4635);
#4057=AXIS2_PLACEMENT_3D('',#5928,#4637,#4638);
#4058=AXIS2_PLACEMENT_3D('',#5932,#4640,#4641);
#4059=AXIS2_PLACEMENT_3D('',#5952,#4651,#4652);
#4060=AXIS2_PLACEMENT_3D('',#5956,#4654,#4655);
#4061=AXIS2_PLACEMENT_3D('',#5958,#4656,#4657);
#4062=AXIS2_PLACEMENT_3D('',#5962,#4659,#4660);
#4063=AXIS2_PLACEMENT_3D('',#5964,#4661,#4662);
#4064=AXIS2_PLACEMENT_3D('',#5967,#4664,#4665);
#4065=AXIS2_PLACEMENT_3D('',#5973,#4668,#4669);
#4066=AXIS2_PLACEMENT_3D('',#5977,#4671,#4672);
#4067=AXIS2_PLACEMENT_3D('',#5983,#4675,#4676);
#4068=AXIS2_PLACEMENT_3D('',#5987,#4678,#4679);
#4069=AXIS2_PLACEMENT_3D('',#5993,#4682,#4683);
#4070=AXIS2_PLACEMENT_3D('',#5997,#4685,#4686);
#4071=AXIS2_PLACEMENT_3D('',#6001,#4688,#4689);
#4072=AXIS2_PLACEMENT_3D('',#6004,#4691,#4692);
#4073=AXIS2_PLACEMENT_3D('',#6008,#4694,#4695);
#4074=AXIS2_PLACEMENT_3D('',#6009,#4696,#4697);
#4075=AXIS2_PLACEMENT_3D('',#6015,#4701,#4702);
#4076=AXIS2_PLACEMENT_3D('',#6021,#4706,#4707);
#4077=AXIS2_PLACEMENT_3D('',#6027,#4711,#4712);
#4078=AXIS2_PLACEMENT_3D('',#6033,#4716,#4717);
#4079=AXIS2_PLACEMENT_3D('',#6034,#4718,#4719);
#4080=AXIS2_PLACEMENT_3D('',#6045,#4724,#4725);
#4081=AXIS2_PLACEMENT_3D('',#6047,#4726,#4727);
#4082=AXIS2_PLACEMENT_3D('',#6049,#4728,#4729);
#4083=AXIS2_PLACEMENT_3D('',#6060,#4735,#4736);
#4084=AXIS2_PLACEMENT_3D('',#6066,#4740,#4741);
#4085=AXIS2_PLACEMENT_3D('',#6081,#4745,#4746);
#4086=AXIS2_PLACEMENT_3D('',#6087,#4750,#4751);
#4087=AXIS2_PLACEMENT_3D('',#6093,#4755,#4756);
#4088=AXIS2_PLACEMENT_3D('',#6099,#4760,#4761);
#4089=AXIS2_PLACEMENT_3D('',#6105,#4765,#4766);
#4090=AXIS2_PLACEMENT_3D('',#6111,#4770,#4771);
#4091=AXIS2_PLACEMENT_3D('',#6117,#4775,#4776);
#4092=AXIS2_PLACEMENT_3D('',#6123,#4780,#4781);
#4093=AXIS2_PLACEMENT_3D('',#6139,#4785,#4786);
#4094=AXIS2_PLACEMENT_3D('',#6145,#4790,#4791);
#4095=AXIS2_PLACEMENT_3D('',#6151,#4795,#4796);
#4096=AXIS2_PLACEMENT_3D('',#6152,#4797,#4798);
#4097=AXIS2_PLACEMENT_3D('',#6154,#4799,#4800);
#4098=AXIS2_PLACEMENT_3D('',#6155,#4801,#4802);
#4099=AXIS2_PLACEMENT_3D('',#6157,#4803,#4804);
#4100=AXIS2_PLACEMENT_3D('',#6158,#4805,#4806);
#4101=AXIS2_PLACEMENT_3D('',#6160,#4807,#4808);
#4102=AXIS2_PLACEMENT_3D('',#6161,#4809,#4810);
#4103=AXIS2_PLACEMENT_3D('',#6163,#4811,#4812);
#4104=AXIS2_PLACEMENT_3D('',#6164,#4813,#4814);
#4105=AXIS2_PLACEMENT_3D('',#6166,#4815,#4816);
#4106=AXIS2_PLACEMENT_3D('',#6168,#4817,#4818);
#4107=AXIS2_PLACEMENT_3D('',#6170,#4819,#4820);
#4108=AXIS2_PLACEMENT_3D('',#6172,#4821,#4822);
#4109=AXIS2_PLACEMENT_3D('',#6174,#4823,#4824);
#4110=AXIS2_PLACEMENT_3D('',#6176,#4825,#4826);
#4111=AXIS2_PLACEMENT_3D('',#6178,#4827,#4828);
#4112=AXIS2_PLACEMENT_3D('',#6180,#4829,#4830);
#4113=AXIS2_PLACEMENT_3D('',#6182,#4831,#4832);
#4114=AXIS2_PLACEMENT_3D('',#6184,#4833,#4834);
#4115=AXIS2_PLACEMENT_3D('',#6186,#4835,#4836);
#4116=AXIS2_PLACEMENT_3D('',#6188,#4837,#4838);
#4117=AXIS2_PLACEMENT_3D('',#6190,#4839,#4840);
#4118=AXIS2_PLACEMENT_3D('',#6192,#4841,#4842);
#4119=AXIS2_PLACEMENT_3D('',#6195,#4844,#4845);
#4120=AXIS2_PLACEMENT_3D('',#6196,#4846,#4847);
#4121=AXIS2_PLACEMENT_3D('',#6197,#4848,#4849);
#4122=AXIS2_PLACEMENT_3D('',#6199,#4850,#4851);
#4123=AXIS2_PLACEMENT_3D('',#6200,#4852,#4853);
#4124=AXIS2_PLACEMENT_3D('',#6202,#4854,#4855);
#4125=AXIS2_PLACEMENT_3D('',#6203,#4856,#4857);
#4126=AXIS2_PLACEMENT_3D('',#6204,#4858,#4859);
#4127=AXIS2_PLACEMENT_3D('',#6206,#4860,#4861);
#4128=AXIS2_PLACEMENT_3D('',#6207,#4862,#4863);
#4129=AXIS2_PLACEMENT_3D('',#6209,#4864,#4865);
#4130=AXIS2_PLACEMENT_3D('',#6210,#4866,#4867);
#4131=AXIS2_PLACEMENT_3D('',#6211,#4868,#4869);
#4132=AXIS2_PLACEMENT_3D('',#6212,#4870,#4871);
#4133=AXIS2_PLACEMENT_3D('',#6213,#4872,#4873);
#4134=AXIS2_PLACEMENT_3D('',#6215,#4874,#4875);
#4135=AXIS2_PLACEMENT_3D('',#6217,#4876,#4877);
#4136=AXIS2_PLACEMENT_3D('',#6219,#4878,#4879);
#4137=AXIS2_PLACEMENT_3D('',#6221,#4880,#4881);
#4138=AXIS2_PLACEMENT_3D('',#6223,#4882,#4883);
#4139=AXIS2_PLACEMENT_3D('',#6225,#4884,#4885);
#4140=AXIS2_PLACEMENT_3D('',#6227,#4886,#4887);
#4141=AXIS2_PLACEMENT_3D('',#6229,#4888,#4889);
#4142=AXIS2_PLACEMENT_3D('',#6231,#4890,#4891);
#4143=AXIS2_PLACEMENT_3D('',#6233,#4892,#4893);
#4144=AXIS2_PLACEMENT_3D('',#6235,#4894,#4895);
#4145=AXIS2_PLACEMENT_3D('',#6237,#4896,#4897);
#4146=AXIS2_PLACEMENT_3D('',#6241,#4899,#4900);
#4147=AXIS2_PLACEMENT_3D('',#6242,#4901,#4902);
#4148=AXIS2_PLACEMENT_3D('',#6243,#4903,#4904);
#4149=AXIS2_PLACEMENT_3D('',#6244,#4905,#4906);
#4150=AXIS2_PLACEMENT_3D('',#6245,#4907,#4908);
#4151=AXIS2_PLACEMENT_3D('',#6246,#4909,#4910);
#4152=AXIS2_PLACEMENT_3D('',#6247,#4911,#4912);
#4153=AXIS2_PLACEMENT_3D('',#6248,#4913,#4914);
#4154=AXIS2_PLACEMENT_3D('',#6249,#4915,#4916);
#4155=AXIS2_PLACEMENT_3D('',#6251,#4918,#4919);
#4156=AXIS2_PLACEMENT_3D('',#6253,#4921,#4922);
#4157=AXIS2_PLACEMENT_3D('',#6254,#4923,#4924);
#4158=AXIS2_PLACEMENT_3D('',#6257,#4927,#4928);
#4159=AXIS2_PLACEMENT_3D('',#6259,#4930,#4931);
#4160=AXIS2_PLACEMENT_3D('',#6261,#4933,#4934);
#4161=AXIS2_PLACEMENT_3D('',#6263,#4936,#4937);
#4162=AXIS2_PLACEMENT_3D('',#6264,#4938,#4939);
#4163=AXIS2_PLACEMENT_3D('',#6274,#4944,#4945);
#4164=AXIS2_PLACEMENT_3D('',#6276,#4946,#4947);
#4165=AXIS2_PLACEMENT_3D('',#6278,#4948,#4949);
#4166=AXIS2_PLACEMENT_3D('',#6283,#4952,#4953);
#4167=AXIS2_PLACEMENT_3D('',#6285,#4955,#4956);
#4168=AXIS2_PLACEMENT_3D('',#6287,#4958,#4959);
#4169=AXIS2_PLACEMENT_3D('',#6289,#4961,#4962);
#4170=AXIS2_PLACEMENT_3D('',#6291,#4964,#4965);
#4171=AXIS2_PLACEMENT_3D('',#6293,#4966,#4967);
#4172=AXIS2_PLACEMENT_3D('',#6295,#4968,#4969);
#4173=AXIS2_PLACEMENT_3D('',#6296,#4970,#4971);
#4174=AXIS2_PLACEMENT_3D('',#6298,#4972,#4973);
#4175=AXIS2_PLACEMENT_3D('',#6300,#4974,#4975);
#4176=AXIS2_PLACEMENT_3D('',#6301,#4976,#4977);
#4177=AXIS2_PLACEMENT_3D('',#6302,#4978,#4979);
#4178=AXIS2_PLACEMENT_3D('',#6303,#4980,#4981);
#4179=AXIS2_PLACEMENT_3D('',#6304,#4982,#4983);
#4180=AXIS2_PLACEMENT_3D('',#6305,#4984,#4985);
#4181=AXIS2_PLACEMENT_3D('',#6306,#4986,#4987);
#4182=AXIS2_PLACEMENT_3D('',#6307,#4988,#4989);
#4183=AXIS2_PLACEMENT_3D('',#6308,#4990,#4991);
#4184=AXIS2_PLACEMENT_3D('',#6309,#4992,#4993);
#4185=AXIS2_PLACEMENT_3D('',#6310,#4994,#4995);
#4186=AXIS2_PLACEMENT_3D('',#6315,#4996,#4997);
#4187=AXIS2_PLACEMENT_3D('',#6316,#4998,#4999);
#4188=AXIS2_PLACEMENT_3D('',#6317,#5000,#5001);
#4189=AXIS2_PLACEMENT_3D('',#6320,#5003,#5004);
#4190=AXIS2_PLACEMENT_3D('',#6321,#5005,#5006);
#4191=AXIS2_PLACEMENT_3D('',#6323,#5008,#5009);
#4192=AXIS2_PLACEMENT_3D('',#6324,#5010,#5011);
#4193=AXIS2_PLACEMENT_3D('',#6326,#5013,#5014);
#4194=AXIS2_PLACEMENT_3D('',#6328,#5016,#5017);
#4195=AXIS2_PLACEMENT_3D('',#6330,#5019,#5020);
#4196=AXIS2_PLACEMENT_3D('',#6332,#5022,#5023);
#4197=AXIS2_PLACEMENT_3D('',#6333,#5024,#5025);
#4198=AXIS2_PLACEMENT_3D('',#6335,#5027,#5028);
#4199=AXIS2_PLACEMENT_3D('',#6337,#5030,#5031);
#4200=AXIS2_PLACEMENT_3D('',#6339,#5033,#5034);
#4201=AXIS2_PLACEMENT_3D('',#6341,#5036,#5037);
#4202=AXIS2_PLACEMENT_3D('',#6343,#5039,#5040);
#4203=AXIS2_PLACEMENT_3D('',#6345,#5042,#5043);
#4204=AXIS2_PLACEMENT_3D('',#6346,#5044,#5045);
#4205=AXIS2_PLACEMENT_3D('',#6347,#5046,#5047);
#4206=AXIS2_PLACEMENT_3D('',#6348,#5048,#5049);
#4207=AXIS2_PLACEMENT_3D('',#6349,#5050,#5051);
#4208=AXIS2_PLACEMENT_3D('',#6350,#5052,#5053);
#4209=AXIS2_PLACEMENT_3D('',#6351,#5054,#5055);
#4210=AXIS2_PLACEMENT_3D('',#6353,#5056,#5057);
#4211=AXIS2_PLACEMENT_3D('',#6355,#5058,#5059);
#4212=AXIS2_PLACEMENT_3D('',#6356,#5060,#5061);
#4213=AXIS2_PLACEMENT_3D('',#6358,#5062,#5063);
#4214=AXIS2_PLACEMENT_3D('',#6359,#5064,#5065);
#4215=AXIS2_PLACEMENT_3D('',#6360,#5066,#5067);
#4216=AXIS2_PLACEMENT_3D('',#6362,#5068,#5069);
#4217=AXIS2_PLACEMENT_3D('',#6364,#5070,#5071);
#4218=AXIS2_PLACEMENT_3D('',#6365,#5072,#5073);
#4219=AXIS2_PLACEMENT_3D('',#6367,#5074,#5075);
#4220=AXIS2_PLACEMENT_3D('',#6368,#5076,#5077);
#4221=AXIS2_PLACEMENT_3D('',#6369,#5078,#5079);
#4222=AXIS2_PLACEMENT_3D('',#6371,#5080,#5081);
#4223=AXIS2_PLACEMENT_3D('',#6373,#5082,#5083);
#4224=AXIS2_PLACEMENT_3D('',#6374,#5084,#5085);
#4225=AXIS2_PLACEMENT_3D('',#6376,#5086,#5087);
#4226=AXIS2_PLACEMENT_3D('',#6377,#5088,#5089);
#4227=AXIS2_PLACEMENT_3D('',#6378,#5090,#5091);
#4228=AXIS2_PLACEMENT_3D('',#6380,#5092,#5093);
#4229=AXIS2_PLACEMENT_3D('',#6382,#5094,#5095);
#4230=AXIS2_PLACEMENT_3D('',#6383,#5096,#5097);
#4231=AXIS2_PLACEMENT_3D('',#6385,#5098,#5099);
#4232=AXIS2_PLACEMENT_3D('',#6386,#5100,#5101);
#4233=AXIS2_PLACEMENT_3D('',#6387,#5102,#5103);
#4234=AXIS2_PLACEMENT_3D('',#6388,#5104,#5105);
#4235=AXIS2_PLACEMENT_3D('',#6389,#5106,#5107);
#4236=AXIS2_PLACEMENT_3D('',#6390,#5108,#5109);
#4237=AXIS2_PLACEMENT_3D('',#6392,#5111,#5112);
#4238=AXIS2_PLACEMENT_3D('',#6393,#5113,#5114);
#4239=AXIS2_PLACEMENT_3D('',#6395,#5116,#5117);
#4240=AXIS2_PLACEMENT_3D('',#6396,#5118,#5119);
#4241=AXIS2_PLACEMENT_3D('',#6399,#5122,#5123);
#4242=AXIS2_PLACEMENT_3D('',#6400,#5124,#5125);
#4243=AXIS2_PLACEMENT_3D('',#6409,#5130,#5131);
#4244=AXIS2_PLACEMENT_3D('',#6415,#5135,#5136);
#4245=AXIS2_PLACEMENT_3D('',#6421,#5140,#5141);
#4246=AXIS2_PLACEMENT_3D('',#6430,#5146,#5147);
#4247=AXIS2_PLACEMENT_3D('',#6439,#5152,#5153);
#4248=AXIS2_PLACEMENT_3D('',#6457,#5157,#5158);
#4249=AXIS2_PLACEMENT_3D('',#6466,#5163,#5164);
#4250=AXIS2_PLACEMENT_3D('',#6478,#5168,#5169);
#4251=AXIS2_PLACEMENT_3D('',#6487,#5174,#5175);
#4252=AXIS2_PLACEMENT_3D('',#6496,#5180,#5181);
#4253=AXIS2_PLACEMENT_3D('',#6505,#5186,#5187);
#4254=AXIS2_PLACEMENT_3D('',#6514,#5192,#5193);
#4255=AXIS2_PLACEMENT_3D('',#6523,#5198,#5199);
#4256=AXIS2_PLACEMENT_3D('',#6532,#5204,#5205);
#4257=AXIS2_PLACEMENT_3D('',#6541,#5210,#5211);
#4258=AXIS2_PLACEMENT_3D('',#6544,#5214,#5215);
#4259=AXIS2_PLACEMENT_3D('',#6545,#5216,#5217);
#4260=AXIS2_PLACEMENT_3D('',#6547,#5218,#5219);
#4261=AXIS2_PLACEMENT_3D('',#6549,#5220,#5221);
#4262=AXIS2_PLACEMENT_3D('',#6550,#5222,#5223);
#4263=AXIS2_PLACEMENT_3D('',#6551,#5224,#5225);
#4264=AXIS2_PLACEMENT_3D('',#6552,#5226,#5227);
#4265=AXIS2_PLACEMENT_3D('',#6553,#5228,#5229);
#4266=AXIS2_PLACEMENT_3D('',#6554,#5230,#5231);
#4267=AXIS2_PLACEMENT_3D('',#6555,#5232,#5233);
#4268=AXIS2_PLACEMENT_3D('',#6556,#5234,#5235);
#4269=AXIS2_PLACEMENT_3D('',#6557,#5236,#5237);
#4270=AXIS2_PLACEMENT_3D('',#6558,#5238,#5239);
#4271=AXIS2_PLACEMENT_3D('',#6559,#5240,#5241);
#4272=AXIS2_PLACEMENT_3D('',#6560,#5242,#5243);
#4273=AXIS2_PLACEMENT_3D('',#6561,#5244,#5245);
#4274=AXIS2_PLACEMENT_3D('',#6562,#5246,#5247);
#4275=AXIS2_PLACEMENT_3D('',#6563,#5248,#5249);
#4276=AXIS2_PLACEMENT_3D('',#6564,#5250,#5251);
#4277=AXIS2_PLACEMENT_3D('',#6566,#5252,#5253);
#4278=AXIS2_PLACEMENT_3D('',#6569,#5254,#5255);
#4279=AXIS2_PLACEMENT_3D('',#6571,#5256,#5257);
#4280=AXIS2_PLACEMENT_3D('',#6573,#5258,#5259);
#4281=AXIS2_PLACEMENT_3D('',#6575,#5260,#5261);
#4282=AXIS2_PLACEMENT_3D('',#6577,#5262,#5263);
#4283=AXIS2_PLACEMENT_3D('',#6578,#5264,#5265);
#4284=AXIS2_PLACEMENT_3D('',#6579,#5266,#5267);
#4285=AXIS2_PLACEMENT_3D('',#6580,#5268,#5269);
#4286=AXIS2_PLACEMENT_3D('',#6582,#5270,#5271);
#4287=AXIS2_PLACEMENT_3D('',#6583,#5272,#5273);
#4288=AXIS2_PLACEMENT_3D('',#6584,#5274,#5275);
#4289=AXIS2_PLACEMENT_3D('',#6585,#5276,#5277);
#4290=AXIS2_PLACEMENT_3D('',#6586,#5278,#5279);
#4291=AXIS2_PLACEMENT_3D('',#6587,#5280,#5281);
#4292=AXIS2_PLACEMENT_3D('',#6588,#5282,#5283);
#4293=AXIS2_PLACEMENT_3D('',#6589,#5284,#5285);
#4294=AXIS2_PLACEMENT_3D('',#6590,#5286,#5287);
#4295=AXIS2_PLACEMENT_3D('',#6591,#5288,#5289);
#4296=AXIS2_PLACEMENT_3D('',#6592,#5290,#5291);
#4297=AXIS2_PLACEMENT_3D('',#6593,#5292,#5293);
#4298=AXIS2_PLACEMENT_3D('',#6594,#5294,#5295);
#4299=AXIS2_PLACEMENT_3D('',#6595,#5296,#5297);
#4300=AXIS2_PLACEMENT_3D('',#6597,#5298,#5299);
#4301=AXIS2_PLACEMENT_3D('',#6599,#5300,#5301);
#4302=AXIS2_PLACEMENT_3D('',#6600,#5302,#5303);
#4303=AXIS2_PLACEMENT_3D('',#6602,#5304,#5305);
#4304=AXIS2_PLACEMENT_3D('',#6604,#5306,#5307);
#4305=AXIS2_PLACEMENT_3D('',#6605,#5308,#5309);
#4306=AXIS2_PLACEMENT_3D('',#6614,#5314,#5315);
#4307=AXIS2_PLACEMENT_3D('',#6620,#5319,#5320);
#4308=AXIS2_PLACEMENT_3D('',#6626,#5324,#5325);
#4309=AXIS2_PLACEMENT_3D('',#6635,#5330,#5331);
#4310=AXIS2_PLACEMENT_3D('',#6644,#5336,#5337);
#4311=AXIS2_PLACEMENT_3D('',#6653,#5342,#5343);
#4312=AXIS2_PLACEMENT_3D('',#6662,#5348,#5349);
#4313=AXIS2_PLACEMENT_3D('',#6671,#5354,#5355);
#4314=AXIS2_PLACEMENT_3D('',#6680,#5360,#5361);
#4315=AXIS2_PLACEMENT_3D('',#6689,#5366,#5367);
#4316=AXIS2_PLACEMENT_3D('',#6698,#5372,#5373);
#4317=AXIS2_PLACEMENT_3D('',#6707,#5378,#5379);
#4318=AXIS2_PLACEMENT_3D('',#6716,#5384,#5385);
#4319=AXIS2_PLACEMENT_3D('',#6734,#5389,#5390);
#4320=AXIS2_PLACEMENT_3D('',#6743,#5395,#5396);
#4321=AXIS2_PLACEMENT_3D('',#6746,#5399,#5400);
#4322=AXIS2_PLACEMENT_3D('',#6747,#5401,#5402);
#4323=AXIS2_PLACEMENT_3D('',#6749,#5403,#5404);
#4324=AXIS2_PLACEMENT_3D('',#6751,#5405,#5406);
#4325=AXIS2_PLACEMENT_3D('',#6752,#5407,#5408);
#4326=AXIS2_PLACEMENT_3D('',#6753,#5409,#5410);
#4327=AXIS2_PLACEMENT_3D('',#6754,#5411,#5412);
#4328=AXIS2_PLACEMENT_3D('',#6755,#5413,#5414);
#4329=AXIS2_PLACEMENT_3D('',#6756,#5415,#5416);
#4330=AXIS2_PLACEMENT_3D('',#6757,#5417,#5418);
#4331=AXIS2_PLACEMENT_3D('',#6758,#5419,#5420);
#4332=AXIS2_PLACEMENT_3D('',#6759,#5421,#5422);
#4333=AXIS2_PLACEMENT_3D('',#6760,#5423,#5424);
#4334=AXIS2_PLACEMENT_3D('',#6761,#5425,#5426);
#4335=AXIS2_PLACEMENT_3D('',#6762,#5427,#5428);
#4336=AXIS2_PLACEMENT_3D('',#6763,#5429,#5430);
#4337=AXIS2_PLACEMENT_3D('',#6764,#5431,#5432);
#4338=AXIS2_PLACEMENT_3D('',#6766,#5433,#5434);
#4339=AXIS2_PLACEMENT_3D('',#6769,#5435,#5436);
#4340=AXIS2_PLACEMENT_3D('',#6771,#5437,#5438);
#4341=AXIS2_PLACEMENT_3D('',#6773,#5439,#5440);
#4342=AXIS2_PLACEMENT_3D('',#6775,#5441,#5442);
#4343=AXIS2_PLACEMENT_3D('',#6777,#5443,#5444);
#4344=AXIS2_PLACEMENT_3D('',#6778,#5445,#5446);
#4345=AXIS2_PLACEMENT_3D('',#6779,#5447,#5448);
#4346=AXIS2_PLACEMENT_3D('',#6780,#5449,#5450);
#4347=AXIS2_PLACEMENT_3D('',#6782,#5451,#5452);
#4348=AXIS2_PLACEMENT_3D('',#6783,#5453,#5454);
#4349=AXIS2_PLACEMENT_3D('',#6784,#5455,#5456);
#4350=AXIS2_PLACEMENT_3D('',#6785,#5457,#5458);
#4351=AXIS2_PLACEMENT_3D('',#6786,#5459,#5460);
#4352=AXIS2_PLACEMENT_3D('',#6787,#5461,#5462);
#4353=AXIS2_PLACEMENT_3D('',#6788,#5463,#5464);
#4354=AXIS2_PLACEMENT_3D('',#6789,#5465,#5466);
#4355=AXIS2_PLACEMENT_3D('',#6790,#5467,#5468);
#4356=AXIS2_PLACEMENT_3D('',#6791,#5469,#5470);
#4357=AXIS2_PLACEMENT_3D('',#6792,#5471,#5472);
#4358=AXIS2_PLACEMENT_3D('',#6793,#5473,#5474);
#4359=AXIS2_PLACEMENT_3D('',#6794,#5475,#5476);
#4360=AXIS2_PLACEMENT_3D('',#6795,#5477,#5478);
#4361=AXIS2_PLACEMENT_3D('',#6797,#5479,#5480);
#4362=AXIS2_PLACEMENT_3D('',#6799,#5481,#5482);
#4363=AXIS2_PLACEMENT_3D('',#6800,#5483,#5484);
#4364=AXIS2_PLACEMENT_3D('',#6802,#5485,#5486);
#4365=AXIS2_PLACEMENT_3D('',#6804,#5487,#5488);
#4366=AXIS2_PLACEMENT_3D('',#6805,#5489,#5490);
#4367=AXIS2_PLACEMENT_3D('',#6806,#5491,#5492);
#4368=AXIS2_PLACEMENT_3D('',#6807,#5493,#5494);
#4369=AXIS2_PLACEMENT_3D('',#6808,#5495,#5496);
#4370=AXIS2_PLACEMENT_3D('',#6809,#5497,#5498);
#4371=AXIS2_PLACEMENT_3D('',#6810,#5499,#5500);
#4372=AXIS2_PLACEMENT_3D('',#6811,#5501,#5502);
#4373=AXIS2_PLACEMENT_3D('',#6812,#5503,#5504);
#4374=AXIS2_PLACEMENT_3D('',#6813,#5505,#5506);
#4375=AXIS2_PLACEMENT_3D('',#6814,#5507,#5508);
#4376=AXIS2_PLACEMENT_3D('',#6815,#5509,#5510);
#4377=AXIS2_PLACEMENT_3D('',#6816,#5511,#5512);
#4378=AXIS2_PLACEMENT_3D('',#6817,#5513,#5514);
#4379=AXIS2_PLACEMENT_3D('',#6818,#5515,#5516);
#4380=AXIS2_PLACEMENT_3D('',#6819,#5517,#5518);
#4381=AXIS2_PLACEMENT_3D('',#6820,#5519,#5520);
#4382=AXIS2_PLACEMENT_3D('',#6821,#5521,#5522);
#4383=AXIS2_PLACEMENT_3D('',#6822,#5523,#5524);
#4384=AXIS2_PLACEMENT_3D('',#6823,#5525,#5526);
#4385=AXIS2_PLACEMENT_3D('',#6824,#5527,#5528);
#4386=AXIS2_PLACEMENT_3D('',#6825,#5529,#5530);
#4387=AXIS2_PLACEMENT_3D('',#6826,#5531,#5532);
#4388=AXIS2_PLACEMENT_3D('',#6827,#5533,#5534);
#4389=AXIS2_PLACEMENT_3D('',#6828,#5535,#5536);
#4390=AXIS2_PLACEMENT_3D('',#6829,#5537,#5538);
#4391=AXIS2_PLACEMENT_3D('',#6830,#5539,#5540);
#4392=AXIS2_PLACEMENT_3D('',#6831,#5541,#5542);
#4393=AXIS2_PLACEMENT_3D('',#6832,#5543,#5544);
#4394=AXIS2_PLACEMENT_3D('',#6833,#5545,#5546);
#4395=AXIS2_PLACEMENT_3D('',#6834,#5547,#5548);
#4396=AXIS2_PLACEMENT_3D('',#6835,#5549,#5550);
#4397=AXIS2_PLACEMENT_3D('',#6836,#5551,#5552);
#4398=AXIS2_PLACEMENT_3D('',#6837,#5553,#5554);
#4399=AXIS2_PLACEMENT_3D('',#6838,#5555,#5556);
#4400=AXIS2_PLACEMENT_3D('',#6839,#5557,#5558);
#4401=AXIS2_PLACEMENT_3D('',#6840,#5559,#5560);
#4402=AXIS2_PLACEMENT_3D('',#6841,#5561,#5562);
#4403=AXIS2_PLACEMENT_3D('',#6842,#5563,#5564);
#4404=AXIS2_PLACEMENT_3D('',#6843,#5565,#5566);
#4405=AXIS2_PLACEMENT_3D('',#6844,#5567,#5568);
#4406=AXIS2_PLACEMENT_3D('',#6845,#5569,#5570);
#4407=AXIS2_PLACEMENT_3D('',#6846,#5571,#5572);
#4408=AXIS2_PLACEMENT_3D('',#6847,#5573,#5574);
#4409=AXIS2_PLACEMENT_3D('',#6848,#5575,#5576);
#4410=AXIS2_PLACEMENT_3D('',#6849,#5577,#5578);
#4411=AXIS2_PLACEMENT_3D('',#6850,#5579,#5580);
#4412=AXIS2_PLACEMENT_3D('',#6851,#5581,#5582);
#4413=AXIS2_PLACEMENT_3D('',#6852,#5583,#5584);
#4414=AXIS2_PLACEMENT_3D('',#6853,#5585,#5586);
#4415=AXIS2_PLACEMENT_3D('',#6854,#5587,#5588);
#4416=AXIS2_PLACEMENT_3D('',#6855,#5589,#5590);
#4417=AXIS2_PLACEMENT_3D('',#6856,#5591,#5592);
#4418=AXIS2_PLACEMENT_3D('',#6857,#5593,#5594);
#4419=AXIS2_PLACEMENT_3D('',#6858,#5595,#5596);
#4420=AXIS2_PLACEMENT_3D('',#6859,#5597,#5598);
#4421=AXIS2_PLACEMENT_3D('',#6860,#5599,#5600);
#4422=AXIS2_PLACEMENT_3D('',#6861,#5601,#5602);
#4423=AXIS2_PLACEMENT_3D('',#6862,#5603,#5604);
#4424=AXIS2_PLACEMENT_3D('',#6863,#5605,#5606);
#4425=AXIS2_PLACEMENT_3D('',#6864,#5607,#5608);
#4426=AXIS2_PLACEMENT_3D('',#6865,#5609,#5610);
#4427=AXIS2_PLACEMENT_3D('',#6866,#5611,#5612);
#4428=AXIS2_PLACEMENT_3D('',#6867,#5613,#5614);
#4429=AXIS2_PLACEMENT_3D('',#6868,#5615,#5616);
#4430=AXIS2_PLACEMENT_3D('',#6869,#5617,#5618);
#4431=AXIS2_PLACEMENT_3D('',#6870,#5619,#5620);
#4432=AXIS2_PLACEMENT_3D('',#6871,#5621,#5622);
#4433=AXIS2_PLACEMENT_3D('',#6872,#5623,#5624);
#4434=AXIS2_PLACEMENT_3D('',#6873,#5625,#5626);
#4435=AXIS2_PLACEMENT_3D('',#6874,#5627,#5628);
#4436=AXIS2_PLACEMENT_3D('',#6875,#5629,#5630);
#4437=AXIS2_PLACEMENT_3D('',#6876,#5631,#5632);
#4438=AXIS2_PLACEMENT_3D('',#6877,#5633,#5634);
#4439=AXIS2_PLACEMENT_3D('',#6878,#5635,#5636);
#4440=AXIS2_PLACEMENT_3D('',#6879,#5637,#5638);
#4441=AXIS2_PLACEMENT_3D('',#6885,#5639,#5640);
#4442=AXIS2_PLACEMENT_3D('',#6890,#5641,#5642);
#4443=AXIS2_PLACEMENT_3D('',#6891,#5643,#5644);
#4444=AXIS2_PLACEMENT_3D('',#6892,#5645,#5646);
#4445=AXIS2_PLACEMENT_3D('',#6893,#5647,#5648);
#4446=AXIS2_PLACEMENT_3D('',#6894,#5649,#5650);
#4447=AXIS2_PLACEMENT_3D('',#6895,#5651,#5652);
#4448=AXIS2_PLACEMENT_3D('',#6896,#5653,#5654);
#4449=AXIS2_PLACEMENT_3D('',#6897,#5655,#5656);
#4450=AXIS2_PLACEMENT_3D('',#6898,#5657,#5658);
#4451=AXIS2_PLACEMENT_3D('',#6899,#5659,#5660);
#4452=AXIS2_PLACEMENT_3D('',#6900,#5661,#5662);
#4453=AXIS2_PLACEMENT_3D('',#6901,#5663,#5664);
#4454=AXIS2_PLACEMENT_3D('',#6902,#5665,#5666);
#4455=AXIS2_PLACEMENT_3D('',#6903,#5667,#5668);
#4456=AXIS2_PLACEMENT_3D('',#6904,#5669,#5670);
#4457=AXIS2_PLACEMENT_3D('',#6905,#5671,#5672);
#4458=AXIS2_PLACEMENT_3D('',#6906,#5673,#5674);
#4459=AXIS2_PLACEMENT_3D('',#6907,#5675,#5676);
#4460=AXIS2_PLACEMENT_3D('',#6908,#5677,#5678);
#4461=AXIS2_PLACEMENT_3D('',#6909,#5679,#5680);
#4462=AXIS2_PLACEMENT_3D('',#6910,#5681,#5682);
#4463=AXIS2_PLACEMENT_3D('',#6911,#5683,#5684);
#4464=AXIS2_PLACEMENT_3D('',#6912,#5685,#5686);
#4465=AXIS2_PLACEMENT_3D('',#6913,#5687,#5688);
#4466=AXIS2_PLACEMENT_3D('',#6914,#5689,#5690);
#4467=AXIS2_PLACEMENT_3D('',#6915,#5691,#5692);
#4468=AXIS2_PLACEMENT_3D('',#6916,#5693,#5694);
#4469=AXIS2_PLACEMENT_3D('',#6917,#5695,#5696);
#4470=AXIS2_PLACEMENT_3D('',#6918,#5697,#5698);
#4471=AXIS2_PLACEMENT_3D('',#6919,#5699,#5700);
#4472=AXIS2_PLACEMENT_3D('',#6920,#5701,#5702);
#4473=AXIS2_PLACEMENT_3D('',#6921,#5703,#5704);
#4474=AXIS2_PLACEMENT_3D('',#6922,#5705,#5706);
#4475=AXIS2_PLACEMENT_3D('',#6923,#5707,#5708);
#4476=AXIS2_PLACEMENT_3D('',#6924,#5709,#5710);
#4477=AXIS2_PLACEMENT_3D('',#6925,#5711,#5712);
#4478=AXIS2_PLACEMENT_3D('',#6926,#5713,#5714);
#4479=AXIS2_PLACEMENT_3D('',#6927,#5715,#5716);
#4480=AXIS2_PLACEMENT_3D('',#6928,#5717,#5718);
#4481=AXIS2_PLACEMENT_3D('',#6929,#5719,#5720);
#4482=AXIS2_PLACEMENT_3D('',#6930,#5721,#5722);
#4483=AXIS2_PLACEMENT_3D('',#6931,#5723,#5724);
#4484=AXIS2_PLACEMENT_3D('',#6932,#5725,#5726);
#4485=AXIS2_PLACEMENT_3D('',#6933,#5727,#5728);
#4486=AXIS2_PLACEMENT_3D('',#6934,#5729,#5730);
#4487=AXIS2_PLACEMENT_3D('',#6935,#5731,#5732);
#4488=AXIS2_PLACEMENT_3D('',#6936,#5733,#5734);
#4489=AXIS2_PLACEMENT_3D('',#6937,#5735,#5736);
#4490=AXIS2_PLACEMENT_3D('',#6938,#5737,#5738);
#4491=AXIS2_PLACEMENT_3D('',#6939,#5739,#5740);
#4492=AXIS2_PLACEMENT_3D('',#6940,#5741,#5742);
#4493=AXIS2_PLACEMENT_3D('',#6941,#5743,#5744);
#4494=AXIS2_PLACEMENT_3D('',#6942,#5745,#5746);
#4495=AXIS2_PLACEMENT_3D('',#6943,#5747,#5748);
#4496=AXIS2_PLACEMENT_3D('',#6944,#5749,#5750);
#4497=AXIS2_PLACEMENT_3D('',#6945,#5751,#5752);
#4498=AXIS2_PLACEMENT_3D('',#6946,#5753,#5754);
#4499=AXIS2_PLACEMENT_3D('',#6947,#5755,#5756);
#4500=DIRECTION('',(0.,0.,1.));
#4501=DIRECTION('',(1.,0.,0.));
#4502=DIRECTION('',(-1.06288872506142E-17,0.998629534754574,-0.0523359562429438));
#4503=DIRECTION('',(-1.,-1.06143207300397E-17,5.56272978059327E-19));
#4504=DIRECTION('',(-1.06288872506142E-17,0.998629534754574,-0.0523359562429438));
#4505=DIRECTION('',(0.,0.0523359562429438,0.998629534754574));
#4506=DIRECTION('',(2.22121014307982E-16,0.0523359562429438,0.998629534754574));
#4507=DIRECTION('',(-1.06288872506142E-17,0.998629534754574,-0.0523359562429438));
#4508=DIRECTION('',(0.,0.0523359562429438,0.998629534754574));
#4509=DIRECTION('',(-7.3752720948604E-35,-0.0523359562429438,-0.998629534754574));
#4510=DIRECTION('',(-1.06288872506142E-17,0.998629534754574,-0.0523359562429438));
#4511=DIRECTION('',(-1.,-1.06143207300397E-17,5.56272978059327E-19));
#4512=DIRECTION('',(-1.06288872506142E-17,0.998629534754574,-0.0523359562429438));
#4513=DIRECTION('',(0.,0.0523359562429438,0.998629534754574));
#4514=DIRECTION('',(-2.27504718160893E-16,-0.0523359562429438,-0.998629534754574));
#4515=DIRECTION('',(-1.06288872506142E-17,0.998629534754574,-0.0523359562429438));
#4516=DIRECTION('',(0.,0.0523359562429438,0.998629534754574));
#4517=DIRECTION('',(7.3752720948604E-35,-0.0523359562429438,-0.998629534754574));
#4518=DIRECTION('',(-1.06288872506142E-17,0.998629534754574,-0.0523359562429438));
#4519=DIRECTION('',(-1.,-1.06143207300397E-17,5.56272978059327E-19));
#4520=DIRECTION('',(-1.06288872506142E-17,0.998629534754574,-0.0523359562429438));
#4521=DIRECTION('',(0.,0.0523359562429438,0.998629534754574));
#4522=DIRECTION('',(-1.06288872506142E-17,0.998629534754574,-0.0523359562429438));
#4523=DIRECTION('',(0.,0.0523359562429438,0.998629534754574));
#4524=DIRECTION('',(-1.06288872506142E-17,0.998629534754574,-0.0523359562429438));
#4525=DIRECTION('',(0.,0.0523359562429438,0.998629534754574));
#4526=DIRECTION('',(-1.06288872506142E-17,0.998629534754574,-0.0523359562429438));
#4527=DIRECTION('',(0.,0.0523359562429438,0.998629534754574));
#4528=DIRECTION('',(-1.06288872506142E-17,0.998629534754574,-0.0523359562429438));
#4529=DIRECTION('',(0.,0.0523359562429438,0.998629534754574));
#4530=DIRECTION('',(-1.,-1.06143207300397E-17,5.56272978059327E-19));
#4531=DIRECTION('',(-1.06288872506142E-17,0.998629534754574,-0.0523359562429438));
#4532=DIRECTION('',(0.,0.0523359562429438,0.998629534754574));
#4533=DIRECTION('',(-8.89159197101726E-17,-0.0523359562429438,-0.998629534754574));
#4534=DIRECTION('',(-1.06288872506142E-17,0.998629534754574,-0.0523359562429438));
#4535=DIRECTION('',(0.,0.0523359562429438,0.998629534754574));
#4536=DIRECTION('',(-1.,-4.13832147510475E-18,1.24125699951099E-16));
#4537=DIRECTION('',(-1.06288872506142E-17,0.998629534754574,-0.0523359562429438));
#4538=DIRECTION('',(0.,0.0523359562429438,0.998629534754574));
#4539=DIRECTION('',(1.77831839420345E-16,0.0523359562429438,0.998629534754574));
#4540=DIRECTION('',(-1.06288872506142E-17,0.998629534754574,-0.0523359562429438));
#4541=DIRECTION('',(0.,0.0523359562429438,0.998629534754574));
#4542=DIRECTION('',(-1.06288872506142E-17,0.998629534754574,-0.0523359562429438));
#4543=DIRECTION('',(0.,0.0523359562429438,0.998629534754574));
#4544=DIRECTION('',(-1.06288872506142E-17,0.998629534754574,-0.0523359562429438));
#4545=DIRECTION('',(0.,0.0523359562429438,0.998629534754574));
#4546=DIRECTION('',(-1.06288872506142E-17,0.998629534754574,-0.0523359562429438));
#4547=DIRECTION('',(0.,0.0523359562429438,0.998629534754574));
#4548=DIRECTION('',(-1.06288872506142E-17,0.998629534754574,-0.0523359562429438));
#4549=DIRECTION('',(0.,0.0523359562429438,0.998629534754574));
#4550=DIRECTION('',(-1.06288872506142E-17,0.998629534754574,-0.0523359562429438));
#4551=DIRECTION('',(0.,0.0523359562429438,0.998629534754574));
#4552=DIRECTION('',(-1.06288872506142E-17,0.998629534754574,-0.0523359562429438));
#4553=DIRECTION('',(0.,0.0523359562429438,0.998629534754574));
#4554=DIRECTION('',(-1.06288872506142E-17,0.998629534754574,-0.0523359562429438));
#4555=DIRECTION('',(0.,0.0523359562429438,0.998629534754574));
#4556=DIRECTION('',(-1.06288872506142E-17,0.998629534754574,-0.0523359562429438));
#4557=DIRECTION('',(0.,0.0523359562429438,0.998629534754574));
#4558=DIRECTION('',(-1.06288872506142E-17,0.998629534754574,-0.0523359562429438));
#4559=DIRECTION('',(0.,0.0523359562429438,0.998629534754574));
#4560=DIRECTION('',(-1.06288872506142E-17,0.998629534754574,-0.0523359562429438));
#4561=DIRECTION('',(0.,0.0523359562429438,0.998629534754574));
#4562=DIRECTION('',(-1.06288872506142E-17,0.998629534754574,-0.0523359562429438));
#4563=DIRECTION('',(0.,0.0523359562429438,0.998629534754574));
#4564=DIRECTION('',(-1.06288872506142E-17,0.998629534754574,-0.0523359562429438));
#4565=DIRECTION('',(0.,0.0523359562429438,0.998629534754574));
#4566=DIRECTION('',(-1.06288872506142E-17,0.998629534754574,-0.0523359562429438));
#4567=DIRECTION('',(0.,0.0523359562429438,0.998629534754574));
#4568=DIRECTION('',(-1.06288872506142E-17,0.998629534754574,-0.0523359562429438));
#4569=DIRECTION('',(0.,0.0523359562429438,0.998629534754574));
#4570=DIRECTION('',(-1.06288872506142E-17,0.998629534754574,-0.0523359562429438));
#4571=DIRECTION('',(0.,0.0523359562429438,0.998629534754574));
#4572=DIRECTION('',(-1.06288872506142E-17,0.998629534754574,-0.0523359562429438));
#4573=DIRECTION('',(0.,0.0523359562429438,0.998629534754574));
#4574=DIRECTION('',(-8.89159197101726E-17,-0.0523359562429438,-0.998629534754574));
#4575=DIRECTION('',(-1.,-1.06143207300397E-17,5.56272978059327E-19));
#4576=DIRECTION('',(1.77831839420345E-16,0.0523359562429438,0.998629534754574));
#4577=DIRECTION('',(-1.06288872506142E-17,0.998629534754574,-0.0523359562429438));
#4578=DIRECTION('',(0.,0.0523359562429438,0.998629534754574));
#4579=DIRECTION('',(1.,1.06143207300397E-17,-5.56272978059327E-19));
#4580=DIRECTION('',(-1.06288872506142E-17,0.998629534754574,-0.0523359562429438));
#4581=DIRECTION('',(0.,0.0523359562429438,0.998629534754574));
#4582=DIRECTION('',(2.22121014307982E-16,0.0523359562429438,0.998629534754574));
#4583=DIRECTION('',(-1.06288872506142E-17,0.998629534754574,-0.0523359562429438));
#4584=DIRECTION('',(0.,0.0523359562429438,0.998629534754574));
#4585=DIRECTION('',(1.,1.06143207300397E-17,-5.56272978059327E-19));
#4586=DIRECTION('',(6.35556881647788E-33,-0.0523359562429438,-0.998629534754574));
#4587=DIRECTION('',(-1.06288872506142E-17,0.998629534754574,-0.0523359562429438));
#4588=DIRECTION('',(0.,0.0523359562429438,0.998629534754574));
#4589=DIRECTION('',(-1.,-1.06143207300397E-17,5.56272978059327E-19));
#4590=DIRECTION('',(-1.06288872506142E-17,0.998629534754574,-0.0523359562429438));
#4591=DIRECTION('',(0.,0.0523359562429438,0.998629534754574));
#4592=DIRECTION('',(-1.05926146941298E-33,-0.0523359562429438,-0.998629534754574));
#4593=DIRECTION('',(1.,1.06143207300397E-17,-5.56272978059327E-19));
#4594=DIRECTION('',(-1.06288872506142E-17,0.998629534754574,-0.0523359562429438));
#4595=DIRECTION('',(0.,0.0523359562429438,0.998629534754574));
#4596=DIRECTION('',(-9.62964972193618E-35,-0.0523359562429438,-0.998629534754574));
#4597=DIRECTION('',(-1.06288872506142E-17,0.998629534754574,-0.0523359562429438));
#4598=DIRECTION('',(0.,0.0523359562429438,0.998629534754574));
#4599=DIRECTION('',(1.,1.06143207300397E-17,-5.56272978059327E-19));
#4600=DIRECTION('',(3.85185988877447E-34,0.0523359562429438,0.998629534754574));
#4601=DIRECTION('',(-1.06288872506142E-17,0.998629534754574,-0.0523359562429438));
#4602=DIRECTION('',(0.,0.0523359562429438,0.998629534754574));
#4603=DIRECTION('',(1.,1.06143207300397E-17,-5.56272978059327E-19));
#4604=DIRECTION('',(-1.06288872506142E-17,0.998629534754574,-0.0523359562429438));
#4605=DIRECTION('',(0.,0.0523359562429438,0.998629534754574));
#4606=DIRECTION('',(3.85185988877447E-34,0.0523359562429438,0.998629534754574));
#4607=DIRECTION('',(1.,1.06143207300397E-17,-5.56272978059327E-19));
#4608=DIRECTION('',(-1.06288872506142E-17,0.998629534754574,-0.0523359562429438));
#4609=DIRECTION('',(0.,0.0523359562429438,0.998629534754574));
#4610=DIRECTION('',(2.22121014307982E-16,0.0523359562429438,0.998629534754574));
#4611=DIRECTION('',(-1.06288872506142E-17,0.998629534754574,-0.0523359562429438));
#4612=DIRECTION('',(0.,0.0523359562429438,0.998629534754574));
#4613=DIRECTION('',(1.,-1.07183826979813E-17,-4.07608503006895E-16));
#4614=DIRECTION('',(-1.06288872506142E-17,0.998629534754574,-0.0523359562429438));
#4615=DIRECTION('',(0.,0.0523359562429438,0.998629534754574));
#4616=DIRECTION('',(-1.06288872506142E-17,0.998629534754574,-0.0523359562429438));
#4617=DIRECTION('',(0.,0.0523359562429438,0.998629534754574));
#4618=DIRECTION('',(-1.,-1.06143207300397E-17,5.56272978059327E-19));
#4619=DIRECTION('',(-1.06288872506142E-17,0.998629534754574,-0.0523359562429438));
#4620=DIRECTION('',(0.,0.0523359562429438,0.998629534754574));
#4621=DIRECTION('',(-1.05926146941298E-33,-0.0523359562429438,-0.998629534754574));
#4622=DIRECTION('',(-1.06288872506142E-17,0.998629534754574,-0.0523359562429438));
#4623=DIRECTION('',(0.,0.0523359562429438,0.998629534754574));
#4624=DIRECTION('',(-6.74075480535533E-34,-0.0523359562429438,-0.998629534754574));
#4625=DIRECTION('',(1.,1.06143207300397E-17,-5.56272978059327E-19));
#4626=DIRECTION('',(8.48156290908946E-33,-0.0523359562429438,-0.998629534754574));
#4627=DIRECTION('',(1.,1.06143207300397E-17,-5.56272978059327E-19));
#4628=DIRECTION('',(-3.1540426835942E-16,-0.0523359562429438,-0.998629534754574));
#4629=DIRECTION('',(1.,1.06143207300397E-17,-5.56272978059327E-19));
#4630=DIRECTION('',(-9.95661732806155E-33,-0.0523359562429438,-0.998629534754574));
#4631=DIRECTION('',(1.,1.06143207300397E-17,-5.56272978059326E-19));
#4632=DIRECTION('',(-1.06288872506142E-17,0.998629534754574,-0.0523359562429438));
#4633=DIRECTION('',(0.,0.0523359562429438,0.998629534754574));
#4634=DIRECTION('',(-1.06288872506142E-17,0.998629534754574,-0.0523359562429438));
#4635=DIRECTION('',(0.,0.0523359562429438,0.998629534754574));
#4636=DIRECTION('',(-1.,1.01088768857521E-17,3.95978439291785E-16));
#4637=DIRECTION('',(-1.06288872506142E-17,0.998629534754574,-0.0523359562429438));
#4638=DIRECTION('',(0.,0.0523359562429438,0.998629534754574));
#4639=DIRECTION('',(-3.6876360474302E-34,-0.0523359562429438,-0.998629534754574));
#4640=DIRECTION('',(-1.06288872506142E-17,0.998629534754574,-0.0523359562429438));
#4641=DIRECTION('',(0.,0.0523359562429438,0.998629534754574));
#4642=DIRECTION('',(-3.85185988877447E-34,0.0523359562429438,0.998629534754574));
#4643=DIRECTION('',(-1.,-1.06143207300397E-17,5.56272978059327E-19));
#4644=DIRECTION('',(-9.95661732806155E-33,-0.0523359562429438,-0.998629534754574));
#4645=DIRECTION('',(1.,1.06143207300397E-17,-5.56272978059327E-19));
#4646=DIRECTION('',(-3.1540426835942E-16,-0.0523359562429438,-0.998629534754574));
#4647=DIRECTION('',(1.,1.06143207300397E-17,-5.56272978059327E-19));
#4648=DIRECTION('',(-6.12147583873413E-33,-0.0523359562429438,-0.998629534754574));
#4649=DIRECTION('',(1.,1.06143207300397E-17,-5.56272978059327E-19));
#4650=DIRECTION('',(-3.85185988877447E-34,0.0523359562429438,0.998629534754574));
#4651=DIRECTION('',(-1.06288872506142E-17,0.998629534754574,-0.0523359562429438));
#4652=DIRECTION('',(0.,0.0523359562429438,0.998629534754574));
#4653=DIRECTION('',(-3.6876360474302E-34,-0.0523359562429438,-0.998629534754574));
#4654=DIRECTION('',(-1.06288872506142E-17,0.998629534754574,-0.0523359562429438));
#4655=DIRECTION('',(0.,0.0523359562429438,0.998629534754574));
#4656=DIRECTION('',(-1.06288872506142E-17,0.998629534754574,-0.0523359562429438));
#4657=DIRECTION('',(0.,0.0523359562429438,0.998629534754574));
#4658=DIRECTION('',(-4.62592926927148E-16,-0.0523359562429438,-0.998629534754574));
#4659=DIRECTION('',(-1.06288872506142E-17,0.998629534754574,-0.0523359562429438));
#4660=DIRECTION('',(0.,0.0523359562429438,0.998629534754574));
#4661=DIRECTION('',(-1.06288872506142E-17,0.998629534754574,-0.0523359562429438));
#4662=DIRECTION('',(0.,0.0523359562429438,0.998629534754574));
#4663=DIRECTION('',(-2.27504718160893E-16,-0.0523359562429438,-0.998629534754574));
#4664=DIRECTION('',(-1.06288872506142E-17,0.998629534754574,-0.0523359562429438));
#4665=DIRECTION('',(0.,0.0523359562429438,0.998629534754574));
#4666=DIRECTION('',(-1.,-1.06143207300397E-17,5.56272978059327E-19));
#4667=DIRECTION('',(-3.85185988877447E-34,0.0523359562429438,0.998629534754574));
#4668=DIRECTION('',(-1.06288872506142E-17,0.998629534754574,-0.0523359562429438));
#4669=DIRECTION('',(0.,0.0523359562429438,0.998629534754574));
#4670=DIRECTION('',(-1.,-1.06143207300397E-17,5.56272978059327E-19));
#4671=DIRECTION('',(-1.06288872506142E-17,0.998629534754574,-0.0523359562429438));
#4672=DIRECTION('',(0.,0.0523359562429438,0.998629534754574));
#4673=DIRECTION('',(-3.85185988877447E-34,0.0523359562429438,0.998629534754574));
#4674=DIRECTION('',(-1.,-1.06143207300397E-17,5.56272978059327E-19));
#4675=DIRECTION('',(-1.06288872506142E-17,0.998629534754574,-0.0523359562429438));
#4676=DIRECTION('',(0.,0.0523359562429438,0.998629534754574));
#4677=DIRECTION('',(9.62964972193618E-35,-0.0523359562429438,-0.998629534754574));
#4678=DIRECTION('',(-1.06288872506142E-17,0.998629534754574,-0.0523359562429438));
#4679=DIRECTION('',(0.,0.0523359562429438,0.998629534754574));
#4680=DIRECTION('',(-1.,-1.06143207300397E-17,5.56272978059327E-19));
#4681=DIRECTION('',(1.05926146941298E-33,-0.0523359562429438,-0.998629534754574));
#4682=DIRECTION('',(-1.06288872506142E-17,0.998629534754574,-0.0523359562429438));
#4683=DIRECTION('',(0.,0.0523359562429438,0.998629534754574));
#4684=DIRECTION('',(1.,1.06143207300397E-17,-5.56272978059327E-19));
#4685=DIRECTION('',(-1.06288872506142E-17,0.998629534754574,-0.0523359562429438));
#4686=DIRECTION('',(0.,0.0523359562429438,0.998629534754574));
#4687=DIRECTION('',(-1.,-1.06143207300397E-17,5.56272978059327E-19));
#4688=DIRECTION('',(-1.06288872506142E-17,0.998629534754574,-0.0523359562429438));
#4689=DIRECTION('',(0.,0.0523359562429438,0.998629534754574));
#4690=DIRECTION('',(-2.27504718160893E-16,-0.0523359562429438,-0.998629534754574));
#4691=DIRECTION('',(-1.06288872506142E-17,0.998629534754574,-0.0523359562429438));
#4692=DIRECTION('',(0.,0.0523359562429438,0.998629534754574));
#4693=DIRECTION('',(-1.,-1.06143207300397E-17,5.56272978059327E-19));
#4694=DIRECTION('',(-1.06288872506142E-17,0.998629534754574,-0.0523359562429438));
#4695=DIRECTION('',(0.,0.0523359562429438,0.998629534754574));
#4696=DIRECTION('',(-1.,-5.96082104678697E-18,8.93503365105041E-17));
#4697=DIRECTION('',(8.93503365105041E-17,0.,1.));
#4698=DIRECTION('',(1.06288872506142E-17,-0.998629534754574,0.0523359562429438));
#4699=DIRECTION('',(-8.89159197101726E-17,-0.0523359562429438,-0.998629534754574));
#4700=DIRECTION('',(1.06288872506142E-17,-0.998629534754574,0.0523359562429438));
#4701=DIRECTION('',(1.,1.30732136353427E-18,-1.78144400042949E-16));
#4702=DIRECTION('',(-1.78144400042949E-16,0.,-1.));
#4703=DIRECTION('',(1.06288872506142E-17,-0.998629534754574,0.0523359562429438));
#4704=DIRECTION('',(1.77831839420345E-16,0.0523359562429438,0.998629534754574));
#4705=DIRECTION('',(1.06288872506142E-17,-0.998629534754574,0.0523359562429438));
#4706=DIRECTION('',(0.,-0.0523359562429438,-0.998629534754574));
#4707=DIRECTION('',(0.,0.998629534754574,-0.0523359562429438));
#4708=DIRECTION('',(-1.06288872506142E-17,0.998629534754574,-0.0523359562429438));
#4709=DIRECTION('',(1.,1.06143207300397E-17,-5.56272978059327E-19));
#4710=DIRECTION('',(1.06288872506142E-17,-0.998629534754574,0.0523359562429438));
#4711=DIRECTION('',(0.,-0.0523359562429438,-0.998629534754574));
#4712=DIRECTION('',(0.,0.998629534754574,-0.0523359562429438));
#4713=DIRECTION('',(-1.06288872506142E-17,0.998629534754574,-0.0523359562429438));
#4714=DIRECTION('',(1.06288872506142E-17,-0.998629534754574,0.0523359562429438));
#4715=DIRECTION('',(1.,1.06143207300397E-17,-5.56272978059327E-19));
#4716=DIRECTION('',(-1.06288872506142E-17,0.998629534754574,-0.0523359562429438));
#4717=DIRECTION('',(-1.,-1.06143207300397E-17,5.56272978059327E-19));
#4718=DIRECTION('',(1.06288872506142E-17,-0.998629534754574,0.0523359562429438));
#4719=DIRECTION('',(0.,-0.0523359562429438,-0.998629534754574));
#4720=DIRECTION('',(1.,1.06143207300397E-17,-5.56272978059327E-19));
#4721=DIRECTION('',(8.48156290908946E-33,-0.0523359562429438,-0.998629534754574));
#4722=DIRECTION('',(-1.,-1.06143207300397E-17,5.56272978059327E-19));
#4723=DIRECTION('',(0.,-0.0523359562429438,-0.998629534754574));
#4724=DIRECTION('',(-1.06288872506142E-17,0.998629534754574,-0.0523359562429438));
#4725=DIRECTION('',(0.,0.0523359562429438,0.998629534754574));
#4726=DIRECTION('',(-1.06288872506142E-17,0.998629534754574,-0.0523359562429438));
#4727=DIRECTION('',(0.,0.0523359562429438,0.998629534754574));
#4728=DIRECTION('',(-1.06288872506142E-17,0.998629534754574,-0.0523359562429438));
#4729=DIRECTION('',(0.,0.0523359562429438,0.998629534754574));
#4730=DIRECTION('',(5.76588703758223E-19,-0.0523359562429438,-0.998629534754574));
#4731=DIRECTION('',(-1.,-1.06143207300397E-17,5.56272978059326E-19));
#4732=DIRECTION('',(-9.95661732806155E-33,-0.0523359562429438,-0.998629534754574));
#4733=DIRECTION('',(1.,1.06143207300397E-17,-5.56272978059327E-19));
#4734=DIRECTION('',(-3.1540426835942E-16,-0.0523359562429438,-0.998629534754574));
#4735=DIRECTION('',(3.95964822341156E-16,0.0523359562429438,0.998629534754574));
#4736=DIRECTION('',(0.,-0.998629534754574,0.0523359562429438));
#4737=DIRECTION('',(1.06288872506142E-17,-0.998629534754574,0.0523359562429438));
#4738=DIRECTION('',(-1.,1.01088768857521E-17,3.95978439291785E-16));
#4739=DIRECTION('',(1.06288872506142E-17,-0.998629534754574,0.0523359562429438));
#4740=DIRECTION('',(-1.,-1.06143207300397E-17,5.56272978059327E-19));
#4741=DIRECTION('',(1.06143207300397E-17,-1.,0.));
#4742=DIRECTION('',(-3.6876360474302E-34,-0.0523359562429438,-0.998629534754574));
#4743=DIRECTION('',(1.06288872506142E-17,-0.998629534754574,0.0523359562429438));
#4744=DIRECTION('',(1.06288872506142E-17,-0.998629534754574,0.0523359562429438));
#4745=DIRECTION('',(-1.,1.35959224519149E-17,4.62515232376074E-16));
#4746=DIRECTION('',(4.62515232376074E-16,0.,1.));
#4747=DIRECTION('',(-4.62592926927148E-16,-0.0523359562429438,-0.998629534754574));
#4748=DIRECTION('',(1.06288872506142E-17,-0.998629534754574,0.0523359562429438));
#4749=DIRECTION('',(1.06288872506142E-17,-0.998629534754574,0.0523359562429438));
#4750=DIRECTION('',(-1.,1.29235624469208E-18,2.27749203829542E-16));
#4751=DIRECTION('',(2.27749203829542E-16,0.,1.));
#4752=DIRECTION('',(1.06288872506142E-17,-0.998629534754574,0.0523359562429438));
#4753=DIRECTION('',(-2.27504718160893E-16,-0.0523359562429438,-0.998629534754574));
#4754=DIRECTION('',(1.06288872506142E-17,-0.998629534754574,0.0523359562429438));
#4755=DIRECTION('',(0.,0.0523359562429438,0.998629534754574));
#4756=DIRECTION('',(0.,-0.998629534754574,0.0523359562429438));
#4757=DIRECTION('',(1.06288872506142E-17,-0.998629534754574,0.0523359562429438));
#4758=DIRECTION('',(-1.,-1.06143207300397E-17,5.56272978059327E-19));
#4759=DIRECTION('',(1.06288872506142E-17,-0.998629534754574,0.0523359562429438));
#4760=DIRECTION('',(-1.,-5.96082104678697E-18,8.93503365105041E-17));
#4761=DIRECTION('',(8.93503365105041E-17,0.,1.));
#4762=DIRECTION('',(1.06288872506142E-17,-0.998629534754574,0.0523359562429438));
#4763=DIRECTION('',(1.06288872506142E-17,-0.998629534754574,0.0523359562429438));
#4764=DIRECTION('',(-8.89159197101726E-17,-0.0523359562429438,-0.998629534754574));
#4765=DIRECTION('',(1.23739006981611E-16,0.0523359562429438,0.998629534754574));
#4766=DIRECTION('',(0.,-0.998629534754574,0.0523359562429438));
#4767=DIRECTION('',(-1.,-4.13832147510475E-18,1.24125699951099E-16));
#4768=DIRECTION('',(1.06288872506142E-17,-0.998629534754574,0.0523359562429438));
#4769=DIRECTION('',(1.06288872506142E-17,-0.998629534754574,0.0523359562429438));
#4770=DIRECTION('',(1.,1.30732136353427E-18,-1.78144400042949E-16));
#4771=DIRECTION('',(-1.78144400042949E-16,0.,-1.));
#4772=DIRECTION('',(1.77831839420345E-16,0.0523359562429438,0.998629534754574));
#4773=DIRECTION('',(1.06288872506142E-17,-0.998629534754574,0.0523359562429438));
#4774=DIRECTION('',(1.06288872506142E-17,-0.998629534754574,0.0523359562429438));
#4775=DIRECTION('',(0.,-0.0523359562429438,-0.998629534754574));
#4776=DIRECTION('',(0.,0.998629534754574,-0.0523359562429438));
#4777=DIRECTION('',(1.06288872506142E-17,-0.998629534754574,0.0523359562429438));
#4778=DIRECTION('',(1.,1.06143207300397E-17,-5.56272978059327E-19));
#4779=DIRECTION('',(1.06288872506142E-17,-0.998629534754574,0.0523359562429438));
#4780=DIRECTION('',(1.,-1.01059495542117E-18,-2.22372878155653E-16));
#4781=DIRECTION('',(-2.22372878155653E-16,0.,-1.));
#4782=DIRECTION('',(1.06288872506142E-17,-0.998629534754574,0.0523359562429438));
#4783=DIRECTION('',(2.22121014307982E-16,0.0523359562429438,0.998629534754574));
#4784=DIRECTION('',(1.06288872506142E-17,-0.998629534754574,0.0523359562429438));
#4785=DIRECTION('',(-4.07610846527661E-16,-0.0523359562429438,-0.998629534754574));
#4786=DIRECTION('',(0.,0.998629534754574,-0.0523359562429438));
#4787=DIRECTION('',(1.06288872506142E-17,-0.998629534754574,0.0523359562429438));
#4788=DIRECTION('',(1.,-1.07183826979813E-17,-4.07608503006895E-16));
#4789=DIRECTION('',(1.06288872506142E-17,-0.998629534754574,0.0523359562429438));
#4790=DIRECTION('',(0.,0.0523359562429438,0.998629534754574));
#4791=DIRECTION('',(0.,-0.998629534754574,0.0523359562429438));
#4792=DIRECTION('',(1.06288872506142E-17,-0.998629534754574,0.0523359562429438));
#4793=DIRECTION('',(-1.,-1.06143207300397E-17,5.56272978059327E-19));
#4794=DIRECTION('',(-1.06288872506142E-17,0.998629534754574,-0.0523359562429438));
#4795=DIRECTION('',(1.06288872506142E-17,-0.998629534754574,0.0523359562429438));
#4796=DIRECTION('',(0.,-0.0523359562429438,-0.998629534754574));
#4797=DIRECTION('',(-1.06288872506142E-17,0.998629534754574,-0.0523359562429438));
#4798=DIRECTION('',(0.,0.0523359562429438,0.998629534754574));
#4799=DIRECTION('',(1.06288872506142E-17,-0.998629534754574,0.0523359562429438));
#4800=DIRECTION('',(0.,-0.0523359562429438,-0.998629534754574));
#4801=DIRECTION('',(-1.06288872506142E-17,0.998629534754574,-0.0523359562429438));
#4802=DIRECTION('',(0.,0.0523359562429438,0.998629534754574));
#4803=DIRECTION('',(1.06288872506142E-17,-0.998629534754574,0.0523359562429438));
#4804=DIRECTION('',(0.,-0.0523359562429438,-0.998629534754574));
#4805=DIRECTION('',(-1.06288872506142E-17,0.998629534754574,-0.0523359562429438));
#4806=DIRECTION('',(0.,0.0523359562429438,0.998629534754574));
#4807=DIRECTION('',(1.06288872506142E-17,-0.998629534754574,0.0523359562429438));
#4808=DIRECTION('',(0.,-0.0523359562429438,-0.998629534754574));
#4809=DIRECTION('',(-1.06288872506142E-17,0.998629534754574,-0.0523359562429438));
#4810=DIRECTION('',(0.,0.0523359562429438,0.998629534754574));
#4811=DIRECTION('',(-1.06288872506142E-17,0.998629534754574,-0.0523359562429438));
#4812=DIRECTION('',(-1.,-1.06143207300397E-17,5.56272978059327E-19));
#4813=DIRECTION('',(-1.06288872506142E-17,0.998629534754574,-0.0523359562429438));
#4814=DIRECTION('',(0.,0.0523359562429438,0.998629534754574));
#4815=DIRECTION('',(-1.06288872506142E-17,0.998629534754574,-0.0523359562429438));
#4816=DIRECTION('',(0.,0.0523359562429438,0.998629534754574));
#4817=DIRECTION('',(-1.06288872506142E-17,0.998629534754574,-0.0523359562429438));
#4818=DIRECTION('',(0.,0.0523359562429438,0.998629534754574));
#4819=DIRECTION('',(-1.06288872506142E-17,0.998629534754574,-0.0523359562429438));
#4820=DIRECTION('',(0.,0.0523359562429438,0.998629534754574));
#4821=DIRECTION('',(-1.06288872506142E-17,0.998629534754574,-0.0523359562429438));
#4822=DIRECTION('',(0.,0.0523359562429438,0.998629534754574));
#4823=DIRECTION('',(-1.06288872506142E-17,0.998629534754574,-0.0523359562429438));
#4824=DIRECTION('',(0.,0.0523359562429438,0.998629534754574));
#4825=DIRECTION('',(-1.06288872506142E-17,0.998629534754574,-0.0523359562429438));
#4826=DIRECTION('',(0.,0.0523359562429438,0.998629534754574));
#4827=DIRECTION('',(-1.06288872506142E-17,0.998629534754574,-0.0523359562429438));
#4828=DIRECTION('',(0.,0.0523359562429438,0.998629534754574));
#4829=DIRECTION('',(-1.06288872506142E-17,0.998629534754574,-0.0523359562429438));
#4830=DIRECTION('',(0.,0.0523359562429438,0.998629534754574));
#4831=DIRECTION('',(-1.06288872506142E-17,0.998629534754574,-0.0523359562429438));
#4832=DIRECTION('',(0.,0.0523359562429438,0.998629534754574));
#4833=DIRECTION('',(-1.06288872506142E-17,0.998629534754574,-0.0523359562429438));
#4834=DIRECTION('',(0.,0.0523359562429438,0.998629534754574));
#4835=DIRECTION('',(-1.06288872506142E-17,0.998629534754574,-0.0523359562429438));
#4836=DIRECTION('',(0.,0.0523359562429438,0.998629534754574));
#4837=DIRECTION('',(-1.06288872506142E-17,0.998629534754574,-0.0523359562429438));
#4838=DIRECTION('',(0.,0.0523359562429438,0.998629534754574));
#4839=DIRECTION('',(-1.06288872506142E-17,0.998629534754574,-0.0523359562429438));
#4840=DIRECTION('',(0.,0.0523359562429438,0.998629534754574));
#4841=DIRECTION('',(-1.06288872506142E-17,0.998629534754574,-0.0523359562429438));
#4842=DIRECTION('',(0.,0.0523359562429438,0.998629534754574));
#4843=DIRECTION('',(-1.,-1.06143207300397E-17,5.56272978059327E-19));
#4844=DIRECTION('',(-1.06288872506142E-17,0.998629534754574,-0.0523359562429438));
#4845=DIRECTION('',(0.,0.0523359562429438,0.998629534754574));
#4846=DIRECTION('',(-1.06288872506142E-17,0.998629534754574,-0.0523359562429438));
#4847=DIRECTION('',(0.,0.0523359562429438,0.998629534754574));
#4848=DIRECTION('',(-1.06288872506142E-17,0.998629534754574,-0.0523359562429438));
#4849=DIRECTION('',(0.,0.0523359562429438,0.998629534754574));
#4850=DIRECTION('',(-1.06288872506142E-17,0.998629534754574,-0.0523359562429438));
#4851=DIRECTION('',(0.,0.0523359562429438,0.998629534754574));
#4852=DIRECTION('',(-1.06288872506142E-17,0.998629534754574,-0.0523359562429438));
#4853=DIRECTION('',(0.,0.0523359562429438,0.998629534754574));
#4854=DIRECTION('',(-1.06288872506142E-17,0.998629534754574,-0.0523359562429438));
#4855=DIRECTION('',(0.,0.0523359562429438,0.998629534754574));
#4856=DIRECTION('',(-1.06288872506142E-17,0.998629534754574,-0.0523359562429438));
#4857=DIRECTION('',(0.,0.0523359562429438,0.998629534754574));
#4858=DIRECTION('',(-1.06288872506142E-17,0.998629534754574,-0.0523359562429438));
#4859=DIRECTION('',(0.,0.0523359562429438,0.998629534754574));
#4860=DIRECTION('',(-1.06288872506142E-17,0.998629534754574,-0.0523359562429438));
#4861=DIRECTION('',(0.,0.0523359562429438,0.998629534754574));
#4862=DIRECTION('',(-1.06288872506142E-17,0.998629534754574,-0.0523359562429438));
#4863=DIRECTION('',(0.,0.0523359562429438,0.998629534754574));
#4864=DIRECTION('',(-1.06288872506142E-17,0.998629534754574,-0.0523359562429438));
#4865=DIRECTION('',(0.,0.0523359562429438,0.998629534754574));
#4866=DIRECTION('',(-1.06288872506142E-17,0.998629534754574,-0.0523359562429438));
#4867=DIRECTION('',(0.,0.0523359562429438,0.998629534754574));
#4868=DIRECTION('',(-1.06288872506142E-17,0.998629534754574,-0.0523359562429438));
#4869=DIRECTION('',(0.,0.0523359562429438,0.998629534754574));
#4870=DIRECTION('',(-1.06288872506142E-17,0.998629534754574,-0.0523359562429438));
#4871=DIRECTION('',(0.,0.0523359562429438,0.998629534754574));
#4872=DIRECTION('',(-1.06288872506142E-17,0.998629534754574,-0.0523359562429438));
#4873=DIRECTION('',(0.,0.0523359562429438,0.998629534754574));
#4874=DIRECTION('',(-1.06288872506142E-17,0.998629534754574,-0.0523359562429438));
#4875=DIRECTION('',(0.,0.0523359562429438,0.998629534754574));
#4876=DIRECTION('',(-1.06288872506142E-17,0.998629534754574,-0.0523359562429438));
#4877=DIRECTION('',(0.,0.0523359562429438,0.998629534754574));
#4878=DIRECTION('',(-1.06288872506142E-17,0.998629534754574,-0.0523359562429438));
#4879=DIRECTION('',(0.,0.0523359562429438,0.998629534754574));
#4880=DIRECTION('',(-1.06288872506142E-17,0.998629534754574,-0.0523359562429438));
#4881=DIRECTION('',(0.,0.0523359562429438,0.998629534754574));
#4882=DIRECTION('',(-1.06288872506142E-17,0.998629534754574,-0.0523359562429438));
#4883=DIRECTION('',(0.,0.0523359562429438,0.998629534754574));
#4884=DIRECTION('',(-1.06288872506142E-17,0.998629534754574,-0.0523359562429438));
#4885=DIRECTION('',(0.,0.0523359562429438,0.998629534754574));
#4886=DIRECTION('',(-1.06288872506142E-17,0.998629534754574,-0.0523359562429438));
#4887=DIRECTION('',(0.,0.0523359562429438,0.998629534754574));
#4888=DIRECTION('',(-1.06288872506142E-17,0.998629534754574,-0.0523359562429438));
#4889=DIRECTION('',(0.,0.0523359562429438,0.998629534754574));
#4890=DIRECTION('',(-1.06288872506142E-17,0.998629534754574,-0.0523359562429438));
#4891=DIRECTION('',(0.,0.0523359562429438,0.998629534754574));
#4892=DIRECTION('',(-1.06288872506142E-17,0.998629534754574,-0.0523359562429438));
#4893=DIRECTION('',(0.,0.0523359562429438,0.998629534754574));
#4894=DIRECTION('',(-1.06288872506142E-17,0.998629534754574,-0.0523359562429438));
#4895=DIRECTION('',(0.,0.0523359562429438,0.998629534754574));
#4896=DIRECTION('',(-1.06288872506142E-17,0.998629534754574,-0.0523359562429438));
#4897=DIRECTION('',(0.,0.0523359562429438,0.998629534754574));
#4898=DIRECTION('',(-1.,-1.06143207300397E-17,5.56272978059327E-19));
#4899=DIRECTION('',(-1.06288872506142E-17,0.998629534754574,-0.0523359562429438));
#4900=DIRECTION('',(0.,0.0523359562429438,0.998629534754574));
#4901=DIRECTION('',(-1.06288872506142E-17,0.998629534754574,-0.0523359562429438));
#4902=DIRECTION('',(0.,0.0523359562429438,0.998629534754574));
#4903=DIRECTION('',(-1.06288872506142E-17,0.998629534754574,-0.0523359562429438));
#4904=DIRECTION('',(0.,0.0523359562429438,0.998629534754574));
#4905=DIRECTION('',(1.06288872506142E-17,-0.998629534754574,0.0523359562429438));
#4906=DIRECTION('',(0.,-0.0523359562429438,-0.998629534754574));
#4907=DIRECTION('',(-1.06288872506142E-17,0.998629534754574,-0.0523359562429438));
#4908=DIRECTION('',(0.,0.0523359562429438,0.998629534754574));
#4909=DIRECTION('',(1.06288872506142E-17,-0.998629534754574,0.0523359562429438));
#4910=DIRECTION('',(0.,-0.0523359562429438,-0.998629534754574));
#4911=DIRECTION('',(-1.06288872506142E-17,0.998629534754574,-0.0523359562429438));
#4912=DIRECTION('',(0.,0.0523359562429438,0.998629534754574));
#4913=DIRECTION('',(1.06288872506142E-17,-0.998629534754574,0.0523359562429438));
#4914=DIRECTION('',(0.,-0.0523359562429438,-0.998629534754574));
#4915=DIRECTION('',(-1.06288872506142E-17,0.998629534754574,-0.0523359562429438));
#4916=DIRECTION('',(0.,0.0523359562429438,0.998629534754574));
#4917=DIRECTION('',(-1.06288872506142E-17,0.998629534754574,-0.0523359562429438));
#4918=DIRECTION('',(1.06288872506142E-17,-0.998629534754574,0.0523359562429438));
#4919=DIRECTION('',(0.,-0.0523359562429438,-0.998629534754574));
#4920=DIRECTION('',(1.06288872506142E-17,-0.998629534754574,0.0523359562429438));
#4921=DIRECTION('',(-1.06288872506142E-17,0.998629534754574,-0.0523359562429438));
#4922=DIRECTION('',(0.,0.0523359562429438,0.998629534754574));
#4923=DIRECTION('',(0.,-0.0523359562429438,-0.998629534754574));
#4924=DIRECTION('',(0.,0.998629534754574,-0.0523359562429438));
#4925=DIRECTION('',(-1.06288872506142E-17,0.998629534754574,-0.0523359562429438));
#4926=DIRECTION('',(1.06288872506142E-17,-0.998629534754574,0.0523359562429438));
#4927=DIRECTION('',(-1.,5.89266325765661E-18,3.15528290749433E-16));
#4928=DIRECTION('',(3.15528290749433E-16,0.,1.));
#4929=DIRECTION('',(1.06288872506142E-17,-0.998629534754574,0.0523359562429438));
#4930=DIRECTION('',(0.,-0.0523359562429438,-0.998629534754574));
#4931=DIRECTION('',(0.,0.998629534754574,-0.0523359562429438));
#4932=DIRECTION('',(-1.06288872506142E-17,0.998629534754574,-0.0523359562429438));
#4933=DIRECTION('',(-1.,5.89266325765661E-18,3.15528290749433E-16));
#4934=DIRECTION('',(3.15528290749433E-16,0.,1.));
#4935=DIRECTION('',(-3.1540426835942E-16,-0.0523359562429438,-0.998629534754574));
#4936=DIRECTION('',(-1.06288872506142E-17,0.998629534754574,-0.0523359562429438));
#4937=DIRECTION('',(-1.,-1.06143207300397E-17,5.56272978059327E-19));
#4938=DIRECTION('',(1.06288872506142E-17,-0.998629534754574,0.0523359562429438));
#4939=DIRECTION('',(0.,-0.0523359562429438,-0.998629534754574));
#4940=DIRECTION('',(-6.12147583873413E-33,-0.0523359562429438,-0.998629534754574));
#4941=DIRECTION('',(-9.95661732806155E-33,-0.0523359562429438,-0.998629534754574));
#4942=DIRECTION('',(-1.,-1.06143207300397E-17,5.56272978059326E-19));
#4943=DIRECTION('',(-5.76588703758223E-19,-0.0523359562429438,-0.998629534754574));
#4944=DIRECTION('',(-1.06288872506142E-17,0.998629534754574,-0.0523359562429438));
#4945=DIRECTION('',(0.,0.0523359562429438,0.998629534754574));
#4946=DIRECTION('',(-1.06288872506142E-17,0.998629534754574,-0.0523359562429438));
#4947=DIRECTION('',(0.,0.0523359562429438,0.998629534754574));
#4948=DIRECTION('',(-1.06288872506142E-17,0.998629534754574,-0.0523359562429438));
#4949=DIRECTION('',(0.,0.0523359562429438,0.998629534754574));
#4950=DIRECTION('',(-5.76588703758223E-19,-0.0523359562429438,-0.998629534754574));
#4951=DIRECTION('',(-1.,-1.06143207300397E-17,5.56272978059327E-19));
#4952=DIRECTION('',(1.,1.06143207300397E-17,-5.56272978059337E-19));
#4953=DIRECTION('',(-1.06143207300397E-17,1.,0.));
#4954=DIRECTION('',(9.11419562559791E-18,-0.82939113411642,0.558668369114521));
#4955=DIRECTION('',(1.,1.06143207300397E-17,-5.56272978059337E-19));
#4956=DIRECTION('',(-1.06143207300397E-17,1.,0.));
#4957=DIRECTION('',(-9.11419562559791E-18,0.82939113411642,-0.558668369114521));
#4958=DIRECTION('',(1.,1.06143207300397E-17,-5.56272978059333E-19));
#4959=DIRECTION('',(-1.06143207300397E-17,1.,0.));
#4960=DIRECTION('',(9.11419562559791E-18,-0.883244388802892,-0.468912944637069));
#4961=DIRECTION('',(1.,1.06143207300397E-17,-5.56272978059319E-19));
#4962=DIRECTION('',(-1.06143207300397E-17,1.,0.));
#4963=DIRECTION('',(-9.11419562559792E-18,0.883244388802892,0.468912944637069));
#4964=DIRECTION('',(-1.06288872506142E-17,0.998629534754574,-0.0523359562429438));
#4965=DIRECTION('',(0.,0.0523359562429438,0.998629534754574));
#4966=DIRECTION('',(1.06288872506142E-17,-0.998629534754574,0.0523359562429438));
#4967=DIRECTION('',(0.,-0.0523359562429438,-0.998629534754574));
#4968=DIRECTION('',(1.06288872506142E-17,-0.998629534754574,0.0523359562429438));
#4969=DIRECTION('',(0.,-0.0523359562429438,-0.998629534754574));
#4970=DIRECTION('',(-1.06288872506142E-17,0.998629534754574,-0.0523359562429438));
#4971=DIRECTION('',(0.,0.0523359562429438,0.998629534754574));
#4972=DIRECTION('',(1.06288872506142E-17,-0.998629534754574,0.0523359562429438));
#4973=DIRECTION('',(0.,-0.0523359562429438,-0.998629534754574));
#4974=DIRECTION('',(1.06288872506142E-17,-0.998629534754574,0.0523359562429438));
#4975=DIRECTION('',(0.,-0.0523359562429438,-0.998629534754574));
#4976=DIRECTION('',(-1.06288872506142E-17,0.998629534754574,-0.0523359562429438));
#4977=DIRECTION('',(0.,0.0523359562429438,0.998629534754574));
#4978=DIRECTION('',(-1.06288872506142E-17,0.998629534754574,-0.0523359562429438));
#4979=DIRECTION('',(0.,0.0523359562429438,0.998629534754574));
#4980=DIRECTION('',(-1.06288872506142E-17,0.998629534754574,-0.0523359562429438));
#4981=DIRECTION('',(0.,0.0523359562429438,0.998629534754574));
#4982=DIRECTION('',(-1.06288872506142E-17,0.998629534754574,-0.0523359562429438));
#4983=DIRECTION('',(0.,0.0523359562429438,0.998629534754574));
#4984=DIRECTION('',(-1.06288872506142E-17,0.998629534754574,-0.0523359562429438));
#4985=DIRECTION('',(0.,0.0523359562429438,0.998629534754574));
#4986=DIRECTION('',(-1.06288872506142E-17,0.998629534754574,-0.0523359562429438));
#4987=DIRECTION('',(0.,0.0523359562429438,0.998629534754574));
#4988=DIRECTION('',(-1.06288872506142E-17,0.998629534754574,-0.0523359562429438));
#4989=DIRECTION('',(0.,0.0523359562429438,0.998629534754574));
#4990=DIRECTION('',(-1.06288872506142E-17,0.998629534754574,-0.0523359562429438));
#4991=DIRECTION('',(0.,0.0523359562429438,0.998629534754574));
#4992=DIRECTION('',(-1.06288872506142E-17,0.998629534754574,-0.0523359562429438));
#4993=DIRECTION('',(0.,0.0523359562429438,0.998629534754574));
#4994=DIRECTION('',(-1.06288872506142E-17,0.998629534754574,-0.0523359562429438));
#4995=DIRECTION('',(0.,0.0523359562429438,0.998629534754574));
#4996=DIRECTION('',(-1.06288872506142E-17,0.998629534754574,-0.0523359562429438));
#4997=DIRECTION('',(0.,0.0523359562429438,0.998629534754574));
#4998=DIRECTION('',(-1.06288872506142E-17,0.998629534754574,-0.0523359562429438));
#4999=DIRECTION('',(0.,0.0523359562429438,0.998629534754574));
#5000=DIRECTION('',(-5.46851737535877E-18,0.558668369114521,0.82939113411642));
#5001=DIRECTION('',(1.,1.06143207300397E-17,-5.56272978059327E-19));
#5002=DIRECTION('',(0.457495710997814,0.737504406197816,-0.496774521546155));
#5003=DIRECTION('',(-5.46851737535877E-18,0.558668369114521,0.82939113411642));
#5004=DIRECTION('',(9.1141956255979E-18,-0.82939113411642,0.558668369114521));
#5005=DIRECTION('',(-0.857492925712544,0.513790656875794,-0.0269266273432353));
#5006=DIRECTION('',(1.05926146941298E-33,0.0523359562429438,0.998629534754574));
#5007=DIRECTION('',(0.514495755427527,0.856317761459656,-0.0448777122387256));
#5008=DIRECTION('',(-0.857492925712544,0.513790656875794,-0.0269266273432353));
#5009=DIRECTION('',(-0.514495755427527,-0.856317761459656,0.0448777122387256));
#5010=DIRECTION('',(-1.06288872506142E-17,0.998629534754574,-0.0523359562429438));
#5011=DIRECTION('',(0.,0.0523359562429438,0.998629534754574));
#5012=DIRECTION('',(0.0935446828050039,0.829839942670198,-0.550104591753271));
#5013=DIRECTION('',(0.,-0.998629534754574,0.0523359562429437));
#5014=DIRECTION('',(0.,-0.0523359562429438,-0.998629534754574));
#5015=DIRECTION('',(0.0935446828050039,0.882795580249114,0.460349167275821));
#5016=DIRECTION('',(-1.06288872506142E-17,0.998629534754574,-0.0523359562429438));
#5017=DIRECTION('',(0.,0.0523359562429438,0.998629534754574));
#5018=DIRECTION('',(0.514495755427527,0.856317761459656,-0.0448777122387255));
#5019=DIRECTION('',(-0.857492925712544,0.513790656875794,-0.0269266273432353));
#5020=DIRECTION('',(6.74075480535533E-34,0.0523359562429438,0.998629534754574));
#5021=DIRECTION('',(-0.457495710997814,-0.785391357222049,-0.416962936505767));
#5022=DIRECTION('',(5.46851737535876E-18,-0.468912944637069,0.883244388802892));
#5023=DIRECTION('',(-1.,-1.06143207300397E-17,5.56272978059327E-19));
#5024=DIRECTION('',(5.46851737535876E-18,-0.468912944637069,0.883244388802892));
#5025=DIRECTION('',(-1.,-1.06143207300397E-17,5.56272978059327E-19));
#5026=DIRECTION('',(-0.457495710997814,0.785391357222049,0.416962936505767));
#5027=DIRECTION('',(-0.857492925712544,-0.513790656875794,0.0269266273432353));
#5028=DIRECTION('',(3.85185988877447E-34,-0.0523359562429438,-0.998629534754574));
#5029=DIRECTION('',(-0.514495755427527,0.856317761459656,-0.0448777122387255));
#5030=DIRECTION('',(-1.06288872506142E-17,0.998629534754574,-0.0523359562429438));
#5031=DIRECTION('',(0.,0.0523359562429438,0.998629534754574));
#5032=DIRECTION('',(-0.0935446828050056,0.882795580249114,0.46034916727582));
#5033=DIRECTION('',(0.,-0.998629534754574,0.0523359562429437));
#5034=DIRECTION('',(0.,-0.0523359562429438,-0.998629534754574));
#5035=DIRECTION('',(-0.0935446828050056,0.829839942670199,-0.55010459175327));
#5036=DIRECTION('',(-1.06288872506142E-17,0.998629534754574,-0.0523359562429438));
#5037=DIRECTION('',(0.,0.0523359562429438,0.998629534754574));
#5038=DIRECTION('',(-0.514495755427527,0.856317761459656,-0.0448777122387256));
#5039=DIRECTION('',(-0.857492925712544,-0.513790656875794,0.0269266273432353));
#5040=DIRECTION('',(3.85185988877447E-34,-0.0523359562429438,-0.998629534754574));
#5041=DIRECTION('',(0.457495710997814,-0.737504406197816,0.496774521546155));
#5042=DIRECTION('',(-5.46851737535877E-18,0.558668369114521,0.82939113411642));
#5043=DIRECTION('',(1.,1.06143207300397E-17,-5.56272978059327E-19));
#5044=DIRECTION('',(-1.06288872506142E-17,0.998629534754574,-0.0523359562429438));
#5045=DIRECTION('',(0.,0.0523359562429438,0.998629534754574));
#5046=DIRECTION('',(1.06288872506142E-17,-0.998629534754574,0.0523359562429438));
#5047=DIRECTION('',(0.,-0.0523359562429438,-0.998629534754574));
#5048=DIRECTION('',(1.06288872506142E-17,-0.998629534754574,0.0523359562429438));
#5049=DIRECTION('',(0.,-0.0523359562429438,-0.998629534754574));
#5050=DIRECTION('',(1.06288872506142E-17,-0.998629534754574,0.0523359562429438));
#5051=DIRECTION('',(0.,-0.0523359562429438,-0.998629534754574));
#5052=DIRECTION('',(1.06288872506142E-17,-0.998629534754574,0.0523359562429438));
#5053=DIRECTION('',(0.,-0.0523359562429438,-0.998629534754574));
#5054=DIRECTION('',(-1.06288872506142E-17,0.998629534754574,-0.0523359562429438));
#5055=DIRECTION('',(0.,0.0523359562429438,0.998629534754574));
#5056=DIRECTION('',(-1.06288872506142E-17,0.998629534754574,-0.0523359562429438));
#5057=DIRECTION('',(0.,0.0523359562429438,0.998629534754574));
#5058=DIRECTION('',(-1.06288872506142E-17,0.998629534754574,-0.0523359562429438));
#5059=DIRECTION('',(-1.,-1.06143207300397E-17,5.56272978059327E-19));
#5060=DIRECTION('',(-1.06288872506142E-17,0.998629534754574,-0.0523359562429438));
#5061=DIRECTION('',(0.,0.0523359562429438,0.998629534754574));
#5062=DIRECTION('',(-1.06288872506142E-17,0.998629534754574,-0.0523359562429438));
#5063=DIRECTION('',(-1.,-1.06143207300397E-17,5.56272978059327E-19));
#5064=DIRECTION('',(1.06288872506142E-17,-0.998629534754574,0.0523359562429438));
#5065=DIRECTION('',(0.,-0.0523359562429438,-0.998629534754574));
#5066=DIRECTION('',(-1.06288872506142E-17,0.998629534754574,-0.0523359562429438));
#5067=DIRECTION('',(0.,0.0523359562429438,0.998629534754574));
#5068=DIRECTION('',(-1.06288872506142E-17,0.998629534754574,-0.0523359562429438));
#5069=DIRECTION('',(0.,0.0523359562429438,0.998629534754574));
#5070=DIRECTION('',(-1.06288872506142E-17,0.998629534754574,-0.0523359562429438));
#5071=DIRECTION('',(-1.,-1.06143207300397E-17,5.56272978059327E-19));
#5072=DIRECTION('',(-1.06288872506142E-17,0.998629534754574,-0.0523359562429438));
#5073=DIRECTION('',(0.,0.0523359562429438,0.998629534754574));
#5074=DIRECTION('',(-1.06288872506142E-17,0.998629534754574,-0.0523359562429438));
#5075=DIRECTION('',(-1.,-1.06143207300397E-17,5.56272978059327E-19));
#5076=DIRECTION('',(1.06288872506142E-17,-0.998629534754574,0.0523359562429438));
#5077=DIRECTION('',(0.,-0.0523359562429438,-0.998629534754574));
#5078=DIRECTION('',(-1.06288872506142E-17,0.998629534754574,-0.0523359562429438));
#5079=DIRECTION('',(0.,0.0523359562429438,0.998629534754574));
#5080=DIRECTION('',(-1.06288872506142E-17,0.998629534754574,-0.0523359562429438));
#5081=DIRECTION('',(0.,0.0523359562429438,0.998629534754574));
#5082=DIRECTION('',(-1.06288872506142E-17,0.998629534754574,-0.0523359562429438));
#5083=DIRECTION('',(-1.,-1.06143207300397E-17,5.56272978059327E-19));
#5084=DIRECTION('',(-1.06288872506142E-17,0.998629534754574,-0.0523359562429438));
#5085=DIRECTION('',(0.,0.0523359562429438,0.998629534754574));
#5086=DIRECTION('',(-1.06288872506142E-17,0.998629534754574,-0.0523359562429438));
#5087=DIRECTION('',(-1.,-1.06143207300397E-17,5.56272978059327E-19));
#5088=DIRECTION('',(1.06288872506142E-17,-0.998629534754574,0.0523359562429438));
#5089=DIRECTION('',(0.,-0.0523359562429438,-0.998629534754574));
#5090=DIRECTION('',(-1.06288872506142E-17,0.998629534754574,-0.0523359562429438));
#5091=DIRECTION('',(0.,0.0523359562429438,0.998629534754574));
#5092=DIRECTION('',(-1.06288872506142E-17,0.998629534754574,-0.0523359562429438));
#5093=DIRECTION('',(0.,0.0523359562429438,0.998629534754574));
#5094=DIRECTION('',(-1.06288872506142E-17,0.998629534754574,-0.0523359562429438));
#5095=DIRECTION('',(-1.,-1.06143207300397E-17,5.56272978059327E-19));
#5096=DIRECTION('',(-1.06288872506142E-17,0.998629534754574,-0.0523359562429438));
#5097=DIRECTION('',(0.,0.0523359562429438,0.998629534754574));
#5098=DIRECTION('',(-1.06288872506142E-17,0.998629534754574,-0.0523359562429438));
#5099=DIRECTION('',(-1.,-1.06143207300397E-17,5.56272978059327E-19));
#5100=DIRECTION('',(0.,-0.998629534754574,0.0523359562429438));
#5101=DIRECTION('',(0.,-0.0523359562429438,-0.998629534754574));
#5102=DIRECTION('',(0.,-0.998629534754574,0.0523359562429438));
#5103=DIRECTION('',(0.,-0.0523359562429438,-0.998629534754574));
#5104=DIRECTION('',(0.,-0.998629534754574,0.0523359562429438));
#5105=DIRECTION('',(0.,-0.0523359562429438,-0.998629534754574));
#5106=DIRECTION('',(0.,-0.998629534754574,0.0523359562429438));
#5107=DIRECTION('',(0.,-0.0523359562429438,-0.998629534754574));
#5108=DIRECTION('',(-1.06288872506142E-17,0.998629534754574,-0.0523359562429438));
#5109=DIRECTION('',(0.,0.0523359562429438,0.998629534754574));
#5110=DIRECTION('',(1.06288872506142E-17,-0.998629534754574,0.0523359562429438));
#5111=DIRECTION('',(1.06288872506142E-17,-0.998629534754574,0.0523359562429438));
#5112=DIRECTION('',(0.,-0.0523359562429438,-0.998629534754574));
#5113=DIRECTION('',(-1.06288872506142E-17,0.998629534754574,-0.0523359562429438));
#5114=DIRECTION('',(0.,0.0523359562429438,0.998629534754574));
#5115=DIRECTION('',(1.06288872506142E-17,-0.998629534754574,0.0523359562429438));
#5116=DIRECTION('',(1.06288872506142E-17,-0.998629534754574,0.0523359562429438));
#5117=DIRECTION('',(0.,-0.0523359562429438,-0.998629534754574));
#5118=DIRECTION('',(0.,0.0523359562429438,0.998629534754574));
#5119=DIRECTION('',(0.,-0.998629534754574,0.0523359562429438));
#5120=DIRECTION('',(1.06288872506142E-17,-0.998629534754574,0.0523359562429438));
#5121=DIRECTION('',(1.06288872506142E-17,-0.998629534754574,0.0523359562429438));
#5122=DIRECTION('',(0.,0.0523359562429438,0.998629534754574));
#5123=DIRECTION('',(0.,-0.998629534754574,0.0523359562429438));
#5124=DIRECTION('',(-7.52316384526264E-35,-0.0523359562429438,-0.998629534754574));
#5125=DIRECTION('',(0.,0.998629534754574,-0.0523359562429438));
#5126=DIRECTION('',(1.,1.06143207300397E-17,-5.56272978059327E-19));
#5127=DIRECTION('',(1.06288872506142E-17,-0.998629534754574,0.0523359562429438));
#5128=DIRECTION('',(1.,1.06143207300397E-17,-5.56272978059327E-19));
#5129=DIRECTION('',(1.06288872506142E-17,-0.998629534754574,0.0523359562429438));
#5130=DIRECTION('',(-1.,-1.06143207300397E-17,5.56272978059327E-19));
#5131=DIRECTION('',(1.06143207300397E-17,-1.,0.));
#5132=DIRECTION('',(1.47505441897208E-34,-0.0523359562429438,-0.998629534754574));
#5133=DIRECTION('',(1.06288872506142E-17,-0.998629534754574,0.0523359562429438));
#5134=DIRECTION('',(1.47505441897208E-34,-0.0523359562429438,-0.998629534754574));
#5135=DIRECTION('',(-7.52316384526264E-35,-0.0523359562429438,-0.998629534754574));
#5136=DIRECTION('',(0.,0.998629534754574,-0.0523359562429438));
#5137=DIRECTION('',(1.,1.06143207300397E-17,-5.56272978059327E-19));
#5138=DIRECTION('',(1.06288872506142E-17,-0.998629534754574,0.0523359562429438));
#5139=DIRECTION('',(1.,1.06143207300397E-17,-5.56272978059327E-19));
#5140=DIRECTION('',(1.,1.06143207300397E-17,-5.56272978059327E-19));
#5141=DIRECTION('',(-1.06143207300397E-17,1.,0.));
#5142=DIRECTION('',(-3.6876360474302E-34,0.0523359562429438,0.998629534754574));
#5143=DIRECTION('',(1.06288872506142E-17,-0.998629534754574,0.0523359562429438));
#5144=DIRECTION('',(-3.85185988877447E-34,0.0523359562429438,0.998629534754574));
#5145=DIRECTION('',(1.06288872506142E-17,-0.998629534754574,0.0523359562429438));
#5146=DIRECTION('',(7.52316384526264E-35,0.0523359562429438,0.998629534754574));
#5147=DIRECTION('',(0.,-0.998629534754574,0.0523359562429438));
#5148=DIRECTION('',(-1.,-1.06143207300397E-17,5.56272978059327E-19));
#5149=DIRECTION('',(1.06288872506142E-17,-0.998629534754574,0.0523359562429438));
#5150=DIRECTION('',(-1.,-1.06143207300397E-17,5.56272978059327E-19));
#5151=DIRECTION('',(1.06288872506142E-17,-0.998629534754574,0.0523359562429438));
#5152=DIRECTION('',(-1.,-1.06143207300397E-17,5.56272978059327E-19));
#5153=DIRECTION('',(1.06143207300397E-17,-1.,0.));
#5154=DIRECTION('',(1.06288872506142E-17,-0.998629534754574,0.0523359562429438));
#5155=DIRECTION('',(7.3752720948604E-35,-0.0523359562429438,-0.998629534754574));
#5156=DIRECTION('',(1.06288872506142E-17,-0.998629534754574,0.0523359562429438));
#5157=DIRECTION('',(7.52316384526264E-35,0.0523359562429438,0.998629534754574));
#5158=DIRECTION('',(0.,-0.998629534754574,0.0523359562429438));
#5159=DIRECTION('',(-1.,-1.06143207300397E-17,5.56272978059327E-19));
#5160=DIRECTION('',(1.06288872506142E-17,-0.998629534754574,0.0523359562429438));
#5161=DIRECTION('',(-1.,-1.06143207300397E-17,5.56272978059327E-19));
#5162=DIRECTION('',(1.06288872506142E-17,-0.998629534754574,0.0523359562429438));
#5163=DIRECTION('',(-1.,-1.06143207300397E-17,5.56272978059333E-19));
#5164=DIRECTION('',(1.06143207300397E-17,-1.,0.));
#5165=DIRECTION('',(1.06288872506142E-17,-0.998629534754574,0.0523359562429438));
#5166=DIRECTION('',(-6.34273400157995E-33,-0.0523359562429438,-0.998629534754574));
#5167=DIRECTION('',(1.06288872506142E-17,-0.998629534754574,0.0523359562429438));
#5168=DIRECTION('',(-7.52316384526264E-35,-0.0523359562429438,-0.998629534754574));
#5169=DIRECTION('',(0.,0.998629534754574,-0.0523359562429438));
#5170=DIRECTION('',(1.,1.06143207300397E-17,-5.56272978059327E-19));
#5171=DIRECTION('',(1.06288872506142E-17,-0.998629534754574,0.0523359562429438));
#5172=DIRECTION('',(1.,1.06143207300397E-17,-5.56272978059327E-19));
#5173=DIRECTION('',(1.06288872506142E-17,-0.998629534754574,0.0523359562429438));
#5174=DIRECTION('',(-1.,-1.06143207300397E-17,5.56272978059326E-19));
#5175=DIRECTION('',(1.06143207300397E-17,-1.,0.));
#5176=DIRECTION('',(1.05926146941298E-33,-0.0523359562429438,-0.998629534754574));
#5177=DIRECTION('',(1.06288872506142E-17,-0.998629534754574,0.0523359562429438));
#5178=DIRECTION('',(1.03253809328046E-33,-0.0523359562429438,-0.998629534754574));
#5179=DIRECTION('',(1.06288872506142E-17,-0.998629534754574,0.0523359562429438));
#5180=DIRECTION('',(7.52316384526264E-35,0.0523359562429438,0.998629534754574));
#5181=DIRECTION('',(0.,-0.998629534754574,0.0523359562429438));
#5182=DIRECTION('',(-1.,-1.06143207300397E-17,5.56272978059327E-19));
#5183=DIRECTION('',(1.06288872506142E-17,-0.998629534754574,0.0523359562429438));
#5184=DIRECTION('',(-1.,-1.06143207300397E-17,5.56272978059327E-19));
#5185=DIRECTION('',(1.06288872506142E-17,-0.998629534754574,0.0523359562429438));
#5186=DIRECTION('',(-1.,-1.06143207300397E-17,5.56272978059327E-19));
#5187=DIRECTION('',(1.06143207300397E-17,-1.,0.));
#5188=DIRECTION('',(7.3752720948604E-35,-0.0523359562429438,-0.998629534754574));
#5189=DIRECTION('',(1.06288872506142E-17,-0.998629534754574,0.0523359562429438));
#5190=DIRECTION('',(9.62964972193618E-35,-0.0523359562429438,-0.998629534754574));
#5191=DIRECTION('',(1.06288872506142E-17,-0.998629534754574,0.0523359562429438));
#5192=DIRECTION('',(7.52316384526264E-35,0.0523359562429438,0.998629534754574));
#5193=DIRECTION('',(0.,-0.998629534754574,0.0523359562429438));
#5194=DIRECTION('',(-1.,-1.06143207300397E-17,5.56272978059327E-19));
#5195=DIRECTION('',(1.06288872506142E-17,-0.998629534754574,0.0523359562429438));
#5196=DIRECTION('',(-1.,-1.06143207300397E-17,5.56272978059327E-19));
#5197=DIRECTION('',(1.06288872506142E-17,-0.998629534754574,0.0523359562429438));
#5198=DIRECTION('',(1.,1.06143207300397E-17,-5.56272978059327E-19));
#5199=DIRECTION('',(-1.06143207300397E-17,1.,0.));
#5200=DIRECTION('',(-3.85185988877447E-34,0.0523359562429438,0.998629534754574));
#5201=DIRECTION('',(1.06288872506142E-17,-0.998629534754574,0.0523359562429438));
#5202=DIRECTION('',(-3.6876360474302E-34,0.0523359562429438,0.998629534754574));
#5203=DIRECTION('',(1.06288872506142E-17,-0.998629534754574,0.0523359562429438));
#5204=DIRECTION('',(7.52316384526264E-35,0.0523359562429438,0.998629534754574));
#5205=DIRECTION('',(0.,-0.998629534754574,0.0523359562429438));
#5206=DIRECTION('',(-1.,-1.06143207300397E-17,5.56272978059327E-19));
#5207=DIRECTION('',(1.06288872506142E-17,-0.998629534754574,0.0523359562429438));
#5208=DIRECTION('',(-1.,-1.06143207300397E-17,5.56272978059327E-19));
#5209=DIRECTION('',(1.06288872506142E-17,-0.998629534754574,0.0523359562429438));
#5210=DIRECTION('',(-1.,-1.06143207300397E-17,5.56272978059328E-19));
#5211=DIRECTION('',(1.06143207300397E-17,-1.,0.));
#5212=DIRECTION('',(-4.42516325691624E-34,-0.0523359562429438,-0.998629534754574));
#5213=DIRECTION('',(-4.42516325691624E-34,-0.0523359562429438,-0.998629534754574));
#5214=DIRECTION('',(-1.06288872506142E-17,0.998629534754574,-0.0523359562429438));
#5215=DIRECTION('',(-1.,-1.06143207300397E-17,5.56272978059327E-19));
#5216=DIRECTION('',(1.06288872506142E-17,-0.998629534754574,0.0523359562429438));
#5217=DIRECTION('',(0.,-0.0523359562429438,-0.998629534754574));
#5218=DIRECTION('',(1.06288872506142E-17,-0.998629534754574,0.0523359562429438));
#5219=DIRECTION('',(0.,-0.0523359562429438,-0.998629534754574));
#5220=DIRECTION('',(-1.06288872506142E-17,0.998629534754574,-0.0523359562429438));
#5221=DIRECTION('',(0.,0.0523359562429438,0.998629534754574));
#5222=DIRECTION('',(-1.06288872506142E-17,0.998629534754574,-0.0523359562429438));
#5223=DIRECTION('',(0.,0.0523359562429438,0.998629534754574));
#5224=DIRECTION('',(-1.06288872506142E-17,0.998629534754574,-0.0523359562429438));
#5225=DIRECTION('',(0.,0.0523359562429438,0.998629534754574));
#5226=DIRECTION('',(-1.06288872506142E-17,0.998629534754574,-0.0523359562429438));
#5227=DIRECTION('',(0.,0.0523359562429438,0.998629534754574));
#5228=DIRECTION('',(-1.06288872506142E-17,0.998629534754574,-0.0523359562429438));
#5229=DIRECTION('',(0.,0.0523359562429438,0.998629534754574));
#5230=DIRECTION('',(-1.06288872506142E-17,0.998629534754574,-0.0523359562429438));
#5231=DIRECTION('',(0.,0.0523359562429438,0.998629534754574));
#5232=DIRECTION('',(-1.06288872506142E-17,0.998629534754574,-0.0523359562429438));
#5233=DIRECTION('',(0.,0.0523359562429438,0.998629534754574));
#5234=DIRECTION('',(-1.06288872506142E-17,0.998629534754574,-0.0523359562429438));
#5235=DIRECTION('',(0.,0.0523359562429438,0.998629534754574));
#5236=DIRECTION('',(-1.06288872506142E-17,0.998629534754574,-0.0523359562429438));
#5237=DIRECTION('',(0.,0.0523359562429438,0.998629534754574));
#5238=DIRECTION('',(-1.06288872506142E-17,0.998629534754574,-0.0523359562429438));
#5239=DIRECTION('',(0.,0.0523359562429438,0.998629534754574));
#5240=DIRECTION('',(-1.06288872506142E-17,0.998629534754574,-0.0523359562429438));
#5241=DIRECTION('',(0.,0.0523359562429438,0.998629534754574));
#5242=DIRECTION('',(-1.06288872506142E-17,0.998629534754574,-0.0523359562429438));
#5243=DIRECTION('',(0.,0.0523359562429438,0.998629534754574));
#5244=DIRECTION('',(-1.06288872506142E-17,0.998629534754574,-0.0523359562429438));
#5245=DIRECTION('',(0.,0.0523359562429438,0.998629534754574));
#5246=DIRECTION('',(-1.06288872506142E-17,0.998629534754574,-0.0523359562429438));
#5247=DIRECTION('',(0.,0.0523359562429438,0.998629534754574));
#5248=DIRECTION('',(1.06288872506142E-17,-0.998629534754574,0.0523359562429438));
#5249=DIRECTION('',(0.,-0.0523359562429438,-0.998629534754574));
#5250=DIRECTION('',(-1.06288872506142E-17,0.998629534754574,-0.0523359562429438));
#5251=DIRECTION('',(0.,0.0523359562429438,0.998629534754574));
#5252=DIRECTION('',(-1.06288872506142E-17,0.998629534754574,-0.0523359562429438));
#5253=DIRECTION('',(0.,0.0523359562429438,0.998629534754574));
#5254=DIRECTION('',(-1.06288872506142E-17,0.998629534754574,-0.0523359562429438));
#5255=DIRECTION('',(0.,0.0523359562429438,0.998629534754574));
#5256=DIRECTION('',(-1.06288872506142E-17,0.998629534754574,-0.0523359562429438));
#5257=DIRECTION('',(0.,0.0523359562429438,0.998629534754574));
#5258=DIRECTION('',(-1.06288872506142E-17,0.998629534754574,-0.0523359562429438));
#5259=DIRECTION('',(0.,0.0523359562429438,0.998629534754574));
#5260=DIRECTION('',(-1.06288872506142E-17,0.998629534754574,-0.0523359562429438));
#5261=DIRECTION('',(0.,0.0523359562429438,0.998629534754574));
#5262=DIRECTION('',(-1.06288872506142E-17,0.998629534754574,-0.0523359562429438));
#5263=DIRECTION('',(0.,0.0523359562429438,0.998629534754574));
#5264=DIRECTION('',(-1.06288872506142E-17,0.998629534754574,-0.0523359562429438));
#5265=DIRECTION('',(-1.,-1.06143207300397E-17,5.56272978059327E-19));
#5266=DIRECTION('',(-1.06288872506142E-17,0.998629534754574,-0.0523359562429438));
#5267=DIRECTION('',(-1.,-1.06143207300397E-17,5.56272978059327E-19));
#5268=DIRECTION('',(-1.06288872506142E-17,0.998629534754574,-0.0523359562429438));
#5269=DIRECTION('',(0.,0.0523359562429438,0.998629534754574));
#5270=DIRECTION('',(-1.38777878078145E-17,0.998629534754574,-0.0523359562429438));
#5271=DIRECTION('',(-0.866025403784439,0.0261679781214718,0.499314767377286));
#5272=DIRECTION('',(-1.06288872506142E-17,0.998629534754574,-0.0523359562429438));
#5273=DIRECTION('',(0.,0.0523359562429438,0.998629534754574));
#5274=DIRECTION('',(-2.08166817117217E-17,0.998629534754574,-0.0523359562429438));
#5275=DIRECTION('',(0.866025403784439,0.0261679781214719,0.499314767377287));
#5276=DIRECTION('',(-6.93889390390723E-18,0.998629534754574,-0.0523359562429438));
#5277=DIRECTION('',(0.866025403784439,-0.0261679781214719,-0.499314767377287));
#5278=DIRECTION('',(-1.06288872506142E-17,0.998629534754574,-0.0523359562429438));
#5279=DIRECTION('',(1.22464679914735E-16,-0.0523359562429438,-0.998629534754574));
#5280=DIRECTION('',(-6.93889390390723E-18,0.998629534754574,-0.0523359562429438));
#5281=DIRECTION('',(-0.866025403784439,-0.0261679781214719,-0.499314767377287));
#5282=DIRECTION('',(-1.06288872506142E-17,0.998629534754574,-0.0523359562429438));
#5283=DIRECTION('',(0.,0.0523359562429438,0.998629534754574));
#5284=DIRECTION('',(-1.06288872506142E-17,0.998629534754574,-0.0523359562429438));
#5285=DIRECTION('',(0.,0.0523359562429438,0.998629534754574));
#5286=DIRECTION('',(-2.08166817117217E-17,0.998629534754574,-0.0523359562429438));
#5287=DIRECTION('',(0.,0.0523359562429438,0.998629534754574));
#5288=DIRECTION('',(-6.93889390390722E-18,0.998629534754574,-0.0523359562429438));
#5289=DIRECTION('',(0.,0.0523359562429438,0.998629534754574));
#5290=DIRECTION('',(-1.06288872506142E-17,0.998629534754574,-0.0523359562429438));
#5291=DIRECTION('',(0.,0.0523359562429438,0.998629534754574));
#5292=DIRECTION('',(-6.93889390390723E-18,0.998629534754574,-0.0523359562429438));
#5293=DIRECTION('',(0.,0.0523359562429438,0.998629534754574));
#5294=DIRECTION('',(-1.38777878078145E-17,0.998629534754574,-0.0523359562429438));
#5295=DIRECTION('',(0.,0.0523359562429438,0.998629534754574));
#5296=DIRECTION('',(-1.06288872506142E-17,0.998629534754574,-0.0523359562429438));
#5297=DIRECTION('',(0.,0.0523359562429438,0.998629534754574));
#5298=DIRECTION('',(1.06288872506142E-17,-0.998629534754574,0.0523359562429438));
#5299=DIRECTION('',(0.,-0.0523359562429438,-0.998629534754574));
#5300=DIRECTION('',(1.06288872506142E-17,-0.998629534754574,0.0523359562429438));
#5301=DIRECTION('',(0.,-0.0523359562429438,-0.998629534754574));
#5302=DIRECTION('',(-1.06288872506142E-17,0.998629534754574,-0.0523359562429438));
#5303=DIRECTION('',(0.,0.0523359562429438,0.998629534754574));
#5304=DIRECTION('',(1.06288872506142E-17,-0.998629534754574,0.0523359562429438));
#5305=DIRECTION('',(0.,-0.0523359562429438,-0.998629534754574));
#5306=DIRECTION('',(1.06288872506142E-17,-0.998629534754574,0.0523359562429438));
#5307=DIRECTION('',(0.,-0.0523359562429438,-0.998629534754574));
#5308=DIRECTION('',(-7.52316384526264E-35,0.0523359562429438,0.998629534754574));
#5309=DIRECTION('',(0.,-0.998629534754574,0.0523359562429438));
#5310=DIRECTION('',(-1.06288872506142E-17,-0.998629534754574,0.0523359562429438));
#5311=DIRECTION('',(-1.,1.06143207300397E-17,-5.56272978059327E-19));
#5312=DIRECTION('',(-1.06288872506142E-17,-0.998629534754574,0.0523359562429438));
#5313=DIRECTION('',(-1.,1.06143207300397E-17,-5.56272978059327E-19));
#5314=DIRECTION('',(-1.,1.06143207300397E-17,-5.56272978059328E-19));
#5315=DIRECTION('',(-1.06143207300397E-17,-1.,0.));
#5316=DIRECTION('',(4.42516325691624E-34,-0.0523359562429438,-0.998629534754574));
#5317=DIRECTION('',(-1.06288872506142E-17,-0.998629534754574,0.0523359562429438));
#5318=DIRECTION('',(4.42516325691624E-34,-0.0523359562429438,-0.998629534754574));
#5319=DIRECTION('',(-7.52316384526264E-35,0.0523359562429438,0.998629534754574));
#5320=DIRECTION('',(0.,-0.998629534754574,0.0523359562429438));
#5321=DIRECTION('',(-1.,1.06143207300397E-17,-5.56272978059327E-19));
#5322=DIRECTION('',(-1.06288872506142E-17,-0.998629534754574,0.0523359562429438));
#5323=DIRECTION('',(-1.,1.06143207300397E-17,-5.56272978059327E-19));
#5324=DIRECTION('',(1.,-1.06143207300397E-17,5.56272978059327E-19));
#5325=DIRECTION('',(1.06143207300397E-17,1.,0.));
#5326=DIRECTION('',(3.6876360474302E-34,0.0523359562429438,0.998629534754574));
#5327=DIRECTION('',(-1.06288872506142E-17,-0.998629534754574,0.0523359562429438));
#5328=DIRECTION('',(3.85185988877447E-34,0.0523359562429438,0.998629534754574));
#5329=DIRECTION('',(-1.06288872506142E-17,-0.998629534754574,0.0523359562429438));
#5330=DIRECTION('',(7.52316384526264E-35,-0.0523359562429438,-0.998629534754574));
#5331=DIRECTION('',(0.,0.998629534754574,-0.0523359562429438));
#5332=DIRECTION('',(1.,-1.06143207300397E-17,5.56272978059327E-19));
#5333=DIRECTION('',(-1.06288872506142E-17,-0.998629534754574,0.0523359562429438));
#5334=DIRECTION('',(1.,1.06143207300397E-17,-5.56272978059327E-19));
#5335=DIRECTION('',(-1.06288872506142E-17,-0.998629534754574,0.0523359562429438));
#5336=DIRECTION('',(1.,-1.06143207300397E-17,5.56272978059327E-19));
#5337=DIRECTION('',(1.06143207300397E-17,1.,0.));
#5338=DIRECTION('',(3.85185988877447E-34,0.0523359562429438,0.998629534754574));
#5339=DIRECTION('',(-1.06288872506142E-17,-0.998629534754574,0.0523359562429438));
#5340=DIRECTION('',(3.6876360474302E-34,0.0523359562429438,0.998629534754574));
#5341=DIRECTION('',(-1.06288872506142E-17,-0.998629534754574,0.0523359562429438));
#5342=DIRECTION('',(7.52316384526264E-35,-0.0523359562429438,-0.998629534754574));
#5343=DIRECTION('',(0.,0.998629534754574,-0.0523359562429438));
#5344=DIRECTION('',(1.,1.06143207300397E-17,-5.56272978059327E-19));
#5345=DIRECTION('',(-1.06288872506142E-17,-0.998629534754574,0.0523359562429438));
#5346=DIRECTION('',(1.,-1.06143207300397E-17,5.56272978059327E-19));
#5347=DIRECTION('',(-1.06288872506142E-17,-0.998629534754574,0.0523359562429438));
#5348=DIRECTION('',(-1.,1.06143207300397E-17,-5.56272978059327E-19));
#5349=DIRECTION('',(-1.06143207300397E-17,-1.,0.));
#5350=DIRECTION('',(-7.3752720948604E-35,-0.0523359562429438,-0.998629534754574));
#5351=DIRECTION('',(-1.06288872506142E-17,-0.998629534754574,0.0523359562429438));
#5352=DIRECTION('',(-9.62964972193618E-35,-0.0523359562429438,-0.998629534754574));
#5353=DIRECTION('',(-1.06288872506142E-17,-0.998629534754574,0.0523359562429438));
#5354=DIRECTION('',(7.52316384526264E-35,-0.0523359562429438,-0.998629534754574));
#5355=DIRECTION('',(0.,0.998629534754574,-0.0523359562429438));
#5356=DIRECTION('',(1.,-1.06143207300397E-17,5.56272978059327E-19));
#5357=DIRECTION('',(-1.06288872506142E-17,-0.998629534754574,0.0523359562429438));
#5358=DIRECTION('',(1.,1.06143207300397E-17,-5.56272978059327E-19));
#5359=DIRECTION('',(-1.06288872506142E-17,-0.998629534754574,0.0523359562429438));
#5360=DIRECTION('',(-1.,1.06143207300397E-17,-5.56272978059326E-19));
#5361=DIRECTION('',(-1.06143207300397E-17,-1.,0.));
#5362=DIRECTION('',(-1.03253809328046E-33,-0.0523359562429438,-0.998629534754574));
#5363=DIRECTION('',(-1.06288872506142E-17,-0.998629534754574,0.0523359562429438));
#5364=DIRECTION('',(-1.05926146941298E-33,-0.0523359562429438,-0.998629534754574));
#5365=DIRECTION('',(-1.06288872506142E-17,-0.998629534754574,0.0523359562429438));
#5366=DIRECTION('',(-7.52316384526264E-35,0.0523359562429438,0.998629534754574));
#5367=DIRECTION('',(0.,-0.998629534754574,0.0523359562429438));
#5368=DIRECTION('',(-1.,1.06143207300397E-17,-5.56272978059327E-19));
#5369=DIRECTION('',(-1.06288872506142E-17,-0.998629534754574,0.0523359562429438));
#5370=DIRECTION('',(-1.,-1.06143207300397E-17,5.56272978059327E-19));
#5371=DIRECTION('',(-1.06288872506142E-17,-0.998629534754574,0.0523359562429438));
#5372=DIRECTION('',(-1.,1.06143207300397E-17,-5.56272978059333E-19));
#5373=DIRECTION('',(-1.06143207300397E-17,-1.,0.));
#5374=DIRECTION('',(6.34273400157995E-33,-0.0523359562429438,-0.998629534754574));
#5375=DIRECTION('',(-1.06288872506142E-17,-0.998629534754574,0.0523359562429438));
#5376=DIRECTION('',(6.35556881647788E-33,-0.0523359562429438,-0.998629534754574));
#5377=DIRECTION('',(-1.06288872506142E-17,-0.998629534754574,0.0523359562429438));
#5378=DIRECTION('',(7.52316384526264E-35,-0.0523359562429438,-0.998629534754574));
#5379=DIRECTION('',(0.,0.998629534754574,-0.0523359562429438));
#5380=DIRECTION('',(1.,1.06143207300397E-17,-5.56272978059327E-19));
#5381=DIRECTION('',(-1.06288872506142E-17,-0.998629534754574,0.0523359562429438));
#5382=DIRECTION('',(1.,-1.06143207300397E-17,5.56272978059327E-19));
#5383=DIRECTION('',(-1.06288872506142E-17,-0.998629534754574,0.0523359562429438));
#5384=DIRECTION('',(-1.,1.06143207300397E-17,-5.56272978059327E-19));
#5385=DIRECTION('',(-1.06143207300397E-17,-1.,0.));
#5386=DIRECTION('',(-1.06288872506142E-17,-0.998629534754574,0.0523359562429438));
#5387=DIRECTION('',(-7.3752720948604E-35,-0.0523359562429438,-0.998629534754574));
#5388=DIRECTION('',(-1.06288872506142E-17,-0.998629534754574,0.0523359562429438));
#5389=DIRECTION('',(7.52316384526264E-35,-0.0523359562429438,-0.998629534754574));
#5390=DIRECTION('',(0.,0.998629534754574,-0.0523359562429438));
#5391=DIRECTION('',(1.,-1.06143207300397E-17,5.56272978059327E-19));
#5392=DIRECTION('',(-1.06288872506142E-17,-0.998629534754574,0.0523359562429438));
#5393=DIRECTION('',(1.,1.06143207300397E-17,-5.56272978059327E-19));
#5394=DIRECTION('',(-1.06288872506142E-17,-0.998629534754574,0.0523359562429438));
#5395=DIRECTION('',(-1.,1.06143207300397E-17,-5.56272978059327E-19));
#5396=DIRECTION('',(-1.06143207300397E-17,-1.,0.));
#5397=DIRECTION('',(-1.47505441897208E-34,-0.0523359562429438,-0.998629534754574));
#5398=DIRECTION('',(-1.47505441897208E-34,-0.0523359562429438,-0.998629534754574));
#5399=DIRECTION('',(1.06288872506142E-17,0.998629534754574,-0.0523359562429438));
#5400=DIRECTION('',(1.,-1.06143207300397E-17,5.56272978059327E-19));
#5401=DIRECTION('',(-1.06288872506142E-17,-0.998629534754574,0.0523359562429438));
#5402=DIRECTION('',(0.,-0.0523359562429438,-0.998629534754574));
#5403=DIRECTION('',(-1.06288872506142E-17,-0.998629534754574,0.0523359562429438));
#5404=DIRECTION('',(0.,-0.0523359562429438,-0.998629534754574));
#5405=DIRECTION('',(1.06288872506142E-17,0.998629534754574,-0.0523359562429438));
#5406=DIRECTION('',(0.,0.0523359562429438,0.998629534754574));
#5407=DIRECTION('',(1.06288872506142E-17,0.998629534754574,-0.0523359562429438));
#5408=DIRECTION('',(0.,0.0523359562429438,0.998629534754574));
#5409=DIRECTION('',(1.06288872506142E-17,0.998629534754574,-0.0523359562429438));
#5410=DIRECTION('',(0.,0.0523359562429438,0.998629534754574));
#5411=DIRECTION('',(1.06288872506142E-17,0.998629534754574,-0.0523359562429438));
#5412=DIRECTION('',(0.,0.0523359562429438,0.998629534754574));
#5413=DIRECTION('',(1.06288872506142E-17,0.998629534754574,-0.0523359562429438));
#5414=DIRECTION('',(0.,0.0523359562429438,0.998629534754574));
#5415=DIRECTION('',(1.06288872506142E-17,0.998629534754574,-0.0523359562429438));
#5416=DIRECTION('',(0.,0.0523359562429438,0.998629534754574));
#5417=DIRECTION('',(1.06288872506142E-17,0.998629534754574,-0.0523359562429438));
#5418=DIRECTION('',(0.,0.0523359562429438,0.998629534754574));
#5419=DIRECTION('',(1.06288872506142E-17,0.998629534754574,-0.0523359562429438));
#5420=DIRECTION('',(0.,0.0523359562429438,0.998629534754574));
#5421=DIRECTION('',(1.06288872506142E-17,0.998629534754574,-0.0523359562429438));
#5422=DIRECTION('',(0.,0.0523359562429438,0.998629534754574));
#5423=DIRECTION('',(1.06288872506142E-17,0.998629534754574,-0.0523359562429438));
#5424=DIRECTION('',(0.,0.0523359562429438,0.998629534754574));
#5425=DIRECTION('',(1.06288872506142E-17,0.998629534754574,-0.0523359562429438));
#5426=DIRECTION('',(0.,0.0523359562429438,0.998629534754574));
#5427=DIRECTION('',(1.06288872506142E-17,0.998629534754574,-0.0523359562429438));
#5428=DIRECTION('',(0.,0.0523359562429438,0.998629534754574));
#5429=DIRECTION('',(-1.06288872506142E-17,-0.998629534754574,0.0523359562429438));
#5430=DIRECTION('',(0.,-0.0523359562429438,-0.998629534754574));
#5431=DIRECTION('',(-1.06288872506142E-17,-0.998629534754574,0.0523359562429438));
#5432=DIRECTION('',(0.,0.0523359562429438,0.998629534754574));
#5433=DIRECTION('',(-1.06288872506142E-17,-0.998629534754574,0.0523359562429438));
#5434=DIRECTION('',(0.,0.0523359562429438,0.998629534754574));
#5435=DIRECTION('',(-1.06288872506142E-17,-0.998629534754574,0.0523359562429438));
#5436=DIRECTION('',(0.,0.0523359562429438,0.998629534754574));
#5437=DIRECTION('',(-1.06288872506142E-17,-0.998629534754574,0.0523359562429438));
#5438=DIRECTION('',(0.,0.0523359562429438,0.998629534754574));
#5439=DIRECTION('',(-1.06288872506142E-17,-0.998629534754574,0.0523359562429438));
#5440=DIRECTION('',(0.,0.0523359562429438,0.998629534754574));
#5441=DIRECTION('',(-1.06288872506142E-17,-0.998629534754574,0.0523359562429438));
#5442=DIRECTION('',(0.,0.0523359562429438,0.998629534754574));
#5443=DIRECTION('',(-1.06288872506142E-17,-0.998629534754574,0.0523359562429438));
#5444=DIRECTION('',(0.,0.0523359562429438,0.998629534754574));
#5445=DIRECTION('',(1.06288872506142E-17,0.998629534754574,-0.0523359562429438));
#5446=DIRECTION('',(1.,-1.06143207300397E-17,5.56272978059327E-19));
#5447=DIRECTION('',(-1.06288872506142E-17,0.998629534754574,-0.0523359562429438));
#5448=DIRECTION('',(-1.,-1.06143207300397E-17,5.56272978059327E-19));
#5449=DIRECTION('',(-1.06288872506142E-17,-0.998629534754574,0.0523359562429438));
#5450=DIRECTION('',(0.,0.0523359562429438,0.998629534754574));
#5451=DIRECTION('',(-1.38777878078145E-17,-0.998629534754574,0.0523359562429438));
#5452=DIRECTION('',(-0.866025403784439,0.0261679781214718,0.499314767377286));
#5453=DIRECTION('',(-1.06288872506142E-17,-0.998629534754574,0.0523359562429438));
#5454=DIRECTION('',(0.,0.0523359562429438,0.998629534754574));
#5455=DIRECTION('',(-6.93889390390723E-18,-0.998629534754574,0.0523359562429438));
#5456=DIRECTION('',(0.866025403784439,0.0261679781214719,0.499314767377287));
#5457=DIRECTION('',(-6.93889390390723E-18,-0.998629534754574,0.0523359562429438));
#5458=DIRECTION('',(0.866025403784439,-0.0261679781214719,-0.499314767377287));
#5459=DIRECTION('',(-1.06288872506142E-17,-0.998629534754574,0.0523359562429438));
#5460=DIRECTION('',(1.22464679914735E-16,-0.0523359562429438,-0.998629534754574));
#5461=DIRECTION('',(-6.93889390390723E-18,-0.998629534754574,0.0523359562429438));
#5462=DIRECTION('',(-0.866025403784439,-0.0261679781214719,-0.499314767377287));
#5463=DIRECTION('',(1.06288872506142E-17,0.998629534754574,-0.0523359562429438));
#5464=DIRECTION('',(0.,0.0523359562429438,0.998629534754574));
#5465=DIRECTION('',(1.06288872506142E-17,0.998629534754574,-0.0523359562429438));
#5466=DIRECTION('',(0.,0.0523359562429438,0.998629534754574));
#5467=DIRECTION('',(6.93889390390723E-18,0.998629534754574,-0.0523359562429438));
#5468=DIRECTION('',(0.,0.0523359562429438,0.998629534754574));
#5469=DIRECTION('',(6.93889390390722E-18,0.998629534754574,-0.0523359562429438));
#5470=DIRECTION('',(0.,0.0523359562429438,0.998629534754574));
#5471=DIRECTION('',(1.06288872506142E-17,0.998629534754574,-0.0523359562429438));
#5472=DIRECTION('',(0.,0.0523359562429438,0.998629534754574));
#5473=DIRECTION('',(6.93889390390723E-18,0.998629534754574,-0.0523359562429438));
#5474=DIRECTION('',(0.,0.0523359562429438,0.998629534754574));
#5475=DIRECTION('',(1.38777878078145E-17,0.998629534754574,-0.0523359562429438));
#5476=DIRECTION('',(0.,0.0523359562429438,0.998629534754574));
#5477=DIRECTION('',(1.06288872506142E-17,0.998629534754574,-0.0523359562429438));
#5478=DIRECTION('',(0.,0.0523359562429438,0.998629534754574));
#5479=DIRECTION('',(-1.06288872506142E-17,-0.998629534754574,0.0523359562429438));
#5480=DIRECTION('',(0.,-0.0523359562429438,-0.998629534754574));
#5481=DIRECTION('',(-1.06288872506142E-17,-0.998629534754574,0.0523359562429438));
#5482=DIRECTION('',(0.,-0.0523359562429438,-0.998629534754574));
#5483=DIRECTION('',(1.06288872506142E-17,0.998629534754574,-0.0523359562429438));
#5484=DIRECTION('',(0.,0.0523359562429438,0.998629534754574));
#5485=DIRECTION('',(-1.06288872506142E-17,-0.998629534754574,0.0523359562429438));
#5486=DIRECTION('',(0.,-0.0523359562429438,-0.998629534754574));
#5487=DIRECTION('',(-1.06288872506142E-17,-0.998629534754574,0.0523359562429438));
#5488=DIRECTION('',(0.,-0.0523359562429438,-0.998629534754574));
#5489=DIRECTION('',(-1.06288872506142E-17,-0.998629534754574,0.0523359562429438));
#5490=DIRECTION('',(0.,-0.0523359562429438,-0.998629534754574));
#5491=DIRECTION('',(-1.06288872506142E-17,0.998629534754574,-0.0523359562429438));
#5492=DIRECTION('',(0.,0.0523359562429438,0.998629534754574));
#5493=DIRECTION('',(-1.06288872506142E-17,0.998629534754574,-0.0523359562429438));
#5494=DIRECTION('',(0.,0.0523359562429438,0.998629534754574));
#5495=DIRECTION('',(-1.,0.,0.));
#5496=DIRECTION('',(0.,0.,1.));
#5497=DIRECTION('',(1.06288872506142E-17,0.998629534754574,-0.0523359562429438));
#5498=DIRECTION('',(0.,0.0523359562429438,0.998629534754574));
#5499=DIRECTION('',(0.,0.998629534754574,-0.052335956242943));
#5500=DIRECTION('',(0.,0.052335956242943,0.998629534754574));
#5501=DIRECTION('',(-1.,-1.06143207300397E-17,5.56272978059327E-19));
#5502=DIRECTION('',(1.06143207300397E-17,-1.,0.));
#5503=DIRECTION('',(-1.,0.,0.));
#5504=DIRECTION('',(0.,0.,1.));
#5505=DIRECTION('',(0.,0.0523359562429447,0.998629534754574));
#5506=DIRECTION('',(0.,-0.998629534754574,0.0523359562429447));
#5507=DIRECTION('',(0.,-0.0523359562429534,-0.998629534754573));
#5508=DIRECTION('',(0.,0.998629534754573,-0.0523359562429534));
#5509=DIRECTION('',(1.06288872506142E-17,0.998629534754574,-0.0523359562429438));
#5510=DIRECTION('',(0.,0.0523359562429438,0.998629534754574));
#5511=DIRECTION('',(-1.06288872506142E-17,0.998629534754574,-0.0523359562429438));
#5512=DIRECTION('',(0.,0.0523359562429438,0.998629534754574));
#5513=DIRECTION('',(-6.35556881647788E-33,0.0523359562429438,0.998629534754574));
#5514=DIRECTION('',(0.,-0.998629534754574,0.0523359562429438));
#5515=DIRECTION('',(0.,0.0523359562429465,0.998629534754574));
#5516=DIRECTION('',(0.,-0.998629534754574,0.0523359562429465));
#5517=DIRECTION('',(-1.06288872506142E-17,0.998629534754574,-0.0523359562429438));
#5518=DIRECTION('',(0.,0.0523359562429438,0.998629534754574));
#5519=DIRECTION('',(1.,0.,0.));
#5520=DIRECTION('',(0.,0.,-1.));
#5521=DIRECTION('',(-1.06288872506142E-17,-0.998629534754574,0.0523359562429438));
#5522=DIRECTION('',(0.,-0.0523359562429438,-0.998629534754574));
#5523=DIRECTION('',(-1.06288872506142E-17,0.998629534754574,-0.0523359562429438));
#5524=DIRECTION('',(0.,0.0523359562429438,0.998629534754574));
#5525=DIRECTION('',(-1.,-1.06143207300397E-17,5.56272978059327E-19));
#5526=DIRECTION('',(1.06143207300397E-17,-1.,0.));
#5527=DIRECTION('',(-1.,0.,0.));
#5528=DIRECTION('',(0.,0.,1.));
#5529=DIRECTION('',(-1.06288872506142E-17,0.998629534754574,-0.0523359562429438));
#5530=DIRECTION('',(0.,0.0523359562429438,0.998629534754574));
#5531=DIRECTION('',(0.,0.0523359562429465,0.998629534754574));
#5532=DIRECTION('',(0.,-0.998629534754574,0.0523359562429466));
#5533=DIRECTION('',(-1.06288872506142E-17,-0.998629534754574,0.0523359562429438));
#5534=DIRECTION('',(0.,-0.0523359562429438,-0.998629534754574));
#5535=DIRECTION('',(0.,0.998629534754574,-0.0523359562429447));
#5536=DIRECTION('',(0.,0.0523359562429447,0.998629534754574));
#5537=DIRECTION('',(-1.05926146941298E-33,-0.0523359562429438,-0.998629534754574));
#5538=DIRECTION('',(0.,0.998629534754574,-0.0523359562429438));
#5539=DIRECTION('',(7.02017280290255E-15,-0.0523359562429465,-0.998629534754574));
#5540=DIRECTION('',(0.,0.998629534754574,-0.0523359562429465));
#5541=DIRECTION('',(-1.,0.,0.));
#5542=DIRECTION('',(0.,0.,1.));
#5543=DIRECTION('',(1.,0.,0.));
#5544=DIRECTION('',(0.,0.,-1.));
#5545=DIRECTION('',(1.06288872506142E-17,0.998629534754574,-0.0523359562429438));
#5546=DIRECTION('',(0.,0.0523359562429438,0.998629534754574));
#5547=DIRECTION('',(-1.06288872506142E-17,0.998629534754574,-0.0523359562429438));
#5548=DIRECTION('',(0.,0.0523359562429438,0.998629534754574));
#5549=DIRECTION('',(-1.,-1.06143207300397E-17,5.56272978059327E-19));
#5550=DIRECTION('',(1.06143207300397E-17,-1.,0.));
#5551=DIRECTION('',(-1.,0.,0.));
#5552=DIRECTION('',(0.,0.,1.));
#5553=DIRECTION('',(-1.06288872506142E-17,0.998629534754574,-0.0523359562429438));
#5554=DIRECTION('',(0.,0.0523359562429438,0.998629534754574));
#5555=DIRECTION('',(0.,0.0523359562429466,0.998629534754574));
#5556=DIRECTION('',(0.,-0.998629534754574,0.0523359562429467));
#5557=DIRECTION('',(-1.06288872506142E-17,-0.998629534754574,0.0523359562429438));
#5558=DIRECTION('',(0.,-0.0523359562429438,-0.998629534754574));
#5559=DIRECTION('',(-1.06288872506142E-17,0.998629534754574,-0.0523359562429438));
#5560=DIRECTION('',(0.,0.0523359562429438,0.998629534754574));
#5561=DIRECTION('',(-9.62964972193618E-35,-0.0523359562429438,-0.998629534754574));
#5562=DIRECTION('',(0.,0.998629534754574,-0.0523359562429438));
#5563=DIRECTION('',(0.,-0.0523359562429431,-0.998629534754574));
#5564=DIRECTION('',(0.,0.998629534754574,-0.0523359562429431));
#5565=DIRECTION('',(-1.06288872506142E-17,0.998629534754574,-0.0523359562429438));
#5566=DIRECTION('',(0.,0.0523359562429438,0.998629534754574));
#5567=DIRECTION('',(-1.,0.,0.));
#5568=DIRECTION('',(0.,0.,1.));
#5569=DIRECTION('',(-1.06288872506142E-17,-0.998629534754574,0.0523359562429438));
#5570=DIRECTION('',(0.,-0.0523359562429438,-0.998629534754574));
#5571=DIRECTION('',(0.,0.998629534754574,-0.052335956242943));
#5572=DIRECTION('',(0.,0.052335956242943,0.998629534754574));
#5573=DIRECTION('',(1.,1.06143207300397E-17,-5.56272978059327E-19));
#5574=DIRECTION('',(-1.06143207300397E-17,1.,0.));
#5575=DIRECTION('',(1.,0.,0.));
#5576=DIRECTION('',(0.,0.,-1.));
#5577=DIRECTION('',(0.,-0.0523359562429413,-0.998629534754574));
#5578=DIRECTION('',(0.,0.998629534754574,-0.0523359562429413));
#5579=DIRECTION('',(0.,0.052335956242943,0.998629534754574));
#5580=DIRECTION('',(0.,-0.998629534754574,0.052335956242943));
#5581=DIRECTION('',(1.06288872506142E-17,0.998629534754574,-0.0523359562429438));
#5582=DIRECTION('',(0.,0.0523359562429438,0.998629534754574));
#5583=DIRECTION('',(-1.06288872506142E-17,0.998629534754574,-0.0523359562429438));
#5584=DIRECTION('',(0.,0.0523359562429438,0.998629534754574));
#5585=DIRECTION('',(-3.85185988877447E-34,-0.0523359562429438,-0.998629534754574));
#5586=DIRECTION('',(0.,0.998629534754574,-0.0523359562429438));
#5587=DIRECTION('',(-9.07884119323282E-17,-0.0523359562429431,-0.998629534754574));
#5588=DIRECTION('',(0.,0.998629534754574,-0.0523359562429431));
#5589=DIRECTION('',(-1.06288872506142E-17,0.998629534754574,-0.0523359562429438));
#5590=DIRECTION('',(0.,0.0523359562429438,0.998629534754574));
#5591=DIRECTION('',(-1.,0.,0.));
#5592=DIRECTION('',(0.,0.,1.));
#5593=DIRECTION('',(-1.06288872506142E-17,-0.998629534754574,0.0523359562429438));
#5594=DIRECTION('',(0.,-0.0523359562429438,-0.998629534754574));
#5595=DIRECTION('',(-1.06288872506142E-17,0.998629534754574,-0.0523359562429438));
#5596=DIRECTION('',(0.,0.0523359562429438,0.998629534754574));
#5597=DIRECTION('',(1.,1.06143207300397E-17,-5.56272978059327E-19));
#5598=DIRECTION('',(-1.06143207300397E-17,1.,0.));
#5599=DIRECTION('',(1.,0.,0.));
#5600=DIRECTION('',(0.,0.,-1.));
#5601=DIRECTION('',(-1.06288872506142E-17,0.998629534754574,-0.0523359562429438));
#5602=DIRECTION('',(0.,0.0523359562429438,0.998629534754574));
#5603=DIRECTION('',(0.,-0.0523359562429431,-0.998629534754574));
#5604=DIRECTION('',(0.,0.998629534754574,-0.0523359562429431));
#5605=DIRECTION('',(1.06288872506142E-17,0.998629534754574,-0.0523359562429438));
#5606=DIRECTION('',(0.,0.0523359562429438,0.998629534754574));
#5607=DIRECTION('',(0.,0.998629534754574,-0.0523359562429413));
#5608=DIRECTION('',(0.,0.0523359562429413,0.998629534754574));
#5609=DIRECTION('',(3.85185988877447E-34,0.0523359562429438,0.998629534754574));
#5610=DIRECTION('',(0.,-0.998629534754574,0.0523359562429438));
#5611=DIRECTION('',(1.81576823864656E-16,0.052335956242943,0.998629534754574));
#5612=DIRECTION('',(0.,-0.998629534754574,0.052335956242943));
#5613=DIRECTION('',(1.,-1.73472347597681E-15,0.));
#5614=DIRECTION('',(1.73472347597681E-15,1.,0.));
#5615=DIRECTION('',(-1.,0.,0.));
#5616=DIRECTION('',(0.,0.,1.));
#5617=DIRECTION('',(1.06288872506142E-17,0.998629534754574,-0.0523359562429438));
#5618=DIRECTION('',(0.,0.0523359562429438,0.998629534754574));
#5619=DIRECTION('',(-1.06288872506142E-17,0.998629534754574,-0.0523359562429438));
#5620=DIRECTION('',(0.,0.0523359562429438,0.998629534754574));
#5621=DIRECTION('',(1.,1.06143207300397E-17,-5.56272978059327E-19));
#5622=DIRECTION('',(-1.06143207300397E-17,1.,0.));
#5623=DIRECTION('',(1.,0.,0.));
#5624=DIRECTION('',(0.,0.,-1.));
#5625=DIRECTION('',(-1.06288872506142E-17,0.998629534754574,-0.0523359562429438));
#5626=DIRECTION('',(0.,0.0523359562429438,0.998629534754574));
#5627=DIRECTION('',(1.06288872506142E-17,-0.998629534754574,0.0523359562429438));
#5628=DIRECTION('',(0.,-0.0523359562429438,-0.998629534754574));
#5629=DIRECTION('',(-1.06288872506142E-17,0.998629534754574,-0.0523359562429438));
#5630=DIRECTION('',(0.,0.0523359562429438,0.998629534754574));
#5631=DIRECTION('',(-1.06288872506142E-17,0.998629534754574,-0.0523359562429438));
#5632=DIRECTION('',(0.,0.0523359562429438,0.998629534754574));
#5633=DIRECTION('',(1.,0.,0.));
#5634=DIRECTION('',(0.,0.,-1.));
#5635=DIRECTION('',(-1.,-1.06143207300397E-17,5.56272978059327E-19));
#5636=DIRECTION('',(1.06143207300397E-17,-1.,0.));
#5637=DIRECTION('',(-0.707106781186548,0.706137715918126,-0.037007109559268));
#5638=DIRECTION('',(-0.707106781186548,-0.706137715918126,0.037007109559268));
#5639=DIRECTION('',(-1.06288872506142E-17,0.998629534754574,-0.0523359562429438));
#5640=DIRECTION('',(0.,0.0523359562429438,0.998629534754574));
#5641=DIRECTION('',(-1.06288872506142E-17,0.998629534754574,-0.0523359562429438));
#5642=DIRECTION('',(0.,0.0523359562429438,0.998629534754574));
#5643=DIRECTION('',(-1.06288872506142E-17,0.998629534754574,-0.0523359562429438));
#5644=DIRECTION('',(0.,0.0523359562429438,0.998629534754574));
#5645=DIRECTION('',(-1.06288872506142E-17,0.998629534754574,-0.0523359562429438));
#5646=DIRECTION('',(0.,0.0523359562429438,0.998629534754574));
#5647=DIRECTION('',(1.,0.,0.));
#5648=DIRECTION('',(0.,0.,-1.));
#5649=DIRECTION('',(-1.,-1.06143207300397E-17,5.56272978059327E-19));
#5650=DIRECTION('',(1.06143207300397E-17,-1.,0.));
#5651=DIRECTION('',(1.,0.,0.));
#5652=DIRECTION('',(0.,0.,-1.));
#5653=DIRECTION('',(1.06288872506142E-17,-0.998629534754574,0.0523359562429438));
#5654=DIRECTION('',(0.,-0.0523359562429438,-0.998629534754574));
#5655=DIRECTION('',(-1.06288872506142E-17,0.998629534754574,-0.0523359562429438));
#5656=DIRECTION('',(0.,0.0523359562429438,0.998629534754574));
#5657=DIRECTION('',(-1.06288872506142E-17,0.998629534754574,-0.0523359562429438));
#5658=DIRECTION('',(0.,0.0523359562429438,0.998629534754574));
#5659=DIRECTION('',(0.,0.0523359562429465,0.998629534754574));
#5660=DIRECTION('',(0.,-0.998629534754574,0.0523359562429466));
#5661=DIRECTION('',(-1.05926146941298E-33,0.0523359562429438,0.998629534754574));
#5662=DIRECTION('',(0.,-0.998629534754574,0.0523359562429438));
#5663=DIRECTION('',(0.,-0.0523359562429465,-0.998629534754574));
#5664=DIRECTION('',(0.,0.998629534754574,-0.0523359562429465));
#5665=DIRECTION('',(1.06288872506142E-17,-0.998629534754574,0.0523359562429438));
#5666=DIRECTION('',(0.,-0.0523359562429438,-0.998629534754574));
#5667=DIRECTION('',(1.73234609774255E-15,0.998629534754574,-0.052335956242943));
#5668=DIRECTION('',(0.,0.052335956242943,0.998629534754574));
#5669=DIRECTION('',(1.,1.73472347597681E-15,0.));
#5670=DIRECTION('',(-1.73472347597681E-15,1.,0.));
#5671=DIRECTION('',(-1.,0.,0.));
#5672=DIRECTION('',(0.,0.,1.));
#5673=DIRECTION('',(-1.,-1.06143207300397E-17,5.56272978059327E-19));
#5674=DIRECTION('',(1.06143207300397E-17,-1.,0.));
#5675=DIRECTION('',(1.,0.,0.));
#5676=DIRECTION('',(0.,0.,-1.));
#5677=DIRECTION('',(-1.06288872506142E-17,0.998629534754574,-0.0523359562429438));
#5678=DIRECTION('',(0.,0.0523359562429438,0.998629534754574));
#5679=DIRECTION('',(-1.06288872506142E-17,0.998629534754574,-0.0523359562429438));
#5680=DIRECTION('',(0.,0.0523359562429438,0.998629534754574));
#5681=DIRECTION('',(-1.06288872506142E-17,0.998629534754574,-0.0523359562429438));
#5682=DIRECTION('',(0.,0.0523359562429438,0.998629534754574));
#5683=DIRECTION('',(0.,0.0523359562429465,0.998629534754574));
#5684=DIRECTION('',(0.,-0.998629534754574,0.0523359562429466));
#5685=DIRECTION('',(-9.62964972193618E-35,0.0523359562429438,0.998629534754574));
#5686=DIRECTION('',(0.,-0.998629534754574,0.0523359562429438));
#5687=DIRECTION('',(0.,-0.052335956242943,-0.998629534754574));
#5688=DIRECTION('',(0.,0.998629534754574,-0.052335956242943));
#5689=DIRECTION('',(1.06288872506142E-17,-0.998629534754574,0.0523359562429438));
#5690=DIRECTION('',(0.,-0.0523359562429438,-0.998629534754574));
#5691=DIRECTION('',(-1.06288872506142E-17,0.998629534754574,-0.0523359562429438));
#5692=DIRECTION('',(0.,0.0523359562429438,0.998629534754574));
#5693=DIRECTION('',(-1.06288872506142E-17,0.998629534754574,-0.0523359562429438));
#5694=DIRECTION('',(0.,0.0523359562429438,0.998629534754574));
#5695=DIRECTION('',(1.,0.,0.));
#5696=DIRECTION('',(0.,0.,-1.));
#5697=DIRECTION('',(1.,1.06143207300397E-17,-5.56272978059327E-19));
#5698=DIRECTION('',(-1.06143207300397E-17,1.,0.));
#5699=DIRECTION('',(-1.,0.,0.));
#5700=DIRECTION('',(0.,0.,1.));
#5701=DIRECTION('',(1.06288872506142E-17,-0.998629534754574,0.0523359562429438));
#5702=DIRECTION('',(0.,-0.0523359562429438,-0.998629534754574));
#5703=DIRECTION('',(0.,0.998629534754574,-0.052335956242943));
#5704=DIRECTION('',(0.,0.052335956242943,0.998629534754574));
#5705=DIRECTION('',(0.,-0.0523359562429447,-0.998629534754574));
#5706=DIRECTION('',(0.,0.998629534754574,-0.0523359562429447));
#5707=DIRECTION('',(9.07884119323281E-17,0.052335956242943,0.998629534754574));
#5708=DIRECTION('',(0.,-0.998629534754574,0.052335956242943));
#5709=DIRECTION('',(-3.85185988877447E-34,0.0523359562429438,0.998629534754574));
#5710=DIRECTION('',(0.,-0.998629534754574,0.0523359562429438));
#5711=DIRECTION('',(0.,-0.052335956242943,-0.998629534754574));
#5712=DIRECTION('',(0.,0.998629534754574,-0.052335956242943));
#5713=DIRECTION('',(-1.06288872506142E-17,0.998629534754574,-0.0523359562429438));
#5714=DIRECTION('',(0.,0.0523359562429438,0.998629534754574));
#5715=DIRECTION('',(-1.06288872506142E-17,0.998629534754574,-0.0523359562429438));
#5716=DIRECTION('',(0.,0.0523359562429438,0.998629534754574));
#5717=DIRECTION('',(-1.06288872506142E-17,0.998629534754574,-0.0523359562429438));
#5718=DIRECTION('',(0.,0.0523359562429438,0.998629534754574));
#5719=DIRECTION('',(1.,0.,0.));
#5720=DIRECTION('',(0.,0.,-1.));
#5721=DIRECTION('',(1.,1.06143207300397E-17,-5.56272978059327E-19));
#5722=DIRECTION('',(-1.06143207300397E-17,1.,0.));
#5723=DIRECTION('',(-1.,0.,0.));
#5724=DIRECTION('',(0.,0.,1.));
#5725=DIRECTION('',(1.06288872506142E-17,-0.998629534754574,0.0523359562429438));
#5726=DIRECTION('',(0.,-0.0523359562429438,-0.998629534754574));
#5727=DIRECTION('',(-1.06288872506142E-17,0.998629534754574,-0.0523359562429438));
#5728=DIRECTION('',(0.,0.0523359562429438,0.998629534754574));
#5729=DIRECTION('',(-1.06288872506142E-17,0.998629534754574,-0.0523359562429438));
#5730=DIRECTION('',(0.,0.0523359562429438,0.998629534754574));
#5731=DIRECTION('',(-9.07884119323282E-17,-0.0523359562429431,-0.998629534754574));
#5732=DIRECTION('',(0.,0.998629534754574,-0.0523359562429431));
#5733=DIRECTION('',(3.85185988877447E-34,-0.0523359562429438,-0.998629534754574));
#5734=DIRECTION('',(0.,0.998629534754574,-0.0523359562429438));
#5735=DIRECTION('',(0.,0.052335956242943,0.998629534754574));
#5736=DIRECTION('',(0.,-0.998629534754574,0.052335956242943));
#5737=DIRECTION('',(-1.06288872506142E-17,0.998629534754574,-0.0523359562429438));
#5738=DIRECTION('',(0.,0.0523359562429438,0.998629534754574));
#5739=DIRECTION('',(1.73234609774255E-15,0.998629534754574,-0.052335956242943));
#5740=DIRECTION('',(0.,0.052335956242943,0.998629534754574));
#5741=DIRECTION('',(-1.,0.,0.));
#5742=DIRECTION('',(0.,0.,1.));
#5743=DIRECTION('',(1.,0.,0.));
#5744=DIRECTION('',(0.,0.,-1.));
#5745=DIRECTION('',(1.,1.06143207300397E-17,-5.56272978059327E-19));
#5746=DIRECTION('',(-1.06143207300397E-17,1.,0.));
#5747=DIRECTION('',(-1.,0.,0.));
#5748=DIRECTION('',(0.,0.,1.));
#5749=DIRECTION('',(-1.06288872506142E-17,0.998629534754574,-0.0523359562429438));
#5750=DIRECTION('',(0.,0.0523359562429438,0.998629534754574));
#5751=DIRECTION('',(-1.06288872506142E-17,0.998629534754574,-0.0523359562429438));
#5752=DIRECTION('',(0.,0.0523359562429438,0.998629534754574));
#5753=DIRECTION('',(-1.06288872506142E-17,0.998629534754574,-0.0523359562429438));
#5754=DIRECTION('',(0.,0.0523359562429438,0.998629534754574));
#5755=DIRECTION('',(-1.06288872506142E-17,0.998629534754574,-0.0523359562429438));
#5756=DIRECTION('',(0.,0.0523359562429438,0.998629534754574));
#5757=CARTESIAN_POINT('',(0.,0.,0.));
#5758=CARTESIAN_POINT('',(0.0055,-0.0175789512872882,0.000625540419258437));
#5759=CARTESIAN_POINT('',(-0.059,-0.0214762921982319,-0.0737401542211356));
#5760=CARTESIAN_POINT('',(-0.061,-0.021294995127681,-0.0702808000368681));
#5761=CARTESIAN_POINT('',(-0.062,-0.0213378242733864,-0.0710980288202909));
#5762=CARTESIAN_POINT('',(-0.062,-0.0175920352763488,0.000375883035569845));
#5763=CARTESIAN_POINT('',(-0.062,-0.0198876735670604,-0.0434275049750794));
#5764=CARTESIAN_POINT('',(-0.059,-0.0197492056422148,-0.0407853795742347));
#5765=CARTESIAN_POINT('',(-0.061,-0.0199305027127657,-0.0442447337585023));
#5766=CARTESIAN_POINT('',(-0.061,-0.0206127489202233,-0.0572627668976852));
#5767=CARTESIAN_POINT('',(0.0055,-0.0175789512872882,0.000625540419258437));
#5768=CARTESIAN_POINT('',(0.059,-0.0197492056422148,-0.0407853795742347));
#5769=CARTESIAN_POINT('',(0.061,-0.0199305027127657,-0.0442447337585023));
#5770=CARTESIAN_POINT('',(0.063,-0.0197492056422148,-0.0407853795742347));
#5771=CARTESIAN_POINT('',(0.063,-0.0209005966795596,-0.0627552293388354));
#5772=CARTESIAN_POINT('',(0.063,-0.0214762921982319,-0.0737401542211356));
#5773=CARTESIAN_POINT('',(0.059,-0.0214762921982319,-0.0737401542211356));
#5774=CARTESIAN_POINT('',(0.061,-0.021294995127681,-0.0702808000368681));
#5775=CARTESIAN_POINT('',(0.061,-0.0206127489202233,-0.0572627668976852));
#5776=CARTESIAN_POINT('',(0.0055,-0.0175789512872882,0.000625540419258437));
#5777=CARTESIAN_POINT('',(-3.04098838778157E-35,-0.0206127489202233,-0.0572627668976852));
#5778=CARTESIAN_POINT('',(-3.04098838778157E-35,-0.019984717445308,-0.0452792124806303));
#5779=CARTESIAN_POINT('',(0.045,-0.0128148553089361,0.091529906975649));
#5780=CARTESIAN_POINT('',(0.045,-0.0127337345767596,0.0930777827545186));
#5781=CARTESIAN_POINT('',(0.045,-0.0222348602652585,-0.0882144951950159));
#5782=CARTESIAN_POINT('',(0.045,-0.022153739533082,-0.0866666194161463));
#5783=CARTESIAN_POINT('',(-0.045,-0.0222348602652585,-0.0882144951950159));
#5784=CARTESIAN_POINT('',(-0.045,-0.022153739533082,-0.0866666194161463));
#5785=CARTESIAN_POINT('',(-0.045,-0.0128148553089361,0.091529906975649));
#5786=CARTESIAN_POINT('',(-0.045,-0.0127337345767596,0.0930777827545186));
#5787=CARTESIAN_POINT('',(-1.04295986303621E-17,-0.0196183657516074,-0.0382888057373482));
#5788=CARTESIAN_POINT('',(0.018,-0.0196183657516074,-0.0382888057373482));
#5789=CARTESIAN_POINT('',(-0.018,-0.0196183657516074,-0.0382888057373482));
#5790=CARTESIAN_POINT('',(0.018,-0.019095006189178,-0.0283025103898026));
#5791=CARTESIAN_POINT('',(0.028,-0.019095006189178,-0.0283025103898026));
#5792=CARTESIAN_POINT('',(0.028,-0.0194336659445131,-0.0347645234719829));
#5793=CARTESIAN_POINT('',(0.028,-0.0168938481064861,0.0136980878573382));
#5794=CARTESIAN_POINT('',(0.018,-0.0168938481064861,0.0136980878573382));
#5795=CARTESIAN_POINT('',(0.018,-0.0163704885440568,0.0236843832048839));
#5796=CARTESIAN_POINT('',(-2.12577745012284E-20,-0.0163704885440568,0.0236843832048839));
#5797=CARTESIAN_POINT('',(-0.018,-0.0163704885440568,0.0236843832048839));
#5798=CARTESIAN_POINT('',(-0.018,-0.0168938481064861,0.0136980878573382));
#5799=CARTESIAN_POINT('',(-0.028,-0.0168938481064861,0.0136980878573382));
#5800=CARTESIAN_POINT('',(-0.028,-0.0194336659445131,-0.0347645234719829));
#5801=CARTESIAN_POINT('',(-0.028,-0.019095006189178,-0.0283025103898026));
#5802=CARTESIAN_POINT('',(-0.018,-0.019095006189178,-0.0283025103898026));
#5803=CARTESIAN_POINT('',(-0.045,-0.0151695061724611,0.0466004919968516));
#5804=CARTESIAN_POINT('',(-0.045,-0.0146461466100317,0.0565867873443973));
#5805=CARTESIAN_POINT('',(0.039,-0.0145131570890197,0.059124378572863));
#5806=CARTESIAN_POINT('',(0.039,-0.0139897975265903,0.0691106739204087));
#5807=CARTESIAN_POINT('',(0.0530059310772664,-0.0155835559149379,0.0386999522651341));
#5808=CARTESIAN_POINT('',(0.0530059310772664,-0.0153218761337232,0.043693099938907));
#5809=CARTESIAN_POINT('',(0.0286642504983729,-0.015604687679575,0.0382967341756413));
#5810=CARTESIAN_POINT('',(0.0286642504983729,-0.0153430078983602,0.0432898818494142));
#5811=CARTESIAN_POINT('',(-0.00713807933562688,-0.0150897305856374,0.0481227008733787));
#5812=CARTESIAN_POINT('',(-0.00713807933562688,-0.0143046912419932,0.0631021438946973));
#5813=CARTESIAN_POINT('',(0.045,-0.0185713433282525,-0.0183104277621958));
#5814=CARTESIAN_POINT('',(0.045,-0.0180479837658231,-0.00832413241465001));
#5815=CARTESIAN_POINT('',(0.045,-0.0167395848597495,0.0166416059542144));
#5816=CARTESIAN_POINT('',(0.045,-0.01621622529732,0.0266279013017601));
#5817=CARTESIAN_POINT('',(-0.045,-0.0185713433282525,-0.0183104277621958));
#5818=CARTESIAN_POINT('',(-0.045,-0.0181788236564304,-0.0108207062515364));
#5819=CARTESIAN_POINT('',(-0.045,-0.013861574433795,0.0715573162805575));
#5820=CARTESIAN_POINT('',(-0.045,-0.0133382148713656,0.0815436116281032));
#5821=CARTESIAN_POINT('',(-0.045,-0.0167395848597495,0.0166416059542144));
#5822=CARTESIAN_POINT('',(-0.0376594806579741,-0.0166590695027861,0.0181779304858927));
#5823=CARTESIAN_POINT('',(-0.0378320676083923,-0.0166240806347168,0.0188455578600737));
#5824=CARTESIAN_POINT('',(-0.0334014613718154,-0.0165828802895167,0.019631707278417));
#5825=CARTESIAN_POINT('',(0.055,-0.0175248577870974,0.00165770589031652));
#5826=CARTESIAN_POINT('',(0.055,-0.01739401789649,0.00415427972720296));
#5827=CARTESIAN_POINT('',(0.035,-0.0175248577870974,0.00165770589031652));
#5828=CARTESIAN_POINT('',(0.035,-0.01739401789649,0.00415427972720296));
#5829=CARTESIAN_POINT('',(0.0655985386281845,-0.0189379983204492,-0.0253066217855388));
#5830=CARTESIAN_POINT('',(0.0655985386281845,-0.0187024865173559,-0.0208127888791432));
#5831=CARTESIAN_POINT('',(0.0655985386281846,-0.0165828802895167,0.019631707278417));
#5832=CARTESIAN_POINT('',(0.0655985386281846,-0.0163473684864235,0.0241255401848126));
#5833=CARTESIAN_POINT('',(-0.0334014613718154,-0.0189379983204492,-0.0253066217855388));
#5834=CARTESIAN_POINT('',(-0.0334014613718154,-0.0187024865173559,-0.0208127888791432));
#5835=CARTESIAN_POINT('',(0.028,-0.0194336659445131,-0.0347645234719829));
#5836=CARTESIAN_POINT('',(0.028,-0.0217118040013252,-0.0782339871275312));
#5837=CARTESIAN_POINT('',(0.028,-0.021868811870054,-0.0812298757317949));
#5838=CARTESIAN_POINT('',(-1.04295986303621E-17,-0.0217118040013252,-0.0782339871275312));
#5839=CARTESIAN_POINT('',(-0.028,-0.0217118040013252,-0.0782339871275312));
#5840=CARTESIAN_POINT('',(-0.028,-0.0194336659445131,-0.0347645234719829));
#5841=CARTESIAN_POINT('',(-0.028,-0.021868811870054,-0.0812298757317949));
#5842=CARTESIAN_POINT('',(-0.04,-0.021868811870054,-0.0812298757317949));
#5843=CARTESIAN_POINT('',(-0.04,-0.0224968433449694,-0.0932134301488498));
#5844=CARTESIAN_POINT('',(-0.045,-0.0224968433449694,-0.0932134301488498));
#5845=CARTESIAN_POINT('',(-0.05,-0.0224968433449694,-0.0932134301488498));
#5846=CARTESIAN_POINT('',(-0.05,-0.021868811870054,-0.081229875731795));
#5847=CARTESIAN_POINT('',(-0.062,-0.021868811870054,-0.081229875731795));
#5848=CARTESIAN_POINT('',(-0.062,-0.0175920352763488,0.000375883035569845));
#5849=CARTESIAN_POINT('',(-0.062,-0.0216147601230776,-0.0763822796219804));
#5850=CARTESIAN_POINT('',(-0.059,-0.0214762921982319,-0.0737401542211356));
#5851=CARTESIAN_POINT('',(-0.059,-0.0216856360232037,-0.0777346723601539));
#5852=CARTESIAN_POINT('',(-0.0475,-0.0216856360232037,-0.0777346723601539));
#5853=CARTESIAN_POINT('',(-0.0495,-0.0216856360232037,-0.0777346723601539));
#5854=CARTESIAN_POINT('',(-0.0495,-0.0218426438919325,-0.0807305609644177));
#5855=CARTESIAN_POINT('',(-0.0495,-0.0217379719794467,-0.0787333018949085));
#5856=CARTESIAN_POINT('',(-0.0455,-0.0217379719794467,-0.0787333018949085));
#5857=CARTESIAN_POINT('',(-0.0455,-0.0219473158044185,-0.0827278200339268));
#5858=CARTESIAN_POINT('',(0.0055,-0.0219473158044185,-0.0827278200339268));
#5859=CARTESIAN_POINT('',(-0.0395,-0.0219473158044185,-0.0827278200339268));
#5860=CARTESIAN_POINT('',(-0.0395,-0.0217379719794467,-0.0787333018949085));
#5861=CARTESIAN_POINT('',(-0.0355,-0.0217379719794467,-0.0787333018949085));
#5862=CARTESIAN_POINT('',(-0.0355,-0.0175789512872882,0.000625540419258437));
#5863=CARTESIAN_POINT('',(-0.0355,-0.0216856360232037,-0.0777346723601539));
#5864=CARTESIAN_POINT('',(-0.024,-0.0216856360232037,-0.0777346723601539));
#5865=CARTESIAN_POINT('',(-0.026,-0.0216856360232037,-0.0777346723601539));
#5866=CARTESIAN_POINT('',(-0.026,-0.0214762921982319,-0.0737401542211356));
#5867=CARTESIAN_POINT('',(-0.022,-0.0214762921982319,-0.0737401542211356));
#5868=CARTESIAN_POINT('',(-0.022,-0.0175789512872882,0.000625540419258437));
#5869=CARTESIAN_POINT('',(-0.022,-0.0197492056422148,-0.0407853795742347));
#5870=CARTESIAN_POINT('',(-0.026,-0.0197492056422148,-0.0407853795742347));
#5871=CARTESIAN_POINT('',(-0.026,-0.019539861817243,-0.0367908614352164));
#5872=CARTESIAN_POINT('',(0.0055,-0.019539861817243,-0.0367908614352164));
#5873=CARTESIAN_POINT('',(-0.0355,-0.019539861817243,-0.0367908614352164));
#5874=CARTESIAN_POINT('',(-0.0355,-0.0193828539485142,-0.0337949728309527));
#5875=CARTESIAN_POINT('',(-0.0355,-0.0194875258610001,-0.0357922319004619));
#5876=CARTESIAN_POINT('',(-0.0395,-0.0194875258610001,-0.0357922319004619));
#5877=CARTESIAN_POINT('',(-0.0395,-0.0192781820360283,-0.0317977137614436));
#5878=CARTESIAN_POINT('',(0.0055,-0.0192781820360283,-0.0317977137614436));
#5879=CARTESIAN_POINT('',(-0.0455,-0.0192781820360283,-0.0317977137614436));
#5880=CARTESIAN_POINT('',(-0.0455,-0.0194875258610001,-0.0357922319004619));
#5881=CARTESIAN_POINT('',(-0.0495,-0.0194875258610001,-0.0357922319004619));
#5882=CARTESIAN_POINT('',(-0.0495,-0.0175789512872882,0.000625540419258437));
#5883=CARTESIAN_POINT('',(-0.0495,-0.019539861817243,-0.0367908614352164));
#5884=CARTESIAN_POINT('',(0.0055,-0.019539861817243,-0.0367908614352164));
#5885=CARTESIAN_POINT('',(-0.059,-0.019539861817243,-0.0367908614352164));
#5886=CARTESIAN_POINT('',(-0.059,-0.0197492056422148,-0.0407853795742347));
#5887=CARTESIAN_POINT('',(-0.062,-0.0196107377173692,-0.0381432541733899));
#5888=CARTESIAN_POINT('',(-0.062,-0.0175920352763488,0.000375883035569845));
#5889=CARTESIAN_POINT('',(-0.062,-0.0133152586826437,0.0819816418029346));
#5890=CARTESIAN_POINT('',(-0.05,-0.0133152586826437,0.0819816418029345));
#5891=CARTESIAN_POINT('',(-0.05,-0.0126872272077284,0.0939651962199894));
#5892=CARTESIAN_POINT('',(-0.045,-0.0126872272077284,0.0939651962199894));
#5893=CARTESIAN_POINT('',(-0.04,-0.0126872272077284,0.0939651962199894));
#5894=CARTESIAN_POINT('',(-0.04,-0.0133152586826437,0.0819816418029345));
#5895=CARTESIAN_POINT('',(-0.0280326884476237,-0.0132689345845545,0.0828655582505112));
#5896=CARTESIAN_POINT('',(-0.0180599288206434,-0.0132303311694801,0.0836021552901583));
#5897=CARTESIAN_POINT('',(-0.0180599288206434,-0.0137536907319095,0.0736158599426126));
#5898=CARTESIAN_POINT('',(1.03870830813596E-17,-0.0137536907319095,0.0736158599426126));
#5899=CARTESIAN_POINT('',(0.0180599288206435,-0.0137536907319095,0.0736158599426126));
#5900=CARTESIAN_POINT('',(0.0180599288206435,-0.0132303311694801,0.0836021552901583));
#5901=CARTESIAN_POINT('',(0.019,-0.0137513730472729,0.0736600839999629));
#5902=CARTESIAN_POINT('',(0.019,-0.0141777711721002,0.0655239230967432));
#5903=CARTESIAN_POINT('',(0.019,-0.0141777711721002,0.0655239230967432));
#5904=CARTESIAN_POINT('',(0.02,-0.0144608211327767,0.0601230081076177));
#5905=CARTESIAN_POINT('',(0.019,-0.0147438710934533,0.0547220931184921));
#5906=CARTESIAN_POINT('',(0.019,-0.015088852607692,0.0481394536905627));
#5907=CARTESIAN_POINT('',(0.019,-0.0152458604764209,0.045143565086299));
#5908=CARTESIAN_POINT('',(0.0055,-0.0152458604764209,0.045143565086299));
#5909=CARTESIAN_POINT('',(0.025,-0.0152458604764209,0.045143565086299));
#5910=CARTESIAN_POINT('',(0.025,-0.0150626846295706,0.0486387684579401));
#5911=CARTESIAN_POINT('',(0.025,-0.0150365166514491,0.0491380832253173));
#5912=CARTESIAN_POINT('',(0.0395,-0.0150365166514491,0.0491380832253173));
#5913=CARTESIAN_POINT('',(0.023,-0.0150365166514491,0.0491380832253174));
#5914=CARTESIAN_POINT('',(0.023,-0.0144608211327767,0.0601230081076177));
#5915=CARTESIAN_POINT('',(0.023,-0.0138851256141043,0.071107932989918));
#5916=CARTESIAN_POINT('',(0.0395,-0.0138851256141043,0.071107932989918));
#5917=CARTESIAN_POINT('',(0.0235,-0.0138851256141043,0.071107932989918));
#5918=CARTESIAN_POINT('',(0.0235,-0.0138589576359829,0.0716072477572953));
#5919=CARTESIAN_POINT('',(0.0235,-0.0136757817891326,0.0751024511289363));
#5920=CARTESIAN_POINT('',(0.0055,-0.0136757817891326,0.0751024511289363));
#5921=CARTESIAN_POINT('',(0.0233093671636624,-0.0136757817891326,0.0751024511289363));
#5922=CARTESIAN_POINT('',(0.0180599288206435,-0.0132303311694801,0.0836021552901583));
#5923=CARTESIAN_POINT('',(0.0280326884476237,-0.0132689345845545,0.0828655582505112));
#5924=CARTESIAN_POINT('',(0.04,-0.0133152586826437,0.0819816418029345));
#5925=CARTESIAN_POINT('',(0.04,-0.0126872272077284,0.0939651962199894));
#5926=CARTESIAN_POINT('',(0.0455,-0.0126872272077284,0.0939651962199894));
#5927=CARTESIAN_POINT('',(0.051,-0.0126872272077284,0.0939651962199894));
#5928=CARTESIAN_POINT('',(0.051,-0.0133152586826437,0.0819816418029345));
#5929=CARTESIAN_POINT('',(0.063,-0.0133152586826437,0.0819816418029345));
#5930=CARTESIAN_POINT('',(0.063,-0.0144257099236508,0.0607929698882215));
#5931=CARTESIAN_POINT('',(0.063,-0.0142632572304538,0.0638927519324019));
#5932=CARTESIAN_POINT('',(0.059,-0.0144608211327767,0.0601230081076177));
#5933=CARTESIAN_POINT('',(0.06,-0.0141777711721002,0.0655239230967432));
#5934=CARTESIAN_POINT('',(0.06,-0.0175789512872882,0.000625540419258437));
#5935=CARTESIAN_POINT('',(0.06,-0.0136757817891326,0.0751024511289363));
#5936=CARTESIAN_POINT('',(0.045,-0.0136757817891326,0.0751024511289363));
#5937=CARTESIAN_POINT('',(0.045,-0.0136757817891326,0.0751024511289363));
#5938=CARTESIAN_POINT('',(0.045,-0.0138589576359829,0.0716072477572953));
#5939=CARTESIAN_POINT('',(0.045,-0.0138851256141043,0.071107932989918));
#5940=CARTESIAN_POINT('',(0.0395,-0.0138851256141043,0.071107932989918));
#5941=CARTESIAN_POINT('',(0.056,-0.0138851256141043,0.071107932989918));
#5942=CARTESIAN_POINT('',(0.056,-0.0144608211327767,0.0601230081076177));
#5943=CARTESIAN_POINT('',(0.056,-0.0150365166514491,0.0491380832253173));
#5944=CARTESIAN_POINT('',(0.0395,-0.0150365166514491,0.0491380832253173));
#5945=CARTESIAN_POINT('',(0.054,-0.0150365166514491,0.0491380832253173));
#5946=CARTESIAN_POINT('',(0.054,-0.0150626846295706,0.0486387684579401));
#5947=CARTESIAN_POINT('',(0.054,-0.0152458604764209,0.045143565086299));
#5948=CARTESIAN_POINT('',(0.0055,-0.0152458604764209,0.045143565086299));
#5949=CARTESIAN_POINT('',(0.06,-0.0152458604764209,0.045143565086299));
#5950=CARTESIAN_POINT('',(0.06,-0.0175789512872882,0.000625540419258437));
#5951=CARTESIAN_POINT('',(0.06,-0.0147438710934533,0.0547220931184921));
#5952=CARTESIAN_POINT('',(0.059,-0.0144608211327767,0.0601230081076177));
#5953=CARTESIAN_POINT('',(0.063,-0.0146583850350996,0.0563532642828334));
#5954=CARTESIAN_POINT('',(0.063,-0.0144257099236508,0.0607929698882215));
#5955=CARTESIAN_POINT('',(0.063,-0.0159025128583585,0.0326138912302265));
#5956=CARTESIAN_POINT('',(0.068,-0.0159025128583585,0.0326138912302265));
#5957=CARTESIAN_POINT('',(0.068,-0.0161641926395732,0.0276207435564536));
#5958=CARTESIAN_POINT('',(0.068,-0.0164258724207879,0.0226275958826808));
#5959=CARTESIAN_POINT('',(0.073,-0.0164258724207879,0.0226275958826808));
#5960=CARTESIAN_POINT('',(0.073,-0.0177342713268615,-0.00233814248618361));
#5961=CARTESIAN_POINT('',(0.073,-0.0190426702329351,-0.027303880855048));
#5962=CARTESIAN_POINT('',(0.068,-0.0190426702329351,-0.0273038808550479));
#5963=CARTESIAN_POINT('',(0.068,-0.0193043500141498,-0.0322970285288208));
#5964=CARTESIAN_POINT('',(0.068,-0.0195660297953645,-0.0372901762025937));
#5965=CARTESIAN_POINT('',(0.063,-0.0195660297953645,-0.0372901762025937));
#5966=CARTESIAN_POINT('',(0.063,-0.0209005966795596,-0.0627552293388354));
#5967=CARTESIAN_POINT('',(0.059,-0.0197492056422148,-0.0407853795742347));
#5968=CARTESIAN_POINT('',(0.059,-0.019539861817243,-0.0367908614352164));
#5969=CARTESIAN_POINT('',(0.0475,-0.019539861817243,-0.0367908614352164));
#5970=CARTESIAN_POINT('',(0.0495,-0.019539861817243,-0.0367908614352164));
#5971=CARTESIAN_POINT('',(0.0495,-0.0193828539485142,-0.0337949728309527));
#5972=CARTESIAN_POINT('',(0.0495,-0.0194875258610001,-0.0357922319004619));
#5973=CARTESIAN_POINT('',(0.0455,-0.0194875258610001,-0.0357922319004619));
#5974=CARTESIAN_POINT('',(0.0455,-0.0192781820360283,-0.0317977137614436));
#5975=CARTESIAN_POINT('',(0.0375,-0.0192781820360283,-0.0317977137614436));
#5976=CARTESIAN_POINT('',(0.0395,-0.0192781820360283,-0.0317977137614436));
#5977=CARTESIAN_POINT('',(0.0395,-0.0194875258610001,-0.0357922319004619));
#5978=CARTESIAN_POINT('',(0.0355,-0.0194875258610001,-0.0357922319004619));
#5979=CARTESIAN_POINT('',(0.0355,-0.0175789512872882,0.000625540419258437));
#5980=CARTESIAN_POINT('',(0.0355,-0.019539861817243,-0.0367908614352164));
#5981=CARTESIAN_POINT('',(0.024,-0.019539861817243,-0.0367908614352164));
#5982=CARTESIAN_POINT('',(0.026,-0.019539861817243,-0.0367908614352164));
#5983=CARTESIAN_POINT('',(0.026,-0.0197492056422148,-0.0407853795742347));
#5984=CARTESIAN_POINT('',(0.022,-0.0197492056422148,-0.0407853795742347));
#5985=CARTESIAN_POINT('',(0.022,-0.0215809641107178,-0.0757374132906449));
#5986=CARTESIAN_POINT('',(0.022,-0.0214762921982319,-0.0737401542211356));
#5987=CARTESIAN_POINT('',(0.026,-0.0214762921982319,-0.0737401542211356));
#5988=CARTESIAN_POINT('',(0.026,-0.0216856360232037,-0.0777346723601539));
#5989=CARTESIAN_POINT('',(0.0055,-0.0216856360232037,-0.0777346723601539));
#5990=CARTESIAN_POINT('',(0.0355,-0.0216856360232037,-0.0777346723601539));
#5991=CARTESIAN_POINT('',(0.0355,-0.0218426438919325,-0.0807305609644178));
#5992=CARTESIAN_POINT('',(0.0355,-0.0217379719794467,-0.0787333018949085));
#5993=CARTESIAN_POINT('',(0.0395,-0.0217379719794467,-0.0787333018949085));
#5994=CARTESIAN_POINT('',(0.0395,-0.0219473158044185,-0.0827278200339268));
#5995=CARTESIAN_POINT('',(0.0475,-0.0219473158044185,-0.0827278200339268));
#5996=CARTESIAN_POINT('',(0.0455,-0.0219473158044185,-0.0827278200339268));
#5997=CARTESIAN_POINT('',(0.0455,-0.0217379719794467,-0.0787333018949085));
#5998=CARTESIAN_POINT('',(0.0493729833462074,-0.0216856360232037,-0.0777346723601539));
#5999=CARTESIAN_POINT('',(0.0055,-0.0216856360232037,-0.0777346723601539));
#6000=CARTESIAN_POINT('',(0.059,-0.0216856360232037,-0.0777346723601539));
#6001=CARTESIAN_POINT('',(0.059,-0.0214762921982319,-0.0737401542211356));
#6002=CARTESIAN_POINT('',(0.063,-0.0209005966795596,-0.0627552293388354));
#6003=CARTESIAN_POINT('',(0.063,-0.021868811870054,-0.0812298757317949));
#6004=CARTESIAN_POINT('',(0.051,-0.021868811870054,-0.0812298757317949));
#6005=CARTESIAN_POINT('',(0.051,-0.0224968433449694,-0.0932134301488498));
#6006=CARTESIAN_POINT('',(0.0455,-0.0224968433449694,-0.0932134301488498));
#6007=CARTESIAN_POINT('',(0.04,-0.0224968433449694,-0.0932134301488498));
#6008=CARTESIAN_POINT('',(0.04,-0.021868811870054,-0.0812298757317949));
#6009=CARTESIAN_POINT('',(0.028,-0.0194336659445131,-0.0347645234719829));
#6010=CARTESIAN_POINT('',(0.028,-0.0210922652586872,-0.0281978384773167));
#6011=CARTESIAN_POINT('',(0.028,-0.0210922652586872,-0.0281978384773167));
#6012=CARTESIAN_POINT('',(0.028,-0.0214309250140222,-0.0346598515594971));
#6013=CARTESIAN_POINT('',(0.028,-0.0188911071759953,0.0138027597698241));
#6014=CARTESIAN_POINT('',(0.028,-0.0168938481064861,0.0136980878573382));
#6015=CARTESIAN_POINT('',(-0.028,-0.0194336659445131,-0.0347645234719829));
#6016=CARTESIAN_POINT('',(-0.028,-0.0217098067422557,-0.0782340917994437));
#6017=CARTESIAN_POINT('',(-0.028,-0.0237090630708343,-0.0781293152150454));
#6018=CARTESIAN_POINT('',(-0.028,-0.0214309250140222,-0.0346598515594971));
#6019=CARTESIAN_POINT('',(-0.028,-0.0238660709395632,-0.081125203819309));
#6020=CARTESIAN_POINT('',(-0.028,-0.021868811870054,-0.0812298757317949));
#6021=CARTESIAN_POINT('',(0.0395,-0.00989060747508606,0.0708985891649462));
#6022=CARTESIAN_POINT('',(0.045,-0.0138851256141043,0.071107932989918));
#6023=CARTESIAN_POINT('',(0.045,-0.00989060747508606,0.0708985891649462));
#6024=CARTESIAN_POINT('',(0.0395,-0.00989060747508606,0.0708985891649462));
#6025=CARTESIAN_POINT('',(0.056,-0.00989060747508606,0.0708985891649462));
#6026=CARTESIAN_POINT('',(0.056,-0.00989060747508606,0.0708985891649462));
#6027=CARTESIAN_POINT('',(0.0395,-0.0110419985124308,0.0489287394003456));
#6028=CARTESIAN_POINT('',(0.054,-0.0150365166514491,0.0491380832253173));
#6029=CARTESIAN_POINT('',(0.054,-0.0110419985124308,0.0489287394003456));
#6030=CARTESIAN_POINT('',(0.056,-0.0110419985124308,0.0489287394003456));
#6031=CARTESIAN_POINT('',(0.056,-0.0110419985124308,0.0489287394003456));
#6032=CARTESIAN_POINT('',(0.0395,-0.0110419985124308,0.0489287394003456));
#6033=CARTESIAN_POINT('',(0.0055,-0.0135975171373306,0.000166539210598018));
#6034=CARTESIAN_POINT('',(0.02,-0.0104663029937584,0.0599136642826459));
#6035=CARTESIAN_POINT('',(0.02,-0.0105317229390621,0.0586653773642027));
#6036=CARTESIAN_POINT('',(0.0395,-0.0110419985124308,0.0489287394003456));
#6037=CARTESIAN_POINT('',(0.023,-0.0110419985124308,0.0489287394003456));
#6038=CARTESIAN_POINT('',(0.025,-0.0110419985124308,0.0489287394003456));
#6039=CARTESIAN_POINT('',(0.025,-0.0110681664905523,0.0484294246329683));
#6040=CARTESIAN_POINT('',(0.025,-0.0111257360424195,0.0473309321447382));
#6041=CARTESIAN_POINT('',(0.0395,-0.0111257360424195,0.0473309321447382));
#6042=CARTESIAN_POINT('',(0.0214,-0.0111257360424195,0.0473309321447382));
#6043=CARTESIAN_POINT('',(0.0214,-0.0135844331482698,0.000416196594286662));
#6044=CARTESIAN_POINT('',(0.0214,-0.010749352954435,0.0545127492935203));
#6045=CARTESIAN_POINT('',(0.019,-0.010749352954435,0.0545127492935203));
#6046=CARTESIAN_POINT('',(0.0194363636363637,-0.0106258402443216,0.056869512197866));
#6047=CARTESIAN_POINT('',(0.02,-0.0104663029937584,0.0599136642826459));
#6048=CARTESIAN_POINT('',(0.0194363636363637,-0.0103067657431953,0.0629578163674257));
#6049=CARTESIAN_POINT('',(0.019,-0.0101832530330819,0.0653145792717714));
#6050=CARTESIAN_POINT('',(0.0214,-0.0101832530330819,0.0653145792717714));
#6051=CARTESIAN_POINT('',(0.0214,-0.0135844331482698,0.000416196594286662));
#6052=CARTESIAN_POINT('',(0.0214,-0.00980686994509735,0.0724963964205535));
#6053=CARTESIAN_POINT('',(0.0055,-0.00980686994509735,0.0724963964205535));
#6054=CARTESIAN_POINT('',(0.0235,-0.00980686994509735,0.0724963964205535));
#6055=CARTESIAN_POINT('',(0.0235,-0.00986443949696459,0.0713979039323235));
#6056=CARTESIAN_POINT('',(0.0235,-0.00989060747508606,0.0708985891649462));
#6057=CARTESIAN_POINT('',(0.0395,-0.00989060747508606,0.0708985891649462));
#6058=CARTESIAN_POINT('',(0.023,-0.00989060747508606,0.0708985891649462));
#6059=CARTESIAN_POINT('',(0.023,-0.0104663029937584,0.0599136642826459));
#6060=CARTESIAN_POINT('',(0.0455,-0.0126872272077284,0.0939651962199894));
#6061=CARTESIAN_POINT('',(0.04,-0.0126872272077284,0.0939651962199894));
#6062=CARTESIAN_POINT('',(0.04,-0.0146844862772375,0.0940698681324753));
#6063=CARTESIAN_POINT('',(0.0455,-0.0146844862772375,0.0940698681324753));
#6064=CARTESIAN_POINT('',(0.051,-0.0146844862772375,0.0940698681324753));
#6065=CARTESIAN_POINT('',(0.051,-0.0126872272077284,0.0939651962199894));
#6066=CARTESIAN_POINT('',(0.063,-0.0144257099236508,0.0607929698882215));
#6067=CARTESIAN_POINT('',(0.063,-0.0164229689931599,0.0608976418007074));
#6068=CARTESIAN_POINT('',(0.063,-0.0153125177521529,0.0820863137154204));
#6069=CARTESIAN_POINT('',(0.063,-0.0178997719278676,0.0327185631427123));
#6070=CARTESIAN_POINT('',(0.063,-0.0159025128583585,0.0326138912302265));
#6071=CARTESIAN_POINT('',(0.063,-0.0146583850350996,0.0563532642828334));
#6072=CARTESIAN_POINT('',(0.063,-0.0140466215535632,0.0568339778477632));
#6073=CARTESIAN_POINT('',(0.063,-0.0131614800381385,0.0575918975723733));
#6074=CARTESIAN_POINT('',(0.063,-0.012223166344299,0.0588506480714271));
#6075=CARTESIAN_POINT('',(0.063,-0.0118628582047492,0.0599961862757196));
#6076=CARTESIAN_POINT('',(0.063,-0.0121084221125807,0.0611661716029827));
#6077=CARTESIAN_POINT('',(0.063,-0.0129090838041464,0.0625099806932717));
#6078=CARTESIAN_POINT('',(0.063,-0.0137068250485269,0.0633524067486627));
#6079=CARTESIAN_POINT('',(0.063,-0.0142632572304538,0.0638927519324019));
#6080=CARTESIAN_POINT('',(0.063,-0.0153125177521529,0.0820863137154204));
#6081=CARTESIAN_POINT('',(0.073,-0.0177342713268615,-0.00233814248618361));
#6082=CARTESIAN_POINT('',(0.073,-0.0197315303963706,-0.00223347057369772));
#6083=CARTESIAN_POINT('',(0.073,-0.018423131490297,0.0227322677951666));
#6084=CARTESIAN_POINT('',(0.073,-0.0210399293024442,-0.0271992089425621));
#6085=CARTESIAN_POINT('',(0.073,-0.0190426702329351,-0.027303880855048));
#6086=CARTESIAN_POINT('',(0.073,-0.0164258724207879,0.0226275958826808));
#6087=CARTESIAN_POINT('',(0.063,-0.0209005966795596,-0.0627552293388354));
#6088=CARTESIAN_POINT('',(0.063,-0.0195660297953645,-0.0372901762025937));
#6089=CARTESIAN_POINT('',(0.063,-0.0215632888648737,-0.0371855042901078));
#6090=CARTESIAN_POINT('',(0.063,-0.0228978557490687,-0.0626505574263495));
#6091=CARTESIAN_POINT('',(0.063,-0.0238660709395632,-0.081125203819309));
#6092=CARTESIAN_POINT('',(0.063,-0.021868811870054,-0.0812298757317949));
#6093=CARTESIAN_POINT('',(0.0455,-0.0224968433449694,-0.0932134301488498));
#6094=CARTESIAN_POINT('',(0.051,-0.0224968433449694,-0.0932134301488498));
#6095=CARTESIAN_POINT('',(0.051,-0.0244941024144785,-0.0931087582363639));
#6096=CARTESIAN_POINT('',(0.0455,-0.0244941024144785,-0.0931087582363639));
#6097=CARTESIAN_POINT('',(0.04,-0.0244941024144785,-0.0931087582363639));
#6098=CARTESIAN_POINT('',(0.04,-0.0224968433449694,-0.0932134301488498));
#6099=CARTESIAN_POINT('',(0.028,-0.0194336659445131,-0.0347645234719829));
#6100=CARTESIAN_POINT('',(0.028,-0.0217098067422557,-0.0782340917994437));
#6101=CARTESIAN_POINT('',(0.028,-0.0237090630708343,-0.0781293152150454));
#6102=CARTESIAN_POINT('',(0.028,-0.0238660709395632,-0.081125203819309));
#6103=CARTESIAN_POINT('',(0.028,-0.0238660709395632,-0.081125203819309));
#6104=CARTESIAN_POINT('',(0.028,-0.0214309250140222,-0.0346598515594971));
#6105=CARTESIAN_POINT('',(-2.12577745012284E-20,-0.0163704885440568,0.0236843832048839));
#6106=CARTESIAN_POINT('',(-2.30477252964387E-35,-0.0183677476135658,0.0237890551173698));
#6107=CARTESIAN_POINT('',(0.018,-0.0183677476135658,0.0237890551173698));
#6108=CARTESIAN_POINT('',(-0.018,-0.0183677476135658,0.0237890551173698));
#6109=CARTESIAN_POINT('',(-0.018,-0.0163704885440568,0.0236843832048839));
#6110=CARTESIAN_POINT('',(0.018,-0.0163704885440568,0.0236843832048839));
#6111=CARTESIAN_POINT('',(-0.028,-0.0194336659445131,-0.0347645234719829));
#6112=CARTESIAN_POINT('',(-0.028,-0.0214309250140222,-0.0346598515594971));
#6113=CARTESIAN_POINT('',(-0.028,-0.0210922652586872,-0.0281978384773167));
#6114=CARTESIAN_POINT('',(-0.028,-0.0188911071759953,0.0138027597698241));
#6115=CARTESIAN_POINT('',(-0.028,-0.019095006189178,-0.0283025103898026));
#6116=CARTESIAN_POINT('',(-0.028,-0.0168938481064861,0.0136980878573382));
#6117=CARTESIAN_POINT('',(-0.045,-0.0224968433449694,-0.0932134301488498));
#6118=CARTESIAN_POINT('',(-0.04,-0.0224968433449694,-0.0932134301488498));
#6119=CARTESIAN_POINT('',(-0.04,-0.0244941024144785,-0.0931087582363639));
#6120=CARTESIAN_POINT('',(-0.045,-0.0244941024144785,-0.0931087582363639));
#6121=CARTESIAN_POINT('',(-0.05,-0.0244941024144785,-0.0931087582363639));
#6122=CARTESIAN_POINT('',(-0.05,-0.0224968433449694,-0.0932134301488498));
#6123=CARTESIAN_POINT('',(-0.062,-0.0175920352763488,0.000375883035569845));
#6124=CARTESIAN_POINT('',(-0.062,-0.0238660709395632,-0.0811252038193091));
#6125=CARTESIAN_POINT('',(-0.062,-0.0238660709395632,-0.0811252038193091));
#6126=CARTESIAN_POINT('',(-0.062,-0.019589294345858,0.000480554948055732));
#6127=CARTESIAN_POINT('',(-0.062,-0.0153125177521529,0.0820863137154204));
#6128=CARTESIAN_POINT('',(-0.062,-0.0133152586826437,0.0819816418029346));
#6129=CARTESIAN_POINT('',(-0.062,-0.0198876735670604,-0.0434275049750794));
#6130=CARTESIAN_POINT('',(-0.062,-0.0198413650948802,-0.0425438866876087));
#6131=CARTESIAN_POINT('',(-0.062,-0.0192147541225673,-0.0408269025670201));
#6132=CARTESIAN_POINT('',(-0.062,-0.0196568186844783,-0.0390225314055017));
#6133=CARTESIAN_POINT('',(-0.062,-0.0196107377173692,-0.0381432541733899));
#6134=CARTESIAN_POINT('',(-0.062,-0.0216147601230775,-0.0763822796219804));
#6135=CARTESIAN_POINT('',(-0.062,-0.0215684516508973,-0.0754986613345096));
#6136=CARTESIAN_POINT('',(-0.062,-0.0209418406785845,-0.073781677213921));
#6137=CARTESIAN_POINT('',(-0.062,-0.0213839052404955,-0.0719773060524027));
#6138=CARTESIAN_POINT('',(-0.062,-0.0213378242733864,-0.0710980288202909));
#6139=CARTESIAN_POINT('',(-0.045,-0.0126872272077284,0.0939651962199894));
#6140=CARTESIAN_POINT('',(-0.05,-0.0126872272077284,0.0939651962199894));
#6141=CARTESIAN_POINT('',(-0.05,-0.0146844862772375,0.0940698681324753));
#6142=CARTESIAN_POINT('',(-0.045,-0.0146844862772375,0.0940698681324753));
#6143=CARTESIAN_POINT('',(-0.04,-0.0146844862772375,0.0940698681324753));
#6144=CARTESIAN_POINT('',(-0.04,-0.0126872272077284,0.0939651962199894));
#6145=CARTESIAN_POINT('',(1.03870830813596E-17,-0.0137536907319095,0.0736158599426126));
#6146=CARTESIAN_POINT('',(-0.0180599288206434,-0.0157509498014187,0.0737205318550985));
#6147=CARTESIAN_POINT('',(-0.0180599288206434,-0.0157509498014187,0.0737205318550985));
#6148=CARTESIAN_POINT('',(1.04083408558608E-17,-0.0157509498014187,0.0737205318550985));
#6149=CARTESIAN_POINT('',(0.0180599288206435,-0.0157509498014187,0.0737205318550985));
#6150=CARTESIAN_POINT('',(0.0180599288206435,-0.0137536907319095,0.0736158599426126));
#6151=CARTESIAN_POINT('',(-0.045,-0.0222348602652585,-0.0882144951950159));
#6152=CARTESIAN_POINT('',(-0.045,-0.0242321193347677,-0.08810982328253));
#6153=CARTESIAN_POINT('',(-0.045,-0.0241509986025911,-0.0865619475036604));
#6154=CARTESIAN_POINT('',(0.045,-0.0222348602652585,-0.0882144951950159));
#6155=CARTESIAN_POINT('',(0.045,-0.0242321193347677,-0.08810982328253));
#6156=CARTESIAN_POINT('',(0.045,-0.0241509986025911,-0.0865619475036604));
#6157=CARTESIAN_POINT('',(0.045,-0.0128148553089361,0.091529906975649));
#6158=CARTESIAN_POINT('',(0.045,-0.0148121143784453,0.0916345788881349));
#6159=CARTESIAN_POINT('',(0.045,-0.0147309936462687,0.0931824546670045));
#6160=CARTESIAN_POINT('',(-0.045,-0.0128148553089361,0.091529906975649));
#6161=CARTESIAN_POINT('',(-0.045,-0.0148121143784453,0.0916345788881349));
#6162=CARTESIAN_POINT('',(-0.045,-0.0147309936462687,0.0931824546670045));
#6163=CARTESIAN_POINT('',(0.0055,-0.0195762103567973,0.000730212331744324));
#6164=CARTESIAN_POINT('',(2.12577745012283E-20,-0.0226100079897325,-0.0571580949851993));
#6165=CARTESIAN_POINT('',(2.12577745012283E-20,-0.0219819765148172,-0.0451745405681444));
#6166=CARTESIAN_POINT('',(-0.0513767603887905,-0.0223417862139875,-0.0520401186195821));
#6167=CARTESIAN_POINT('',(-0.0513767603887905,-0.0221062744108942,-0.0475462857131865));
#6168=CARTESIAN_POINT('',(-0.0513767603887905,-0.0228782297654776,-0.0622760713508165));
#6169=CARTESIAN_POINT('',(-0.0513767603887905,-0.0226427179623844,-0.0577822384444209));
#6170=CARTESIAN_POINT('',(-0.0425,-0.0231464515412227,-0.0673940477164337));
#6171=CARTESIAN_POINT('',(-0.0425,-0.0229109397381295,-0.0629002148100381));
#6172=CARTESIAN_POINT('',(-0.0336232396112095,-0.0228782297654776,-0.0622760713508165));
#6173=CARTESIAN_POINT('',(-0.0336232396112095,-0.0226427179623844,-0.0577822384444209));
#6174=CARTESIAN_POINT('',(-0.0336232396112095,-0.0223417862139875,-0.0520401186195821));
#6175=CARTESIAN_POINT('',(-0.0336232396112095,-0.0221062744108942,-0.0475462857131865));
#6176=CARTESIAN_POINT('',(-0.0425,-0.0220735644382423,-0.0469221422539649));
#6177=CARTESIAN_POINT('',(-0.0425,-0.0218380526351491,-0.0424283093475693));
#6178=CARTESIAN_POINT('',(-0.0425,-0.0226100079897325,-0.0571580949851993));
#6179=CARTESIAN_POINT('',(-0.0425,-0.0223744961866393,-0.0526642620788037));
#6180=CARTESIAN_POINT('',(0.0336232396112095,-0.0223417862139875,-0.0520401186195821));
#6181=CARTESIAN_POINT('',(0.0336232396112095,-0.0221062744108942,-0.0475462857131865));
#6182=CARTESIAN_POINT('',(0.0336232396112095,-0.0228782297654776,-0.0622760713508165));
#6183=CARTESIAN_POINT('',(0.0336232396112095,-0.0226427179623844,-0.0577822384444209));
#6184=CARTESIAN_POINT('',(0.0425,-0.0231464515412227,-0.0673940477164337));
#6185=CARTESIAN_POINT('',(0.0425,-0.0229109397381295,-0.0629002148100381));
#6186=CARTESIAN_POINT('',(0.0513767603887905,-0.0228782297654776,-0.0622760713508165));
#6187=CARTESIAN_POINT('',(0.0513767603887905,-0.0226427179623844,-0.0577822384444209));
#6188=CARTESIAN_POINT('',(0.0513767603887905,-0.0223417862139875,-0.0520401186195821));
#6189=CARTESIAN_POINT('',(0.0513767603887905,-0.0221062744108942,-0.0475462857131865));
#6190=CARTESIAN_POINT('',(0.0425,-0.0220735644382423,-0.0469221422539649));
#6191=CARTESIAN_POINT('',(0.0425,-0.0218380526351491,-0.0424283093475693));
#6192=CARTESIAN_POINT('',(0.0425,-0.0226100079897325,-0.0571580949851993));
#6193=CARTESIAN_POINT('',(0.0425,-0.0223744961866393,-0.0526642620788037));
#6194=CARTESIAN_POINT('',(-1.04083408558608E-17,-0.0237090630708343,-0.0781293152150453));
#6195=CARTESIAN_POINT('',(0.04,-0.0238660709395632,-0.081125203819309));
#6196=CARTESIAN_POINT('',(0.051,-0.0238660709395632,-0.081125203819309));
#6197=CARTESIAN_POINT('',(0.068,-0.0215632888648737,-0.0371855042901078));
#6198=CARTESIAN_POINT('',(0.068,-0.0213016090836589,-0.0321923566163349));
#6199=CARTESIAN_POINT('',(0.068,-0.0210399293024442,-0.0271992089425621));
#6200=CARTESIAN_POINT('',(0.068,-0.018423131490297,0.0227322677951666));
#6201=CARTESIAN_POINT('',(0.068,-0.0181614517090823,0.0277254154689395));
#6202=CARTESIAN_POINT('',(0.068,-0.0178997719278676,0.0327185631427123));
#6203=CARTESIAN_POINT('',(0.051,-0.0153125177521529,0.0820863137154204));
#6204=CARTESIAN_POINT('',(0.04,-0.0153125177521529,0.0820863137154204));
#6205=CARTESIAN_POINT('',(0.0280326884476237,-0.0152661936540636,0.082970230162997));
#6206=CARTESIAN_POINT('',(0.0180599288206435,-0.0152275902389893,0.0837068272026442));
#6207=CARTESIAN_POINT('',(-0.0180599288206434,-0.0152275902389893,0.0837068272026442));
#6208=CARTESIAN_POINT('',(-0.0280326884476237,-0.0152661936540636,0.0829702301629971));
#6209=CARTESIAN_POINT('',(-0.04,-0.0153125177521529,0.0820863137154204));
#6210=CARTESIAN_POINT('',(-0.05,-0.0153125177521529,0.0820863137154204));
#6211=CARTESIAN_POINT('',(-0.05,-0.0238660709395632,-0.0811252038193091));
#6212=CARTESIAN_POINT('',(-0.04,-0.0238660709395632,-0.081125203819309));
#6213=CARTESIAN_POINT('',(0.035,-0.0195221168566065,0.00176237780280241));
#6214=CARTESIAN_POINT('',(0.035,-0.0193912769659991,0.00425895163968885));
#6215=CARTESIAN_POINT('',(0.055,-0.0195221168566065,0.00176237780280241));
#6216=CARTESIAN_POINT('',(0.055,-0.0193912769659991,0.00425895163968884));
#6217=CARTESIAN_POINT('',(-0.045,-0.0187368439292586,0.0167462778667003));
#6218=CARTESIAN_POINT('',(-0.045,-0.0183443242574365,0.0242359993773596));
#6219=CARTESIAN_POINT('',(-0.045,-0.0158588335033041,0.0716619881930434));
#6220=CARTESIAN_POINT('',(-0.045,-0.0153354739408747,0.0816482835405891));
#6221=CARTESIAN_POINT('',(-0.045,-0.0205686023977616,-0.0182057558497099));
#6222=CARTESIAN_POINT('',(-0.045,-0.0201760827259395,-0.0107160343390505));
#6223=CARTESIAN_POINT('',(0.045,-0.0187368439292586,0.0167462778667002));
#6224=CARTESIAN_POINT('',(0.045,-0.0182134843668292,0.0267325732142459));
#6225=CARTESIAN_POINT('',(0.045,-0.0205686023977616,-0.0182057558497099));
#6226=CARTESIAN_POINT('',(0.045,-0.0200452428353322,-0.00821946050216411));
#6227=CARTESIAN_POINT('',(-0.00713807933562688,-0.0170869896551465,0.0482273727858645));
#6228=CARTESIAN_POINT('',(-0.00713807933562688,-0.0163019503115024,0.0632068158071831));
#6229=CARTESIAN_POINT('',(0.0286642504983729,-0.0176019467490841,0.0384014060881272));
#6230=CARTESIAN_POINT('',(0.0286642504983729,-0.0173402669678694,0.0433945537619));
#6231=CARTESIAN_POINT('',(0.0530059310772664,-0.017580814984447,0.03880462417762));
#6232=CARTESIAN_POINT('',(0.0530059310772664,-0.0173191352032323,0.0437977718513929));
#6233=CARTESIAN_POINT('',(0.039,-0.0165104161585288,0.0592290504853489));
#6234=CARTESIAN_POINT('',(0.039,-0.0159870565960994,0.0692153458328946));
#6235=CARTESIAN_POINT('',(-0.045,-0.0171667652419703,0.0467051639093374));
#6236=CARTESIAN_POINT('',(-0.045,-0.0166434056795409,0.0566914592568831));
#6237=CARTESIAN_POINT('',(0.018,-0.0210922652586872,-0.0281978384773167));
#6238=CARTESIAN_POINT('',(0.018,-0.0216156248211166,-0.0381841338248624));
#6239=CARTESIAN_POINT('',(-1.04083408558608E-17,-0.0216156248211166,-0.0381841338248624));
#6240=CARTESIAN_POINT('',(-0.018,-0.0216156248211166,-0.0381841338248624));
#6241=CARTESIAN_POINT('',(-0.018,-0.0210922652586872,-0.0281978384773167));
#6242=CARTESIAN_POINT('',(-0.018,-0.0188911071759953,0.0138027597698241));
#6243=CARTESIAN_POINT('',(0.018,-0.0188911071759953,0.0138027597698241));
#6244=CARTESIAN_POINT('',(0.051,-0.021868811870054,-0.0812298757317949));
#6245=CARTESIAN_POINT('',(0.04,-0.021868811870054,-0.0812298757317949));
#6246=CARTESIAN_POINT('',(-0.04,-0.021868811870054,-0.0812298757317949));
#6247=CARTESIAN_POINT('',(-0.05,-0.021868811870054,-0.081229875731795));
#6248=CARTESIAN_POINT('',(-0.05,-0.0133152586826437,0.0819816418029345));
#6249=CARTESIAN_POINT('',(-0.04,-0.0133152586826437,0.0819816418029345));
#6250=CARTESIAN_POINT('',(-0.0280326884476237,-0.0132689345845545,0.0828655582505112));
#6251=CARTESIAN_POINT('',(0.04,-0.0133152586826437,0.0819816418029345));
#6252=CARTESIAN_POINT('',(0.0280326884476237,-0.0132689345845545,0.0828655582505112));
#6253=CARTESIAN_POINT('',(0.051,-0.0133152586826437,0.0819816418029345));
#6254=CARTESIAN_POINT('',(0.0395,-0.00989060747508606,0.0708985891649462));
#6255=CARTESIAN_POINT('',(0.0235,-0.0138851256141043,0.071107932989918));
#6256=CARTESIAN_POINT('',(0.023,-0.00989060747508606,0.0708985891649462));
#6257=CARTESIAN_POINT('',(0.023,-0.0104663029937584,0.0599136642826459));
#6258=CARTESIAN_POINT('',(0.023,-0.0110419985124308,0.0489287394003456));
#6259=CARTESIAN_POINT('',(0.0395,-0.0110419985124308,0.0489287394003456));
#6260=CARTESIAN_POINT('',(0.025,-0.0150365166514491,0.0491380832253173));
#6261=CARTESIAN_POINT('',(0.056,-0.0104663029937584,0.0599136642826459));
#6262=CARTESIAN_POINT('',(0.056,-0.0104663029937584,0.0599136642826459));
#6263=CARTESIAN_POINT('',(0.0055,-0.0135975171373306,0.000166539210598018));
#6264=CARTESIAN_POINT('',(0.059,-0.0104663029937584,0.0599136642826459));
#6265=CARTESIAN_POINT('',(0.059,-0.0105317229390621,0.0586653773642027));
#6266=CARTESIAN_POINT('',(0.054,-0.0110681664905523,0.0484294246329683));
#6267=CARTESIAN_POINT('',(0.054,-0.0111257360424195,0.0473309321447382));
#6268=CARTESIAN_POINT('',(0.045,-0.00986443949696459,0.0713979039323235));
#6269=CARTESIAN_POINT('',(0.045,-0.00980686994509735,0.0724963964205535));
#6270=CARTESIAN_POINT('',(0.0055,-0.00980686994509735,0.0724963964205535));
#6271=CARTESIAN_POINT('',(0.0576,-0.00980686994509735,0.0724963964205535));
#6272=CARTESIAN_POINT('',(0.0576,-0.0101130352891186,0.0666544136422393));
#6273=CARTESIAN_POINT('',(0.0576,-0.0101832530330819,0.0653145792717714));
#6274=CARTESIAN_POINT('',(0.06,-0.0101832530330819,0.0653145792717714));
#6275=CARTESIAN_POINT('',(0.0595636363636364,-0.0103067657431953,0.0629578163674257));
#6276=CARTESIAN_POINT('',(0.059,-0.0104663029937584,0.0599136642826459));
#6277=CARTESIAN_POINT('',(0.0595636363636364,-0.0106258402443216,0.056869512197866));
#6278=CARTESIAN_POINT('',(0.06,-0.010749352954435,0.0545127492935203));
#6279=CARTESIAN_POINT('',(0.0576,-0.010749352954435,0.0545127492935203));
#6280=CARTESIAN_POINT('',(0.0576,-0.0108195706983983,0.0531729149230525));
#6281=CARTESIAN_POINT('',(0.0576,-0.0111257360424195,0.0473309321447382));
#6282=CARTESIAN_POINT('',(0.0395,-0.0111257360424195,0.0473309321447382));
#6283=CARTESIAN_POINT('',(0.045,-0.0138589576359829,0.0716072477572953));
#6284=CARTESIAN_POINT('',(0.045,-0.0121822680258101,0.0740964373628326));
#6285=CARTESIAN_POINT('',(0.0235,-0.0138589576359829,0.0716072477572953));
#6286=CARTESIAN_POINT('',(0.0235,-0.0136757817891326,0.0751024511289363));
#6287=CARTESIAN_POINT('',(0.054,-0.0150626846295706,0.0486387684579401));
#6288=CARTESIAN_POINT('',(0.054,-0.0136553712647659,0.0459879531051818));
#6289=CARTESIAN_POINT('',(0.025,-0.0150626846295706,0.0486387684579401));
#6290=CARTESIAN_POINT('',(0.025,-0.0100957049339192,0.0478777739093481));
#6291=CARTESIAN_POINT('',(0.059,-0.0154594506675313,0.0601753440638606));
#6292=CARTESIAN_POINT('',(0.059,-0.0162094971180711,0.0602146523326925));
#6293=CARTESIAN_POINT('',(0.059,-0.0154594506675313,0.0601753440638606));
#6294=CARTESIAN_POINT('',(0.059,-0.015524870612835,0.0589270571454174));
#6295=CARTESIAN_POINT('',(0.059,-0.0104663029937584,0.0599136642826459));
#6296=CARTESIAN_POINT('',(0.02,-0.0154594506675313,0.0601753440638606));
#6297=CARTESIAN_POINT('',(0.02,-0.0162094971180711,0.0602146523326925));
#6298=CARTESIAN_POINT('',(0.02,-0.0154594506675313,0.0601753440638606));
#6299=CARTESIAN_POINT('',(0.02,-0.015524870612835,0.0589270571454174));
#6300=CARTESIAN_POINT('',(0.02,-0.0104663029937584,0.0599136642826459));
#6301=CARTESIAN_POINT('',(-0.045,-0.0171687625010398,0.0467052685812499));
#6302=CARTESIAN_POINT('',(0.039,-0.0165124134175983,0.0592291551572614));
#6303=CARTESIAN_POINT('',(0.0530059310772664,-0.0175828122435165,0.0388047288495325));
#6304=CARTESIAN_POINT('',(0.0286642504983729,-0.0176039440081536,0.0384015107600396));
#6305=CARTESIAN_POINT('',(-0.00713807933562688,-0.0170889869142161,0.048227477457777));
#6306=CARTESIAN_POINT('',(0.045,-0.0205705996568312,-0.0182056511777974));
#6307=CARTESIAN_POINT('',(0.045,-0.0187388411883281,0.0167463825386127));
#6308=CARTESIAN_POINT('',(-0.045,-0.0205705996568312,-0.0182056511777974));
#6309=CARTESIAN_POINT('',(-0.045,-0.0158608307623737,0.0716620928649559));
#6310=CARTESIAN_POINT('',(-0.045,-0.0187388411883281,0.0167463825386127));
#6311=CARTESIAN_POINT('',(-0.0378320676083923,-0.0166240806347168,0.0188455578600737));
#6312=CARTESIAN_POINT('',(-0.0377658193076005,-0.016566471313382,0.0186270787454117));
#6313=CARTESIAN_POINT('',(-0.0377056874294938,-0.0165786210484743,0.0183944891342752));
#6314=CARTESIAN_POINT('',(-0.0376594806579741,-0.0166590695027861,0.0181779304858927));
#6315=CARTESIAN_POINT('',(0.055,-0.019524114115676,0.00176248247471489));
#6316=CARTESIAN_POINT('',(0.035,-0.019524114115676,0.0017624824747149));
#6317=CARTESIAN_POINT('',(0.0055,-0.0136757817891326,0.0751024511289363));
#6318=CARTESIAN_POINT('',(0.0346095830046571,0.0114875934471877,0.0581526897601121));
#6319=CARTESIAN_POINT('',(0.0202466216028363,-0.0116661696706978,0.073748799421585));
#6320=CARTESIAN_POINT('',(0.0180599288206435,-0.0273965047715168,0.0843445729895791));
#6321=CARTESIAN_POINT('',(0.019,-0.0175789512872882,0.000625540419258437));
#6322=CARTESIAN_POINT('',(0.019,-0.0141777711721002,0.0655239230967432));
#6323=CARTESIAN_POINT('',(0.0180599288206435,-0.0147949692436085,0.0836841544970051));
#6324=CARTESIAN_POINT('',(0.019,-0.0091846234983273,0.0652622433155285));
#6325=CARTESIAN_POINT('',(0.019,-0.0141777711721002,0.0655239230967432));
#6326=CARTESIAN_POINT('',(0.02,-0.00946767345900386,0.0598613283264029));
#6327=CARTESIAN_POINT('',(0.019,-0.0147438710934533,0.0547220931184921));
#6328=CARTESIAN_POINT('',(0.019,-0.00975072341968042,0.0544604133372774));
#6329=CARTESIAN_POINT('',(0.019,-0.0147438710934533,0.0547220931184921));
#6330=CARTESIAN_POINT('',(0.019,-0.0175789512872882,0.000625540419258437));
#6331=CARTESIAN_POINT('',(0.0256627906976744,-0.003807724329702,0.0512160521235358));
#6332=CARTESIAN_POINT('',(0.0395,-0.0100957049339192,0.0478777739093481));
#6333=CARTESIAN_POINT('',(0.0395,-0.0100957049339192,0.0478777739093481));
#6334=CARTESIAN_POINT('',(0.0559011627906977,-0.00820931075265403,0.0488792573736044));
#6335=CARTESIAN_POINT('',(0.057,-0.00982094116364373,0.0531205789668096));
#6336=CARTESIAN_POINT('',(0.06,-0.0147438710934533,0.0547220931184921));
#6337=CARTESIAN_POINT('',(0.06,-0.00975072341968042,0.0544604133372774));
#6338=CARTESIAN_POINT('',(0.06,-0.0147438710934533,0.0547220931184921));
#6339=CARTESIAN_POINT('',(0.059,-0.00946767345900386,0.0598613283264029));
#6340=CARTESIAN_POINT('',(0.06,-0.0141777711721002,0.0655239230967432));
#6341=CARTESIAN_POINT('',(0.06,-0.0091846234983273,0.0652622433155285));
#6342=CARTESIAN_POINT('',(0.06,-0.0141777711721002,0.0655239230967432));
#6343=CARTESIAN_POINT('',(0.057,-0.00911440575436399,0.0666020776859963));
#6344=CARTESIAN_POINT('',(0.048593023255814,0.00471279630679066,0.0627161155236868));
#6345=CARTESIAN_POINT('',(0.0055,-0.0136757817891326,0.0751024511289363));
#6346=CARTESIAN_POINT('',(-0.0180599288206434,-0.0132303311694801,0.0836021552901583));
#6347=CARTESIAN_POINT('',(0.0180599288206435,-0.0132303311694801,0.0836021552901583));
#6348=CARTESIAN_POINT('',(-0.018,-0.0168938481064861,0.0136980878573382));
#6349=CARTESIAN_POINT('',(0.018,-0.0168938481064861,0.0136980878573382));
#6350=CARTESIAN_POINT('',(0.0655985386281845,-0.0149434801814309,-0.0255159656105106));
#6351=CARTESIAN_POINT('',(0.0655985386281845,-0.0149434801814309,-0.0255159656105106));
#6352=CARTESIAN_POINT('',(0.0655985386281845,-0.0148780602361272,-0.0242676786920674));
#6353=CARTESIAN_POINT('',(0.0655985386281845,-0.0189379983204492,-0.0253066217855388));
#6354=CARTESIAN_POINT('',(0.0655985386281845,-0.0188725783751455,-0.0240583348670956));
#6355=CARTESIAN_POINT('',(0.0055,-0.0135975171373306,0.000166539210598018));
#6356=CARTESIAN_POINT('',(0.0655985386281845,-0.0149434801814309,-0.0255159656105106));
#6357=CARTESIAN_POINT('',(0.0655985386281845,-0.0147917059083263,-0.0226199399597223));
#6358=CARTESIAN_POINT('',(0.0055,-0.0175789512872882,0.000625540419258437));
#6359=CARTESIAN_POINT('',(0.0655985386281846,-0.0125883621504984,0.0194223634534453));
#6360=CARTESIAN_POINT('',(0.0655985386281846,-0.0125883621504984,0.0194223634534453));
#6361=CARTESIAN_POINT('',(0.0655985386281846,-0.0125229422051947,0.0206706503718885));
#6362=CARTESIAN_POINT('',(0.0655985386281846,-0.0165828802895167,0.019631707278417));
#6363=CARTESIAN_POINT('',(0.0655985386281846,-0.016517460344213,0.0208799941968603));
#6364=CARTESIAN_POINT('',(0.0055,-0.0135975171373306,0.000166539210598018));
#6365=CARTESIAN_POINT('',(0.0655985386281846,-0.0125883621504984,0.0194223634534453));
#6366=CARTESIAN_POINT('',(0.0655985386281846,-0.0124365878773939,0.0223183891042335));
#6367=CARTESIAN_POINT('',(0.0055,-0.0175789512872882,0.000625540419258437));
#6368=CARTESIAN_POINT('',(-0.0334014613718154,-0.0125883621504984,0.0194223634534453));
#6369=CARTESIAN_POINT('',(-0.0334014613718154,-0.0125883621504984,0.0194223634534453));
#6370=CARTESIAN_POINT('',(-0.0334014613718154,-0.0125229422051947,0.0206706503718885));
#6371=CARTESIAN_POINT('',(-0.0334014613718154,-0.0165828802895167,0.019631707278417));
#6372=CARTESIAN_POINT('',(-0.0334014613718154,-0.016517460344213,0.0208799941968603));
#6373=CARTESIAN_POINT('',(0.0055,-0.0135975171373306,0.000166539210598018));
#6374=CARTESIAN_POINT('',(-0.0334014613718154,-0.0125883621504984,0.0194223634534453));
#6375=CARTESIAN_POINT('',(-0.0334014613718154,-0.0124365878773939,0.0223183891042335));
#6376=CARTESIAN_POINT('',(0.0055,-0.0175789512872882,0.000625540419258437));
#6377=CARTESIAN_POINT('',(-0.0334014613718154,-0.0149434801814309,-0.0255159656105105));
#6378=CARTESIAN_POINT('',(-0.0334014613718154,-0.0149434801814309,-0.0255159656105105));
#6379=CARTESIAN_POINT('',(-0.0334014613718154,-0.0148780602361272,-0.0242676786920673));
#6380=CARTESIAN_POINT('',(-0.0334014613718154,-0.0189379983204492,-0.0253066217855388));
#6381=CARTESIAN_POINT('',(-0.0334014613718154,-0.0188725783751455,-0.0240583348670956));
#6382=CARTESIAN_POINT('',(0.0055,-0.0135975171373306,0.000166539210598018));
#6383=CARTESIAN_POINT('',(-0.0334014613718154,-0.0149434801814309,-0.0255159656105105));
#6384=CARTESIAN_POINT('',(-0.0334014613718154,-0.0147917059083263,-0.0226199399597223));
#6385=CARTESIAN_POINT('',(0.0055,-0.0175789512872882,0.000625540419258437));
#6386=CARTESIAN_POINT('',(-0.0334014613718154,-0.0139448506466763,-0.0255683015667535));
#6387=CARTESIAN_POINT('',(-0.0334014613718154,-0.0115897326157438,0.0193700274972023));
#6388=CARTESIAN_POINT('',(0.0655985386281846,-0.0115897326157438,0.0193700274972023));
#6389=CARTESIAN_POINT('',(0.0655985386281845,-0.0139448506466763,-0.0255683015667535));
#6390=CARTESIAN_POINT('',(0.068,-0.0190426702329351,-0.0273038808550479));
#6391=CARTESIAN_POINT('',(0.068,-0.0213016090836589,-0.0321923566163349));
#6392=CARTESIAN_POINT('',(0.068,-0.0195660297953645,-0.0372901762025937));
#6393=CARTESIAN_POINT('',(0.068,-0.0159025128583585,0.0326138912302265));
#6394=CARTESIAN_POINT('',(0.068,-0.0181614517090823,0.0277254154689395));
#6395=CARTESIAN_POINT('',(0.068,-0.0164258724207879,0.0226275958826808));
#6396=CARTESIAN_POINT('',(-1.04296198881366E-17,-0.019616368492538,-0.0382889104092608));
#6397=CARTESIAN_POINT('',(-0.018,-0.0216156248211166,-0.0381841338248624));
#6398=CARTESIAN_POINT('',(0.018,-0.0196183657516074,-0.0382888057373482));
#6399=CARTESIAN_POINT('',(-1.04296198881366E-17,-0.0217098067422557,-0.0782340917994437));
#6400=CARTESIAN_POINT('',(0.0425,-0.00976291029466906,-0.0413087391366641));
#6401=CARTESIAN_POINT('',(0.0425,-0.0177519465727057,-0.0408900514867206));
#6402=CARTESIAN_POINT('',(0.026,-0.0177519465727057,-0.0408900514867206));
#6403=CARTESIAN_POINT('',(0.059,-0.0177519465727057,-0.0408900514867206));
#6404=CARTESIAN_POINT('',(0.026,-0.00976291029466906,-0.0413087391366641));
#6405=CARTESIAN_POINT('',(0.026,-0.00976291029466906,-0.0413087391366641));
#6406=CARTESIAN_POINT('',(0.0425,-0.00976291029466906,-0.0413087391366641));
#6407=CARTESIAN_POINT('',(0.059,-0.00976291029466906,-0.0413087391366641));
#6408=CARTESIAN_POINT('',(0.059,-0.00976291029466906,-0.0413087391366641));
#6409=CARTESIAN_POINT('',(0.026,-0.0106264535726776,-0.0577861264601146));
#6410=CARTESIAN_POINT('',(0.026,-0.0186154898507143,-0.0573674388101711));
#6411=CARTESIAN_POINT('',(0.026,-0.0194790331287228,-0.0738448261336215));
#6412=CARTESIAN_POINT('',(0.026,-0.0114899968506862,-0.0742635137835651));
#6413=CARTESIAN_POINT('',(0.026,-0.0114899968506862,-0.0742635137835651));
#6414=CARTESIAN_POINT('',(0.026,-0.0106264535726776,-0.0577861264601146));
#6415=CARTESIAN_POINT('',(0.0425,-0.0114899968506862,-0.0742635137835651));
#6416=CARTESIAN_POINT('',(0.0425,-0.0194790331287228,-0.0738448261336215));
#6417=CARTESIAN_POINT('',(0.059,-0.0194790331287228,-0.0738448261336215));
#6418=CARTESIAN_POINT('',(0.059,-0.0114899968506862,-0.0742635137835651));
#6419=CARTESIAN_POINT('',(0.059,-0.0114899968506862,-0.0742635137835651));
#6420=CARTESIAN_POINT('',(0.0425,-0.0114899968506862,-0.0742635137835651));
#6421=CARTESIAN_POINT('',(0.0475,-0.00952739849157582,-0.0368149062302685));
#6422=CARTESIAN_POINT('',(0.0475,-0.00952739849157582,-0.0368149062302685));
#6423=CARTESIAN_POINT('',(0.0475,-0.00955356646969729,-0.0373142209976458));
#6424=CARTESIAN_POINT('',(0.0475,-0.00950123051345435,-0.0363155914628912));
#6425=CARTESIAN_POINT('',(0.0475,-0.00950123051345435,-0.0363155914628912));
#6426=CARTESIAN_POINT('',(0.0475,-0.017490266791491,-0.0358969038129477));
#6427=CARTESIAN_POINT('',(0.0475,-0.0176472746602198,-0.0388927924172114));
#6428=CARTESIAN_POINT('',(0.0475,-0.0175426027477338,-0.0368955333477023));
#6429=CARTESIAN_POINT('',(0.0475,-0.00955356646969729,-0.0373142209976458));
#6430=CARTESIAN_POINT('',(0.05425,-0.00965823838218318,-0.039311480067155));
#6431=CARTESIAN_POINT('',(0.061,-0.0176472746602198,-0.0388927924172114));
#6432=CARTESIAN_POINT('',(0.0495,-0.0176472746602198,-0.0388927924172114));
#6433=CARTESIAN_POINT('',(0.059,-0.0176472746602198,-0.0388927924172114));
#6434=CARTESIAN_POINT('',(0.059,-0.00965823838218318,-0.039311480067155));
#6435=CARTESIAN_POINT('',(0.059,-0.00965823838218318,-0.039311480067155));
#6436=CARTESIAN_POINT('',(0.05425,-0.00965823838218318,-0.039311480067155));
#6437=CARTESIAN_POINT('',(0.0495,-0.00965823838218318,-0.039311480067155));
#6438=CARTESIAN_POINT('',(0.0495,-0.0196445337297289,-0.0387881205047256));
#6439=CARTESIAN_POINT('',(0.061,-0.0106264535726776,-0.0577861264601146));
#6440=CARTESIAN_POINT('',(0.061,-0.021294995127681,-0.0702808000368681));
#6441=CARTESIAN_POINT('',(0.061,-0.0213312800299332,-0.0709731572164431));
#6442=CARTESIAN_POINT('',(0.061,-0.0208660810134864,-0.0723057932535426));
#6443=CARTESIAN_POINT('',(0.061,-0.0199357100383854,-0.073337633768137));
#6444=CARTESIAN_POINT('',(0.061,-0.0194790331287228,-0.0738448261336215));
#6445=CARTESIAN_POINT('',(0.061,-0.0194790331287228,-0.0738448261336215));
#6446=CARTESIAN_POINT('',(0.061,-0.0114899968506862,-0.0742635137835651));
#6447=CARTESIAN_POINT('',(0.061,-0.0114899968506862,-0.0742635137835651));
#6448=CARTESIAN_POINT('',(0.061,-0.0106264535726776,-0.0577861264601146));
#6449=CARTESIAN_POINT('',(0.061,-0.00976291029466906,-0.0413087391366641));
#6450=CARTESIAN_POINT('',(0.061,-0.0197492056422148,-0.0407853795742347));
#6451=CARTESIAN_POINT('',(0.061,-0.0177519465727057,-0.0408900514867206));
#6452=CARTESIAN_POINT('',(0.061,-0.0199305027127657,-0.0442447337585023));
#6453=CARTESIAN_POINT('',(0.061,-0.0198942178105136,-0.0435523765789273));
#6454=CARTESIAN_POINT('',(0.061,-0.019292268805905,-0.0422756673997726));
#6455=CARTESIAN_POINT('',(0.061,-0.0182591377970101,-0.0413467296637921));
#6456=CARTESIAN_POINT('',(0.061,-0.0177519465727057,-0.0408900514867206));
#6457=CARTESIAN_POINT('',(0.05425,-0.0115946687631721,-0.0762607728530742));
#6458=CARTESIAN_POINT('',(0.05425,-0.0115946687631721,-0.0762607728530742));
#6459=CARTESIAN_POINT('',(0.059,-0.0115946687631721,-0.0762607728530742));
#6460=CARTESIAN_POINT('',(0.0495,-0.0115946687631721,-0.0762607728530742));
#6461=CARTESIAN_POINT('',(0.059,-0.0115946687631721,-0.0762607728530742));
#6462=CARTESIAN_POINT('',(0.059,-0.0195837050412087,-0.0758420852031307));
#6463=CARTESIAN_POINT('',(0.05425,-0.0195837050412087,-0.0758420852031307));
#6464=CARTESIAN_POINT('',(0.0495,-0.0195837050412087,-0.0758420852031307));
#6465=CARTESIAN_POINT('',(0.0495,-0.0115946687631721,-0.0762607728530742));
#6466=CARTESIAN_POINT('',(0.0475,-0.0117255086537794,-0.0787573466899607));
#6467=CARTESIAN_POINT('',(0.0475,-0.020629711140894,-0.0777900110383255));
#6468=CARTESIAN_POINT('',(0.0475,-0.0203554706123148,-0.078154934539159));
#6469=CARTESIAN_POINT('',(0.0475,-0.0200467482686464,-0.0784980862536776));
#6470=CARTESIAN_POINT('',(0.0475,-0.0197407129099375,-0.0788379738073944));
#6471=CARTESIAN_POINT('',(0.0475,-0.020629711140894,-0.0777900110383255));
#6472=CARTESIAN_POINT('',(0.0475,-0.0197407129099375,-0.0788379738073944));
#6473=CARTESIAN_POINT('',(0.0475,-0.0117516766319009,-0.079256661457338));
#6474=CARTESIAN_POINT('',(0.0475,-0.0117516766319009,-0.079256661457338));
#6475=CARTESIAN_POINT('',(0.0475,-0.0117255086537794,-0.0787573466899607));
#6476=CARTESIAN_POINT('',(0.0475,-0.011699340675658,-0.0782580319225834));
#6477=CARTESIAN_POINT('',(0.0475,-0.0216856360232038,-0.0777346723601539));
#6478=CARTESIAN_POINT('',(0.0425,-0.0118563485443868,-0.0812539205268471));
#6479=CARTESIAN_POINT('',(0.0375,-0.0198453848224234,-0.0808352328769036));
#6480=CARTESIAN_POINT('',(0.0455,-0.0198453848224234,-0.0808352328769036));
#6481=CARTESIAN_POINT('',(0.0395,-0.0198453848224234,-0.0808352328769036));
#6482=CARTESIAN_POINT('',(0.0395,-0.0118563485443868,-0.0812539205268471));
#6483=CARTESIAN_POINT('',(0.0395,-0.0118563485443868,-0.0812539205268471));
#6484=CARTESIAN_POINT('',(0.0425,-0.0118563485443868,-0.0812539205268471));
#6485=CARTESIAN_POINT('',(0.0455,-0.0118563485443868,-0.0812539205268471));
#6486=CARTESIAN_POINT('',(0.0455,-0.0218426438919325,-0.0807305609644177));
#6487=CARTESIAN_POINT('',(0.0375,-0.0117255086537795,-0.0787573466899607));
#6488=CARTESIAN_POINT('',(0.0375,-0.0195837050412087,-0.0758420852031307));
#6489=CARTESIAN_POINT('',(0.0375,-0.0197407129099375,-0.0788379738073944));
#6490=CARTESIAN_POINT('',(0.0375,-0.0196883769536946,-0.0778393442726398));
#6491=CARTESIAN_POINT('',(0.0375,-0.011699340675658,-0.0782580319225834));
#6492=CARTESIAN_POINT('',(0.0375,-0.011699340675658,-0.0782580319225834));
#6493=CARTESIAN_POINT('',(0.0375,-0.0117255086537795,-0.0787573466899607));
#6494=CARTESIAN_POINT('',(0.0375,-0.0117516766319009,-0.079256661457338));
#6495=CARTESIAN_POINT('',(0.0375,-0.0117516766319009,-0.079256661457338));
#6496=CARTESIAN_POINT('',(0.03075,-0.0115946687631721,-0.0762607728530742));
#6497=CARTESIAN_POINT('',(0.03075,-0.0195837050412087,-0.0758420852031307));
#6498=CARTESIAN_POINT('',(0.0355,-0.0195837050412087,-0.0758420852031307));
#6499=CARTESIAN_POINT('',(0.026,-0.0195837050412087,-0.0758420852031307));
#6500=CARTESIAN_POINT('',(0.026,-0.0115946687631721,-0.0762607728530742));
#6501=CARTESIAN_POINT('',(0.026,-0.0115946687631721,-0.0762607728530742));
#6502=CARTESIAN_POINT('',(0.03075,-0.0115946687631721,-0.0762607728530742));
#6503=CARTESIAN_POINT('',(0.0355,-0.0115946687631721,-0.0762607728530742));
#6504=CARTESIAN_POINT('',(0.0355,-0.0115946687631721,-0.0762607728530742));
#6505=CARTESIAN_POINT('',(0.024,-0.0106264535726776,-0.0577861264601146));
#6506=CARTESIAN_POINT('',(0.024,-0.0106264535726776,-0.0577861264601146));
#6507=CARTESIAN_POINT('',(0.024,-0.00976291029466906,-0.0413087391366641));
#6508=CARTESIAN_POINT('',(0.024,-0.0114899968506862,-0.0742635137835651));
#6509=CARTESIAN_POINT('',(0.024,-0.0214762921982319,-0.0737401542211356));
#6510=CARTESIAN_POINT('',(0.024,-0.0194790331287228,-0.0738448261336215));
#6511=CARTESIAN_POINT('',(0.024,-0.0176472746602198,-0.0388927924172114));
#6512=CARTESIAN_POINT('',(0.024,-0.0177519465727057,-0.0408900514867206));
#6513=CARTESIAN_POINT('',(0.024,-0.00976291029466906,-0.0413087391366641));
#6514=CARTESIAN_POINT('',(0.03075,-0.00965823838218318,-0.039311480067155));
#6515=CARTESIAN_POINT('',(0.03075,-0.00965823838218318,-0.039311480067155));
#6516=CARTESIAN_POINT('',(0.0355,-0.00965823838218318,-0.039311480067155));
#6517=CARTESIAN_POINT('',(0.026,-0.00965823838218318,-0.039311480067155));
#6518=CARTESIAN_POINT('',(0.026,-0.00965823838218318,-0.039311480067155));
#6519=CARTESIAN_POINT('',(0.026,-0.0176472746602198,-0.0388927924172114));
#6520=CARTESIAN_POINT('',(0.0375,-0.0176472746602198,-0.0388927924172114));
#6521=CARTESIAN_POINT('',(0.0355,-0.0176472746602198,-0.0388927924172114));
#6522=CARTESIAN_POINT('',(0.0355,-0.00965823838218318,-0.039311480067155));
#6523=CARTESIAN_POINT('',(0.0375,-0.00952739849157582,-0.0368149062302685));
#6524=CARTESIAN_POINT('',(0.0375,-0.0175164347696124,-0.036396218580325));
#6525=CARTESIAN_POINT('',(0.0375,-0.0175426027477339,-0.0368955333477023));
#6526=CARTESIAN_POINT('',(0.0375,-0.017490266791491,-0.0358969038129477));
#6527=CARTESIAN_POINT('',(0.0375,-0.00950123051345435,-0.0363155914628912));
#6528=CARTESIAN_POINT('',(0.0375,-0.00950123051345435,-0.0363155914628912));
#6529=CARTESIAN_POINT('',(0.0375,-0.00952739849157582,-0.0368149062302685));
#6530=CARTESIAN_POINT('',(0.0375,-0.00955356646969729,-0.0373142209976458));
#6531=CARTESIAN_POINT('',(0.0375,-0.00955356646969729,-0.0373142209976458));
#6532=CARTESIAN_POINT('',(0.0425,-0.00939655860096846,-0.0343183323933821));
#6533=CARTESIAN_POINT('',(0.0425,-0.00939655860096846,-0.0343183323933821));
#6534=CARTESIAN_POINT('',(0.0455,-0.00939655860096846,-0.0343183323933821));
#6535=CARTESIAN_POINT('',(0.0395,-0.00939655860096846,-0.0343183323933821));
#6536=CARTESIAN_POINT('',(0.0395,-0.0193828539485142,-0.0337949728309527));
#6537=CARTESIAN_POINT('',(0.0395,-0.0173855948790051,-0.0338996447434386));
#6538=CARTESIAN_POINT('',(0.0475,-0.0173855948790051,-0.0338996447434386));
#6539=CARTESIAN_POINT('',(0.0455,-0.0173855948790051,-0.0338996447434386));
#6540=CARTESIAN_POINT('',(0.0455,-0.00939655860096846,-0.0343183323933821));
#6541=CARTESIAN_POINT('',(0.059,-0.0106264535726776,-0.0577861264601146));
#6542=CARTESIAN_POINT('',(0.059,-0.0186154898507143,-0.0573674388101711));
#6543=CARTESIAN_POINT('',(0.059,-0.0106264535726776,-0.0577861264601146));
#6544=CARTESIAN_POINT('',(0.0055,-0.00760573992880314,-0.000147476526859645));
#6545=CARTESIAN_POINT('',(0.0425,-0.00957973444781876,-0.0378135357650231));
#6546=CARTESIAN_POINT('',(0.0425,-0.00964515439312244,-0.0390618226834664));
#6547=CARTESIAN_POINT('',(0.0425,-0.0116731726975365,-0.0777587171552061));
#6548=CARTESIAN_POINT('',(0.0425,-0.0117385926428402,-0.0790070040736493));
#6549=CARTESIAN_POINT('',(0.059,-0.00976291029466906,-0.0413087391366641));
#6550=CARTESIAN_POINT('',(0.059,-0.0114899968506862,-0.0742635137835651));
#6551=CARTESIAN_POINT('',(0.0495,-0.011699340675658,-0.0782580319225834));
#6552=CARTESIAN_POINT('',(0.0455,-0.0117516766319009,-0.079256661457338));
#6553=CARTESIAN_POINT('',(0.0395,-0.0117516766319009,-0.079256661457338));
#6554=CARTESIAN_POINT('',(0.0355,-0.011699340675658,-0.0782580319225834));
#6555=CARTESIAN_POINT('',(0.026,-0.0114899968506862,-0.0742635137835651));
#6556=CARTESIAN_POINT('',(0.026,-0.00976291029466906,-0.0413087391366641));
#6557=CARTESIAN_POINT('',(0.0355,-0.00955356646969729,-0.0373142209976458));
#6558=CARTESIAN_POINT('',(0.0395,-0.00950123051345434,-0.0363155914628912));
#6559=CARTESIAN_POINT('',(0.0455,-0.00950123051345434,-0.0363155914628912));
#6560=CARTESIAN_POINT('',(0.0495,-0.00955356646969729,-0.0373142209976458));
#6561=CARTESIAN_POINT('',(-0.018,-0.0190930089301085,-0.028302615061715));
#6562=CARTESIAN_POINT('',(0.018,-0.019095006189178,-0.0283025103898026));
#6563=CARTESIAN_POINT('',(0.0425,-0.0186154898507143,-0.0573674388101711));
#6564=CARTESIAN_POINT('',(0.0425,-0.0186154898507143,-0.0573674388101711));
#6565=CARTESIAN_POINT('',(0.0425,-0.0178435344961308,-0.0426376531725411));
#6566=CARTESIAN_POINT('',(0.0425,-0.0206127489202233,-0.0572627668976852));
#6567=CARTESIAN_POINT('',(0.0425,-0.01984079356564,-0.0425329812600552));
#6568=CARTESIAN_POINT('',(0.0297261252941795,-0.0202267712429317,-0.0498978740788702));
#6569=CARTESIAN_POINT('',(0.0425,-0.0206127489202233,-0.0572627668976852));
#6570=CARTESIAN_POINT('',(0.0297261252941795,-0.0209987265975151,-0.0646276597165002));
#6571=CARTESIAN_POINT('',(0.0425,-0.0206127489202233,-0.0572627668976852));
#6572=CARTESIAN_POINT('',(0.0425,-0.0213847042748068,-0.0719925525353151));
#6573=CARTESIAN_POINT('',(0.0425,-0.0206127489202233,-0.0572627668976852));
#6574=CARTESIAN_POINT('',(0.0552738747058205,-0.0209987265975151,-0.0646276597165001));
#6575=CARTESIAN_POINT('',(0.0425,-0.0206127489202233,-0.0572627668976852));
#6576=CARTESIAN_POINT('',(0.0552738747058205,-0.0202267712429317,-0.0498978740788702));
#6577=CARTESIAN_POINT('',(0.0425,-0.0206127489202233,-0.0572627668976852));
#6578=CARTESIAN_POINT('',(0.0055,-0.0155947762068397,0.000271211123083905));
#6579=CARTESIAN_POINT('',(0.0055,-0.0175789512872882,0.000625540419258437));
#6580=CARTESIAN_POINT('',(0.0425,-0.0206127489202233,-0.0572627668976852));
#6581=CARTESIAN_POINT('',(0.0425,-0.0203772371171301,-0.0527689339912896));
#6582=CARTESIAN_POINT('',(0.0336232396112095,-0.0203445271444783,-0.052144790532068));
#6583=CARTESIAN_POINT('',(0.0425,-0.0200763053687332,-0.0470268141664508));
#6584=CARTESIAN_POINT('',(0.0513767603887905,-0.0203445271444783,-0.052144790532068));
#6585=CARTESIAN_POINT('',(0.0513767603887905,-0.0208809706959685,-0.0623807432633024));
#6586=CARTESIAN_POINT('',(0.0425,-0.0211491924717136,-0.0674987196289196));
#6587=CARTESIAN_POINT('',(0.0336232396112095,-0.0208809706959685,-0.0623807432633024));
#6588=CARTESIAN_POINT('',(0.0425,-0.022612005248802,-0.0571579903132868));
#6589=CARTESIAN_POINT('',(0.0425,-0.0220755616973119,-0.0469220375820524));
#6590=CARTESIAN_POINT('',(0.0513767603887905,-0.022343783473057,-0.0520400139476696));
#6591=CARTESIAN_POINT('',(0.0513767603887905,-0.0228802270245471,-0.062275966678904));
#6592=CARTESIAN_POINT('',(0.0425,-0.0231484488002922,-0.0673939430445212));
#6593=CARTESIAN_POINT('',(0.0336232396112095,-0.0228802270245471,-0.062275966678904));
#6594=CARTESIAN_POINT('',(0.0336232396112095,-0.022343783473057,-0.0520400139476696));
#6595=CARTESIAN_POINT('',(0.0425,-0.0196622089755731,-0.0773400295052625));
#6596=CARTESIAN_POINT('',(0.0425,-0.0204122554261129,-0.0773007212364306));
#6597=CARTESIAN_POINT('',(0.0425,-0.0196622089755731,-0.0773400295052625));
#6598=CARTESIAN_POINT('',(0.0425,-0.0197276289208768,-0.0785883164237057));
#6599=CARTESIAN_POINT('',(0.0425,-0.0116731726975365,-0.0777587171552061));
#6600=CARTESIAN_POINT('',(0.0425,-0.0175687707258554,-0.0373948481150796));
#6601=CARTESIAN_POINT('',(0.0425,-0.0183188171763951,-0.0373555398462476));
#6602=CARTESIAN_POINT('',(0.0425,-0.0175687707258554,-0.0373948481150796));
#6603=CARTESIAN_POINT('',(0.0425,-0.017634190671159,-0.0386431350335228));
#6604=CARTESIAN_POINT('',(0.0425,-0.00957973444781876,-0.0378135357650231));
#6605=CARTESIAN_POINT('',(-0.0425,-0.00976291029466906,-0.0413087391366641));
#6606=CARTESIAN_POINT('',(-0.026,-0.00976291029466906,-0.0413087391366641));
#6607=CARTESIAN_POINT('',(-0.026,-0.00976291029466906,-0.0413087391366641));
#6608=CARTESIAN_POINT('',(-0.026,-0.0177519465727057,-0.0408900514867206));
#6609=CARTESIAN_POINT('',(-0.0425,-0.0177519465727057,-0.0408900514867206));
#6610=CARTESIAN_POINT('',(-0.059,-0.0177519465727057,-0.0408900514867206));
#6611=CARTESIAN_POINT('',(-0.059,-0.00976291029466906,-0.0413087391366641));
#6612=CARTESIAN_POINT('',(-0.059,-0.00976291029466906,-0.0413087391366641));
#6613=CARTESIAN_POINT('',(-0.0425,-0.00976291029466906,-0.0413087391366641));
#6614=CARTESIAN_POINT('',(-0.059,-0.0106264535726776,-0.0577861264601146));
#6615=CARTESIAN_POINT('',(-0.059,-0.0186154898507143,-0.0573674388101711));
#6616=CARTESIAN_POINT('',(-0.059,-0.0194790331287228,-0.0738448261336215));
#6617=CARTESIAN_POINT('',(-0.059,-0.0114899968506862,-0.0742635137835651));
#6618=CARTESIAN_POINT('',(-0.059,-0.0114899968506862,-0.0742635137835651));
#6619=CARTESIAN_POINT('',(-0.059,-0.0106264535726776,-0.0577861264601146));
#6620=CARTESIAN_POINT('',(-0.0425,-0.0114899968506862,-0.0742635137835651));
#6621=CARTESIAN_POINT('',(-0.0425,-0.0194790331287228,-0.0738448261336215));
#6622=CARTESIAN_POINT('',(-0.026,-0.0194790331287228,-0.0738448261336215));
#6623=CARTESIAN_POINT('',(-0.026,-0.0114899968506862,-0.0742635137835651));
#6624=CARTESIAN_POINT('',(-0.026,-0.0114899968506862,-0.0742635137835651));
#6625=CARTESIAN_POINT('',(-0.0425,-0.0114899968506862,-0.0742635137835651));
#6626=CARTESIAN_POINT('',(-0.0475,-0.00952739849157582,-0.0368149062302685));
#6627=CARTESIAN_POINT('',(-0.0475,-0.00952739849157582,-0.0368149062302685));
#6628=CARTESIAN_POINT('',(-0.0475,-0.00955356646969729,-0.0373142209976458));
#6629=CARTESIAN_POINT('',(-0.0475,-0.00950123051345435,-0.0363155914628912));
#6630=CARTESIAN_POINT('',(-0.0475,-0.019539861817243,-0.0367908614352164));
#6631=CARTESIAN_POINT('',(-0.0475,-0.0175426027477339,-0.0368955333477023));
#6632=CARTESIAN_POINT('',(-0.0475,-0.0175164347696124,-0.036396218580325));
#6633=CARTESIAN_POINT('',(-0.0475,-0.017490266791491,-0.0358969038129477));
#6634=CARTESIAN_POINT('',(-0.0475,-0.00950123051345435,-0.0363155914628912));
#6635=CARTESIAN_POINT('',(-0.0425,-0.00939655860096846,-0.0343183323933821));
#6636=CARTESIAN_POINT('',(-0.0425,-0.00939655860096846,-0.0343183323933821));
#6637=CARTESIAN_POINT('',(-0.0455,-0.00939655860096846,-0.0343183323933821));
#6638=CARTESIAN_POINT('',(-0.0395,-0.00939655860096846,-0.0343183323933821));
#6639=CARTESIAN_POINT('',(-0.0455,-0.00939655860096846,-0.0343183323933821));
#6640=CARTESIAN_POINT('',(-0.0455,-0.0173855948790051,-0.0338996447434386));
#6641=CARTESIAN_POINT('',(-0.0425,-0.0173855948790051,-0.0338996447434386));
#6642=CARTESIAN_POINT('',(-0.0395,-0.0173855948790051,-0.0338996447434386));
#6643=CARTESIAN_POINT('',(-0.0395,-0.00939655860096846,-0.0343183323933821));
#6644=CARTESIAN_POINT('',(-0.0375,-0.00952739849157582,-0.0368149062302685));
#6645=CARTESIAN_POINT('',(-0.0375,-0.0176472746602198,-0.0388927924172114));
#6646=CARTESIAN_POINT('',(-0.0375,-0.017490266791491,-0.0358969038129477));
#6647=CARTESIAN_POINT('',(-0.0375,-0.0175426027477338,-0.0368955333477023));
#6648=CARTESIAN_POINT('',(-0.0375,-0.00955356646969729,-0.0373142209976458));
#6649=CARTESIAN_POINT('',(-0.0375,-0.00955356646969729,-0.0373142209976458));
#6650=CARTESIAN_POINT('',(-0.0375,-0.00952739849157582,-0.0368149062302685));
#6651=CARTESIAN_POINT('',(-0.0375,-0.00950123051345435,-0.0363155914628912));
#6652=CARTESIAN_POINT('',(-0.0375,-0.0194875258610001,-0.0357922319004619));
#6653=CARTESIAN_POINT('',(-0.03075,-0.00965823838218318,-0.039311480067155));
#6654=CARTESIAN_POINT('',(-0.03075,-0.0176472746602198,-0.0388927924172114));
#6655=CARTESIAN_POINT('',(-0.0355,-0.0176472746602198,-0.0388927924172114));
#6656=CARTESIAN_POINT('',(-0.026,-0.0176472746602198,-0.0388927924172114));
#6657=CARTESIAN_POINT('',(-0.026,-0.00965823838218318,-0.039311480067155));
#6658=CARTESIAN_POINT('',(-0.026,-0.00965823838218318,-0.039311480067155));
#6659=CARTESIAN_POINT('',(-0.03075,-0.00965823838218318,-0.039311480067155));
#6660=CARTESIAN_POINT('',(-0.0355,-0.00965823838218318,-0.039311480067155));
#6661=CARTESIAN_POINT('',(-0.0355,-0.00965823838218318,-0.039311480067155));
#6662=CARTESIAN_POINT('',(-0.024,-0.0106264535726776,-0.0577861264601146));
#6663=CARTESIAN_POINT('',(-0.024,-0.0106264535726776,-0.0577861264601146));
#6664=CARTESIAN_POINT('',(-0.024,-0.00976291029466906,-0.0413087391366641));
#6665=CARTESIAN_POINT('',(-0.024,-0.0114899968506862,-0.0742635137835651));
#6666=CARTESIAN_POINT('',(-0.024,-0.00976291029466906,-0.0413087391366641));
#6667=CARTESIAN_POINT('',(-0.024,-0.0177519465727057,-0.0408900514867206));
#6668=CARTESIAN_POINT('',(-0.024,-0.0186154898507143,-0.0573674388101711));
#6669=CARTESIAN_POINT('',(-0.024,-0.0194790331287228,-0.0738448261336215));
#6670=CARTESIAN_POINT('',(-0.024,-0.0114899968506862,-0.0742635137835651));
#6671=CARTESIAN_POINT('',(-0.03075,-0.0115946687631721,-0.0762607728530742));
#6672=CARTESIAN_POINT('',(-0.03075,-0.0115946687631721,-0.0762607728530742));
#6673=CARTESIAN_POINT('',(-0.0355,-0.0115946687631721,-0.0762607728530742));
#6674=CARTESIAN_POINT('',(-0.026,-0.0115946687631721,-0.0762607728530742));
#6675=CARTESIAN_POINT('',(-0.026,-0.0215809641107178,-0.0757374132906448));
#6676=CARTESIAN_POINT('',(-0.026,-0.0195837050412087,-0.0758420852031307));
#6677=CARTESIAN_POINT('',(-0.0375,-0.0195837050412087,-0.0758420852031307));
#6678=CARTESIAN_POINT('',(-0.0355,-0.0195837050412087,-0.0758420852031307));
#6679=CARTESIAN_POINT('',(-0.0355,-0.0115946687631721,-0.0762607728530742));
#6680=CARTESIAN_POINT('',(-0.0375,-0.0117255086537795,-0.0787573466899607));
#6681=CARTESIAN_POINT('',(-0.0375,-0.0117255086537795,-0.0787573466899607));
#6682=CARTESIAN_POINT('',(-0.0375,-0.011699340675658,-0.0782580319225834));
#6683=CARTESIAN_POINT('',(-0.0375,-0.0117516766319009,-0.079256661457338));
#6684=CARTESIAN_POINT('',(-0.0375,-0.011699340675658,-0.0782580319225834));
#6685=CARTESIAN_POINT('',(-0.0375,-0.0196883769536946,-0.0778393442726398));
#6686=CARTESIAN_POINT('',(-0.0375,-0.0197145449318161,-0.0783386590400171));
#6687=CARTESIAN_POINT('',(-0.0375,-0.0197407129099375,-0.0788379738073944));
#6688=CARTESIAN_POINT('',(-0.0375,-0.0117516766319009,-0.079256661457338));
#6689=CARTESIAN_POINT('',(-0.0425,-0.0118563485443868,-0.0812539205268471));
#6690=CARTESIAN_POINT('',(-0.0425,-0.0118563485443868,-0.0812539205268471));
#6691=CARTESIAN_POINT('',(-0.0395,-0.0118563485443868,-0.0812539205268471));
#6692=CARTESIAN_POINT('',(-0.0455,-0.0118563485443868,-0.0812539205268471));
#6693=CARTESIAN_POINT('',(-0.0395,-0.0118563485443868,-0.0812539205268471));
#6694=CARTESIAN_POINT('',(-0.0395,-0.0198453848224234,-0.0808352328769036));
#6695=CARTESIAN_POINT('',(-0.0425,-0.0198453848224234,-0.0808352328769036));
#6696=CARTESIAN_POINT('',(-0.0455,-0.0198453848224234,-0.0808352328769036));
#6697=CARTESIAN_POINT('',(-0.0455,-0.0118563485443868,-0.0812539205268471));
#6698=CARTESIAN_POINT('',(-0.0475,-0.0117255086537794,-0.0787573466899607));
#6699=CARTESIAN_POINT('',(-0.0475,-0.0117255086537794,-0.0787573466899607));
#6700=CARTESIAN_POINT('',(-0.0475,-0.011699340675658,-0.0782580319225834));
#6701=CARTESIAN_POINT('',(-0.0475,-0.0117516766319009,-0.079256661457338));
#6702=CARTESIAN_POINT('',(-0.0475,-0.0217379719794467,-0.0787333018949085));
#6703=CARTESIAN_POINT('',(-0.0475,-0.0197407129099375,-0.0788379738073944));
#6704=CARTESIAN_POINT('',(-0.0475,-0.0195837050412087,-0.0758420852031307));
#6705=CARTESIAN_POINT('',(-0.0475,-0.0196883769536946,-0.0778393442726398));
#6706=CARTESIAN_POINT('',(-0.0475,-0.011699340675658,-0.0782580319225834));
#6707=CARTESIAN_POINT('',(-0.05425,-0.0115946687631721,-0.0762607728530742));
#6708=CARTESIAN_POINT('',(-0.061,-0.0195837050412087,-0.0758420852031307));
#6709=CARTESIAN_POINT('',(-0.0495,-0.0195837050412087,-0.0758420852031307));
#6710=CARTESIAN_POINT('',(-0.059,-0.0195837050412087,-0.0758420852031307));
#6711=CARTESIAN_POINT('',(-0.059,-0.0115946687631721,-0.0762607728530742));
#6712=CARTESIAN_POINT('',(-0.059,-0.0115946687631721,-0.0762607728530742));
#6713=CARTESIAN_POINT('',(-0.05425,-0.0115946687631721,-0.0762607728530742));
#6714=CARTESIAN_POINT('',(-0.0495,-0.0115946687631721,-0.0762607728530742));
#6715=CARTESIAN_POINT('',(-0.0495,-0.0215809641107178,-0.0757374132906448));
#6716=CARTESIAN_POINT('',(-0.061,-0.0106264535726776,-0.0577861264601146));
#6717=CARTESIAN_POINT('',(-0.061,-0.0199305027127657,-0.0442447337585023));
#6718=CARTESIAN_POINT('',(-0.061,-0.0198942178105136,-0.0435523765789273));
#6719=CARTESIAN_POINT('',(-0.061,-0.019292268805905,-0.0422756673997726));
#6720=CARTESIAN_POINT('',(-0.061,-0.0182591377970101,-0.0413467296637921));
#6721=CARTESIAN_POINT('',(-0.061,-0.0177519465727057,-0.0408900514867206));
#6722=CARTESIAN_POINT('',(-0.061,-0.0177519465727057,-0.0408900514867206));
#6723=CARTESIAN_POINT('',(-0.061,-0.00976291029466906,-0.0413087391366641));
#6724=CARTESIAN_POINT('',(-0.061,-0.00976291029466906,-0.0413087391366641));
#6725=CARTESIAN_POINT('',(-0.061,-0.0106264535726776,-0.0577861264601146));
#6726=CARTESIAN_POINT('',(-0.061,-0.0114899968506862,-0.0742635137835651));
#6727=CARTESIAN_POINT('',(-0.061,-0.0114899968506862,-0.0742635137835651));
#6728=CARTESIAN_POINT('',(-0.061,-0.0194790331287228,-0.0738448261336215));
#6729=CARTESIAN_POINT('',(-0.061,-0.021294995127681,-0.0702808000368681));
#6730=CARTESIAN_POINT('',(-0.061,-0.0213312800299332,-0.0709731572164431));
#6731=CARTESIAN_POINT('',(-0.061,-0.0208660810134864,-0.0723057932535426));
#6732=CARTESIAN_POINT('',(-0.061,-0.0199357100383854,-0.073337633768137));
#6733=CARTESIAN_POINT('',(-0.061,-0.0194790331287228,-0.0738448261336215));
#6734=CARTESIAN_POINT('',(-0.05425,-0.00965823838218318,-0.039311480067155));
#6735=CARTESIAN_POINT('',(-0.05425,-0.00965823838218318,-0.039311480067155));
#6736=CARTESIAN_POINT('',(-0.059,-0.00965823838218318,-0.039311480067155));
#6737=CARTESIAN_POINT('',(-0.0495,-0.00965823838218318,-0.039311480067155));
#6738=CARTESIAN_POINT('',(-0.059,-0.0196445337297289,-0.0387881205047256));
#6739=CARTESIAN_POINT('',(-0.059,-0.0176472746602198,-0.0388927924172114));
#6740=CARTESIAN_POINT('',(-0.05425,-0.0176472746602198,-0.0388927924172114));
#6741=CARTESIAN_POINT('',(-0.0495,-0.0176472746602198,-0.0388927924172114));
#6742=CARTESIAN_POINT('',(-0.0495,-0.00965823838218318,-0.039311480067155));
#6743=CARTESIAN_POINT('',(-0.026,-0.0106264535726776,-0.0577861264601146));
#6744=CARTESIAN_POINT('',(-0.026,-0.0186154898507143,-0.0573674388101711));
#6745=CARTESIAN_POINT('',(-0.026,-0.0106264535726776,-0.0577861264601146));
#6746=CARTESIAN_POINT('',(-0.0055,-0.00760573992880314,-0.000147476526859645));
#6747=CARTESIAN_POINT('',(-0.0425,-0.00957973444781876,-0.0378135357650231));
#6748=CARTESIAN_POINT('',(-0.0425,-0.00964515439312244,-0.0390618226834664));
#6749=CARTESIAN_POINT('',(-0.0425,-0.0116731726975365,-0.0777587171552061));
#6750=CARTESIAN_POINT('',(-0.0425,-0.0117385926428402,-0.0790070040736493));
#6751=CARTESIAN_POINT('',(-0.026,-0.00976291029466906,-0.0413087391366641));
#6752=CARTESIAN_POINT('',(-0.026,-0.0114899968506862,-0.0742635137835651));
#6753=CARTESIAN_POINT('',(-0.0355,-0.011699340675658,-0.0782580319225834));
#6754=CARTESIAN_POINT('',(-0.0395,-0.0117516766319009,-0.079256661457338));
#6755=CARTESIAN_POINT('',(-0.0455,-0.0117516766319009,-0.079256661457338));
#6756=CARTESIAN_POINT('',(-0.0495,-0.011699340675658,-0.0782580319225834));
#6757=CARTESIAN_POINT('',(-0.059,-0.0114899968506862,-0.0742635137835651));
#6758=CARTESIAN_POINT('',(-0.059,-0.00976291029466906,-0.0413087391366641));
#6759=CARTESIAN_POINT('',(-0.0495,-0.00955356646969729,-0.0373142209976458));
#6760=CARTESIAN_POINT('',(-0.0455,-0.00950123051345434,-0.0363155914628912));
#6761=CARTESIAN_POINT('',(-0.0395,-0.00950123051345434,-0.0363155914628912));
#6762=CARTESIAN_POINT('',(-0.0355,-0.00955356646969729,-0.0373142209976458));
#6763=CARTESIAN_POINT('',(-0.0425,-0.0186154898507143,-0.0573674388101711));
#6764=CARTESIAN_POINT('',(-0.0425,-0.0186154898507143,-0.0573674388101711));
#6765=CARTESIAN_POINT('',(-0.0425,-0.0178435344961308,-0.0426376531725411));
#6766=CARTESIAN_POINT('',(-0.0425,-0.0206127489202233,-0.0572627668976852));
#6767=CARTESIAN_POINT('',(-0.0425,-0.01984079356564,-0.0425329812600552));
#6768=CARTESIAN_POINT('',(-0.0552738747058205,-0.0202267712429317,-0.0498978740788702));
#6769=CARTESIAN_POINT('',(-0.0425,-0.0206127489202233,-0.0572627668976852));
#6770=CARTESIAN_POINT('',(-0.0552738747058205,-0.0209987265975151,-0.0646276597165002));
#6771=CARTESIAN_POINT('',(-0.0425,-0.0206127489202233,-0.0572627668976852));
#6772=CARTESIAN_POINT('',(-0.0425,-0.0213847042748068,-0.0719925525353151));
#6773=CARTESIAN_POINT('',(-0.0425,-0.0206127489202233,-0.0572627668976852));
#6774=CARTESIAN_POINT('',(-0.0297261252941795,-0.0209987265975151,-0.0646276597165001));
#6775=CARTESIAN_POINT('',(-0.0425,-0.0206127489202233,-0.0572627668976852));
#6776=CARTESIAN_POINT('',(-0.0297261252941795,-0.0202267712429317,-0.0498978740788702));
#6777=CARTESIAN_POINT('',(-0.0425,-0.0206127489202233,-0.0572627668976852));
#6778=CARTESIAN_POINT('',(-0.0055,-0.0155947762068397,0.000271211123083905));
#6779=CARTESIAN_POINT('',(0.0055,-0.0175789512872882,0.000625540419258437));
#6780=CARTESIAN_POINT('',(-0.0425,-0.0206127489202233,-0.0572627668976852));
#6781=CARTESIAN_POINT('',(-0.0425,-0.0203772371171301,-0.0527689339912896));
#6782=CARTESIAN_POINT('',(-0.0513767603887905,-0.0203445271444783,-0.052144790532068));
#6783=CARTESIAN_POINT('',(-0.0425,-0.0200763053687332,-0.0470268141664508));
#6784=CARTESIAN_POINT('',(-0.0336232396112095,-0.0203445271444783,-0.052144790532068));
#6785=CARTESIAN_POINT('',(-0.0336232396112095,-0.0208809706959685,-0.0623807432633024));
#6786=CARTESIAN_POINT('',(-0.0425,-0.0211491924717136,-0.0674987196289195));
#6787=CARTESIAN_POINT('',(-0.0513767603887905,-0.0208809706959685,-0.0623807432633024));
#6788=CARTESIAN_POINT('',(-0.0425,-0.022612005248802,-0.0571579903132868));
#6789=CARTESIAN_POINT('',(-0.0425,-0.0220755616973119,-0.0469220375820524));
#6790=CARTESIAN_POINT('',(-0.0336232396112095,-0.022343783473057,-0.0520400139476696));
#6791=CARTESIAN_POINT('',(-0.0336232396112095,-0.0228802270245471,-0.062275966678904));
#6792=CARTESIAN_POINT('',(-0.0425,-0.0231484488002922,-0.0673939430445212));
#6793=CARTESIAN_POINT('',(-0.0513767603887905,-0.0228802270245471,-0.062275966678904));
#6794=CARTESIAN_POINT('',(-0.0513767603887905,-0.022343783473057,-0.0520400139476696));
#6795=CARTESIAN_POINT('',(-0.0425,-0.0196622089755731,-0.0773400295052625));
#6796=CARTESIAN_POINT('',(-0.0425,-0.0204122554261129,-0.0773007212364306));
#6797=CARTESIAN_POINT('',(-0.0425,-0.0196622089755731,-0.0773400295052625));
#6798=CARTESIAN_POINT('',(-0.0425,-0.0197276289208768,-0.0785883164237057));
#6799=CARTESIAN_POINT('',(-0.0425,-0.0116731726975365,-0.0777587171552061));
#6800=CARTESIAN_POINT('',(-0.0425,-0.0175687707258554,-0.0373948481150796));
#6801=CARTESIAN_POINT('',(-0.0425,-0.0183188171763951,-0.0373555398462476));
#6802=CARTESIAN_POINT('',(-0.0425,-0.0175687707258554,-0.0373948481150796));
#6803=CARTESIAN_POINT('',(-0.0425,-0.017634190671159,-0.0386431350335228));
#6804=CARTESIAN_POINT('',(-0.0425,-0.00957973444781876,-0.0378135357650231));
#6805=CARTESIAN_POINT('',(-0.059,-0.0114899968506862,-0.0742635137835651));
#6806=CARTESIAN_POINT('',(-0.059,-0.0194790331287228,-0.0738448261336215));
#6807=CARTESIAN_POINT('',(-0.059,-0.0194790331287228,-0.0738448261336215));
#6808=CARTESIAN_POINT('',(-0.059,-0.0196883769536946,-0.0778393442726398));
#6809=CARTESIAN_POINT('',(-0.0495,-0.011699340675658,-0.0782580319225834));
#6810=CARTESIAN_POINT('',(-0.0495,-0.0196883769536946,-0.0778393442726398));
#6811=CARTESIAN_POINT('',(0.0055,-0.0196883769536946,-0.0778393442726398));
#6812=CARTESIAN_POINT('',(-0.0495,-0.0196883769536946,-0.0778393442726398));
#6813=CARTESIAN_POINT('',(-0.0495,-0.0196883769536946,-0.0778393442726398));
#6814=CARTESIAN_POINT('',(-0.0495,-0.0196883769536946,-0.0778393442726398));
#6815=CARTESIAN_POINT('',(-0.0455,-0.0117516766319009,-0.079256661457338));
#6816=CARTESIAN_POINT('',(-0.0455,-0.0197407129099375,-0.0788379738073944));
#6817=CARTESIAN_POINT('',(-0.0495,-0.015581692217779,0.000520868506772549));
#6818=CARTESIAN_POINT('',(-0.0495,-0.0197407129099375,-0.0788379738073944));
#6819=CARTESIAN_POINT('',(-0.0455,-0.0197407129099375,-0.0788379738073944));
#6820=CARTESIAN_POINT('',(-0.0455,-0.0199500567349093,-0.0828324919464127));
#6821=CARTESIAN_POINT('',(-0.0395,-0.0117516766319009,-0.079256661457338));
#6822=CARTESIAN_POINT('',(-0.0395,-0.0197407129099375,-0.0788379738073944));
#6823=CARTESIAN_POINT('',(-0.0425,-0.0199500567349093,-0.0828324919464127));
#6824=CARTESIAN_POINT('',(-0.0395,-0.0199500567349093,-0.0828324919464127));
#6825=CARTESIAN_POINT('',(-0.0395,-0.0197407129099375,-0.0788379738073944));
#6826=CARTESIAN_POINT('',(-0.0355,-0.0197407129099375,-0.0788379738073944));
#6827=CARTESIAN_POINT('',(-0.0355,-0.011699340675658,-0.0782580319225834));
#6828=CARTESIAN_POINT('',(-0.0355,-0.0196883769536946,-0.0778393442726398));
#6829=CARTESIAN_POINT('',(-0.0355,-0.0197145449318161,-0.0783386590400171));
#6830=CARTESIAN_POINT('',(-0.0355,-0.0196883769536946,-0.0778393442726398));
#6831=CARTESIAN_POINT('',(-0.0355,-0.0196883769536946,-0.0778393442726398));
#6832=CARTESIAN_POINT('',(-0.0355,-0.0196883769536946,-0.0778393442726398));
#6833=CARTESIAN_POINT('',(-0.026,-0.0114899968506862,-0.0742635137835651));
#6834=CARTESIAN_POINT('',(-0.026,-0.0194790331287228,-0.0738448261336215));
#6835=CARTESIAN_POINT('',(0.0055,-0.0196883769536946,-0.0778393442726398));
#6836=CARTESIAN_POINT('',(-0.026,-0.0196883769536946,-0.0778393442726398));
#6837=CARTESIAN_POINT('',(-0.026,-0.0194790331287228,-0.0738448261336215));
#6838=CARTESIAN_POINT('',(-0.022,-0.0194790331287228,-0.0738448261336215));
#6839=CARTESIAN_POINT('',(-0.026,-0.00976291029466906,-0.0413087391366641));
#6840=CARTESIAN_POINT('',(-0.026,-0.0177519465727057,-0.0408900514867206));
#6841=CARTESIAN_POINT('',(-0.022,-0.0186154898507142,-0.0573674388101711));
#6842=CARTESIAN_POINT('',(-0.022,-0.0177519465727057,-0.0408900514867206));
#6843=CARTESIAN_POINT('',(-0.026,-0.0177519465727057,-0.0408900514867206));
#6844=CARTESIAN_POINT('',(-0.026,-0.0175426027477338,-0.0368955333477023));
#6845=CARTESIAN_POINT('',(-0.0355,-0.00955356646969729,-0.0373142209976458));
#6846=CARTESIAN_POINT('',(-0.0355,-0.0175426027477338,-0.0368955333477023));
#6847=CARTESIAN_POINT('',(-0.03075,-0.0175426027477338,-0.0368955333477023));
#6848=CARTESIAN_POINT('',(-0.0355,-0.0175426027477338,-0.0368955333477023));
#6849=CARTESIAN_POINT('',(-0.0355,-0.0175426027477339,-0.0368955333477023));
#6850=CARTESIAN_POINT('',(-0.0355,-0.0175426027477338,-0.0368955333477023));
#6851=CARTESIAN_POINT('',(-0.0395,-0.00950123051345435,-0.0363155914628912));
#6852=CARTESIAN_POINT('',(-0.0395,-0.017490266791491,-0.0358969038129477));
#6853=CARTESIAN_POINT('',(-0.0355,-0.015581692217779,0.000520868506772549));
#6854=CARTESIAN_POINT('',(-0.0355,-0.017490266791491,-0.0358969038129477));
#6855=CARTESIAN_POINT('',(-0.0395,-0.017490266791491,-0.0358969038129477));
#6856=CARTESIAN_POINT('',(-0.0395,-0.0172809229665192,-0.0319023856739294));
#6857=CARTESIAN_POINT('',(-0.0455,-0.00950123051345435,-0.0363155914628912));
#6858=CARTESIAN_POINT('',(-0.0455,-0.017490266791491,-0.0358969038129477));
#6859=CARTESIAN_POINT('',(-0.0425,-0.0172809229665192,-0.0319023856739294));
#6860=CARTESIAN_POINT('',(-0.0455,-0.0172809229665192,-0.0319023856739294));
#6861=CARTESIAN_POINT('',(-0.0455,-0.017490266791491,-0.0358969038129477));
#6862=CARTESIAN_POINT('',(-0.0495,-0.017490266791491,-0.0358969038129477));
#6863=CARTESIAN_POINT('',(-0.0495,-0.00955356646969729,-0.0373142209976458));
#6864=CARTESIAN_POINT('',(-0.0495,-0.0175426027477339,-0.0368955333477023));
#6865=CARTESIAN_POINT('',(-0.0495,-0.0175164347696124,-0.036396218580325));
#6866=CARTESIAN_POINT('',(-0.0495,-0.0175426027477338,-0.0368955333477023));
#6867=CARTESIAN_POINT('',(-0.0495,-0.0175426027477339,-0.0368955333477023));
#6868=CARTESIAN_POINT('',(-0.0495,-0.0175426027477339,-0.0368955333477023));
#6869=CARTESIAN_POINT('',(-0.059,-0.00976291029466906,-0.0413087391366641));
#6870=CARTESIAN_POINT('',(-0.059,-0.0177519465727057,-0.0408900514867206));
#6871=CARTESIAN_POINT('',(-0.05425,-0.0175426027477339,-0.0368955333477023));
#6872=CARTESIAN_POINT('',(-0.059,-0.0175426027477338,-0.0368955333477023));
#6873=CARTESIAN_POINT('',(-0.059,-0.0177519465727057,-0.0408900514867206));
#6874=CARTESIAN_POINT('',(0.059,-0.0114899968506862,-0.0742635137835651));
#6875=CARTESIAN_POINT('',(0.059,-0.0194790331287228,-0.0738448261336215));
#6876=CARTESIAN_POINT('',(0.059,-0.0194790331287228,-0.0738448261336215));
#6877=CARTESIAN_POINT('',(0.059,-0.0196883769536946,-0.0778393442726398));
#6878=CARTESIAN_POINT('',(0.05425,-0.0196883769536946,-0.0778393442726398));
#6879=CARTESIAN_POINT('',(0.0495,-0.0196883769536946,-0.0778393442726398));
#6880=CARTESIAN_POINT('',(0.0477614168750882,-0.0213728381174129,-0.076761109331646));
#6881=CARTESIAN_POINT('',(0.0493729833462074,-0.0216856360232037,-0.0777346723601539));
#6882=CARTESIAN_POINT('',(0.048869783126578,-0.0216652555914557,-0.0773457905562146));
#6883=CARTESIAN_POINT('',(0.0483317176327436,-0.021532805896097,-0.0770110173066386));
#6884=CARTESIAN_POINT('',(0.0477614168750837,-0.0213728381174062,-0.0767611093316612));
#6885=CARTESIAN_POINT('',(0.0495,-0.011699340675658,-0.0782580319225834));
#6886=CARTESIAN_POINT('',(0.0477614168750882,-0.0213728381174129,-0.076761109331646));
#6887=CARTESIAN_POINT('',(0.0475706919292146,-0.0211832888041418,-0.0771069186112557));
#6888=CARTESIAN_POINT('',(0.0474999999999998,-0.0208920538040782,-0.0774409196638187));
#6889=CARTESIAN_POINT('',(0.0474999999999997,-0.0206297111408938,-0.0777900110383254));
#6890=CARTESIAN_POINT('',(0.0455,-0.0117516766319009,-0.079256661457338));
#6891=CARTESIAN_POINT('',(0.0455,-0.0197407129099375,-0.0788379738073944));
#6892=CARTESIAN_POINT('',(0.0455,-0.0197407129099375,-0.0788379738073944));
#6893=CARTESIAN_POINT('',(0.0455,-0.0199500567349093,-0.0828324919464127));
#6894=CARTESIAN_POINT('',(0.0055,-0.0199500567349093,-0.0828324919464127));
#6895=CARTESIAN_POINT('',(0.0395,-0.0199500567349093,-0.0828324919464127));
#6896=CARTESIAN_POINT('',(0.0395,-0.0117516766319009,-0.079256661457338));
#6897=CARTESIAN_POINT('',(0.0395,-0.0197407129099375,-0.0788379738073944));
#6898=CARTESIAN_POINT('',(0.0395,-0.0197407129099375,-0.0788379738073944));
#6899=CARTESIAN_POINT('',(0.0355,-0.0197407129099375,-0.0788379738073944));
#6900=CARTESIAN_POINT('',(0.0355,-0.015581692217779,0.000520868506772549));
#6901=CARTESIAN_POINT('',(0.0355,-0.0196883769536946,-0.0778393442726398));
#6902=CARTESIAN_POINT('',(0.0355,-0.011699340675658,-0.0782580319225834));
#6903=CARTESIAN_POINT('',(0.0355,-0.0196883769536946,-0.0778393442726398));
#6904=CARTESIAN_POINT('',(0.0355,-0.0196883769536946,-0.0778393442726398));
#6905=CARTESIAN_POINT('',(0.0355,-0.0196883769536946,-0.0778393442726398));
#6906=CARTESIAN_POINT('',(0.03075,-0.0196883769536946,-0.0778393442726398));
#6907=CARTESIAN_POINT('',(0.026,-0.0196883769536946,-0.0778393442726398));
#6908=CARTESIAN_POINT('',(0.026,-0.0114899968506862,-0.0742635137835651));
#6909=CARTESIAN_POINT('',(0.026,-0.0194790331287228,-0.0738448261336215));
#6910=CARTESIAN_POINT('',(0.026,-0.0194790331287228,-0.0738448261336215));
#6911=CARTESIAN_POINT('',(0.022,-0.0194790331287228,-0.0738448261336215));
#6912=CARTESIAN_POINT('',(0.022,-0.015581692217779,0.000520868506772549));
#6913=CARTESIAN_POINT('',(0.022,-0.0177519465727057,-0.0408900514867206));
#6914=CARTESIAN_POINT('',(0.026,-0.00976291029466906,-0.0413087391366641));
#6915=CARTESIAN_POINT('',(0.026,-0.0177519465727057,-0.0408900514867206));
#6916=CARTESIAN_POINT('',(0.026,-0.0177519465727057,-0.0408900514867206));
#6917=CARTESIAN_POINT('',(0.026,-0.0175426027477338,-0.0368955333477023));
#6918=CARTESIAN_POINT('',(0.0055,-0.0175426027477339,-0.0368955333477023));
#6919=CARTESIAN_POINT('',(0.0355,-0.0175426027477339,-0.0368955333477023));
#6920=CARTESIAN_POINT('',(0.0355,-0.00955356646969729,-0.0373142209976458));
#6921=CARTESIAN_POINT('',(0.0355,-0.0175426027477339,-0.0368955333477023));
#6922=CARTESIAN_POINT('',(0.0355,-0.0175426027477338,-0.0368955333477023));
#6923=CARTESIAN_POINT('',(0.0355,-0.0175426027477338,-0.0368955333477023));
#6924=CARTESIAN_POINT('',(0.0355,-0.0175164347696124,-0.036396218580325));
#6925=CARTESIAN_POINT('',(0.0355,-0.017490266791491,-0.0358969038129477));
#6926=CARTESIAN_POINT('',(0.0395,-0.00950123051345435,-0.0363155914628912));
#6927=CARTESIAN_POINT('',(0.0395,-0.017490266791491,-0.0358969038129477));
#6928=CARTESIAN_POINT('',(0.0395,-0.017490266791491,-0.0358969038129477));
#6929=CARTESIAN_POINT('',(0.0395,-0.0172809229665192,-0.0319023856739295));
#6930=CARTESIAN_POINT('',(0.0055,-0.0172809229665192,-0.0319023856739295));
#6931=CARTESIAN_POINT('',(0.0455,-0.0172809229665192,-0.0319023856739294));
#6932=CARTESIAN_POINT('',(0.0455,-0.00950123051345435,-0.0363155914628912));
#6933=CARTESIAN_POINT('',(0.0455,-0.017490266791491,-0.0358969038129477));
#6934=CARTESIAN_POINT('',(0.0455,-0.017490266791491,-0.0358969038129477));
#6935=CARTESIAN_POINT('',(0.0495,-0.017490266791491,-0.0358969038129477));
#6936=CARTESIAN_POINT('',(0.0495,-0.015581692217779,0.000520868506772549));
#6937=CARTESIAN_POINT('',(0.0495,-0.0175426027477338,-0.0368955333477023));
#6938=CARTESIAN_POINT('',(0.0495,-0.00955356646969729,-0.0373142209976458));
#6939=CARTESIAN_POINT('',(0.0495,-0.0175426027477339,-0.0368955333477023));
#6940=CARTESIAN_POINT('',(0.0495,-0.0175426027477338,-0.0368955333477023));
#6941=CARTESIAN_POINT('',(0.0495,-0.0175426027477338,-0.0368955333477023));
#6942=CARTESIAN_POINT('',(0.0055,-0.0175426027477339,-0.0368955333477023));
#6943=CARTESIAN_POINT('',(0.059,-0.0175426027477339,-0.0368955333477023));
#6944=CARTESIAN_POINT('',(0.059,-0.0177519465727057,-0.0408900514867206));
#6945=CARTESIAN_POINT('',(0.059,-0.0177519465727057,-0.0408900514867206));
#6946=CARTESIAN_POINT('',(0.059,-0.00976291029466906,-0.0413087391366641));
#6947=CARTESIAN_POINT('',(2.12790322757295E-20,-0.022612005248802,-0.0571579903132868));
#6948=MECHANICAL_DESIGN_GEOMETRIC_PRESENTATION_REPRESENTATION('',(#3996),
#6949);
#6949=(
GEOMETRIC_REPRESENTATION_CONTEXT(3)
GLOBAL_UNCERTAINTY_ASSIGNED_CONTEXT((#6950))
GLOBAL_UNIT_ASSIGNED_CONTEXT((#6953,#6952,#6951))
REPRESENTATION_CONTEXT('LCD rear support','TOP_LEVEL_ASSEMBLY_PART')
);
#6950=UNCERTAINTY_MEASURE_WITH_UNIT(LENGTH_MEASURE(2.E-5),#6953,
'DISTANCE_ACCURACY_VALUE','Maximum Tolerance applied to model');
#6951=(
NAMED_UNIT(*)
SI_UNIT($,.STERADIAN.)
SOLID_ANGLE_UNIT()
);
#6952=(
NAMED_UNIT(*)
PLANE_ANGLE_UNIT()
SI_UNIT($,.RADIAN.)
);
#6953=(
LENGTH_UNIT()
NAMED_UNIT(*)
SI_UNIT($,.METRE.)
);
#6954=PRODUCT_DEFINITION_SHAPE('','',#6955);
#6955=PRODUCT_DEFINITION('','',#6957,#6956);
#6956=PRODUCT_DEFINITION_CONTEXT('',#6963,'design');
#6957=PRODUCT_DEFINITION_FORMATION_WITH_SPECIFIED_SOURCE('','',#6959,
 .NOT_KNOWN.);
#6958=PRODUCT_RELATED_PRODUCT_CATEGORY('','',(#6959));
#6959=PRODUCT('LCD rear support','LCD rear support','LCD rear support',
(#6961));
#6960=PRODUCT_CATEGORY('','');
#6961=PRODUCT_CONTEXT('',#6963,'mechanical');
#6962=APPLICATION_PROTOCOL_DEFINITION('international standard',
'ap242_managed_model_based_3d_engineering',2020,#6963);
#6963=APPLICATION_CONTEXT('managed model based 3d engineering');
ENDSEC;
END-ISO-10303-21;
