ISO-10303-21;
HEADER;
/* Generated by software containing ST-Developer
 * from STEP Tools, Inc. (www.steptools.com) 
 */
/* OPTION: using custom renumber hook */

FILE_DESCRIPTION(
/* description */ ('STEP AP242 Edition 2',
'CAx-IF Rec.Pracs.---Representation and Presentation of Product Manufa
cturing Information (PMI)---4.0---2014-10-13',
'CAx-IF Rec.Pracs.---3D Tessellated Geometry---0.4---2014-09-14','2;1',
'CAx-IF Rec.Pracs.---User Defined Attributes---1.5---2016-08-15'),
/* implementation_level */ '2;1');

FILE_NAME(
/* name */ 'RetroScaler2x - LightPipe clip',
/* time_stamp */ '2026-08-30T12:24:14Z',
/* author */ (''),
/* organization */ (''),
/* preprocessor_version */ 'ST-DEVELOPER v20',
/* originating_system */ 'ONSHAPE BY PTC INC, 1.220',
/* authorisation */ '  ');

FILE_SCHEMA (('AP242_MANAGED_MODEL_BASED_3D_ENGINEERING_MIM_LF { 1 0 10303 442 3 1 4 }'));
ENDSEC;

DATA;
#10=SHAPE_REPRESENTATION_RELATIONSHIP('','',#1580,#11);
#11=ADVANCED_BREP_SHAPE_REPRESENTATION('',(#1578),#2522);
#12=ELLIPSE('',#1658,0.00282842712474619,0.002);
#13=ELLIPSE('',#1660,0.00282842712474619,0.002);
#14=CYLINDRICAL_SURFACE('',#1653,0.002);
#15=CYLINDRICAL_SURFACE('',#1654,0.002);
#16=CYLINDRICAL_SURFACE('',#1655,0.002);
#17=CYLINDRICAL_SURFACE('',#1656,0.002);
#18=CYLINDRICAL_SURFACE('',#1657,0.002);
#19=CYLINDRICAL_SURFACE('',#1659,0.002);
#20=CYLINDRICAL_SURFACE('',#1661,0.002);
#21=CYLINDRICAL_SURFACE('',#1662,0.002);
#22=CYLINDRICAL_SURFACE('',#1664,0.00175);
#23=CYLINDRICAL_SURFACE('',#1665,0.00175);
#24=CIRCLE('',#1586,0.002);
#25=CIRCLE('',#1587,0.002);
#26=CIRCLE('',#1592,0.002);
#27=CIRCLE('',#1593,0.002);
#28=CIRCLE('',#1595,0.002);
#29=CIRCLE('',#1596,0.002);
#30=CIRCLE('',#1598,0.002);
#31=CIRCLE('',#1599,0.002);
#32=CIRCLE('',#1630,0.00175);
#33=CIRCLE('',#1631,0.002);
#34=CIRCLE('',#1632,0.002);
#35=CIRCLE('',#1635,0.00175);
#36=CIRCLE('',#1636,0.002);
#37=CIRCLE('',#1637,0.002);
#38=CIRCLE('',#1640,0.00175);
#39=CIRCLE('',#1641,0.002);
#40=CIRCLE('',#1642,0.002);
#41=CIRCLE('',#1645,0.00175);
#42=CIRCLE('',#1646,0.002);
#43=CIRCLE('',#1647,0.002);
#44=ORIENTED_EDGE('',*,*,#490,.F.);
#45=ORIENTED_EDGE('',*,*,#491,.T.);
#46=ORIENTED_EDGE('',*,*,#492,.T.);
#47=ORIENTED_EDGE('',*,*,#493,.T.);
#48=ORIENTED_EDGE('',*,*,#494,.F.);
#49=ORIENTED_EDGE('',*,*,#495,.T.);
#50=ORIENTED_EDGE('',*,*,#496,.F.);
#51=ORIENTED_EDGE('',*,*,#497,.T.);
#52=ORIENTED_EDGE('',*,*,#498,.T.);
#53=ORIENTED_EDGE('',*,*,#499,.T.);
#54=ORIENTED_EDGE('',*,*,#500,.F.);
#55=ORIENTED_EDGE('',*,*,#501,.T.);
#56=ORIENTED_EDGE('',*,*,#502,.F.);
#57=ORIENTED_EDGE('',*,*,#503,.T.);
#58=ORIENTED_EDGE('',*,*,#504,.T.);
#59=ORIENTED_EDGE('',*,*,#505,.T.);
#60=ORIENTED_EDGE('',*,*,#506,.F.);
#61=ORIENTED_EDGE('',*,*,#507,.T.);
#62=ORIENTED_EDGE('',*,*,#508,.T.);
#63=ORIENTED_EDGE('',*,*,#509,.T.);
#64=ORIENTED_EDGE('',*,*,#510,.T.);
#65=ORIENTED_EDGE('',*,*,#511,.F.);
#66=ORIENTED_EDGE('',*,*,#512,.T.);
#67=ORIENTED_EDGE('',*,*,#513,.T.);
#68=ORIENTED_EDGE('',*,*,#514,.T.);
#69=ORIENTED_EDGE('',*,*,#515,.T.);
#70=ORIENTED_EDGE('',*,*,#516,.F.);
#71=ORIENTED_EDGE('',*,*,#517,.T.);
#72=ORIENTED_EDGE('',*,*,#518,.T.);
#73=ORIENTED_EDGE('',*,*,#519,.F.);
#74=ORIENTED_EDGE('',*,*,#520,.F.);
#75=ORIENTED_EDGE('',*,*,#521,.T.);
#76=ORIENTED_EDGE('',*,*,#522,.T.);
#77=ORIENTED_EDGE('',*,*,#523,.T.);
#78=ORIENTED_EDGE('',*,*,#524,.T.);
#79=ORIENTED_EDGE('',*,*,#525,.F.);
#80=ORIENTED_EDGE('',*,*,#526,.F.);
#81=ORIENTED_EDGE('',*,*,#527,.T.);
#82=ORIENTED_EDGE('',*,*,#528,.T.);
#83=ORIENTED_EDGE('',*,*,#529,.T.);
#84=ORIENTED_EDGE('',*,*,#530,.T.);
#85=ORIENTED_EDGE('',*,*,#531,.F.);
#86=ORIENTED_EDGE('',*,*,#532,.F.);
#87=ORIENTED_EDGE('',*,*,#533,.T.);
#88=ORIENTED_EDGE('',*,*,#534,.T.);
#89=ORIENTED_EDGE('',*,*,#535,.T.);
#90=ORIENTED_EDGE('',*,*,#536,.T.);
#91=ORIENTED_EDGE('',*,*,#537,.T.);
#92=ORIENTED_EDGE('',*,*,#538,.T.);
#93=ORIENTED_EDGE('',*,*,#539,.F.);
#94=ORIENTED_EDGE('',*,*,#540,.F.);
#95=ORIENTED_EDGE('',*,*,#541,.T.);
#96=ORIENTED_EDGE('',*,*,#542,.T.);
#97=ORIENTED_EDGE('',*,*,#543,.T.);
#98=ORIENTED_EDGE('',*,*,#544,.F.);
#99=ORIENTED_EDGE('',*,*,#545,.F.);
#100=ORIENTED_EDGE('',*,*,#546,.T.);
#101=ORIENTED_EDGE('',*,*,#547,.T.);
#102=ORIENTED_EDGE('',*,*,#548,.T.);
#103=ORIENTED_EDGE('',*,*,#549,.T.);
#104=ORIENTED_EDGE('',*,*,#550,.F.);
#105=ORIENTED_EDGE('',*,*,#551,.F.);
#106=ORIENTED_EDGE('',*,*,#552,.T.);
#107=ORIENTED_EDGE('',*,*,#553,.F.);
#108=ORIENTED_EDGE('',*,*,#554,.T.);
#109=ORIENTED_EDGE('',*,*,#555,.F.);
#110=ORIENTED_EDGE('',*,*,#556,.T.);
#111=ORIENTED_EDGE('',*,*,#557,.T.);
#112=ORIENTED_EDGE('',*,*,#558,.T.);
#113=ORIENTED_EDGE('',*,*,#559,.T.);
#114=ORIENTED_EDGE('',*,*,#560,.T.);
#115=ORIENTED_EDGE('',*,*,#561,.T.);
#116=ORIENTED_EDGE('',*,*,#562,.F.);
#117=ORIENTED_EDGE('',*,*,#563,.T.);
#118=ORIENTED_EDGE('',*,*,#564,.F.);
#119=ORIENTED_EDGE('',*,*,#565,.T.);
#120=ORIENTED_EDGE('',*,*,#566,.T.);
#121=ORIENTED_EDGE('',*,*,#567,.T.);
#122=ORIENTED_EDGE('',*,*,#568,.T.);
#123=ORIENTED_EDGE('',*,*,#569,.T.);
#124=ORIENTED_EDGE('',*,*,#567,.F.);
#125=ORIENTED_EDGE('',*,*,#570,.T.);
#126=ORIENTED_EDGE('',*,*,#553,.T.);
#127=ORIENTED_EDGE('',*,*,#571,.T.);
#128=ORIENTED_EDGE('',*,*,#519,.T.);
#129=ORIENTED_EDGE('',*,*,#572,.T.);
#130=ORIENTED_EDGE('',*,*,#492,.F.);
#131=ORIENTED_EDGE('',*,*,#573,.T.);
#132=ORIENTED_EDGE('',*,*,#574,.T.);
#133=ORIENTED_EDGE('',*,*,#575,.T.);
#134=ORIENTED_EDGE('',*,*,#576,.F.);
#135=ORIENTED_EDGE('',*,*,#577,.F.);
#136=ORIENTED_EDGE('',*,*,#578,.T.);
#137=ORIENTED_EDGE('',*,*,#579,.F.);
#138=ORIENTED_EDGE('',*,*,#580,.F.);
#139=ORIENTED_EDGE('',*,*,#576,.T.);
#140=ORIENTED_EDGE('',*,*,#581,.T.);
#141=ORIENTED_EDGE('',*,*,#521,.F.);
#142=ORIENTED_EDGE('',*,*,#582,.T.);
#143=ORIENTED_EDGE('',*,*,#579,.T.);
#144=ORIENTED_EDGE('',*,*,#583,.F.);
#145=ORIENTED_EDGE('',*,*,#584,.F.);
#146=ORIENTED_EDGE('',*,*,#585,.T.);
#147=ORIENTED_EDGE('',*,*,#490,.T.);
#148=ORIENTED_EDGE('',*,*,#586,.F.);
#149=ORIENTED_EDGE('',*,*,#587,.T.);
#150=ORIENTED_EDGE('',*,*,#584,.T.);
#151=ORIENTED_EDGE('',*,*,#588,.F.);
#152=ORIENTED_EDGE('',*,*,#525,.T.);
#153=ORIENTED_EDGE('',*,*,#589,.T.);
#154=ORIENTED_EDGE('',*,*,#498,.F.);
#155=ORIENTED_EDGE('',*,*,#590,.T.);
#156=ORIENTED_EDGE('',*,*,#586,.T.);
#157=ORIENTED_EDGE('',*,*,#591,.T.);
#158=ORIENTED_EDGE('',*,*,#592,.F.);
#159=ORIENTED_EDGE('',*,*,#593,.F.);
#160=ORIENTED_EDGE('',*,*,#594,.T.);
#161=ORIENTED_EDGE('',*,*,#595,.F.);
#162=ORIENTED_EDGE('',*,*,#596,.F.);
#163=ORIENTED_EDGE('',*,*,#592,.T.);
#164=ORIENTED_EDGE('',*,*,#597,.T.);
#165=ORIENTED_EDGE('',*,*,#527,.F.);
#166=ORIENTED_EDGE('',*,*,#598,.T.);
#167=ORIENTED_EDGE('',*,*,#595,.T.);
#168=ORIENTED_EDGE('',*,*,#599,.F.);
#169=ORIENTED_EDGE('',*,*,#600,.F.);
#170=ORIENTED_EDGE('',*,*,#601,.T.);
#171=ORIENTED_EDGE('',*,*,#496,.T.);
#172=ORIENTED_EDGE('',*,*,#602,.F.);
#173=ORIENTED_EDGE('',*,*,#603,.T.);
#174=ORIENTED_EDGE('',*,*,#600,.T.);
#175=ORIENTED_EDGE('',*,*,#604,.F.);
#176=ORIENTED_EDGE('',*,*,#531,.T.);
#177=ORIENTED_EDGE('',*,*,#605,.T.);
#178=ORIENTED_EDGE('',*,*,#504,.F.);
#179=ORIENTED_EDGE('',*,*,#606,.T.);
#180=ORIENTED_EDGE('',*,*,#602,.T.);
#181=ORIENTED_EDGE('',*,*,#607,.T.);
#182=ORIENTED_EDGE('',*,*,#608,.F.);
#183=ORIENTED_EDGE('',*,*,#609,.F.);
#184=ORIENTED_EDGE('',*,*,#610,.T.);
#185=ORIENTED_EDGE('',*,*,#611,.F.);
#186=ORIENTED_EDGE('',*,*,#612,.F.);
#187=ORIENTED_EDGE('',*,*,#608,.T.);
#188=ORIENTED_EDGE('',*,*,#613,.T.);
#189=ORIENTED_EDGE('',*,*,#533,.F.);
#190=ORIENTED_EDGE('',*,*,#614,.T.);
#191=ORIENTED_EDGE('',*,*,#611,.T.);
#192=ORIENTED_EDGE('',*,*,#615,.F.);
#193=ORIENTED_EDGE('',*,*,#616,.F.);
#194=ORIENTED_EDGE('',*,*,#617,.T.);
#195=ORIENTED_EDGE('',*,*,#502,.T.);
#196=ORIENTED_EDGE('',*,*,#618,.F.);
#197=ORIENTED_EDGE('',*,*,#619,.T.);
#198=ORIENTED_EDGE('',*,*,#616,.T.);
#199=ORIENTED_EDGE('',*,*,#620,.F.);
#200=ORIENTED_EDGE('',*,*,#544,.T.);
#201=ORIENTED_EDGE('',*,*,#621,.T.);
#202=ORIENTED_EDGE('',*,*,#514,.F.);
#203=ORIENTED_EDGE('',*,*,#622,.T.);
#204=ORIENTED_EDGE('',*,*,#618,.T.);
#205=ORIENTED_EDGE('',*,*,#623,.T.);
#206=ORIENTED_EDGE('',*,*,#624,.F.);
#207=ORIENTED_EDGE('',*,*,#625,.F.);
#208=ORIENTED_EDGE('',*,*,#626,.T.);
#209=ORIENTED_EDGE('',*,*,#627,.F.);
#210=ORIENTED_EDGE('',*,*,#628,.F.);
#211=ORIENTED_EDGE('',*,*,#624,.T.);
#212=ORIENTED_EDGE('',*,*,#629,.T.);
#213=ORIENTED_EDGE('',*,*,#630,.F.);
#214=ORIENTED_EDGE('',*,*,#631,.F.);
#215=ORIENTED_EDGE('',*,*,#627,.T.);
#216=ORIENTED_EDGE('',*,*,#632,.T.);
#217=ORIENTED_EDGE('',*,*,#633,.F.);
#218=ORIENTED_EDGE('',*,*,#634,.F.);
#219=ORIENTED_EDGE('',*,*,#630,.T.);
#220=ORIENTED_EDGE('',*,*,#635,.T.);
#221=ORIENTED_EDGE('',*,*,#636,.F.);
#222=ORIENTED_EDGE('',*,*,#637,.F.);
#223=ORIENTED_EDGE('',*,*,#633,.T.);
#224=ORIENTED_EDGE('',*,*,#638,.T.);
#225=ORIENTED_EDGE('',*,*,#639,.F.);
#226=ORIENTED_EDGE('',*,*,#640,.F.);
#227=ORIENTED_EDGE('',*,*,#636,.T.);
#228=ORIENTED_EDGE('',*,*,#641,.T.);
#229=ORIENTED_EDGE('',*,*,#565,.F.);
#230=ORIENTED_EDGE('',*,*,#642,.T.);
#231=ORIENTED_EDGE('',*,*,#639,.T.);
#232=ORIENTED_EDGE('',*,*,#643,.F.);
#233=ORIENTED_EDGE('',*,*,#644,.F.);
#234=ORIENTED_EDGE('',*,*,#645,.T.);
#235=ORIENTED_EDGE('',*,*,#555,.T.);
#236=ORIENTED_EDGE('',*,*,#574,.F.);
#237=ORIENTED_EDGE('',*,*,#646,.T.);
#238=ORIENTED_EDGE('',*,*,#644,.T.);
#239=ORIENTED_EDGE('',*,*,#647,.F.);
#240=ORIENTED_EDGE('',*,*,#575,.F.);
#241=ORIENTED_EDGE('',*,*,#647,.T.);
#242=ORIENTED_EDGE('',*,*,#643,.T.);
#243=ORIENTED_EDGE('',*,*,#638,.F.);
#244=ORIENTED_EDGE('',*,*,#635,.F.);
#245=ORIENTED_EDGE('',*,*,#632,.F.);
#246=ORIENTED_EDGE('',*,*,#629,.F.);
#247=ORIENTED_EDGE('',*,*,#626,.F.);
#248=ORIENTED_EDGE('',*,*,#623,.F.);
#249=ORIENTED_EDGE('',*,*,#620,.T.);
#250=ORIENTED_EDGE('',*,*,#615,.T.);
#251=ORIENTED_EDGE('',*,*,#610,.F.);
#252=ORIENTED_EDGE('',*,*,#607,.F.);
#253=ORIENTED_EDGE('',*,*,#604,.T.);
#254=ORIENTED_EDGE('',*,*,#599,.T.);
#255=ORIENTED_EDGE('',*,*,#594,.F.);
#256=ORIENTED_EDGE('',*,*,#591,.F.);
#257=ORIENTED_EDGE('',*,*,#588,.T.);
#258=ORIENTED_EDGE('',*,*,#583,.T.);
#259=ORIENTED_EDGE('',*,*,#578,.F.);
#260=ORIENTED_EDGE('',*,*,#523,.F.);
#261=ORIENTED_EDGE('',*,*,#648,.T.);
#262=ORIENTED_EDGE('',*,*,#494,.T.);
#263=ORIENTED_EDGE('',*,*,#649,.T.);
#264=ORIENTED_EDGE('',*,*,#529,.F.);
#265=ORIENTED_EDGE('',*,*,#650,.T.);
#266=ORIENTED_EDGE('',*,*,#500,.T.);
#267=ORIENTED_EDGE('',*,*,#651,.T.);
#268=ORIENTED_EDGE('',*,*,#535,.F.);
#269=ORIENTED_EDGE('',*,*,#652,.T.);
#270=ORIENTED_EDGE('',*,*,#506,.T.);
#271=ORIENTED_EDGE('',*,*,#653,.T.);
#272=ORIENTED_EDGE('',*,*,#516,.T.);
#273=ORIENTED_EDGE('',*,*,#654,.T.);
#274=ORIENTED_EDGE('',*,*,#542,.F.);
#275=ORIENTED_EDGE('',*,*,#655,.T.);
#276=ORIENTED_EDGE('',*,*,#547,.F.);
#277=ORIENTED_EDGE('',*,*,#656,.T.);
#278=ORIENTED_EDGE('',*,*,#511,.T.);
#279=ORIENTED_EDGE('',*,*,#657,.F.);
#280=ORIENTED_EDGE('',*,*,#558,.F.);
#281=ORIENTED_EDGE('',*,*,#658,.T.);
#282=ORIENTED_EDGE('',*,*,#562,.T.);
#283=ORIENTED_EDGE('',*,*,#659,.T.);
#284=ORIENTED_EDGE('',*,*,#660,.T.);
#285=ORIENTED_EDGE('',*,*,#661,.T.);
#286=ORIENTED_EDGE('',*,*,#545,.T.);
#287=ORIENTED_EDGE('',*,*,#625,.T.);
#288=ORIENTED_EDGE('',*,*,#628,.T.);
#289=ORIENTED_EDGE('',*,*,#631,.T.);
#290=ORIENTED_EDGE('',*,*,#634,.T.);
#291=ORIENTED_EDGE('',*,*,#637,.T.);
#292=ORIENTED_EDGE('',*,*,#640,.T.);
#293=ORIENTED_EDGE('',*,*,#642,.F.);
#294=ORIENTED_EDGE('',*,*,#564,.T.);
#295=ORIENTED_EDGE('',*,*,#662,.T.);
#296=ORIENTED_EDGE('',*,*,#582,.F.);
#297=ORIENTED_EDGE('',*,*,#520,.T.);
#298=ORIENTED_EDGE('',*,*,#577,.T.);
#299=ORIENTED_EDGE('',*,*,#580,.T.);
#300=ORIENTED_EDGE('',*,*,#598,.F.);
#301=ORIENTED_EDGE('',*,*,#526,.T.);
#302=ORIENTED_EDGE('',*,*,#593,.T.);
#303=ORIENTED_EDGE('',*,*,#596,.T.);
#304=ORIENTED_EDGE('',*,*,#532,.T.);
#305=ORIENTED_EDGE('',*,*,#609,.T.);
#306=ORIENTED_EDGE('',*,*,#612,.T.);
#307=ORIENTED_EDGE('',*,*,#614,.F.);
#308=ORIENTED_EDGE('',*,*,#663,.T.);
#309=ORIENTED_EDGE('',*,*,#664,.T.);
#310=ORIENTED_EDGE('',*,*,#665,.T.);
#311=ORIENTED_EDGE('',*,*,#666,.T.);
#312=ORIENTED_EDGE('',*,*,#667,.T.);
#313=ORIENTED_EDGE('',*,*,#668,.F.);
#314=ORIENTED_EDGE('',*,*,#669,.T.);
#315=ORIENTED_EDGE('',*,*,#548,.F.);
#316=ORIENTED_EDGE('',*,*,#659,.F.);
#317=ORIENTED_EDGE('',*,*,#561,.F.);
#318=ORIENTED_EDGE('',*,*,#670,.T.);
#319=ORIENTED_EDGE('',*,*,#666,.F.);
#320=ORIENTED_EDGE('',*,*,#671,.T.);
#321=ORIENTED_EDGE('',*,*,#672,.T.);
#322=ORIENTED_EDGE('',*,*,#673,.T.);
#323=ORIENTED_EDGE('',*,*,#674,.F.);
#324=ORIENTED_EDGE('',*,*,#672,.F.);
#325=ORIENTED_EDGE('',*,*,#675,.T.);
#326=ORIENTED_EDGE('',*,*,#676,.F.);
#327=ORIENTED_EDGE('',*,*,#677,.T.);
#328=ORIENTED_EDGE('',*,*,#559,.F.);
#329=ORIENTED_EDGE('',*,*,#678,.T.);
#330=ORIENTED_EDGE('',*,*,#550,.T.);
#331=ORIENTED_EDGE('',*,*,#679,.T.);
#332=ORIENTED_EDGE('',*,*,#680,.T.);
#333=ORIENTED_EDGE('',*,*,#681,.T.);
#334=ORIENTED_EDGE('',*,*,#569,.F.);
#335=ORIENTED_EDGE('',*,*,#682,.T.);
#336=ORIENTED_EDGE('',*,*,#551,.T.);
#337=ORIENTED_EDGE('',*,*,#678,.F.);
#338=ORIENTED_EDGE('',*,*,#683,.T.);
#339=ORIENTED_EDGE('',*,*,#684,.F.);
#340=ORIENTED_EDGE('',*,*,#685,.T.);
#341=ORIENTED_EDGE('',*,*,#686,.F.);
#342=ORIENTED_EDGE('',*,*,#687,.T.);
#343=ORIENTED_EDGE('',*,*,#537,.F.);
#344=ORIENTED_EDGE('',*,*,#657,.T.);
#345=ORIENTED_EDGE('',*,*,#510,.F.);
#346=ORIENTED_EDGE('',*,*,#688,.T.);
#347=ORIENTED_EDGE('',*,*,#689,.T.);
#348=ORIENTED_EDGE('',*,*,#690,.T.);
#349=ORIENTED_EDGE('',*,*,#518,.F.);
#350=ORIENTED_EDGE('',*,*,#691,.T.);
#351=ORIENTED_EDGE('',*,*,#540,.T.);
#352=ORIENTED_EDGE('',*,*,#692,.T.);
#353=ORIENTED_EDGE('',*,*,#693,.F.);
#354=ORIENTED_EDGE('',*,*,#694,.T.);
#355=ORIENTED_EDGE('',*,*,#695,.T.);
#356=ORIENTED_EDGE('',*,*,#696,.T.);
#357=ORIENTED_EDGE('',*,*,#697,.T.);
#358=ORIENTED_EDGE('',*,*,#698,.F.);
#359=ORIENTED_EDGE('',*,*,#699,.T.);
#360=ORIENTED_EDGE('',*,*,#508,.F.);
#361=ORIENTED_EDGE('',*,*,#692,.F.);
#362=ORIENTED_EDGE('',*,*,#539,.T.);
#363=ORIENTED_EDGE('',*,*,#700,.T.);
#364=ORIENTED_EDGE('',*,*,#696,.F.);
#365=ORIENTED_EDGE('',*,*,#701,.T.);
#366=ORIENTED_EDGE('',*,*,#684,.T.);
#367=ORIENTED_EDGE('',*,*,#702,.T.);
#368=ORIENTED_EDGE('',*,*,#686,.T.);
#369=ORIENTED_EDGE('',*,*,#703,.T.);
#370=ORIENTED_EDGE('',*,*,#694,.F.);
#371=ORIENTED_EDGE('',*,*,#704,.F.);
#372=ORIENTED_EDGE('',*,*,#676,.T.);
#373=ORIENTED_EDGE('',*,*,#705,.T.);
#374=ORIENTED_EDGE('',*,*,#664,.F.);
#375=ORIENTED_EDGE('',*,*,#706,.T.);
#376=ORIENTED_EDGE('',*,*,#698,.T.);
#377=ORIENTED_EDGE('',*,*,#707,.T.);
#378=ORIENTED_EDGE('',*,*,#689,.F.);
#379=ORIENTED_EDGE('',*,*,#708,.T.);
#380=ORIENTED_EDGE('',*,*,#668,.T.);
#381=ORIENTED_EDGE('',*,*,#709,.T.);
#382=ORIENTED_EDGE('',*,*,#680,.F.);
#383=ORIENTED_EDGE('',*,*,#710,.F.);
#384=ORIENTED_EDGE('',*,*,#665,.F.);
#385=ORIENTED_EDGE('',*,*,#705,.F.);
#386=ORIENTED_EDGE('',*,*,#675,.F.);
#387=ORIENTED_EDGE('',*,*,#671,.F.);
#388=ORIENTED_EDGE('',*,*,#685,.F.);
#389=ORIENTED_EDGE('',*,*,#701,.F.);
#390=ORIENTED_EDGE('',*,*,#695,.F.);
#391=ORIENTED_EDGE('',*,*,#703,.F.);
#392=ORIENTED_EDGE('',*,*,#667,.F.);
#393=ORIENTED_EDGE('',*,*,#673,.F.);
#394=ORIENTED_EDGE('',*,*,#681,.F.);
#395=ORIENTED_EDGE('',*,*,#709,.F.);
#396=ORIENTED_EDGE('',*,*,#690,.F.);
#397=ORIENTED_EDGE('',*,*,#707,.F.);
#398=ORIENTED_EDGE('',*,*,#697,.F.);
#399=ORIENTED_EDGE('',*,*,#702,.F.);
#400=ORIENTED_EDGE('',*,*,#557,.F.);
#401=ORIENTED_EDGE('',*,*,#711,.T.);
#402=ORIENTED_EDGE('',*,*,#662,.F.);
#403=ORIENTED_EDGE('',*,*,#563,.F.);
#404=ORIENTED_EDGE('',*,*,#658,.F.);
#405=ORIENTED_EDGE('',*,*,#661,.F.);
#406=ORIENTED_EDGE('',*,*,#712,.T.);
#407=ORIENTED_EDGE('',*,*,#512,.F.);
#408=ORIENTED_EDGE('',*,*,#656,.F.);
#409=ORIENTED_EDGE('',*,*,#546,.F.);
#410=ORIENTED_EDGE('',*,*,#568,.F.);
#411=ORIENTED_EDGE('',*,*,#571,.F.);
#412=ORIENTED_EDGE('',*,*,#552,.F.);
#413=ORIENTED_EDGE('',*,*,#682,.F.);
#414=ORIENTED_EDGE('',*,*,#541,.F.);
#415=ORIENTED_EDGE('',*,*,#691,.F.);
#416=ORIENTED_EDGE('',*,*,#517,.F.);
#417=ORIENTED_EDGE('',*,*,#655,.F.);
#418=ORIENTED_EDGE('',*,*,#573,.F.);
#419=ORIENTED_EDGE('',*,*,#491,.F.);
#420=ORIENTED_EDGE('',*,*,#585,.F.);
#421=ORIENTED_EDGE('',*,*,#587,.F.);
#422=ORIENTED_EDGE('',*,*,#590,.F.);
#423=ORIENTED_EDGE('',*,*,#497,.F.);
#424=ORIENTED_EDGE('',*,*,#601,.F.);
#425=ORIENTED_EDGE('',*,*,#603,.F.);
#426=ORIENTED_EDGE('',*,*,#606,.F.);
#427=ORIENTED_EDGE('',*,*,#503,.F.);
#428=ORIENTED_EDGE('',*,*,#617,.F.);
#429=ORIENTED_EDGE('',*,*,#619,.F.);
#430=ORIENTED_EDGE('',*,*,#622,.F.);
#431=ORIENTED_EDGE('',*,*,#513,.F.);
#432=ORIENTED_EDGE('',*,*,#712,.F.);
#433=ORIENTED_EDGE('',*,*,#660,.F.);
#434=ORIENTED_EDGE('',*,*,#711,.F.);
#435=ORIENTED_EDGE('',*,*,#556,.F.);
#436=ORIENTED_EDGE('',*,*,#645,.F.);
#437=ORIENTED_EDGE('',*,*,#646,.F.);
#438=ORIENTED_EDGE('',*,*,#693,.T.);
#439=ORIENTED_EDGE('',*,*,#683,.F.);
#440=ORIENTED_EDGE('',*,*,#674,.T.);
#441=ORIENTED_EDGE('',*,*,#663,.F.);
#442=ORIENTED_EDGE('',*,*,#688,.F.);
#443=ORIENTED_EDGE('',*,*,#509,.F.);
#444=ORIENTED_EDGE('',*,*,#699,.F.);
#445=ORIENTED_EDGE('',*,*,#708,.F.);
#446=ORIENTED_EDGE('',*,*,#669,.F.);
#447=ORIENTED_EDGE('',*,*,#710,.T.);
#448=ORIENTED_EDGE('',*,*,#679,.F.);
#449=ORIENTED_EDGE('',*,*,#549,.F.);
#450=ORIENTED_EDGE('',*,*,#687,.F.);
#451=ORIENTED_EDGE('',*,*,#704,.T.);
#452=ORIENTED_EDGE('',*,*,#700,.F.);
#453=ORIENTED_EDGE('',*,*,#538,.F.);
#454=ORIENTED_EDGE('',*,*,#670,.F.);
#455=ORIENTED_EDGE('',*,*,#560,.F.);
#456=ORIENTED_EDGE('',*,*,#677,.F.);
#457=ORIENTED_EDGE('',*,*,#706,.F.);
#458=ORIENTED_EDGE('',*,*,#507,.F.);
#459=ORIENTED_EDGE('',*,*,#652,.F.);
#460=ORIENTED_EDGE('',*,*,#534,.F.);
#461=ORIENTED_EDGE('',*,*,#613,.F.);
#462=ORIENTED_EDGE('',*,*,#515,.F.);
#463=ORIENTED_EDGE('',*,*,#621,.F.);
#464=ORIENTED_EDGE('',*,*,#543,.F.);
#465=ORIENTED_EDGE('',*,*,#654,.F.);
#466=ORIENTED_EDGE('',*,*,#501,.F.);
#467=ORIENTED_EDGE('',*,*,#650,.F.);
#468=ORIENTED_EDGE('',*,*,#528,.F.);
#469=ORIENTED_EDGE('',*,*,#597,.F.);
#470=ORIENTED_EDGE('',*,*,#505,.F.);
#471=ORIENTED_EDGE('',*,*,#605,.F.);
#472=ORIENTED_EDGE('',*,*,#536,.F.);
#473=ORIENTED_EDGE('',*,*,#653,.F.);
#474=ORIENTED_EDGE('',*,*,#495,.F.);
#475=ORIENTED_EDGE('',*,*,#648,.F.);
#476=ORIENTED_EDGE('',*,*,#522,.F.);
#477=ORIENTED_EDGE('',*,*,#581,.F.);
#478=ORIENTED_EDGE('',*,*,#499,.F.);
#479=ORIENTED_EDGE('',*,*,#589,.F.);
#480=ORIENTED_EDGE('',*,*,#530,.F.);
#481=ORIENTED_EDGE('',*,*,#651,.F.);
#482=ORIENTED_EDGE('',*,*,#554,.F.);
#483=ORIENTED_EDGE('',*,*,#570,.F.);
#484=ORIENTED_EDGE('',*,*,#566,.F.);
#485=ORIENTED_EDGE('',*,*,#641,.F.);
#486=ORIENTED_EDGE('',*,*,#493,.F.);
#487=ORIENTED_EDGE('',*,*,#572,.F.);
#488=ORIENTED_EDGE('',*,*,#524,.F.);
#489=ORIENTED_EDGE('',*,*,#649,.F.);
#490=EDGE_CURVE('',#713,#714,#863,.T.);
#491=EDGE_CURVE('',#713,#715,#864,.F.);
#492=EDGE_CURVE('',#715,#716,#865,.T.);
#493=EDGE_CURVE('',#716,#717,#866,.F.);
#494=EDGE_CURVE('',#718,#717,#867,.T.);
#495=EDGE_CURVE('',#718,#714,#868,.T.);
#496=EDGE_CURVE('',#719,#720,#869,.T.);
#497=EDGE_CURVE('',#719,#721,#870,.F.);
#498=EDGE_CURVE('',#721,#722,#871,.T.);
#499=EDGE_CURVE('',#722,#723,#872,.F.);
#500=EDGE_CURVE('',#724,#723,#873,.T.);
#501=EDGE_CURVE('',#724,#720,#874,.T.);
#502=EDGE_CURVE('',#725,#726,#875,.T.);
#503=EDGE_CURVE('',#725,#727,#876,.F.);
#504=EDGE_CURVE('',#727,#728,#877,.T.);
#505=EDGE_CURVE('',#728,#729,#878,.F.);
#506=EDGE_CURVE('',#730,#729,#879,.T.);
#507=EDGE_CURVE('',#730,#726,#880,.T.);
#508=EDGE_CURVE('',#731,#732,#881,.T.);
#509=EDGE_CURVE('',#732,#733,#882,.T.);
#510=EDGE_CURVE('',#733,#734,#883,.T.);
#511=EDGE_CURVE('',#735,#734,#884,.T.);
#512=EDGE_CURVE('',#735,#736,#24,.T.);
#513=EDGE_CURVE('',#736,#737,#885,.F.);
#514=EDGE_CURVE('',#737,#738,#886,.T.);
#515=EDGE_CURVE('',#738,#739,#887,.F.);
#516=EDGE_CURVE('',#740,#739,#888,.T.);
#517=EDGE_CURVE('',#740,#741,#25,.F.);
#518=EDGE_CURVE('',#741,#731,#889,.T.);
#519=EDGE_CURVE('',#742,#743,#890,.T.);
#520=EDGE_CURVE('',#744,#742,#891,.T.);
#521=EDGE_CURVE('',#744,#745,#892,.T.);
#522=EDGE_CURVE('',#745,#746,#893,.T.);
#523=EDGE_CURVE('',#746,#747,#894,.T.);
#524=EDGE_CURVE('',#747,#743,#895,.F.);
#525=EDGE_CURVE('',#748,#749,#896,.T.);
#526=EDGE_CURVE('',#750,#748,#897,.T.);
#527=EDGE_CURVE('',#750,#751,#898,.T.);
#528=EDGE_CURVE('',#751,#752,#899,.T.);
#529=EDGE_CURVE('',#752,#753,#900,.T.);
#530=EDGE_CURVE('',#753,#749,#901,.F.);
#531=EDGE_CURVE('',#754,#755,#902,.T.);
#532=EDGE_CURVE('',#756,#754,#903,.T.);
#533=EDGE_CURVE('',#756,#757,#904,.T.);
#534=EDGE_CURVE('',#757,#758,#905,.T.);
#535=EDGE_CURVE('',#758,#759,#906,.T.);
#536=EDGE_CURVE('',#759,#755,#907,.F.);
#537=EDGE_CURVE('',#760,#761,#908,.T.);
#538=EDGE_CURVE('',#761,#762,#909,.T.);
#539=EDGE_CURVE('',#763,#762,#910,.T.);
#540=EDGE_CURVE('',#764,#763,#911,.T.);
#541=EDGE_CURVE('',#764,#765,#26,.T.);
#542=EDGE_CURVE('',#765,#766,#912,.T.);
#543=EDGE_CURVE('',#766,#767,#913,.F.);
#544=EDGE_CURVE('',#768,#767,#914,.T.);
#545=EDGE_CURVE('',#769,#768,#915,.T.);
#546=EDGE_CURVE('',#769,#770,#27,.F.);
#547=EDGE_CURVE('',#770,#760,#916,.T.);
#548=EDGE_CURVE('',#771,#772,#917,.T.);
#549=EDGE_CURVE('',#772,#773,#918,.T.);
#550=EDGE_CURVE('',#774,#773,#919,.T.);
#551=EDGE_CURVE('',#775,#774,#920,.T.);
#552=EDGE_CURVE('',#775,#776,#28,.F.);
#553=EDGE_CURVE('',#777,#776,#921,.T.);
#554=EDGE_CURVE('',#777,#778,#922,.T.);
#555=EDGE_CURVE('',#779,#778,#923,.T.);
#556=EDGE_CURVE('',#779,#780,#924,.F.);
#557=EDGE_CURVE('',#780,#781,#29,.T.);
#558=EDGE_CURVE('',#781,#771,#925,.T.);
#559=EDGE_CURVE('',#782,#783,#926,.T.);
#560=EDGE_CURVE('',#783,#784,#927,.T.);
#561=EDGE_CURVE('',#784,#785,#928,.T.);
#562=EDGE_CURVE('',#786,#785,#929,.T.);
#563=EDGE_CURVE('',#786,#787,#30,.F.);
#564=EDGE_CURVE('',#788,#787,#930,.T.);
#565=EDGE_CURVE('',#788,#789,#931,.T.);
#566=EDGE_CURVE('',#789,#790,#932,.T.);
#567=EDGE_CURVE('',#790,#791,#933,.T.);
#568=EDGE_CURVE('',#791,#792,#31,.T.);
#569=EDGE_CURVE('',#792,#782,#934,.T.);
#570=EDGE_CURVE('',#790,#777,#935,.T.);
#571=EDGE_CURVE('',#776,#791,#936,.F.);
#572=EDGE_CURVE('',#743,#716,#937,.T.);
#573=EDGE_CURVE('',#715,#793,#938,.F.);
#574=EDGE_CURVE('',#793,#794,#939,.T.);
#575=EDGE_CURVE('',#794,#795,#940,.T.);
#576=EDGE_CURVE('',#796,#795,#941,.T.);
#577=EDGE_CURVE('',#742,#796,#942,.T.);
#578=EDGE_CURVE('',#795,#797,#943,.T.);
#579=EDGE_CURVE('',#798,#797,#944,.T.);
#580=EDGE_CURVE('',#796,#798,#945,.T.);
#581=EDGE_CURVE('',#714,#745,#946,.T.);
#582=EDGE_CURVE('',#744,#798,#947,.T.);
#583=EDGE_CURVE('',#799,#797,#948,.T.);
#584=EDGE_CURVE('',#800,#799,#949,.T.);
#585=EDGE_CURVE('',#800,#713,#950,.F.);
#586=EDGE_CURVE('',#801,#802,#951,.T.);
#587=EDGE_CURVE('',#801,#800,#952,.T.);
#588=EDGE_CURVE('',#802,#799,#953,.T.);
#589=EDGE_CURVE('',#749,#722,#954,.T.);
#590=EDGE_CURVE('',#721,#801,#955,.F.);
#591=EDGE_CURVE('',#802,#803,#956,.T.);
#592=EDGE_CURVE('',#804,#803,#957,.T.);
#593=EDGE_CURVE('',#748,#804,#958,.T.);
#594=EDGE_CURVE('',#803,#805,#959,.T.);
#595=EDGE_CURVE('',#806,#805,#960,.T.);
#596=EDGE_CURVE('',#804,#806,#961,.T.);
#597=EDGE_CURVE('',#720,#751,#962,.T.);
#598=EDGE_CURVE('',#750,#806,#963,.T.);
#599=EDGE_CURVE('',#807,#805,#964,.T.);
#600=EDGE_CURVE('',#808,#807,#965,.T.);
#601=EDGE_CURVE('',#808,#719,#966,.F.);
#602=EDGE_CURVE('',#809,#810,#967,.T.);
#603=EDGE_CURVE('',#809,#808,#968,.T.);
#604=EDGE_CURVE('',#810,#807,#969,.T.);
#605=EDGE_CURVE('',#755,#728,#970,.T.);
#606=EDGE_CURVE('',#727,#809,#971,.F.);
#607=EDGE_CURVE('',#810,#811,#972,.T.);
#608=EDGE_CURVE('',#812,#811,#973,.T.);
#609=EDGE_CURVE('',#754,#812,#974,.T.);
#610=EDGE_CURVE('',#811,#813,#975,.T.);
#611=EDGE_CURVE('',#814,#813,#976,.T.);
#612=EDGE_CURVE('',#812,#814,#977,.T.);
#613=EDGE_CURVE('',#726,#757,#978,.T.);
#614=EDGE_CURVE('',#756,#814,#979,.T.);
#615=EDGE_CURVE('',#815,#813,#980,.T.);
#616=EDGE_CURVE('',#816,#815,#981,.T.);
#617=EDGE_CURVE('',#816,#725,#982,.F.);
#618=EDGE_CURVE('',#817,#818,#983,.T.);
#619=EDGE_CURVE('',#817,#816,#984,.T.);
#620=EDGE_CURVE('',#818,#815,#985,.T.);
#621=EDGE_CURVE('',#767,#738,#986,.T.);
#622=EDGE_CURVE('',#737,#817,#987,.F.);
#623=EDGE_CURVE('',#818,#819,#988,.T.);
#624=EDGE_CURVE('',#820,#819,#989,.T.);
#625=EDGE_CURVE('',#768,#820,#990,.T.);
#626=EDGE_CURVE('',#819,#821,#991,.T.);
#627=EDGE_CURVE('',#822,#821,#992,.T.);
#628=EDGE_CURVE('',#820,#822,#993,.T.);
#629=EDGE_CURVE('',#821,#823,#994,.T.);
#630=EDGE_CURVE('',#824,#823,#995,.T.);
#631=EDGE_CURVE('',#822,#824,#996,.T.);
#632=EDGE_CURVE('',#823,#825,#997,.T.);
#633=EDGE_CURVE('',#826,#825,#998,.T.);
#634=EDGE_CURVE('',#824,#826,#999,.T.);
#635=EDGE_CURVE('',#825,#827,#1000,.T.);
#636=EDGE_CURVE('',#828,#827,#1001,.T.);
#637=EDGE_CURVE('',#826,#828,#1002,.T.);
#638=EDGE_CURVE('',#827,#829,#1003,.T.);
#639=EDGE_CURVE('',#830,#829,#1004,.T.);
#640=EDGE_CURVE('',#828,#830,#1005,.T.);
#641=EDGE_CURVE('',#778,#789,#1006,.T.);
#642=EDGE_CURVE('',#788,#830,#1007,.T.);
#643=EDGE_CURVE('',#831,#829,#1008,.T.);
#644=EDGE_CURVE('',#832,#831,#1009,.T.);
#645=EDGE_CURVE('',#832,#779,#1010,.F.);
#646=EDGE_CURVE('',#793,#832,#1011,.T.);
#647=EDGE_CURVE('',#794,#831,#1012,.T.);
#648=EDGE_CURVE('',#746,#718,#1013,.T.);
#649=EDGE_CURVE('',#717,#747,#1014,.T.);
#650=EDGE_CURVE('',#752,#724,#1015,.T.);
#651=EDGE_CURVE('',#723,#753,#1016,.T.);
#652=EDGE_CURVE('',#758,#730,#1017,.T.);
#653=EDGE_CURVE('',#729,#759,#1018,.T.);
#654=EDGE_CURVE('',#739,#766,#1019,.T.);
#655=EDGE_CURVE('',#765,#740,#1020,.T.);
#656=EDGE_CURVE('',#770,#735,#1021,.F.);
#657=EDGE_CURVE('',#760,#734,#1022,.T.);
#658=EDGE_CURVE('',#781,#786,#1023,.T.);
#659=EDGE_CURVE('',#785,#771,#1024,.T.);
#660=EDGE_CURVE('',#833,#834,#1025,.T.);
#661=EDGE_CURVE('',#834,#769,#1026,.T.);
#662=EDGE_CURVE('',#787,#833,#1027,.F.);
#663=EDGE_CURVE('',#835,#835,#32,.F.);
#664=EDGE_CURVE('',#836,#837,#1028,.T.);
#665=EDGE_CURVE('',#837,#838,#33,.T.);
#666=EDGE_CURVE('',#838,#839,#1029,.T.);
#667=EDGE_CURVE('',#839,#840,#34,.T.);
#668=EDGE_CURVE('',#841,#840,#1030,.T.);
#669=EDGE_CURVE('',#841,#772,#1031,.F.);
#670=EDGE_CURVE('',#784,#836,#1032,.F.);
#671=EDGE_CURVE('',#838,#842,#1033,.T.);
#672=EDGE_CURVE('',#842,#843,#1034,.T.);
#673=EDGE_CURVE('',#843,#839,#1035,.F.);
#674=EDGE_CURVE('',#844,#844,#35,.T.);
#675=EDGE_CURVE('',#842,#845,#36,.F.);
#676=EDGE_CURVE('',#846,#845,#1036,.T.);
#677=EDGE_CURVE('',#846,#783,#1037,.F.);
#678=EDGE_CURVE('',#782,#774,#1038,.T.);
#679=EDGE_CURVE('',#773,#847,#1039,.F.);
#680=EDGE_CURVE('',#847,#848,#1040,.T.);
#681=EDGE_CURVE('',#848,#843,#37,.F.);
#682=EDGE_CURVE('',#792,#775,#1041,.T.);
#683=EDGE_CURVE('',#849,#849,#38,.F.);
#684=EDGE_CURVE('',#850,#851,#1042,.T.);
#685=EDGE_CURVE('',#850,#852,#39,.F.);
#686=EDGE_CURVE('',#853,#852,#1043,.T.);
#687=EDGE_CURVE('',#853,#761,#1044,.T.);
#688=EDGE_CURVE('',#733,#854,#1045,.T.);
#689=EDGE_CURVE('',#854,#855,#1046,.T.);
#690=EDGE_CURVE('',#855,#851,#40,.F.);
#691=EDGE_CURVE('',#741,#764,#1047,.F.);
#692=EDGE_CURVE('',#763,#731,#1048,.T.);
#693=EDGE_CURVE('',#856,#856,#41,.T.);
#694=EDGE_CURVE('',#857,#858,#1049,.T.);
#695=EDGE_CURVE('',#858,#859,#42,.T.);
#696=EDGE_CURVE('',#859,#860,#1050,.T.);
#697=EDGE_CURVE('',#860,#861,#43,.T.);
#698=EDGE_CURVE('',#862,#861,#1051,.T.);
#699=EDGE_CURVE('',#862,#732,#1052,.T.);
#700=EDGE_CURVE('',#762,#857,#1053,.T.);
#701=EDGE_CURVE('',#859,#850,#1054,.F.);
#702=EDGE_CURVE('',#851,#860,#1055,.T.);
#703=EDGE_CURVE('',#852,#858,#1056,.T.);
#704=EDGE_CURVE('',#853,#857,#1057,.T.);
#705=EDGE_CURVE('',#845,#837,#1058,.F.);
#706=EDGE_CURVE('',#836,#846,#1059,.T.);
#707=EDGE_CURVE('',#861,#855,#1060,.F.);
#708=EDGE_CURVE('',#854,#862,#1061,.T.);
#709=EDGE_CURVE('',#840,#848,#1062,.T.);
#710=EDGE_CURVE('',#841,#847,#1063,.T.);
#711=EDGE_CURVE('',#780,#833,#12,.T.);
#712=EDGE_CURVE('',#834,#736,#13,.T.);
#713=VERTEX_POINT('',#2076);
#714=VERTEX_POINT('',#2077);
#715=VERTEX_POINT('',#2079);
#716=VERTEX_POINT('',#2081);
#717=VERTEX_POINT('',#2083);
#718=VERTEX_POINT('',#2085);
#719=VERTEX_POINT('',#2089);
#720=VERTEX_POINT('',#2090);
#721=VERTEX_POINT('',#2092);
#722=VERTEX_POINT('',#2094);
#723=VERTEX_POINT('',#2096);
#724=VERTEX_POINT('',#2098);
#725=VERTEX_POINT('',#2102);
#726=VERTEX_POINT('',#2103);
#727=VERTEX_POINT('',#2105);
#728=VERTEX_POINT('',#2107);
#729=VERTEX_POINT('',#2109);
#730=VERTEX_POINT('',#2111);
#731=VERTEX_POINT('',#2115);
#732=VERTEX_POINT('',#2116);
#733=VERTEX_POINT('',#2118);
#734=VERTEX_POINT('',#2120);
#735=VERTEX_POINT('',#2122);
#736=VERTEX_POINT('',#2124);
#737=VERTEX_POINT('',#2126);
#738=VERTEX_POINT('',#2128);
#739=VERTEX_POINT('',#2130);
#740=VERTEX_POINT('',#2132);
#741=VERTEX_POINT('',#2134);
#742=VERTEX_POINT('',#2138);
#743=VERTEX_POINT('',#2139);
#744=VERTEX_POINT('',#2141);
#745=VERTEX_POINT('',#2143);
#746=VERTEX_POINT('',#2145);
#747=VERTEX_POINT('',#2147);
#748=VERTEX_POINT('',#2151);
#749=VERTEX_POINT('',#2152);
#750=VERTEX_POINT('',#2154);
#751=VERTEX_POINT('',#2156);
#752=VERTEX_POINT('',#2158);
#753=VERTEX_POINT('',#2160);
#754=VERTEX_POINT('',#2164);
#755=VERTEX_POINT('',#2165);
#756=VERTEX_POINT('',#2167);
#757=VERTEX_POINT('',#2169);
#758=VERTEX_POINT('',#2171);
#759=VERTEX_POINT('',#2173);
#760=VERTEX_POINT('',#2177);
#761=VERTEX_POINT('',#2178);
#762=VERTEX_POINT('',#2180);
#763=VERTEX_POINT('',#2182);
#764=VERTEX_POINT('',#2184);
#765=VERTEX_POINT('',#2186);
#766=VERTEX_POINT('',#2188);
#767=VERTEX_POINT('',#2190);
#768=VERTEX_POINT('',#2192);
#769=VERTEX_POINT('',#2194);
#770=VERTEX_POINT('',#2196);
#771=VERTEX_POINT('',#2200);
#772=VERTEX_POINT('',#2201);
#773=VERTEX_POINT('',#2203);
#774=VERTEX_POINT('',#2205);
#775=VERTEX_POINT('',#2207);
#776=VERTEX_POINT('',#2209);
#777=VERTEX_POINT('',#2211);
#778=VERTEX_POINT('',#2213);
#779=VERTEX_POINT('',#2215);
#780=VERTEX_POINT('',#2217);
#781=VERTEX_POINT('',#2219);
#782=VERTEX_POINT('',#2223);
#783=VERTEX_POINT('',#2224);
#784=VERTEX_POINT('',#2226);
#785=VERTEX_POINT('',#2228);
#786=VERTEX_POINT('',#2230);
#787=VERTEX_POINT('',#2232);
#788=VERTEX_POINT('',#2234);
#789=VERTEX_POINT('',#2236);
#790=VERTEX_POINT('',#2238);
#791=VERTEX_POINT('',#2240);
#792=VERTEX_POINT('',#2242);
#793=VERTEX_POINT('',#2250);
#794=VERTEX_POINT('',#2252);
#795=VERTEX_POINT('',#2254);
#796=VERTEX_POINT('',#2256);
#797=VERTEX_POINT('',#2260);
#798=VERTEX_POINT('',#2262);
#799=VERTEX_POINT('',#2268);
#800=VERTEX_POINT('',#2270);
#801=VERTEX_POINT('',#2274);
#802=VERTEX_POINT('',#2275);
#803=VERTEX_POINT('',#2282);
#804=VERTEX_POINT('',#2284);
#805=VERTEX_POINT('',#2288);
#806=VERTEX_POINT('',#2290);
#807=VERTEX_POINT('',#2296);
#808=VERTEX_POINT('',#2298);
#809=VERTEX_POINT('',#2302);
#810=VERTEX_POINT('',#2303);
#811=VERTEX_POINT('',#2310);
#812=VERTEX_POINT('',#2312);
#813=VERTEX_POINT('',#2316);
#814=VERTEX_POINT('',#2318);
#815=VERTEX_POINT('',#2324);
#816=VERTEX_POINT('',#2326);
#817=VERTEX_POINT('',#2330);
#818=VERTEX_POINT('',#2331);
#819=VERTEX_POINT('',#2338);
#820=VERTEX_POINT('',#2340);
#821=VERTEX_POINT('',#2344);
#822=VERTEX_POINT('',#2346);
#823=VERTEX_POINT('',#2350);
#824=VERTEX_POINT('',#2352);
#825=VERTEX_POINT('',#2356);
#826=VERTEX_POINT('',#2358);
#827=VERTEX_POINT('',#2362);
#828=VERTEX_POINT('',#2364);
#829=VERTEX_POINT('',#2368);
#830=VERTEX_POINT('',#2370);
#831=VERTEX_POINT('',#2376);
#832=VERTEX_POINT('',#2378);
#833=VERTEX_POINT('',#2404);
#834=VERTEX_POINT('',#2405);
#835=VERTEX_POINT('',#2410);
#836=VERTEX_POINT('',#2412);
#837=VERTEX_POINT('',#2413);
#838=VERTEX_POINT('',#2415);
#839=VERTEX_POINT('',#2417);
#840=VERTEX_POINT('',#2419);
#841=VERTEX_POINT('',#2421);
#842=VERTEX_POINT('',#2426);
#843=VERTEX_POINT('',#2428);
#844=VERTEX_POINT('',#2432);
#845=VERTEX_POINT('',#2434);
#846=VERTEX_POINT('',#2436);
#847=VERTEX_POINT('',#2440);
#848=VERTEX_POINT('',#2442);
#849=VERTEX_POINT('',#2448);
#850=VERTEX_POINT('',#2450);
#851=VERTEX_POINT('',#2451);
#852=VERTEX_POINT('',#2453);
#853=VERTEX_POINT('',#2455);
#854=VERTEX_POINT('',#2458);
#855=VERTEX_POINT('',#2460);
#856=VERTEX_POINT('',#2467);
#857=VERTEX_POINT('',#2469);
#858=VERTEX_POINT('',#2470);
#859=VERTEX_POINT('',#2472);
#860=VERTEX_POINT('',#2474);
#861=VERTEX_POINT('',#2476);
#862=VERTEX_POINT('',#2478);
#863=LINE('',#2075,#1064);
#864=LINE('',#2078,#1065);
#865=LINE('',#2080,#1066);
#866=LINE('',#2082,#1067);
#867=LINE('',#2084,#1068);
#868=LINE('',#2086,#1069);
#869=LINE('',#2088,#1070);
#870=LINE('',#2091,#1071);
#871=LINE('',#2093,#1072);
#872=LINE('',#2095,#1073);
#873=LINE('',#2097,#1074);
#874=LINE('',#2099,#1075);
#875=LINE('',#2101,#1076);
#876=LINE('',#2104,#1077);
#877=LINE('',#2106,#1078);
#878=LINE('',#2108,#1079);
#879=LINE('',#2110,#1080);
#880=LINE('',#2112,#1081);
#881=LINE('',#2114,#1082);
#882=LINE('',#2117,#1083);
#883=LINE('',#2119,#1084);
#884=LINE('',#2121,#1085);
#885=LINE('',#2125,#1086);
#886=LINE('',#2127,#1087);
#887=LINE('',#2129,#1088);
#888=LINE('',#2131,#1089);
#889=LINE('',#2135,#1090);
#890=LINE('',#2137,#1091);
#891=LINE('',#2140,#1092);
#892=LINE('',#2142,#1093);
#893=LINE('',#2144,#1094);
#894=LINE('',#2146,#1095);
#895=LINE('',#2148,#1096);
#896=LINE('',#2150,#1097);
#897=LINE('',#2153,#1098);
#898=LINE('',#2155,#1099);
#899=LINE('',#2157,#1100);
#900=LINE('',#2159,#1101);
#901=LINE('',#2161,#1102);
#902=LINE('',#2163,#1103);
#903=LINE('',#2166,#1104);
#904=LINE('',#2168,#1105);
#905=LINE('',#2170,#1106);
#906=LINE('',#2172,#1107);
#907=LINE('',#2174,#1108);
#908=LINE('',#2176,#1109);
#909=LINE('',#2179,#1110);
#910=LINE('',#2181,#1111);
#911=LINE('',#2183,#1112);
#912=LINE('',#2187,#1113);
#913=LINE('',#2189,#1114);
#914=LINE('',#2191,#1115);
#915=LINE('',#2193,#1116);
#916=LINE('',#2197,#1117);
#917=LINE('',#2199,#1118);
#918=LINE('',#2202,#1119);
#919=LINE('',#2204,#1120);
#920=LINE('',#2206,#1121);
#921=LINE('',#2210,#1122);
#922=LINE('',#2212,#1123);
#923=LINE('',#2214,#1124);
#924=LINE('',#2216,#1125);
#925=LINE('',#2220,#1126);
#926=LINE('',#2222,#1127);
#927=LINE('',#2225,#1128);
#928=LINE('',#2227,#1129);
#929=LINE('',#2229,#1130);
#930=LINE('',#2233,#1131);
#931=LINE('',#2235,#1132);
#932=LINE('',#2237,#1133);
#933=LINE('',#2239,#1134);
#934=LINE('',#2243,#1135);
#935=LINE('',#2245,#1136);
#936=LINE('',#2246,#1137);
#937=LINE('',#2248,#1138);
#938=LINE('',#2249,#1139);
#939=LINE('',#2251,#1140);
#940=LINE('',#2253,#1141);
#941=LINE('',#2255,#1142);
#942=LINE('',#2257,#1143);
#943=LINE('',#2259,#1144);
#944=LINE('',#2261,#1145);
#945=LINE('',#2263,#1146);
#946=LINE('',#2265,#1147);
#947=LINE('',#2266,#1148);
#948=LINE('',#2267,#1149);
#949=LINE('',#2269,#1150);
#950=LINE('',#2271,#1151);
#951=LINE('',#2273,#1152);
#952=LINE('',#2276,#1153);
#953=LINE('',#2277,#1154);
#954=LINE('',#2279,#1155);
#955=LINE('',#2280,#1156);
#956=LINE('',#2281,#1157);
#957=LINE('',#2283,#1158);
#958=LINE('',#2285,#1159);
#959=LINE('',#2287,#1160);
#960=LINE('',#2289,#1161);
#961=LINE('',#2291,#1162);
#962=LINE('',#2293,#1163);
#963=LINE('',#2294,#1164);
#964=LINE('',#2295,#1165);
#965=LINE('',#2297,#1166);
#966=LINE('',#2299,#1167);
#967=LINE('',#2301,#1168);
#968=LINE('',#2304,#1169);
#969=LINE('',#2305,#1170);
#970=LINE('',#2307,#1171);
#971=LINE('',#2308,#1172);
#972=LINE('',#2309,#1173);
#973=LINE('',#2311,#1174);
#974=LINE('',#2313,#1175);
#975=LINE('',#2315,#1176);
#976=LINE('',#2317,#1177);
#977=LINE('',#2319,#1178);
#978=LINE('',#2321,#1179);
#979=LINE('',#2322,#1180);
#980=LINE('',#2323,#1181);
#981=LINE('',#2325,#1182);
#982=LINE('',#2327,#1183);
#983=LINE('',#2329,#1184);
#984=LINE('',#2332,#1185);
#985=LINE('',#2333,#1186);
#986=LINE('',#2335,#1187);
#987=LINE('',#2336,#1188);
#988=LINE('',#2337,#1189);
#989=LINE('',#2339,#1190);
#990=LINE('',#2341,#1191);
#991=LINE('',#2343,#1192);
#992=LINE('',#2345,#1193);
#993=LINE('',#2347,#1194);
#994=LINE('',#2349,#1195);
#995=LINE('',#2351,#1196);
#996=LINE('',#2353,#1197);
#997=LINE('',#2355,#1198);
#998=LINE('',#2357,#1199);
#999=LINE('',#2359,#1200);
#1000=LINE('',#2361,#1201);
#1001=LINE('',#2363,#1202);
#1002=LINE('',#2365,#1203);
#1003=LINE('',#2367,#1204);
#1004=LINE('',#2369,#1205);
#1005=LINE('',#2371,#1206);
#1006=LINE('',#2373,#1207);
#1007=LINE('',#2374,#1208);
#1008=LINE('',#2375,#1209);
#1009=LINE('',#2377,#1210);
#1010=LINE('',#2379,#1211);
#1011=LINE('',#2381,#1212);
#1012=LINE('',#2382,#1213);
#1013=LINE('',#2385,#1214);
#1014=LINE('',#2386,#1215);
#1015=LINE('',#2388,#1216);
#1016=LINE('',#2389,#1217);
#1017=LINE('',#2391,#1218);
#1018=LINE('',#2392,#1219);
#1019=LINE('',#2394,#1220);
#1020=LINE('',#2395,#1221);
#1021=LINE('',#2397,#1222);
#1022=LINE('',#2398,#1223);
#1023=LINE('',#2400,#1224);
#1024=LINE('',#2401,#1225);
#1025=LINE('',#2403,#1226);
#1026=LINE('',#2406,#1227);
#1027=LINE('',#2407,#1228);
#1028=LINE('',#2411,#1229);
#1029=LINE('',#2416,#1230);
#1030=LINE('',#2420,#1231);
#1031=LINE('',#2422,#1232);
#1032=LINE('',#2423,#1233);
#1033=LINE('',#2425,#1234);
#1034=LINE('',#2427,#1235);
#1035=LINE('',#2429,#1236);
#1036=LINE('',#2435,#1237);
#1037=LINE('',#2437,#1238);
#1038=LINE('',#2438,#1239);
#1039=LINE('',#2439,#1240);
#1040=LINE('',#2441,#1241);
#1041=LINE('',#2445,#1242);
#1042=LINE('',#2449,#1243);
#1043=LINE('',#2454,#1244);
#1044=LINE('',#2456,#1245);
#1045=LINE('',#2457,#1246);
#1046=LINE('',#2459,#1247);
#1047=LINE('',#2463,#1248);
#1048=LINE('',#2464,#1249);
#1049=LINE('',#2468,#1250);
#1050=LINE('',#2473,#1251);
#1051=LINE('',#2477,#1252);
#1052=LINE('',#2479,#1253);
#1053=LINE('',#2480,#1254);
#1054=LINE('',#2482,#1255);
#1055=LINE('',#2483,#1256);
#1056=LINE('',#2485,#1257);
#1057=LINE('',#2486,#1258);
#1058=LINE('',#2488,#1259);
#1059=LINE('',#2489,#1260);
#1060=LINE('',#2491,#1261);
#1061=LINE('',#2492,#1262);
#1062=LINE('',#2494,#1263);
#1063=LINE('',#2495,#1264);
#1064=VECTOR('',#1682,1.);
#1065=VECTOR('',#1683,1.);
#1066=VECTOR('',#1684,1.);
#1067=VECTOR('',#1685,1.);
#1068=VECTOR('',#1686,1.);
#1069=VECTOR('',#1687,1.);
#1070=VECTOR('',#1690,1.);
#1071=VECTOR('',#1691,1.);
#1072=VECTOR('',#1692,1.);
#1073=VECTOR('',#1693,1.);
#1074=VECTOR('',#1694,1.);
#1075=VECTOR('',#1695,1.);
#1076=VECTOR('',#1698,1.);
#1077=VECTOR('',#1699,1.);
#1078=VECTOR('',#1700,1.);
#1079=VECTOR('',#1701,1.);
#1080=VECTOR('',#1702,1.);
#1081=VECTOR('',#1703,1.);
#1082=VECTOR('',#1706,1.);
#1083=VECTOR('',#1707,1.);
#1084=VECTOR('',#1708,1.);
#1085=VECTOR('',#1709,1.);
#1086=VECTOR('',#1712,1.);
#1087=VECTOR('',#1713,1.);
#1088=VECTOR('',#1714,1.);
#1089=VECTOR('',#1715,1.);
#1090=VECTOR('',#1718,1.);
#1091=VECTOR('',#1721,1.);
#1092=VECTOR('',#1722,1.);
#1093=VECTOR('',#1723,1.);
#1094=VECTOR('',#1724,1.);
#1095=VECTOR('',#1725,1.);
#1096=VECTOR('',#1726,1.);
#1097=VECTOR('',#1729,1.);
#1098=VECTOR('',#1730,1.);
#1099=VECTOR('',#1731,1.);
#1100=VECTOR('',#1732,1.);
#1101=VECTOR('',#1733,1.);
#1102=VECTOR('',#1734,1.);
#1103=VECTOR('',#1737,1.);
#1104=VECTOR('',#1738,1.);
#1105=VECTOR('',#1739,1.);
#1106=VECTOR('',#1740,1.);
#1107=VECTOR('',#1741,1.);
#1108=VECTOR('',#1742,1.);
#1109=VECTOR('',#1745,1.);
#1110=VECTOR('',#1746,1.);
#1111=VECTOR('',#1747,1.);
#1112=VECTOR('',#1748,1.);
#1113=VECTOR('',#1751,1.);
#1114=VECTOR('',#1752,1.);
#1115=VECTOR('',#1753,1.);
#1116=VECTOR('',#1754,1.);
#1117=VECTOR('',#1757,1.);
#1118=VECTOR('',#1760,1.);
#1119=VECTOR('',#1761,1.);
#1120=VECTOR('',#1762,1.);
#1121=VECTOR('',#1763,1.);
#1122=VECTOR('',#1766,1.);
#1123=VECTOR('',#1767,1.);
#1124=VECTOR('',#1768,1.);
#1125=VECTOR('',#1769,1.);
#1126=VECTOR('',#1772,1.);
#1127=VECTOR('',#1775,1.);
#1128=VECTOR('',#1776,1.);
#1129=VECTOR('',#1777,1.);
#1130=VECTOR('',#1778,1.);
#1131=VECTOR('',#1781,1.);
#1132=VECTOR('',#1782,1.);
#1133=VECTOR('',#1783,1.);
#1134=VECTOR('',#1784,1.);
#1135=VECTOR('',#1787,1.);
#1136=VECTOR('',#1790,1.);
#1137=VECTOR('',#1791,1.);
#1138=VECTOR('',#1794,1.);
#1139=VECTOR('',#1795,1.);
#1140=VECTOR('',#1796,1.);
#1141=VECTOR('',#1797,1.);
#1142=VECTOR('',#1798,1.);
#1143=VECTOR('',#1799,1.);
#1144=VECTOR('',#1802,1.);
#1145=VECTOR('',#1803,1.);
#1146=VECTOR('',#1804,1.);
#1147=VECTOR('',#1807,1.);
#1148=VECTOR('',#1808,1.);
#1149=VECTOR('',#1809,1.);
#1150=VECTOR('',#1810,1.);
#1151=VECTOR('',#1811,1.);
#1152=VECTOR('',#1814,1.);
#1153=VECTOR('',#1815,1.);
#1154=VECTOR('',#1816,1.);
#1155=VECTOR('',#1819,1.);
#1156=VECTOR('',#1820,1.);
#1157=VECTOR('',#1821,1.);
#1158=VECTOR('',#1822,1.);
#1159=VECTOR('',#1823,1.);
#1160=VECTOR('',#1826,1.);
#1161=VECTOR('',#1827,1.);
#1162=VECTOR('',#1828,1.);
#1163=VECTOR('',#1831,1.);
#1164=VECTOR('',#1832,1.);
#1165=VECTOR('',#1833,1.);
#1166=VECTOR('',#1834,1.);
#1167=VECTOR('',#1835,1.);
#1168=VECTOR('',#1838,1.);
#1169=VECTOR('',#1839,1.);
#1170=VECTOR('',#1840,1.);
#1171=VECTOR('',#1843,1.);
#1172=VECTOR('',#1844,1.);
#1173=VECTOR('',#1845,1.);
#1174=VECTOR('',#1846,1.);
#1175=VECTOR('',#1847,1.);
#1176=VECTOR('',#1850,1.);
#1177=VECTOR('',#1851,1.);
#1178=VECTOR('',#1852,1.);
#1179=VECTOR('',#1855,1.);
#1180=VECTOR('',#1856,1.);
#1181=VECTOR('',#1857,1.);
#1182=VECTOR('',#1858,1.);
#1183=VECTOR('',#1859,1.);
#1184=VECTOR('',#1862,1.);
#1185=VECTOR('',#1863,1.);
#1186=VECTOR('',#1864,1.);
#1187=VECTOR('',#1867,1.);
#1188=VECTOR('',#1868,1.);
#1189=VECTOR('',#1869,1.);
#1190=VECTOR('',#1870,1.);
#1191=VECTOR('',#1871,1.);
#1192=VECTOR('',#1874,1.);
#1193=VECTOR('',#1875,1.);
#1194=VECTOR('',#1876,1.);
#1195=VECTOR('',#1879,1.);
#1196=VECTOR('',#1880,1.);
#1197=VECTOR('',#1881,1.);
#1198=VECTOR('',#1884,1.);
#1199=VECTOR('',#1885,1.);
#1200=VECTOR('',#1886,1.);
#1201=VECTOR('',#1889,1.);
#1202=VECTOR('',#1890,1.);
#1203=VECTOR('',#1891,1.);
#1204=VECTOR('',#1894,1.);
#1205=VECTOR('',#1895,1.);
#1206=VECTOR('',#1896,1.);
#1207=VECTOR('',#1899,1.);
#1208=VECTOR('',#1900,1.);
#1209=VECTOR('',#1901,1.);
#1210=VECTOR('',#1902,1.);
#1211=VECTOR('',#1903,1.);
#1212=VECTOR('',#1906,1.);
#1213=VECTOR('',#1907,1.);
#1214=VECTOR('',#1912,1.);
#1215=VECTOR('',#1913,1.);
#1216=VECTOR('',#1916,1.);
#1217=VECTOR('',#1917,1.);
#1218=VECTOR('',#1920,1.);
#1219=VECTOR('',#1921,1.);
#1220=VECTOR('',#1924,1.);
#1221=VECTOR('',#1925,1.);
#1222=VECTOR('',#1928,1.);
#1223=VECTOR('',#1929,1.);
#1224=VECTOR('',#1932,1.);
#1225=VECTOR('',#1933,1.);
#1226=VECTOR('',#1936,1.);
#1227=VECTOR('',#1937,1.);
#1228=VECTOR('',#1938,1.);
#1229=VECTOR('',#1943,1.);
#1230=VECTOR('',#1946,1.);
#1231=VECTOR('',#1949,1.);
#1232=VECTOR('',#1950,1.);
#1233=VECTOR('',#1951,1.);
#1234=VECTOR('',#1954,1.);
#1235=VECTOR('',#1955,1.);
#1236=VECTOR('',#1956,1.);
#1237=VECTOR('',#1963,1.);
#1238=VECTOR('',#1964,1.);
#1239=VECTOR('',#1965,1.);
#1240=VECTOR('',#1966,1.);
#1241=VECTOR('',#1967,1.);
#1242=VECTOR('',#1972,1.);
#1243=VECTOR('',#1977,1.);
#1244=VECTOR('',#1980,1.);
#1245=VECTOR('',#1981,1.);
#1246=VECTOR('',#1982,1.);
#1247=VECTOR('',#1983,1.);
#1248=VECTOR('',#1988,1.);
#1249=VECTOR('',#1989,1.);
#1250=VECTOR('',#1994,1.);
#1251=VECTOR('',#1997,1.);
#1252=VECTOR('',#2000,1.);
#1253=VECTOR('',#2001,1.);
#1254=VECTOR('',#2002,1.);
#1255=VECTOR('',#2005,1.);
#1256=VECTOR('',#2006,1.);
#1257=VECTOR('',#2009,1.);
#1258=VECTOR('',#2010,1.);
#1259=VECTOR('',#2013,1.);
#1260=VECTOR('',#2014,1.);
#1261=VECTOR('',#2017,1.);
#1262=VECTOR('',#2018,1.);
#1263=VECTOR('',#2021,1.);
#1264=VECTOR('',#2022,1.);
#1265=EDGE_LOOP('',(#44,#45,#46,#47,#48,#49));
#1266=EDGE_LOOP('',(#50,#51,#52,#53,#54,#55));
#1267=EDGE_LOOP('',(#56,#57,#58,#59,#60,#61));
#1268=EDGE_LOOP('',(#62,#63,#64,#65,#66,#67,#68,#69,#70,#71,#72));
#1269=EDGE_LOOP('',(#73,#74,#75,#76,#77,#78));
#1270=EDGE_LOOP('',(#79,#80,#81,#82,#83,#84));
#1271=EDGE_LOOP('',(#85,#86,#87,#88,#89,#90));
#1272=EDGE_LOOP('',(#91,#92,#93,#94,#95,#96,#97,#98,#99,#100,#101));
#1273=EDGE_LOOP('',(#102,#103,#104,#105,#106,#107,#108,#109,#110,#111,#112));
#1274=EDGE_LOOP('',(#113,#114,#115,#116,#117,#118,#119,#120,#121,#122,#123));
#1275=EDGE_LOOP('',(#124,#125,#126,#127));
#1276=EDGE_LOOP('',(#128,#129,#130,#131,#132,#133,#134,#135));
#1277=EDGE_LOOP('',(#136,#137,#138,#139));
#1278=EDGE_LOOP('',(#140,#141,#142,#143,#144,#145,#146,#147));
#1279=EDGE_LOOP('',(#148,#149,#150,#151));
#1280=EDGE_LOOP('',(#152,#153,#154,#155,#156,#157,#158,#159));
#1281=EDGE_LOOP('',(#160,#161,#162,#163));
#1282=EDGE_LOOP('',(#164,#165,#166,#167,#168,#169,#170,#171));
#1283=EDGE_LOOP('',(#172,#173,#174,#175));
#1284=EDGE_LOOP('',(#176,#177,#178,#179,#180,#181,#182,#183));
#1285=EDGE_LOOP('',(#184,#185,#186,#187));
#1286=EDGE_LOOP('',(#188,#189,#190,#191,#192,#193,#194,#195));
#1287=EDGE_LOOP('',(#196,#197,#198,#199));
#1288=EDGE_LOOP('',(#200,#201,#202,#203,#204,#205,#206,#207));
#1289=EDGE_LOOP('',(#208,#209,#210,#211));
#1290=EDGE_LOOP('',(#212,#213,#214,#215));
#1291=EDGE_LOOP('',(#216,#217,#218,#219));
#1292=EDGE_LOOP('',(#220,#221,#222,#223));
#1293=EDGE_LOOP('',(#224,#225,#226,#227));
#1294=EDGE_LOOP('',(#228,#229,#230,#231,#232,#233,#234,#235));
#1295=EDGE_LOOP('',(#236,#237,#238,#239));
#1296=EDGE_LOOP('',(#240,#241,#242,#243,#244,#245,#246,#247,#248,#249,#250,
#251,#252,#253,#254,#255,#256,#257,#258,#259));
#1297=EDGE_LOOP('',(#260,#261,#262,#263));
#1298=EDGE_LOOP('',(#264,#265,#266,#267));
#1299=EDGE_LOOP('',(#268,#269,#270,#271));
#1300=EDGE_LOOP('',(#272,#273,#274,#275));
#1301=EDGE_LOOP('',(#276,#277,#278,#279));
#1302=EDGE_LOOP('',(#280,#281,#282,#283));
#1303=EDGE_LOOP('',(#284,#285,#286,#287,#288,#289,#290,#291,#292,#293,#294,
#295));
#1304=EDGE_LOOP('',(#296,#297,#298,#299));
#1305=EDGE_LOOP('',(#300,#301,#302,#303));
#1306=EDGE_LOOP('',(#304,#305,#306,#307));
#1307=EDGE_LOOP('',(#308));
#1308=EDGE_LOOP('',(#309,#310,#311,#312,#313,#314,#315,#316,#317,#318));
#1309=EDGE_LOOP('',(#319,#320,#321,#322));
#1310=EDGE_LOOP('',(#323));
#1311=EDGE_LOOP('',(#324,#325,#326,#327,#328,#329,#330,#331,#332,#333));
#1312=EDGE_LOOP('',(#334,#335,#336,#337));
#1313=EDGE_LOOP('',(#338));
#1314=EDGE_LOOP('',(#339,#340,#341,#342,#343,#344,#345,#346,#347,#348));
#1315=EDGE_LOOP('',(#349,#350,#351,#352));
#1316=EDGE_LOOP('',(#353));
#1317=EDGE_LOOP('',(#354,#355,#356,#357,#358,#359,#360,#361,#362,#363));
#1318=EDGE_LOOP('',(#364,#365,#366,#367));
#1319=EDGE_LOOP('',(#368,#369,#370,#371));
#1320=EDGE_LOOP('',(#372,#373,#374,#375));
#1321=EDGE_LOOP('',(#376,#377,#378,#379));
#1322=EDGE_LOOP('',(#380,#381,#382,#383));
#1323=EDGE_LOOP('',(#384,#385,#386,#387));
#1324=EDGE_LOOP('',(#388,#389,#390,#391));
#1325=EDGE_LOOP('',(#392,#393,#394,#395));
#1326=EDGE_LOOP('',(#396,#397,#398,#399));
#1327=EDGE_LOOP('',(#400,#401,#402,#403,#404));
#1328=EDGE_LOOP('',(#405,#406,#407,#408,#409));
#1329=EDGE_LOOP('',(#410,#411,#412,#413));
#1330=EDGE_LOOP('',(#414,#415,#416,#417));
#1331=EDGE_LOOP('',(#418,#419,#420,#421,#422,#423,#424,#425,#426,#427,#428,
#429,#430,#431,#432,#433,#434,#435,#436,#437));
#1332=EDGE_LOOP('',(#438));
#1333=EDGE_LOOP('',(#439));
#1334=EDGE_LOOP('',(#440));
#1335=EDGE_LOOP('',(#441));
#1336=EDGE_LOOP('',(#442,#443,#444,#445));
#1337=EDGE_LOOP('',(#446,#447,#448,#449));
#1338=EDGE_LOOP('',(#450,#451,#452,#453));
#1339=EDGE_LOOP('',(#454,#455,#456,#457));
#1340=EDGE_LOOP('',(#458,#459,#460,#461));
#1341=EDGE_LOOP('',(#462,#463,#464,#465));
#1342=EDGE_LOOP('',(#466,#467,#468,#469));
#1343=EDGE_LOOP('',(#470,#471,#472,#473));
#1344=EDGE_LOOP('',(#474,#475,#476,#477));
#1345=EDGE_LOOP('',(#478,#479,#480,#481));
#1346=EDGE_LOOP('',(#482,#483,#484,#485));
#1347=EDGE_LOOP('',(#486,#487,#488,#489));
#1348=FACE_BOUND('',#1265,.T.);
#1349=FACE_BOUND('',#1266,.T.);
#1350=FACE_BOUND('',#1267,.T.);
#1351=FACE_BOUND('',#1268,.T.);
#1352=FACE_BOUND('',#1269,.T.);
#1353=FACE_BOUND('',#1270,.T.);
#1354=FACE_BOUND('',#1271,.T.);
#1355=FACE_BOUND('',#1272,.T.);
#1356=FACE_BOUND('',#1273,.T.);
#1357=FACE_BOUND('',#1274,.T.);
#1358=FACE_BOUND('',#1275,.T.);
#1359=FACE_BOUND('',#1276,.T.);
#1360=FACE_BOUND('',#1277,.T.);
#1361=FACE_BOUND('',#1278,.T.);
#1362=FACE_BOUND('',#1279,.T.);
#1363=FACE_BOUND('',#1280,.T.);
#1364=FACE_BOUND('',#1281,.T.);
#1365=FACE_BOUND('',#1282,.T.);
#1366=FACE_BOUND('',#1283,.T.);
#1367=FACE_BOUND('',#1284,.T.);
#1368=FACE_BOUND('',#1285,.T.);
#1369=FACE_BOUND('',#1286,.T.);
#1370=FACE_BOUND('',#1287,.T.);
#1371=FACE_BOUND('',#1288,.T.);
#1372=FACE_BOUND('',#1289,.T.);
#1373=FACE_BOUND('',#1290,.T.);
#1374=FACE_BOUND('',#1291,.T.);
#1375=FACE_BOUND('',#1292,.T.);
#1376=FACE_BOUND('',#1293,.T.);
#1377=FACE_BOUND('',#1294,.T.);
#1378=FACE_BOUND('',#1295,.T.);
#1379=FACE_BOUND('',#1296,.T.);
#1380=FACE_BOUND('',#1297,.T.);
#1381=FACE_BOUND('',#1298,.T.);
#1382=FACE_BOUND('',#1299,.T.);
#1383=FACE_BOUND('',#1300,.T.);
#1384=FACE_BOUND('',#1301,.T.);
#1385=FACE_BOUND('',#1302,.T.);
#1386=FACE_BOUND('',#1303,.T.);
#1387=FACE_BOUND('',#1304,.T.);
#1388=FACE_BOUND('',#1305,.T.);
#1389=FACE_BOUND('',#1306,.T.);
#1390=FACE_BOUND('',#1307,.T.);
#1391=FACE_BOUND('',#1308,.T.);
#1392=FACE_BOUND('',#1309,.T.);
#1393=FACE_BOUND('',#1310,.T.);
#1394=FACE_BOUND('',#1311,.T.);
#1395=FACE_BOUND('',#1312,.T.);
#1396=FACE_BOUND('',#1313,.T.);
#1397=FACE_BOUND('',#1314,.T.);
#1398=FACE_BOUND('',#1315,.T.);
#1399=FACE_BOUND('',#1316,.T.);
#1400=FACE_BOUND('',#1317,.T.);
#1401=FACE_BOUND('',#1318,.T.);
#1402=FACE_BOUND('',#1319,.T.);
#1403=FACE_BOUND('',#1320,.T.);
#1404=FACE_BOUND('',#1321,.T.);
#1405=FACE_BOUND('',#1322,.T.);
#1406=FACE_BOUND('',#1323,.T.);
#1407=FACE_BOUND('',#1324,.T.);
#1408=FACE_BOUND('',#1325,.T.);
#1409=FACE_BOUND('',#1326,.T.);
#1410=FACE_BOUND('',#1327,.T.);
#1411=FACE_BOUND('',#1328,.T.);
#1412=FACE_BOUND('',#1329,.T.);
#1413=FACE_BOUND('',#1330,.T.);
#1414=FACE_BOUND('',#1331,.T.);
#1415=FACE_BOUND('',#1332,.T.);
#1416=FACE_BOUND('',#1333,.T.);
#1417=FACE_BOUND('',#1334,.T.);
#1418=FACE_BOUND('',#1335,.T.);
#1419=FACE_BOUND('',#1336,.T.);
#1420=FACE_BOUND('',#1337,.T.);
#1421=FACE_BOUND('',#1338,.T.);
#1422=FACE_BOUND('',#1339,.T.);
#1423=FACE_BOUND('',#1340,.T.);
#1424=FACE_BOUND('',#1341,.T.);
#1425=FACE_BOUND('',#1342,.T.);
#1426=FACE_BOUND('',#1343,.T.);
#1427=FACE_BOUND('',#1344,.T.);
#1428=FACE_BOUND('',#1345,.T.);
#1429=FACE_BOUND('',#1346,.T.);
#1430=FACE_BOUND('',#1347,.T.);
#1431=PLANE('',#1582);
#1432=PLANE('',#1583);
#1433=PLANE('',#1584);
#1434=PLANE('',#1585);
#1435=PLANE('',#1588);
#1436=PLANE('',#1589);
#1437=PLANE('',#1590);
#1438=PLANE('',#1591);
#1439=PLANE('',#1594);
#1440=PLANE('',#1597);
#1441=PLANE('',#1600);
#1442=PLANE('',#1601);
#1443=PLANE('',#1602);
#1444=PLANE('',#1603);
#1445=PLANE('',#1604);
#1446=PLANE('',#1605);
#1447=PLANE('',#1606);
#1448=PLANE('',#1607);
#1449=PLANE('',#1608);
#1450=PLANE('',#1609);
#1451=PLANE('',#1610);
#1452=PLANE('',#1611);
#1453=PLANE('',#1612);
#1454=PLANE('',#1613);
#1455=PLANE('',#1614);
#1456=PLANE('',#1615);
#1457=PLANE('',#1616);
#1458=PLANE('',#1617);
#1459=PLANE('',#1618);
#1460=PLANE('',#1619);
#1461=PLANE('',#1620);
#1462=PLANE('',#1621);
#1463=PLANE('',#1622);
#1464=PLANE('',#1623);
#1465=PLANE('',#1624);
#1466=PLANE('',#1625);
#1467=PLANE('',#1626);
#1468=PLANE('',#1627);
#1469=PLANE('',#1628);
#1470=PLANE('',#1629);
#1471=PLANE('',#1633);
#1472=PLANE('',#1634);
#1473=PLANE('',#1638);
#1474=PLANE('',#1639);
#1475=PLANE('',#1643);
#1476=PLANE('',#1644);
#1477=PLANE('',#1648);
#1478=PLANE('',#1649);
#1479=PLANE('',#1650);
#1480=PLANE('',#1651);
#1481=PLANE('',#1652);
#1482=PLANE('',#1663);
#1483=PLANE('',#1666);
#1484=PLANE('',#1667);
#1485=PLANE('',#1668);
#1486=PLANE('',#1669);
#1487=PLANE('',#1670);
#1488=PLANE('',#1671);
#1489=PLANE('',#1672);
#1490=PLANE('',#1673);
#1491=PLANE('',#1674);
#1492=PLANE('',#1675);
#1493=PLANE('',#1676);
#1494=PLANE('',#1677);
#1495=ADVANCED_FACE('',(#1348),#1431,.T.);
#1496=ADVANCED_FACE('',(#1349),#1432,.T.);
#1497=ADVANCED_FACE('',(#1350),#1433,.T.);
#1498=ADVANCED_FACE('',(#1351),#1434,.T.);
#1499=ADVANCED_FACE('',(#1352),#1435,.F.);
#1500=ADVANCED_FACE('',(#1353),#1436,.F.);
#1501=ADVANCED_FACE('',(#1354),#1437,.F.);
#1502=ADVANCED_FACE('',(#1355),#1438,.F.);
#1503=ADVANCED_FACE('',(#1356),#1439,.T.);
#1504=ADVANCED_FACE('',(#1357),#1440,.F.);
#1505=ADVANCED_FACE('',(#1358),#1441,.F.);
#1506=ADVANCED_FACE('',(#1359),#1442,.F.);
#1507=ADVANCED_FACE('',(#1360),#1443,.F.);
#1508=ADVANCED_FACE('',(#1361),#1444,.T.);
#1509=ADVANCED_FACE('',(#1362),#1445,.T.);
#1510=ADVANCED_FACE('',(#1363),#1446,.F.);
#1511=ADVANCED_FACE('',(#1364),#1447,.F.);
#1512=ADVANCED_FACE('',(#1365),#1448,.T.);
#1513=ADVANCED_FACE('',(#1366),#1449,.T.);
#1514=ADVANCED_FACE('',(#1367),#1450,.F.);
#1515=ADVANCED_FACE('',(#1368),#1451,.F.);
#1516=ADVANCED_FACE('',(#1369),#1452,.T.);
#1517=ADVANCED_FACE('',(#1370),#1453,.T.);
#1518=ADVANCED_FACE('',(#1371),#1454,.F.);
#1519=ADVANCED_FACE('',(#1372),#1455,.F.);
#1520=ADVANCED_FACE('',(#1373),#1456,.F.);
#1521=ADVANCED_FACE('',(#1374),#1457,.F.);
#1522=ADVANCED_FACE('',(#1375),#1458,.F.);
#1523=ADVANCED_FACE('',(#1376),#1459,.F.);
#1524=ADVANCED_FACE('',(#1377),#1460,.T.);
#1525=ADVANCED_FACE('',(#1378),#1461,.T.);
#1526=ADVANCED_FACE('',(#1379),#1462,.F.);
#1527=ADVANCED_FACE('',(#1380),#1463,.F.);
#1528=ADVANCED_FACE('',(#1381),#1464,.F.);
#1529=ADVANCED_FACE('',(#1382),#1465,.F.);
#1530=ADVANCED_FACE('',(#1383),#1466,.F.);
#1531=ADVANCED_FACE('',(#1384),#1467,.F.);
#1532=ADVANCED_FACE('',(#1385),#1468,.T.);
#1533=ADVANCED_FACE('',(#1386,#1387,#1388,#1389),#1469,.T.);
#1534=ADVANCED_FACE('',(#1390,#1391),#1470,.T.);
#1535=ADVANCED_FACE('',(#1392),#1471,.T.);
#1536=ADVANCED_FACE('',(#1393,#1394),#1472,.F.);
#1537=ADVANCED_FACE('',(#1395),#1473,.F.);
#1538=ADVANCED_FACE('',(#1396,#1397),#1474,.F.);
#1539=ADVANCED_FACE('',(#1398),#1475,.T.);
#1540=ADVANCED_FACE('',(#1399,#1400),#1476,.T.);
#1541=ADVANCED_FACE('',(#1401),#1477,.F.);
#1542=ADVANCED_FACE('',(#1402),#1478,.T.);
#1543=ADVANCED_FACE('',(#1403),#1479,.T.);
#1544=ADVANCED_FACE('',(#1404),#1480,.T.);
#1545=ADVANCED_FACE('',(#1405),#1481,.T.);
#1546=ADVANCED_FACE('',(#1406),#14,.T.);
#1547=ADVANCED_FACE('',(#1407),#15,.T.);
#1548=ADVANCED_FACE('',(#1408),#16,.T.);
#1549=ADVANCED_FACE('',(#1409),#17,.T.);
#1550=ADVANCED_FACE('',(#1410),#18,.T.);
#1551=ADVANCED_FACE('',(#1411),#19,.T.);
#1552=ADVANCED_FACE('',(#1412),#20,.F.);
#1553=ADVANCED_FACE('',(#1413),#21,.F.);
#1554=ADVANCED_FACE('',(#1414),#1482,.F.);
#1555=ADVANCED_FACE('',(#1415,#1416),#22,.F.);
#1556=ADVANCED_FACE('',(#1417,#1418),#23,.F.);
#1557=ADVANCED_FACE('',(#1419),#1483,.F.);
#1558=ADVANCED_FACE('',(#1420),#1484,.T.);
#1559=ADVANCED_FACE('',(#1421),#1485,.F.);
#1560=ADVANCED_FACE('',(#1422),#1486,.T.);
#1561=ADVANCED_FACE('',(#1423),#1487,.F.);
#1562=ADVANCED_FACE('',(#1424),#1488,.T.);
#1563=ADVANCED_FACE('',(#1425),#1489,.F.);
#1564=ADVANCED_FACE('',(#1426),#1490,.T.);
#1565=ADVANCED_FACE('',(#1427),#1491,.F.);
#1566=ADVANCED_FACE('',(#1428),#1492,.T.);
#1567=ADVANCED_FACE('',(#1429),#1493,.F.);
#1568=ADVANCED_FACE('',(#1430),#1494,.T.);
#1569=CLOSED_SHELL('',(#1495,#1496,#1497,#1498,#1499,#1500,#1501,#1502,
#1503,#1504,#1505,#1506,#1507,#1508,#1509,#1510,#1511,#1512,#1513,#1514,
#1515,#1516,#1517,#1518,#1519,#1520,#1521,#1522,#1523,#1524,#1525,#1526,
#1527,#1528,#1529,#1530,#1531,#1532,#1533,#1534,#1535,#1536,#1537,#1538,
#1539,#1540,#1541,#1542,#1543,#1544,#1545,#1546,#1547,#1548,#1549,#1550,
#1551,#1552,#1553,#1554,#1555,#1556,#1557,#1558,#1559,#1560,#1561,#1562,
#1563,#1564,#1565,#1566,#1567,#1568));
#1570=STYLED_ITEM('',(#1571),#1578);
#1571=PRESENTATION_STYLE_ASSIGNMENT((#1572));
#1572=SURFACE_STYLE_USAGE(.BOTH.,#1573);
#1573=SURFACE_SIDE_STYLE('',(#1574));
#1574=SURFACE_STYLE_FILL_AREA(#1575);
#1575=FILL_AREA_STYLE('',(#1576));
#1576=FILL_AREA_STYLE_COLOUR('',#1577);
#1577=COLOUR_RGB('',0.231372549019608,0.380392156862745,0.705882352941177);
#1578=MANIFOLD_SOLID_BREP('LightPipe clip',#1569);
#1579=SHAPE_DEFINITION_REPRESENTATION(#2527,#1580);
#1580=SHAPE_REPRESENTATION('LightPipe clip',(#1581),#2522);
#1581=AXIS2_PLACEMENT_3D('',#2073,#1678,#1679);
#1582=AXIS2_PLACEMENT_3D('',#2074,#1680,#1681);
#1583=AXIS2_PLACEMENT_3D('',#2087,#1688,#1689);
#1584=AXIS2_PLACEMENT_3D('',#2100,#1696,#1697);
#1585=AXIS2_PLACEMENT_3D('',#2113,#1704,#1705);
#1586=AXIS2_PLACEMENT_3D('',#2123,#1710,#1711);
#1587=AXIS2_PLACEMENT_3D('',#2133,#1716,#1717);
#1588=AXIS2_PLACEMENT_3D('',#2136,#1719,#1720);
#1589=AXIS2_PLACEMENT_3D('',#2149,#1727,#1728);
#1590=AXIS2_PLACEMENT_3D('',#2162,#1735,#1736);
#1591=AXIS2_PLACEMENT_3D('',#2175,#1743,#1744);
#1592=AXIS2_PLACEMENT_3D('',#2185,#1749,#1750);
#1593=AXIS2_PLACEMENT_3D('',#2195,#1755,#1756);
#1594=AXIS2_PLACEMENT_3D('',#2198,#1758,#1759);
#1595=AXIS2_PLACEMENT_3D('',#2208,#1764,#1765);
#1596=AXIS2_PLACEMENT_3D('',#2218,#1770,#1771);
#1597=AXIS2_PLACEMENT_3D('',#2221,#1773,#1774);
#1598=AXIS2_PLACEMENT_3D('',#2231,#1779,#1780);
#1599=AXIS2_PLACEMENT_3D('',#2241,#1785,#1786);
#1600=AXIS2_PLACEMENT_3D('',#2244,#1788,#1789);
#1601=AXIS2_PLACEMENT_3D('',#2247,#1792,#1793);
#1602=AXIS2_PLACEMENT_3D('',#2258,#1800,#1801);
#1603=AXIS2_PLACEMENT_3D('',#2264,#1805,#1806);
#1604=AXIS2_PLACEMENT_3D('',#2272,#1812,#1813);
#1605=AXIS2_PLACEMENT_3D('',#2278,#1817,#1818);
#1606=AXIS2_PLACEMENT_3D('',#2286,#1824,#1825);
#1607=AXIS2_PLACEMENT_3D('',#2292,#1829,#1830);
#1608=AXIS2_PLACEMENT_3D('',#2300,#1836,#1837);
#1609=AXIS2_PLACEMENT_3D('',#2306,#1841,#1842);
#1610=AXIS2_PLACEMENT_3D('',#2314,#1848,#1849);
#1611=AXIS2_PLACEMENT_3D('',#2320,#1853,#1854);
#1612=AXIS2_PLACEMENT_3D('',#2328,#1860,#1861);
#1613=AXIS2_PLACEMENT_3D('',#2334,#1865,#1866);
#1614=AXIS2_PLACEMENT_3D('',#2342,#1872,#1873);
#1615=AXIS2_PLACEMENT_3D('',#2348,#1877,#1878);
#1616=AXIS2_PLACEMENT_3D('',#2354,#1882,#1883);
#1617=AXIS2_PLACEMENT_3D('',#2360,#1887,#1888);
#1618=AXIS2_PLACEMENT_3D('',#2366,#1892,#1893);
#1619=AXIS2_PLACEMENT_3D('',#2372,#1897,#1898);
#1620=AXIS2_PLACEMENT_3D('',#2380,#1904,#1905);
#1621=AXIS2_PLACEMENT_3D('',#2383,#1908,#1909);
#1622=AXIS2_PLACEMENT_3D('',#2384,#1910,#1911);
#1623=AXIS2_PLACEMENT_3D('',#2387,#1914,#1915);
#1624=AXIS2_PLACEMENT_3D('',#2390,#1918,#1919);
#1625=AXIS2_PLACEMENT_3D('',#2393,#1922,#1923);
#1626=AXIS2_PLACEMENT_3D('',#2396,#1926,#1927);
#1627=AXIS2_PLACEMENT_3D('',#2399,#1930,#1931);
#1628=AXIS2_PLACEMENT_3D('',#2402,#1934,#1935);
#1629=AXIS2_PLACEMENT_3D('',#2408,#1939,#1940);
#1630=AXIS2_PLACEMENT_3D('',#2409,#1941,#1942);
#1631=AXIS2_PLACEMENT_3D('',#2414,#1944,#1945);
#1632=AXIS2_PLACEMENT_3D('',#2418,#1947,#1948);
#1633=AXIS2_PLACEMENT_3D('',#2424,#1952,#1953);
#1634=AXIS2_PLACEMENT_3D('',#2430,#1957,#1958);
#1635=AXIS2_PLACEMENT_3D('',#2431,#1959,#1960);
#1636=AXIS2_PLACEMENT_3D('',#2433,#1961,#1962);
#1637=AXIS2_PLACEMENT_3D('',#2443,#1968,#1969);
#1638=AXIS2_PLACEMENT_3D('',#2444,#1970,#1971);
#1639=AXIS2_PLACEMENT_3D('',#2446,#1973,#1974);
#1640=AXIS2_PLACEMENT_3D('',#2447,#1975,#1976);
#1641=AXIS2_PLACEMENT_3D('',#2452,#1978,#1979);
#1642=AXIS2_PLACEMENT_3D('',#2461,#1984,#1985);
#1643=AXIS2_PLACEMENT_3D('',#2462,#1986,#1987);
#1644=AXIS2_PLACEMENT_3D('',#2465,#1990,#1991);
#1645=AXIS2_PLACEMENT_3D('',#2466,#1992,#1993);
#1646=AXIS2_PLACEMENT_3D('',#2471,#1995,#1996);
#1647=AXIS2_PLACEMENT_3D('',#2475,#1998,#1999);
#1648=AXIS2_PLACEMENT_3D('',#2481,#2003,#2004);
#1649=AXIS2_PLACEMENT_3D('',#2484,#2007,#2008);
#1650=AXIS2_PLACEMENT_3D('',#2487,#2011,#2012);
#1651=AXIS2_PLACEMENT_3D('',#2490,#2015,#2016);
#1652=AXIS2_PLACEMENT_3D('',#2493,#2019,#2020);
#1653=AXIS2_PLACEMENT_3D('',#2496,#2023,#2024);
#1654=AXIS2_PLACEMENT_3D('',#2497,#2025,#2026);
#1655=AXIS2_PLACEMENT_3D('',#2498,#2027,#2028);
#1656=AXIS2_PLACEMENT_3D('',#2499,#2029,#2030);
#1657=AXIS2_PLACEMENT_3D('',#2500,#2031,#2032);
#1658=AXIS2_PLACEMENT_3D('',#2501,#2033,#2034);
#1659=AXIS2_PLACEMENT_3D('',#2502,#2035,#2036);
#1660=AXIS2_PLACEMENT_3D('',#2503,#2037,#2038);
#1661=AXIS2_PLACEMENT_3D('',#2504,#2039,#2040);
#1662=AXIS2_PLACEMENT_3D('',#2505,#2041,#2042);
#1663=AXIS2_PLACEMENT_3D('',#2506,#2043,#2044);
#1664=AXIS2_PLACEMENT_3D('',#2507,#2045,#2046);
#1665=AXIS2_PLACEMENT_3D('',#2508,#2047,#2048);
#1666=AXIS2_PLACEMENT_3D('',#2509,#2049,#2050);
#1667=AXIS2_PLACEMENT_3D('',#2510,#2051,#2052);
#1668=AXIS2_PLACEMENT_3D('',#2511,#2053,#2054);
#1669=AXIS2_PLACEMENT_3D('',#2512,#2055,#2056);
#1670=AXIS2_PLACEMENT_3D('',#2513,#2057,#2058);
#1671=AXIS2_PLACEMENT_3D('',#2514,#2059,#2060);
#1672=AXIS2_PLACEMENT_3D('',#2515,#2061,#2062);
#1673=AXIS2_PLACEMENT_3D('',#2516,#2063,#2064);
#1674=AXIS2_PLACEMENT_3D('',#2517,#2065,#2066);
#1675=AXIS2_PLACEMENT_3D('',#2518,#2067,#2068);
#1676=AXIS2_PLACEMENT_3D('',#2519,#2069,#2070);
#1677=AXIS2_PLACEMENT_3D('',#2520,#2071,#2072);
#1678=DIRECTION('',(0.,0.,1.));
#1679=DIRECTION('',(1.,0.,0.));
#1680=DIRECTION('',(-1.66803107665938E-16,1.,0.));
#1681=DIRECTION('',(-1.,-1.66803107665938E-16,0.));
#1682=DIRECTION('',(0.,0.,-1.));
#1683=DIRECTION('',(-1.,-1.66803107665938E-16,1.66803107665938E-16));
#1684=DIRECTION('',(0.,0.,-1.));
#1685=DIRECTION('',(0.707106781186547,1.17947608553575E-16,-0.707106781186548));
#1686=DIRECTION('',(1.,1.66803107665938E-16,0.));
#1687=DIRECTION('',(-0.707106781186548,-1.17947608553575E-16,-0.707106781186547));
#1688=DIRECTION('',(-1.66803107665938E-16,1.,0.));
#1689=DIRECTION('',(-1.,-1.66803107665938E-16,0.));
#1690=DIRECTION('',(0.,0.,-1.));
#1691=DIRECTION('',(-1.,-1.66803107665938E-16,1.66803107665938E-16));
#1692=DIRECTION('',(0.,0.,-1.));
#1693=DIRECTION('',(0.707106781186548,1.17947608553575E-16,-0.707106781186547));
#1694=DIRECTION('',(1.,1.66803107665938E-16,0.));
#1695=DIRECTION('',(-0.707106781186548,-1.17947608553575E-16,-0.707106781186547));
#1696=DIRECTION('',(-1.66803107665938E-16,1.,0.));
#1697=DIRECTION('',(-1.,-1.66803107665938E-16,0.));
#1698=DIRECTION('',(0.,0.,-1.));
#1699=DIRECTION('',(-1.,-1.66803107665938E-16,1.66803107665938E-16));
#1700=DIRECTION('',(0.,0.,-1.));
#1701=DIRECTION('',(0.707106781186548,1.17947608553575E-16,-0.707106781186547));
#1702=DIRECTION('',(1.,1.66803107665938E-16,0.));
#1703=DIRECTION('',(-0.707106781186548,-1.17947608553575E-16,-0.707106781186547));
#1704=DIRECTION('',(-1.66803107665938E-16,1.,0.));
#1705=DIRECTION('',(-1.,-1.66803107665938E-16,0.));
#1706=DIRECTION('',(-1.,-1.66803107665938E-16,1.0842021724855E-16));
#1707=DIRECTION('',(0.,0.,1.));
#1708=DIRECTION('',(-1.,-1.66803107665938E-16,1.23908819712629E-16));
#1709=DIRECTION('',(0.,0.,-1.));
#1710=DIRECTION('',(-1.66803107665938E-16,1.,0.));
#1711=DIRECTION('',(-1.,-1.66803107665938E-16,0.));
#1712=DIRECTION('',(-1.,-1.66803107665938E-16,1.66803107665938E-16));
#1713=DIRECTION('',(0.,0.,-1.));
#1714=DIRECTION('',(0.707106781186548,1.17947608553575E-16,-0.707106781186547));
#1715=DIRECTION('',(1.,1.66803107665938E-16,0.));
#1716=DIRECTION('',(-1.66803107665938E-16,1.,0.));
#1717=DIRECTION('',(-1.,-1.66803107665938E-16,0.));
#1718=DIRECTION('',(0.,0.,-1.));
#1719=DIRECTION('',(-1.66803107665938E-16,1.,0.));
#1720=DIRECTION('',(-1.,-1.66803107665938E-16,0.));
#1721=DIRECTION('',(0.,0.,-1.));
#1722=DIRECTION('',(1.,1.66803107665938E-16,0.));
#1723=DIRECTION('',(0.,0.,-1.));
#1724=DIRECTION('',(0.707106781186548,1.17947608553575E-16,0.707106781186547));
#1725=DIRECTION('',(1.,1.66803107665938E-16,0.));
#1726=DIRECTION('',(-0.707106781186547,-1.17947608553575E-16,0.707106781186548));
#1727=DIRECTION('',(-1.66803107665938E-16,1.,0.));
#1728=DIRECTION('',(-1.,-1.66803107665938E-16,0.));
#1729=DIRECTION('',(0.,0.,-1.));
#1730=DIRECTION('',(1.,1.66803107665938E-16,0.));
#1731=DIRECTION('',(0.,0.,-1.));
#1732=DIRECTION('',(0.707106781186548,1.17947608553575E-16,0.707106781186547));
#1733=DIRECTION('',(1.,1.66803107665938E-16,0.));
#1734=DIRECTION('',(-0.707106781186548,-1.17947608553575E-16,0.707106781186547));
#1735=DIRECTION('',(-1.66803107665938E-16,1.,0.));
#1736=DIRECTION('',(-1.,-1.66803107665938E-16,0.));
#1737=DIRECTION('',(0.,0.,-1.));
#1738=DIRECTION('',(1.,1.66803107665938E-16,0.));
#1739=DIRECTION('',(0.,0.,-1.));
#1740=DIRECTION('',(0.707106781186548,1.17947608553575E-16,0.707106781186547));
#1741=DIRECTION('',(1.,1.66803107665938E-16,0.));
#1742=DIRECTION('',(-0.707106781186548,-1.17947608553575E-16,0.707106781186547));
#1743=DIRECTION('',(-1.66803107665938E-16,1.,0.));
#1744=DIRECTION('',(-1.,-1.66803107665938E-16,0.));
#1745=DIRECTION('',(1.,1.66803107665938E-16,-1.23908819712629E-16));
#1746=DIRECTION('',(0.,0.,-1.));
#1747=DIRECTION('',(-1.,-1.66803107665938E-16,1.0842021724855E-16));
#1748=DIRECTION('',(0.,0.,-1.));
#1749=DIRECTION('',(-1.66803107665938E-16,1.,0.));
#1750=DIRECTION('',(-1.,-1.66803107665938E-16,0.));
#1751=DIRECTION('',(1.,1.66803107665938E-16,0.));
#1752=DIRECTION('',(-0.707106781186548,-1.17947608553575E-16,0.707106781186547));
#1753=DIRECTION('',(0.,0.,-1.));
#1754=DIRECTION('',(1.,1.66803107665938E-16,0.));
#1755=DIRECTION('',(-1.66803107665938E-16,1.,0.));
#1756=DIRECTION('',(-1.,-1.66803107665938E-16,0.));
#1757=DIRECTION('',(0.,0.,-1.));
#1758=DIRECTION('',(-1.66803107665938E-16,1.,0.));
#1759=DIRECTION('',(-1.,-1.66803107665938E-16,0.));
#1760=DIRECTION('',(-1.,-1.66803107665938E-16,0.));
#1761=DIRECTION('',(0.,0.,-1.));
#1762=DIRECTION('',(1.,1.66803107665938E-16,0.));
#1763=DIRECTION('',(0.,0.,-1.));
#1764=DIRECTION('',(-1.66803107665938E-16,1.,0.));
#1765=DIRECTION('',(-1.,-1.66803107665938E-16,0.));
#1766=DIRECTION('',(1.,1.66803107665938E-16,0.));
#1767=DIRECTION('',(-0.707106781186547,-1.17947608553575E-16,-0.707106781186548));
#1768=DIRECTION('',(0.,0.,-1.));
#1769=DIRECTION('',(-1.,-1.66803107665938E-16,1.66803107665938E-16));
#1770=DIRECTION('',(-1.66803107665938E-16,1.,0.));
#1771=DIRECTION('',(-1.,-1.66803107665938E-16,0.));
#1772=DIRECTION('',(0.,0.,-1.));
#1773=DIRECTION('',(-1.66803107665938E-16,1.,0.));
#1774=DIRECTION('',(-1.,-1.66803107665938E-16,0.));
#1775=DIRECTION('',(1.,1.66803107665938E-16,0.));
#1776=DIRECTION('',(0.,0.,1.));
#1777=DIRECTION('',(1.,1.66803107665938E-16,0.));
#1778=DIRECTION('',(0.,0.,-1.));
#1779=DIRECTION('',(-1.66803107665938E-16,1.,0.));
#1780=DIRECTION('',(-1.,-1.66803107665938E-16,0.));
#1781=DIRECTION('',(1.,1.66803107665938E-16,0.));
#1782=DIRECTION('',(0.,0.,-1.));
#1783=DIRECTION('',(0.707106781186547,1.17947608553575E-16,0.707106781186548));
#1784=DIRECTION('',(1.,1.66803107665938E-16,0.));
#1785=DIRECTION('',(-1.66803107665938E-16,1.,0.));
#1786=DIRECTION('',(-1.,-1.66803107665938E-16,0.));
#1787=DIRECTION('',(0.,0.,-1.));
#1788=DIRECTION('',(0.,0.,1.));
#1789=DIRECTION('',(1.,0.,0.));
#1790=DIRECTION('',(-3.94110090643798E-16,1.,0.));
#1791=DIRECTION('',(-1.66803107665938E-16,1.,0.));
#1792=DIRECTION('',(1.,3.94110090643795E-16,0.));
#1793=DIRECTION('',(-3.94110090643795E-16,1.,0.));
#1794=DIRECTION('',(-3.94110090643795E-16,1.,0.));
#1795=DIRECTION('',(2.78677917628272E-16,-0.707106781186547,0.707106781186548));
#1796=DIRECTION('',(0.,0.,-1.));
#1797=DIRECTION('',(3.94110090643795E-16,-1.,0.));
#1798=DIRECTION('',(0.,0.,-1.));
#1799=DIRECTION('',(3.94110090643795E-16,-1.,0.));
#1800=DIRECTION('',(-2.79794109028517E-15,-1.,0.));
#1801=DIRECTION('',(1.,-2.79794109028517E-15,0.));
#1802=DIRECTION('',(-1.,2.79794109028517E-15,0.));
#1803=DIRECTION('',(0.,0.,-1.));
#1804=DIRECTION('',(-1.,2.79794109028517E-15,0.));
#1805=DIRECTION('',(1.,0.,0.));
#1806=DIRECTION('',(0.,0.,-1.));
#1807=DIRECTION('',(0.,-1.,0.));
#1808=DIRECTION('',(0.,-1.,0.));
#1809=DIRECTION('',(0.,-1.,0.));
#1810=DIRECTION('',(0.,0.,-1.));
#1811=DIRECTION('',(0.,0.707106781186547,-0.707106781186548));
#1812=DIRECTION('',(0.,1.,0.));
#1813=DIRECTION('',(0.,0.,1.));
#1814=DIRECTION('',(0.,0.,-1.));
#1815=DIRECTION('',(1.,0.,0.));
#1816=DIRECTION('',(1.,0.,0.));
#1817=DIRECTION('',(1.,0.,0.));
#1818=DIRECTION('',(0.,0.,-1.));
#1819=DIRECTION('',(0.,1.,0.));
#1820=DIRECTION('',(0.,-0.707106781186547,0.707106781186548));
#1821=DIRECTION('',(0.,-1.,0.));
#1822=DIRECTION('',(0.,0.,-1.));
#1823=DIRECTION('',(0.,-1.,0.));
#1824=DIRECTION('',(-2.23835287222813E-15,-1.,0.));
#1825=DIRECTION('',(1.,-2.23835287222813E-15,0.));
#1826=DIRECTION('',(-1.,2.23835287222813E-15,0.));
#1827=DIRECTION('',(0.,0.,-1.));
#1828=DIRECTION('',(-1.,2.23835287222813E-15,0.));
#1829=DIRECTION('',(1.,0.,0.));
#1830=DIRECTION('',(0.,0.,-1.));
#1831=DIRECTION('',(0.,-1.,0.));
#1832=DIRECTION('',(0.,-1.,0.));
#1833=DIRECTION('',(0.,-1.,0.));
#1834=DIRECTION('',(0.,0.,-1.));
#1835=DIRECTION('',(0.,0.707106781186547,-0.707106781186548));
#1836=DIRECTION('',(0.,1.,0.));
#1837=DIRECTION('',(0.,0.,1.));
#1838=DIRECTION('',(0.,0.,-1.));
#1839=DIRECTION('',(1.,0.,0.));
#1840=DIRECTION('',(1.,0.,0.));
#1841=DIRECTION('',(1.,0.,0.));
#1842=DIRECTION('',(0.,0.,-1.));
#1843=DIRECTION('',(0.,1.,0.));
#1844=DIRECTION('',(0.,-0.707106781186547,0.707106781186548));
#1845=DIRECTION('',(0.,-1.,0.));
#1846=DIRECTION('',(0.,0.,-1.));
#1847=DIRECTION('',(0.,-1.,0.));
#1848=DIRECTION('',(-2.23835287222814E-15,-1.,0.));
#1849=DIRECTION('',(1.,-2.23835287222814E-15,0.));
#1850=DIRECTION('',(-1.,2.23835287222814E-15,0.));
#1851=DIRECTION('',(0.,0.,-1.));
#1852=DIRECTION('',(-1.,2.23835287222814E-15,0.));
#1853=DIRECTION('',(1.,0.,0.));
#1854=DIRECTION('',(0.,0.,-1.));
#1855=DIRECTION('',(0.,-1.,0.));
#1856=DIRECTION('',(0.,-1.,0.));
#1857=DIRECTION('',(0.,-1.,0.));
#1858=DIRECTION('',(0.,0.,-1.));
#1859=DIRECTION('',(0.,0.707106781186547,-0.707106781186548));
#1860=DIRECTION('',(0.,1.,0.));
#1861=DIRECTION('',(0.,0.,1.));
#1862=DIRECTION('',(0.,0.,-1.));
#1863=DIRECTION('',(1.,0.,0.));
#1864=DIRECTION('',(1.,0.,0.));
#1865=DIRECTION('',(1.,0.,0.));
#1866=DIRECTION('',(0.,0.,-1.));
#1867=DIRECTION('',(0.,1.,0.));
#1868=DIRECTION('',(0.,-0.707106781186547,0.707106781186548));
#1869=DIRECTION('',(0.,-1.,0.));
#1870=DIRECTION('',(0.,0.,-1.));
#1871=DIRECTION('',(0.,-1.,0.));
#1872=DIRECTION('',(-2.23835287222813E-15,-1.,0.));
#1873=DIRECTION('',(1.,-2.23835287222813E-15,0.));
#1874=DIRECTION('',(-1.,2.23835287222813E-15,0.));
#1875=DIRECTION('',(0.,0.,-1.));
#1876=DIRECTION('',(-1.,2.23835287222813E-15,0.));
#1877=DIRECTION('',(1.,1.04083408558608E-14,0.));
#1878=DIRECTION('',(-1.04083408558608E-14,1.,0.));
#1879=DIRECTION('',(1.04083408558608E-14,-1.,0.));
#1880=DIRECTION('',(0.,0.,-1.));
#1881=DIRECTION('',(1.04083408558608E-14,-1.,0.));
#1882=DIRECTION('',(2.23835287222814E-15,1.,0.));
#1883=DIRECTION('',(-1.,2.23835287222814E-15,0.));
#1884=DIRECTION('',(1.,-2.23835287222814E-15,0.));
#1885=DIRECTION('',(0.,0.,-1.));
#1886=DIRECTION('',(1.,-2.23835287222814E-15,0.));
#1887=DIRECTION('',(-1.,2.6020852139652E-15,0.));
#1888=DIRECTION('',(-2.6020852139652E-15,-1.,0.));
#1889=DIRECTION('',(2.6020852139652E-15,1.,0.));
#1890=DIRECTION('',(0.,0.,-1.));
#1891=DIRECTION('',(2.6020852139652E-15,1.,0.));
#1892=DIRECTION('',(-1.73472347597688E-15,-1.,0.));
#1893=DIRECTION('',(1.,-1.73472347597688E-15,0.));
#1894=DIRECTION('',(-1.,1.73472347597688E-15,0.));
#1895=DIRECTION('',(0.,0.,-1.));
#1896=DIRECTION('',(-1.,1.73472347597688E-15,0.));
#1897=DIRECTION('',(1.,3.94110090643798E-16,0.));
#1898=DIRECTION('',(-3.94110090643798E-16,1.,0.));
#1899=DIRECTION('',(3.94110090643798E-16,-1.,0.));
#1900=DIRECTION('',(3.94110090643798E-16,-1.,0.));
#1901=DIRECTION('',(3.94110090643798E-16,-1.,0.));
#1902=DIRECTION('',(0.,0.,-1.));
#1903=DIRECTION('',(-2.78677917628275E-16,0.707106781186547,-0.707106781186548));
#1904=DIRECTION('',(0.,1.,0.));
#1905=DIRECTION('',(0.,0.,1.));
#1906=DIRECTION('',(1.,0.,0.));
#1907=DIRECTION('',(1.,0.,0.));
#1908=DIRECTION('',(0.,0.,1.));
#1909=DIRECTION('',(1.,0.,0.));
#1910=DIRECTION('',(0.,0.,1.));
#1911=DIRECTION('',(1.,0.,0.));
#1912=DIRECTION('',(0.,1.,0.));
#1913=DIRECTION('',(3.94110090643795E-16,-1.,0.));
#1914=DIRECTION('',(0.,0.,1.));
#1915=DIRECTION('',(1.,0.,0.));
#1916=DIRECTION('',(0.,1.,0.));
#1917=DIRECTION('',(0.,-1.,0.));
#1918=DIRECTION('',(0.,0.,1.));
#1919=DIRECTION('',(1.,0.,0.));
#1920=DIRECTION('',(0.,1.,0.));
#1921=DIRECTION('',(0.,-1.,0.));
#1922=DIRECTION('',(0.,0.,1.));
#1923=DIRECTION('',(1.,0.,0.));
#1924=DIRECTION('',(0.,-1.,0.));
#1925=DIRECTION('',(-1.66803107665938E-16,1.,0.));
#1926=DIRECTION('',(1.,0.,0.));
#1927=DIRECTION('',(0.,0.,-1.));
#1928=DIRECTION('',(0.,-1.,0.));
#1929=DIRECTION('',(-1.66803107665938E-16,1.,0.));
#1930=DIRECTION('',(1.,0.,0.));
#1931=DIRECTION('',(0.,0.,-1.));
#1932=DIRECTION('',(0.,-1.,0.));
#1933=DIRECTION('',(-1.66803107665938E-16,1.,0.));
#1934=DIRECTION('',(0.,0.,1.));
#1935=DIRECTION('',(1.,0.,0.));
#1936=DIRECTION('',(-1.,0.,0.));
#1937=DIRECTION('',(0.,-1.,0.));
#1938=DIRECTION('',(0.,-1.,0.));
#1939=DIRECTION('',(0.,0.,1.));
#1940=DIRECTION('',(1.,0.,0.));
#1941=DIRECTION('',(0.,0.,1.));
#1942=DIRECTION('',(1.,0.,0.));
#1943=DIRECTION('',(1.,1.66803107665938E-16,0.));
#1944=DIRECTION('',(0.,0.,1.));
#1945=DIRECTION('',(1.,0.,0.));
#1946=DIRECTION('',(-1.66803107665938E-16,1.,0.));
#1947=DIRECTION('',(0.,0.,1.));
#1948=DIRECTION('',(1.,0.,0.));
#1949=DIRECTION('',(1.,1.66803107665938E-16,0.));
#1950=DIRECTION('',(0.707106781186548,0.707106781186548,0.));
#1951=DIRECTION('',(-0.707106781186548,0.707106781186548,0.));
#1952=DIRECTION('',(1.,1.66803107665938E-16,0.));
#1953=DIRECTION('',(-1.66803107665938E-16,1.,0.));
#1954=DIRECTION('',(0.,0.,-1.));
#1955=DIRECTION('',(-1.66803107665938E-16,1.,0.));
#1956=DIRECTION('',(0.,0.,-1.));
#1957=DIRECTION('',(0.,0.,1.));
#1958=DIRECTION('',(1.,0.,0.));
#1959=DIRECTION('',(0.,0.,-1.));
#1960=DIRECTION('',(-1.,0.,0.));
#1961=DIRECTION('',(0.,0.,1.));
#1962=DIRECTION('',(1.,0.,0.));
#1963=DIRECTION('',(1.,1.66803107665938E-16,0.));
#1964=DIRECTION('',(0.707106781186548,-0.707106781186548,0.));
#1965=DIRECTION('',(-1.66803107665938E-16,1.,0.));
#1966=DIRECTION('',(-0.707106781186548,-0.707106781186548,0.));
#1967=DIRECTION('',(1.,1.66803107665938E-16,0.));
#1968=DIRECTION('',(0.,0.,1.));
#1969=DIRECTION('',(1.,0.,0.));
#1970=DIRECTION('',(1.,1.66803107665938E-16,0.));
#1971=DIRECTION('',(-1.66803107665938E-16,1.,0.));
#1972=DIRECTION('',(-1.66803107665938E-16,1.,0.));
#1973=DIRECTION('',(-1.23908819712629E-16,-2.0668376195285E-32,-1.));
#1974=DIRECTION('',(-1.,0.,1.23908819712629E-16));
#1975=DIRECTION('',(0.,0.,1.));
#1976=DIRECTION('',(1.,0.,0.));
#1977=DIRECTION('',(-1.66803107665938E-16,1.,0.));
#1978=DIRECTION('',(-1.23908819712629E-16,-2.0668376195285E-32,-1.));
#1979=DIRECTION('',(-1.,0.,1.23908819712629E-16));
#1980=DIRECTION('',(-1.,-1.66803107665938E-16,1.23908819712629E-16));
#1981=DIRECTION('',(0.707106781186548,0.707106781186548,-8.76167666676213E-17));
#1982=DIRECTION('',(-0.707106781186548,0.707106781186548,8.76167666676213E-17));
#1983=DIRECTION('',(-1.,-1.66803107665938E-16,1.23908819712629E-16));
#1984=DIRECTION('',(-1.23908819712629E-16,-2.0668376195285E-32,-1.));
#1985=DIRECTION('',(-1.,0.,1.23908819712629E-16));
#1986=DIRECTION('',(1.,1.66803107665938E-16,0.));
#1987=DIRECTION('',(-1.66803107665938E-16,1.,0.));
#1988=DIRECTION('',(-1.66803107665938E-16,1.,0.));
#1989=DIRECTION('',(-1.66803107665938E-16,1.,0.));
#1990=DIRECTION('',(-1.0842021724855E-16,-1.80848291708744E-32,-1.));
#1991=DIRECTION('',(-1.,0.,1.0842021724855E-16));
#1992=DIRECTION('',(0.,0.,-1.));
#1993=DIRECTION('',(-1.,0.,0.));
#1994=DIRECTION('',(-1.,-1.66803107665938E-16,1.0842021724855E-16));
#1995=DIRECTION('',(-1.0842021724855E-16,-1.80848291708744E-32,-1.));
#1996=DIRECTION('',(-1.,0.,1.0842021724855E-16));
#1997=DIRECTION('',(-1.66803107665938E-16,1.,0.));
#1998=DIRECTION('',(-1.0842021724855E-16,-1.80848291708744E-32,-1.));
#1999=DIRECTION('',(-1.,0.,1.0842021724855E-16));
#2000=DIRECTION('',(-1.,-1.66803107665938E-16,1.0842021724855E-16));
#2001=DIRECTION('',(0.707106781186548,-0.707106781186548,-7.66646708341687E-17));
#2002=DIRECTION('',(-0.707106781186548,-0.707106781186548,7.66646708341687E-17));
#2003=DIRECTION('',(1.,1.66803107665938E-16,0.));
#2004=DIRECTION('',(-1.66803107665938E-16,1.,0.));
#2005=DIRECTION('',(0.,0.,-1.));
#2006=DIRECTION('',(0.,0.,-1.));
#2007=DIRECTION('',(1.66803107665938E-16,-1.,0.));
#2008=DIRECTION('',(1.,1.66803107665938E-16,0.));
#2009=DIRECTION('',(0.,0.,-1.));
#2010=DIRECTION('',(0.,0.,-1.));
#2011=DIRECTION('',(1.66803107665938E-16,-1.,0.));
#2012=DIRECTION('',(1.,1.66803107665938E-16,0.));
#2013=DIRECTION('',(0.,0.,-1.));
#2014=DIRECTION('',(0.,0.,-1.));
#2015=DIRECTION('',(-1.66803107665938E-16,1.,0.));
#2016=DIRECTION('',(-1.,-1.66803107665938E-16,0.));
#2017=DIRECTION('',(0.,0.,-1.));
#2018=DIRECTION('',(0.,0.,-1.));
#2019=DIRECTION('',(-1.66803107665938E-16,1.,0.));
#2020=DIRECTION('',(-1.,-1.66803107665938E-16,0.));
#2021=DIRECTION('',(0.,0.,-1.));
#2022=DIRECTION('',(0.,0.,-1.));
#2023=DIRECTION('',(0.,0.,-1.));
#2024=DIRECTION('',(-1.,0.,0.));
#2025=DIRECTION('',(0.,0.,1.));
#2026=DIRECTION('',(1.,0.,0.));
#2027=DIRECTION('',(0.,0.,-1.));
#2028=DIRECTION('',(-1.,0.,0.));
#2029=DIRECTION('',(0.,0.,1.));
#2030=DIRECTION('',(1.,0.,0.));
#2031=DIRECTION('',(0.,-1.,0.));
#2032=DIRECTION('',(0.,0.,-1.));
#2033=DIRECTION('',(0.,-0.707106781186548,-0.707106781186547));
#2034=DIRECTION('',(0.,-0.707106781186547,0.707106781186548));
#2035=DIRECTION('',(0.,1.,0.));
#2036=DIRECTION('',(0.,0.,1.));
#2037=DIRECTION('',(0.,-0.707106781186548,-0.707106781186547));
#2038=DIRECTION('',(0.,0.707106781186547,-0.707106781186548));
#2039=DIRECTION('',(1.66803107665938E-16,-1.,0.));
#2040=DIRECTION('',(1.,1.66803107665938E-16,0.));
#2041=DIRECTION('',(-1.66803107665938E-16,1.,0.));
#2042=DIRECTION('',(-1.,-1.66803107665938E-16,0.));
#2043=DIRECTION('',(0.,-0.707106781186548,-0.707106781186547));
#2044=DIRECTION('',(-1.,0.,0.));
#2045=DIRECTION('',(0.,0.,-1.));
#2046=DIRECTION('',(-1.,0.,0.));
#2047=DIRECTION('',(0.,0.,-1.));
#2048=DIRECTION('',(-1.,0.,0.));
#2049=DIRECTION('',(-0.707106781186548,-0.707106781186548,0.));
#2050=DIRECTION('',(0.,0.,-1.));
#2051=DIRECTION('',(-0.707106781186548,0.707106781186548,0.));
#2052=DIRECTION('',(0.,0.,1.));
#2053=DIRECTION('',(-0.707106781186548,0.707106781186548,0.));
#2054=DIRECTION('',(0.,0.,-1.));
#2055=DIRECTION('',(-0.707106781186548,-0.707106781186548,0.));
#2056=DIRECTION('',(0.,0.,1.));
#2057=DIRECTION('',(-0.707106781186547,0.,0.707106781186548));
#2058=DIRECTION('',(0.,-1.,0.));
#2059=DIRECTION('',(-0.707106781186547,0.,-0.707106781186548));
#2060=DIRECTION('',(0.,1.,0.));
#2061=DIRECTION('',(-0.707106781186547,0.,0.707106781186548));
#2062=DIRECTION('',(0.,-1.,0.));
#2063=DIRECTION('',(-0.707106781186547,0.,-0.707106781186548));
#2064=DIRECTION('',(0.,1.,0.));
#2065=DIRECTION('',(-0.707106781186547,0.,0.707106781186548));
#2066=DIRECTION('',(0.,-1.,0.));
#2067=DIRECTION('',(-0.707106781186547,0.,-0.707106781186548));
#2068=DIRECTION('',(0.,1.,0.));
#2069=DIRECTION('',(-0.707106781186548,-2.78677917628275E-16,0.707106781186547));
#2070=DIRECTION('',(3.94110090643798E-16,-1.,0.));
#2071=DIRECTION('',(-0.707106781186548,-2.78677917628272E-16,-0.707106781186547));
#2072=DIRECTION('',(-3.94110090643795E-16,1.,0.));
#2073=CARTESIAN_POINT('',(0.,0.,0.));
#2074=CARTESIAN_POINT('',(-0.000168913661829307,0.0265841401800116,0.0096));
#2075=CARTESIAN_POINT('',(-0.016815303203468,0.0265841401800116,0.009602));
#2076=CARTESIAN_POINT('',(-0.016815303203468,0.0265841401800116,0.00882148149327306));
#2077=CARTESIAN_POINT('',(-0.016815303203468,0.0265841401800116,0.0066));
#2078=CARTESIAN_POINT('',(-0.000168913661829307,0.0265841401800116,0.00882148149327302));
#2079=CARTESIAN_POINT('',(-0.013715303203468,0.0265841401800116,0.00882148149327302));
#2080=CARTESIAN_POINT('',(-0.013715303203468,0.0265841401800116,0.009602));
#2081=CARTESIAN_POINT('',(-0.013715303203468,0.0265841401800116,0.0066));
#2082=CARTESIAN_POINT('',(-0.014715303203468,0.0265841401800116,0.0076));
#2083=CARTESIAN_POINT('',(-0.014715303203468,0.0265841401800116,0.0076));
#2084=CARTESIAN_POINT('',(-0.000168913661829307,0.0265841401800116,0.0076));
#2085=CARTESIAN_POINT('',(-0.015815303203468,0.0265841401800116,0.0076));
#2086=CARTESIAN_POINT('',(-0.016815303203468,0.0265841401800116,0.0066));
#2087=CARTESIAN_POINT('',(-0.000168913661829307,0.0265841401800116,0.0096));
#2088=CARTESIAN_POINT('',(-0.023815303203468,0.0265841401800116,0.009602));
#2089=CARTESIAN_POINT('',(-0.023815303203468,0.0265841401800116,0.00882148149327307));
#2090=CARTESIAN_POINT('',(-0.023815303203468,0.0265841401800116,0.0066));
#2091=CARTESIAN_POINT('',(-0.000168913661829307,0.0265841401800116,0.00882148149327306));
#2092=CARTESIAN_POINT('',(-0.020715303203468,0.0265841401800116,0.00882148149327307));
#2093=CARTESIAN_POINT('',(-0.020715303203468,0.0265841401800116,0.009602));
#2094=CARTESIAN_POINT('',(-0.020715303203468,0.0265841401800116,0.0066));
#2095=CARTESIAN_POINT('',(-0.021715303203468,0.0265841401800116,0.0076));
#2096=CARTESIAN_POINT('',(-0.021715303203468,0.0265841401800116,0.0076));
#2097=CARTESIAN_POINT('',(-0.000168913661829307,0.0265841401800116,0.0076));
#2098=CARTESIAN_POINT('',(-0.0228153032034681,0.0265841401800116,0.0076));
#2099=CARTESIAN_POINT('',(-0.023815303203468,0.0265841401800116,0.0066));
#2100=CARTESIAN_POINT('',(-0.000168913661829307,0.0265841401800116,0.0096));
#2101=CARTESIAN_POINT('',(-0.0308153032034681,0.0265841401800116,0.009602));
#2102=CARTESIAN_POINT('',(-0.0308153032034681,0.0265841401800116,0.00882148149327308));
#2103=CARTESIAN_POINT('',(-0.0308153032034681,0.0265841401800116,0.0066));
#2104=CARTESIAN_POINT('',(-0.000168913661829307,0.0265841401800116,0.00882148149327306));
#2105=CARTESIAN_POINT('',(-0.027715303203468,0.0265841401800116,0.00882148149327307));
#2106=CARTESIAN_POINT('',(-0.027715303203468,0.0265841401800116,0.009602));
#2107=CARTESIAN_POINT('',(-0.027715303203468,0.0265841401800116,0.0066));
#2108=CARTESIAN_POINT('',(-0.028715303203468,0.0265841401800116,0.0076));
#2109=CARTESIAN_POINT('',(-0.028715303203468,0.0265841401800116,0.0076));
#2110=CARTESIAN_POINT('',(-0.000168913661829307,0.0265841401800116,0.0076));
#2111=CARTESIAN_POINT('',(-0.029815303203468,0.0265841401800116,0.0076));
#2112=CARTESIAN_POINT('',(-0.0308153032034681,0.0265841401800116,0.0066));
#2113=CARTESIAN_POINT('',(-0.000168913661829307,0.0265841401800116,0.0096));
#2114=CARTESIAN_POINT('',(-0.0437682219780985,0.0265841401800116,0.0016));
#2115=CARTESIAN_POINT('',(-0.0387682219780985,0.0265841401800116,0.0016));
#2116=CARTESIAN_POINT('',(-0.0407682219780985,0.0265841401800116,0.0016));
#2117=CARTESIAN_POINT('',(-0.0407682219780985,0.0265841401800116,0.0096));
#2118=CARTESIAN_POINT('',(-0.0407682219780985,0.0265841401800116,0.0056));
#2119=CARTESIAN_POINT('',(-0.000168913661829307,0.0265841401800116,0.0056));
#2120=CARTESIAN_POINT('',(-0.0417682219780985,0.0265841401800116,0.0056));
#2121=CARTESIAN_POINT('',(-0.0417682219780985,0.0265841401800116,0.0096));
#2122=CARTESIAN_POINT('',(-0.0417682219780985,0.0265841401800116,0.0076));
#2123=CARTESIAN_POINT('',(-0.0397682219780985,0.0265841401800116,0.0076));
#2124=CARTESIAN_POINT('',(-0.0413518832302581,0.0265841401800116,0.00882148149327309));
#2125=CARTESIAN_POINT('',(-0.000168913661829307,0.0265841401800116,0.00882148149327308));
#2126=CARTESIAN_POINT('',(-0.0347153032034681,0.0265841401800116,0.00882148149327309));
#2127=CARTESIAN_POINT('',(-0.0347153032034681,0.0265841401800116,0.009602));
#2128=CARTESIAN_POINT('',(-0.0347153032034681,0.0265841401800116,0.0066));
#2129=CARTESIAN_POINT('',(-0.0357153032034681,0.0265841401800116,0.0076));
#2130=CARTESIAN_POINT('',(-0.0357153032034681,0.0265841401800116,0.0076));
#2131=CARTESIAN_POINT('',(-0.000168913661829307,0.0265841401800116,0.0076));
#2132=CARTESIAN_POINT('',(-0.0367682219780986,0.0265841401800116,0.0076));
#2133=CARTESIAN_POINT('',(-0.0367682219780986,0.0265841401800116,0.0056));
#2134=CARTESIAN_POINT('',(-0.0387682219780985,0.0265841401800116,0.0056));
#2135=CARTESIAN_POINT('',(-0.0387682219780985,0.0265841401800116,0.0036));
#2136=CARTESIAN_POINT('',(-0.000168913661829307,0.0225841401800116,0.0096));
#2137=CARTESIAN_POINT('',(-0.013715303203468,0.0225841401800116,0.009602));
#2138=CARTESIAN_POINT('',(-0.013715303203468,0.0225841401800116,0.0096));
#2139=CARTESIAN_POINT('',(-0.013715303203468,0.0225841401800116,0.0066));
#2140=CARTESIAN_POINT('',(-0.000168913661829307,0.0225841401800116,0.0096));
#2141=CARTESIAN_POINT('',(-0.016815303203468,0.0225841401800116,0.0096));
#2142=CARTESIAN_POINT('',(-0.016815303203468,0.0225841401800116,0.009602));
#2143=CARTESIAN_POINT('',(-0.016815303203468,0.0225841401800116,0.0066));
#2144=CARTESIAN_POINT('',(-0.00699210843264866,0.0225841401800116,0.0164231947708194));
#2145=CARTESIAN_POINT('',(-0.015815303203468,0.0225841401800116,0.0076));
#2146=CARTESIAN_POINT('',(-0.000168913661829307,0.0225841401800116,0.0076));
#2147=CARTESIAN_POINT('',(-0.014715303203468,0.0225841401800116,0.0076));
#2148=CARTESIAN_POINT('',(-0.00844210843264867,0.0225841401800116,0.00132680522918064));
#2149=CARTESIAN_POINT('',(-0.000168913661829307,0.0225841401800116,0.0096));
#2150=CARTESIAN_POINT('',(-0.020715303203468,0.0225841401800116,0.009602));
#2151=CARTESIAN_POINT('',(-0.020715303203468,0.0225841401800116,0.0096));
#2152=CARTESIAN_POINT('',(-0.020715303203468,0.0225841401800116,0.0066));
#2153=CARTESIAN_POINT('',(-0.000168913661829307,0.0225841401800116,0.0096));
#2154=CARTESIAN_POINT('',(-0.023815303203468,0.0225841401800116,0.0096));
#2155=CARTESIAN_POINT('',(-0.023815303203468,0.0225841401800116,0.009602));
#2156=CARTESIAN_POINT('',(-0.023815303203468,0.0225841401800116,0.0066));
#2157=CARTESIAN_POINT('',(-0.0104921084326487,0.0225841401800116,0.0199231947708194));
#2158=CARTESIAN_POINT('',(-0.0228153032034681,0.0225841401800116,0.0076));
#2159=CARTESIAN_POINT('',(-0.000168913661829307,0.0225841401800116,0.0076));
#2160=CARTESIAN_POINT('',(-0.021715303203468,0.0225841401800116,0.0076));
#2161=CARTESIAN_POINT('',(-0.0119421084326487,0.0225841401800116,-0.00217319477081937));
#2162=CARTESIAN_POINT('',(-0.000168913661829307,0.0225841401800116,0.0096));
#2163=CARTESIAN_POINT('',(-0.027715303203468,0.0225841401800116,0.009602));
#2164=CARTESIAN_POINT('',(-0.027715303203468,0.0225841401800116,0.0096));
#2165=CARTESIAN_POINT('',(-0.027715303203468,0.0225841401800116,0.0066));
#2166=CARTESIAN_POINT('',(-0.000168913661829307,0.0225841401800116,0.0096));
#2167=CARTESIAN_POINT('',(-0.0308153032034681,0.0225841401800116,0.0096));
#2168=CARTESIAN_POINT('',(-0.0308153032034681,0.0225841401800116,0.009602));
#2169=CARTESIAN_POINT('',(-0.0308153032034681,0.0225841401800116,0.0066));
#2170=CARTESIAN_POINT('',(-0.0139921084326487,0.0225841401800116,0.0234231947708194));
#2171=CARTESIAN_POINT('',(-0.029815303203468,0.0225841401800116,0.0076));
#2172=CARTESIAN_POINT('',(-0.000168913661829307,0.0225841401800116,0.0076));
#2173=CARTESIAN_POINT('',(-0.028715303203468,0.0225841401800116,0.0076));
#2174=CARTESIAN_POINT('',(-0.0154421084326487,0.0225841401800116,-0.00567319477081936));
#2175=CARTESIAN_POINT('',(-0.000168913661829307,0.0225841401800116,0.0096));
#2176=CARTESIAN_POINT('',(-0.0452682219780985,0.0225841401800116,0.0056));
#2177=CARTESIAN_POINT('',(-0.0417682219780985,0.0225841401800116,0.0056));
#2178=CARTESIAN_POINT('',(-0.0407682219780985,0.0225841401800116,0.0056));
#2179=CARTESIAN_POINT('',(-0.0407682219780985,0.0225841401800116,0.0096));
#2180=CARTESIAN_POINT('',(-0.0407682219780985,0.0225841401800116,0.0016));
#2181=CARTESIAN_POINT('',(-0.0437682219780985,0.0225841401800116,0.0016));
#2182=CARTESIAN_POINT('',(-0.0387682219780985,0.0225841401800116,0.0016));
#2183=CARTESIAN_POINT('',(-0.0387682219780985,0.0225841401800116,0.0036));
#2184=CARTESIAN_POINT('',(-0.0387682219780985,0.0225841401800116,0.0056));
#2185=CARTESIAN_POINT('',(-0.0367682219780986,0.0225841401800116,0.0056));
#2186=CARTESIAN_POINT('',(-0.0367682219780986,0.0225841401800116,0.0076));
#2187=CARTESIAN_POINT('',(-0.000168913661829307,0.0225841401800116,0.0076));
#2188=CARTESIAN_POINT('',(-0.0357153032034681,0.0225841401800116,0.0076));
#2189=CARTESIAN_POINT('',(-0.0189421084326486,0.0225841401800116,-0.00917319477081936));
#2190=CARTESIAN_POINT('',(-0.0347153032034681,0.0225841401800116,0.0066));
#2191=CARTESIAN_POINT('',(-0.0347153032034681,0.0225841401800116,0.009602));
#2192=CARTESIAN_POINT('',(-0.0347153032034681,0.0225841401800116,0.0096));
#2193=CARTESIAN_POINT('',(-0.000168913661829307,0.0225841401800116,0.0096));
#2194=CARTESIAN_POINT('',(-0.0397682219780985,0.0225841401800116,0.0096));
#2195=CARTESIAN_POINT('',(-0.0397682219780985,0.0225841401800116,0.0076));
#2196=CARTESIAN_POINT('',(-0.0417682219780985,0.0225841401800116,0.0076));
#2197=CARTESIAN_POINT('',(-0.0417682219780985,0.0225841401800116,0.0096));
#2198=CARTESIAN_POINT('',(-0.000168913661829307,0.0265841401800116,0.0096));
#2199=CARTESIAN_POINT('',(0.04493039465444,0.0265841401800116,0.0056));
#2200=CARTESIAN_POINT('',(0.04143039465444,0.0265841401800116,0.0056));
#2201=CARTESIAN_POINT('',(0.04043039465444,0.0265841401800116,0.0056));
#2202=CARTESIAN_POINT('',(0.04043039465444,0.0265841401800116,0.0016));
#2203=CARTESIAN_POINT('',(0.04043039465444,0.0265841401800116,0.0016));
#2204=CARTESIAN_POINT('',(0.04343039465444,0.0265841401800116,0.0016));
#2205=CARTESIAN_POINT('',(0.03843039465444,0.0265841401800116,0.0016));
#2206=CARTESIAN_POINT('',(0.03843039465444,0.0265841401800116,0.0036));
#2207=CARTESIAN_POINT('',(0.03843039465444,0.0265841401800116,0.0056));
#2208=CARTESIAN_POINT('',(0.03643039465444,0.0265841401800116,0.0056));
#2209=CARTESIAN_POINT('',(0.03643039465444,0.0265841401800116,0.0076));
#2210=CARTESIAN_POINT('',(-0.000168913661829307,0.0265841401800116,0.0076));
#2211=CARTESIAN_POINT('',(-0.00881530320346803,0.0265841401800116,0.0076));
#2212=CARTESIAN_POINT('',(-0.00981530320346803,0.0265841401800116,0.0066));
#2213=CARTESIAN_POINT('',(-0.00981530320346803,0.0265841401800116,0.0066));
#2214=CARTESIAN_POINT('',(-0.00981530320346803,0.0265841401800116,0.009602));
#2215=CARTESIAN_POINT('',(-0.00981530320346803,0.0265841401800116,0.00882148149327302));
#2216=CARTESIAN_POINT('',(-0.000168913661829307,0.0265841401800116,0.00882148149327302));
#2217=CARTESIAN_POINT('',(0.0410140559065994,0.0265841401800116,0.00882148149327301));
#2218=CARTESIAN_POINT('',(0.03943039465444,0.0265841401800116,0.0076));
#2219=CARTESIAN_POINT('',(0.04143039465444,0.0265841401800116,0.0076));
#2220=CARTESIAN_POINT('',(0.04143039465444,0.0265841401800116,0.0096));
#2221=CARTESIAN_POINT('',(-0.000168913661829307,0.0225841401800116,0.0096));
#2222=CARTESIAN_POINT('',(0.04343039465444,0.0225841401800116,0.0016));
#2223=CARTESIAN_POINT('',(0.03843039465444,0.0225841401800116,0.0016));
#2224=CARTESIAN_POINT('',(0.04043039465444,0.0225841401800116,0.0016));
#2225=CARTESIAN_POINT('',(0.04043039465444,0.0225841401800116,0.0056));
#2226=CARTESIAN_POINT('',(0.04043039465444,0.0225841401800116,0.0056));
#2227=CARTESIAN_POINT('',(-0.000168913661829307,0.0225841401800116,0.0056));
#2228=CARTESIAN_POINT('',(0.04143039465444,0.0225841401800116,0.0056));
#2229=CARTESIAN_POINT('',(0.04143039465444,0.0225841401800116,0.0096));
#2230=CARTESIAN_POINT('',(0.04143039465444,0.0225841401800116,0.0076));
#2231=CARTESIAN_POINT('',(0.03943039465444,0.0225841401800116,0.0076));
#2232=CARTESIAN_POINT('',(0.03943039465444,0.0225841401800116,0.0096));
#2233=CARTESIAN_POINT('',(-0.000168913661829307,0.0225841401800116,0.0096));
#2234=CARTESIAN_POINT('',(-0.00981530320346798,0.0225841401800116,0.0096));
#2235=CARTESIAN_POINT('',(-0.00981530320346798,0.0225841401800116,0.009602));
#2236=CARTESIAN_POINT('',(-0.00981530320346803,0.0225841401800116,0.0066));
#2237=CARTESIAN_POINT('',(-0.00349210843264867,0.0225841401800116,0.0129231947708194));
#2238=CARTESIAN_POINT('',(-0.00881530320346803,0.0225841401800116,0.0076));
#2239=CARTESIAN_POINT('',(-0.000168913661829307,0.0225841401800116,0.0076));
#2240=CARTESIAN_POINT('',(0.03643039465444,0.0225841401800116,0.0076));
#2241=CARTESIAN_POINT('',(0.03643039465444,0.0225841401800116,0.0056));
#2242=CARTESIAN_POINT('',(0.03843039465444,0.0225841401800116,0.0056));
#2243=CARTESIAN_POINT('',(0.03843039465444,0.0225841401800116,0.0036));
#2244=CARTESIAN_POINT('',(-0.000168913661829307,0.0202031893181155,0.0076));
#2245=CARTESIAN_POINT('',(-0.00881530320346803,0.0202031893181155,0.0076));
#2246=CARTESIAN_POINT('',(0.03643039465444,0.0225841401800116,0.0076));
#2247=CARTESIAN_POINT('',(-0.013715303203468,0.0212031893181155,0.0076));
#2248=CARTESIAN_POINT('',(-0.013715303203468,0.0265841401800116,0.0066));
#2249=CARTESIAN_POINT('',(-0.013715303203468,0.0258056216732846,0.0096));
#2250=CARTESIAN_POINT('',(-0.0137153032034679,0.0278056216732846,0.0076));
#2251=CARTESIAN_POINT('',(-0.0137153032034679,0.0278056216732846,0.0076));
#2252=CARTESIAN_POINT('',(-0.0137153032034679,0.0278056216732846,0.0016));
#2253=CARTESIAN_POINT('',(-0.013715303203468,0.0212031893181155,0.0016));
#2254=CARTESIAN_POINT('',(-0.013715303203468,0.0146007569629464,0.0016));
#2255=CARTESIAN_POINT('',(-0.013715303203468,0.0146007569629464,0.0076));
#2256=CARTESIAN_POINT('',(-0.013715303203468,0.0146007569629464,0.0096));
#2257=CARTESIAN_POINT('',(-0.013715303203468,0.0212031893181155,0.0096));
#2258=CARTESIAN_POINT('',(-0.0152653032034681,0.0146007569629463,0.0076));
#2259=CARTESIAN_POINT('',(-0.0152653032034681,0.0146007569629463,0.0016));
#2260=CARTESIAN_POINT('',(-0.016815303203468,0.0146007569629466,0.0016));
#2261=CARTESIAN_POINT('',(-0.016815303203468,0.0146007569629466,0.0076));
#2262=CARTESIAN_POINT('',(-0.016815303203468,0.0146007569629466,0.0096));
#2263=CARTESIAN_POINT('',(-0.0152653032034681,0.0146007569629463,0.0096));
#2264=CARTESIAN_POINT('',(-0.016815303203468,0.0212031893181156,0.0076));
#2265=CARTESIAN_POINT('',(-0.016815303203468,0.0212031893181156,0.0066));
#2266=CARTESIAN_POINT('',(-0.016815303203468,0.0212031893181156,0.0096));
#2267=CARTESIAN_POINT('',(-0.016815303203468,0.0212031893181156,0.0016));
#2268=CARTESIAN_POINT('',(-0.016815303203468,0.0278056216732846,0.0016));
#2269=CARTESIAN_POINT('',(-0.016815303203468,0.0278056216732846,0.0076));
#2270=CARTESIAN_POINT('',(-0.016815303203468,0.0278056216732846,0.0076));
#2271=CARTESIAN_POINT('',(-0.016815303203468,0.0245044054957001,0.0109012161775845));
#2272=CARTESIAN_POINT('',(-0.018765303203468,0.0278056216732846,0.0076));
#2273=CARTESIAN_POINT('',(-0.020715303203468,0.0278056216732846,0.0076));
#2274=CARTESIAN_POINT('',(-0.020715303203468,0.0278056216732846,0.0076));
#2275=CARTESIAN_POINT('',(-0.020715303203468,0.0278056216732846,0.0016));
#2276=CARTESIAN_POINT('',(-0.018765303203468,0.0278056216732846,0.0076));
#2277=CARTESIAN_POINT('',(-0.018765303203468,0.0278056216732846,0.0016));
#2278=CARTESIAN_POINT('',(-0.020715303203468,0.0212031893181156,0.0076));
#2279=CARTESIAN_POINT('',(-0.020715303203468,0.0265841401800116,0.0066));
#2280=CARTESIAN_POINT('',(-0.020715303203468,0.0258056216732846,0.0096));
#2281=CARTESIAN_POINT('',(-0.020715303203468,0.0212031893181156,0.0016));
#2282=CARTESIAN_POINT('',(-0.020715303203468,0.0146007569629464,0.0016));
#2283=CARTESIAN_POINT('',(-0.020715303203468,0.0146007569629464,0.0076));
#2284=CARTESIAN_POINT('',(-0.020715303203468,0.0146007569629464,0.0096));
#2285=CARTESIAN_POINT('',(-0.020715303203468,0.0212031893181156,0.0096));
#2286=CARTESIAN_POINT('',(-0.022265303203468,0.0146007569629464,0.0076));
#2287=CARTESIAN_POINT('',(-0.022265303203468,0.0146007569629464,0.0016));
#2288=CARTESIAN_POINT('',(-0.023815303203468,0.0146007569629466,0.0016));
#2289=CARTESIAN_POINT('',(-0.023815303203468,0.0146007569629466,0.0076));
#2290=CARTESIAN_POINT('',(-0.023815303203468,0.0146007569629466,0.0096));
#2291=CARTESIAN_POINT('',(-0.022265303203468,0.0146007569629464,0.0096));
#2292=CARTESIAN_POINT('',(-0.023815303203468,0.0212031893181156,0.0076));
#2293=CARTESIAN_POINT('',(-0.023815303203468,0.0212031893181156,0.0066));
#2294=CARTESIAN_POINT('',(-0.023815303203468,0.0212031893181156,0.0096));
#2295=CARTESIAN_POINT('',(-0.023815303203468,0.0212031893181156,0.0016));
#2296=CARTESIAN_POINT('',(-0.023815303203468,0.0278056216732846,0.0016));
#2297=CARTESIAN_POINT('',(-0.023815303203468,0.0278056216732846,0.0076));
#2298=CARTESIAN_POINT('',(-0.023815303203468,0.0278056216732846,0.0076));
#2299=CARTESIAN_POINT('',(-0.023815303203468,0.0245044054957001,0.0109012161775845));
#2300=CARTESIAN_POINT('',(-0.025765303203468,0.0278056216732846,0.0076));
#2301=CARTESIAN_POINT('',(-0.027715303203468,0.0278056216732846,0.0076));
#2302=CARTESIAN_POINT('',(-0.027715303203468,0.0278056216732846,0.0076));
#2303=CARTESIAN_POINT('',(-0.027715303203468,0.0278056216732846,0.0016));
#2304=CARTESIAN_POINT('',(-0.025765303203468,0.0278056216732846,0.0076));
#2305=CARTESIAN_POINT('',(-0.025765303203468,0.0278056216732846,0.0016));
#2306=CARTESIAN_POINT('',(-0.027715303203468,0.0212031893181156,0.0076));
#2307=CARTESIAN_POINT('',(-0.027715303203468,0.0265841401800116,0.0066));
#2308=CARTESIAN_POINT('',(-0.027715303203468,0.0258056216732846,0.0096));
#2309=CARTESIAN_POINT('',(-0.027715303203468,0.0212031893181156,0.0016));
#2310=CARTESIAN_POINT('',(-0.027715303203468,0.0146007569629464,0.0016));
#2311=CARTESIAN_POINT('',(-0.027715303203468,0.0146007569629464,0.0076));
#2312=CARTESIAN_POINT('',(-0.027715303203468,0.0146007569629464,0.0096));
#2313=CARTESIAN_POINT('',(-0.027715303203468,0.0212031893181156,0.0096));
#2314=CARTESIAN_POINT('',(-0.029265303203468,0.0146007569629464,0.0076));
#2315=CARTESIAN_POINT('',(-0.029265303203468,0.0146007569629464,0.0016));
#2316=CARTESIAN_POINT('',(-0.0308153032034681,0.0146007569629466,0.0016));
#2317=CARTESIAN_POINT('',(-0.0308153032034681,0.0146007569629466,0.0076));
#2318=CARTESIAN_POINT('',(-0.0308153032034681,0.0146007569629466,0.0096));
#2319=CARTESIAN_POINT('',(-0.029265303203468,0.0146007569629464,0.0096));
#2320=CARTESIAN_POINT('',(-0.0308153032034681,0.0212031893181156,0.0076));
#2321=CARTESIAN_POINT('',(-0.0308153032034681,0.0212031893181156,0.0066));
#2322=CARTESIAN_POINT('',(-0.0308153032034681,0.0212031893181156,0.0096));
#2323=CARTESIAN_POINT('',(-0.0308153032034681,0.0212031893181156,0.0016));
#2324=CARTESIAN_POINT('',(-0.0308153032034681,0.0278056216732847,0.0016));
#2325=CARTESIAN_POINT('',(-0.0308153032034681,0.0278056216732847,0.0076));
#2326=CARTESIAN_POINT('',(-0.0308153032034681,0.0278056216732847,0.0076));
#2327=CARTESIAN_POINT('',(-0.0308153032034681,0.0245044054957001,0.0109012161775845));
#2328=CARTESIAN_POINT('',(-0.0327653032034681,0.0278056216732847,0.0076));
#2329=CARTESIAN_POINT('',(-0.0347153032034681,0.0278056216732847,0.0076));
#2330=CARTESIAN_POINT('',(-0.0347153032034681,0.0278056216732847,0.0076));
#2331=CARTESIAN_POINT('',(-0.0347153032034681,0.0278056216732847,0.0016));
#2332=CARTESIAN_POINT('',(-0.0327653032034681,0.0278056216732847,0.0076));
#2333=CARTESIAN_POINT('',(-0.0327653032034681,0.0278056216732847,0.0016));
#2334=CARTESIAN_POINT('',(-0.0347153032034681,0.0212031893181156,0.0076));
#2335=CARTESIAN_POINT('',(-0.0347153032034681,0.0265841401800116,0.0066));
#2336=CARTESIAN_POINT('',(-0.0347153032034681,0.0258056216732847,0.0096));
#2337=CARTESIAN_POINT('',(-0.0347153032034681,0.0212031893181156,0.0016));
#2338=CARTESIAN_POINT('',(-0.0347153032034681,0.0146007569629467,0.0016));
#2339=CARTESIAN_POINT('',(-0.0347153032034681,0.0146007569629467,0.0076));
#2340=CARTESIAN_POINT('',(-0.0347153032034681,0.0146007569629467,0.0096));
#2341=CARTESIAN_POINT('',(-0.0347153032034681,0.0212031893181156,0.0096));
#2342=CARTESIAN_POINT('',(-0.0362653032034681,0.0146007569629464,0.0076));
#2343=CARTESIAN_POINT('',(-0.0362653032034681,0.0146007569629464,0.0016));
#2344=CARTESIAN_POINT('',(-0.037815303203468,0.0146007569629464,0.0016));
#2345=CARTESIAN_POINT('',(-0.037815303203468,0.0146007569629464,0.0076));
#2346=CARTESIAN_POINT('',(-0.037815303203468,0.0146007569629464,0.0096));
#2347=CARTESIAN_POINT('',(-0.0362653032034681,0.0146007569629464,0.0096));
#2348=CARTESIAN_POINT('',(-0.037815303203468,0.0136007569629464,0.0076));
#2349=CARTESIAN_POINT('',(-0.037815303203468,0.0136007569629464,0.0016));
#2350=CARTESIAN_POINT('',(-0.037815303203468,0.0126007569629464,0.0016));
#2351=CARTESIAN_POINT('',(-0.037815303203468,0.0126007569629464,0.0076));
#2352=CARTESIAN_POINT('',(-0.037815303203468,0.0126007569629464,0.0096));
#2353=CARTESIAN_POINT('',(-0.037815303203468,0.0136007569629464,0.0096));
#2354=CARTESIAN_POINT('',(-0.022315303203468,0.0126007569629464,0.0076));
#2355=CARTESIAN_POINT('',(-0.022315303203468,0.0126007569629464,0.0016));
#2356=CARTESIAN_POINT('',(-0.00681530320346804,0.0126007569629463,0.0016));
#2357=CARTESIAN_POINT('',(-0.00681530320346804,0.0126007569629463,0.0076));
#2358=CARTESIAN_POINT('',(-0.00681530320346804,0.0126007569629463,0.0096));
#2359=CARTESIAN_POINT('',(-0.022315303203468,0.0126007569629464,0.0096));
#2360=CARTESIAN_POINT('',(-0.00681530320346804,0.0136007569629463,0.0076));
#2361=CARTESIAN_POINT('',(-0.00681530320346804,0.0136007569629463,0.0016));
#2362=CARTESIAN_POINT('',(-0.00681530320346806,0.0146007569629463,0.0016));
#2363=CARTESIAN_POINT('',(-0.00681530320346806,0.0146007569629463,0.0076));
#2364=CARTESIAN_POINT('',(-0.00681530320346806,0.0146007569629463,0.0096));
#2365=CARTESIAN_POINT('',(-0.00681530320346804,0.0136007569629463,0.0096));
#2366=CARTESIAN_POINT('',(-0.008315303203468,0.0146007569629463,0.0076));
#2367=CARTESIAN_POINT('',(-0.008315303203468,0.0146007569629463,0.0016));
#2368=CARTESIAN_POINT('',(-0.00981530320346793,0.0146007569629463,0.0016));
#2369=CARTESIAN_POINT('',(-0.00981530320346793,0.0146007569629463,0.0076));
#2370=CARTESIAN_POINT('',(-0.00981530320346793,0.0146007569629463,0.0096));
#2371=CARTESIAN_POINT('',(-0.008315303203468,0.0146007569629463,0.0096));
#2372=CARTESIAN_POINT('',(-0.00981530320346803,0.0212031893181156,0.0076));
#2373=CARTESIAN_POINT('',(-0.00981530320346803,0.0212031893181156,0.0066));
#2374=CARTESIAN_POINT('',(-0.00981530320346803,0.0212031893181156,0.0096));
#2375=CARTESIAN_POINT('',(-0.00981530320346803,0.0212031893181156,0.0016));
#2376=CARTESIAN_POINT('',(-0.00981530320346803,0.0278056216732846,0.0016));
#2377=CARTESIAN_POINT('',(-0.00981530320346803,0.0278056216732846,0.0076));
#2378=CARTESIAN_POINT('',(-0.00981530320346803,0.0278056216732846,0.0076));
#2379=CARTESIAN_POINT('',(-0.00981530320346803,0.0245044054957001,0.0109012161775845));
#2380=CARTESIAN_POINT('',(-0.0117653032034679,0.0278056216732846,0.0076));
#2381=CARTESIAN_POINT('',(-0.0117653032034679,0.0278056216732846,0.0076));
#2382=CARTESIAN_POINT('',(-0.0117653032034679,0.0278056216732846,0.0016));
#2383=CARTESIAN_POINT('',(0.000938839826107204,0.000588043488149736,0.0016));
#2384=CARTESIAN_POINT('',(-0.000168913661829307,0.0202031893181155,0.0076));
#2385=CARTESIAN_POINT('',(-0.015815303203468,0.0202031893181155,0.0076));
#2386=CARTESIAN_POINT('',(-0.014715303203468,0.0225841401800116,0.0076));
#2387=CARTESIAN_POINT('',(-0.000168913661829307,0.0202031893181155,0.0076));
#2388=CARTESIAN_POINT('',(-0.0228153032034681,0.0202031893181155,0.0076));
#2389=CARTESIAN_POINT('',(-0.021715303203468,0.0225841401800116,0.0076));
#2390=CARTESIAN_POINT('',(-0.000168913661829307,0.0202031893181155,0.0076));
#2391=CARTESIAN_POINT('',(-0.029815303203468,0.0202031893181155,0.0076));
#2392=CARTESIAN_POINT('',(-0.028715303203468,0.0225841401800116,0.0076));
#2393=CARTESIAN_POINT('',(-0.000168913661829307,0.0202031893181155,0.0076));
#2394=CARTESIAN_POINT('',(-0.0357153032034681,0.0225841401800116,0.0076));
#2395=CARTESIAN_POINT('',(-0.0367682219780986,0.0202031893181155,0.0076));
#2396=CARTESIAN_POINT('',(-0.0417682219780985,0.0245841401800116,0.0096));
#2397=CARTESIAN_POINT('',(-0.0417682219780985,0.0265841401800116,0.0076));
#2398=CARTESIAN_POINT('',(-0.0417682219780985,0.0225841401800116,0.0056));
#2399=CARTESIAN_POINT('',(0.04143039465444,0.0245841401800116,0.0096));
#2400=CARTESIAN_POINT('',(0.04143039465444,0.0245841401800116,0.0076));
#2401=CARTESIAN_POINT('',(0.04143039465444,0.0225841401800116,0.0056));
#2402=CARTESIAN_POINT('',(-0.000168913661829307,0.0202031893181155,0.0096));
#2403=CARTESIAN_POINT('',(-0.000168913661829307,0.0258056216732846,0.0096));
#2404=CARTESIAN_POINT('',(0.03943039465444,0.0258056216732846,0.0096));
#2405=CARTESIAN_POINT('',(-0.0397682219780985,0.0258056216732847,0.0096));
#2406=CARTESIAN_POINT('',(-0.0397682219780985,0.0225841401800116,0.0096));
#2407=CARTESIAN_POINT('',(0.03943039465444,0.0202031893181155,0.0096));
#2408=CARTESIAN_POINT('',(0.04493039465444,0.0225841401800116,0.0056));
#2409=CARTESIAN_POINT('',(0.045,0.0245,0.0056));
#2410=CARTESIAN_POINT('',(0.04675,0.0245,0.0056));
#2411=CARTESIAN_POINT('',(0.04493039465444,0.0215841401800116,0.0056));
#2412=CARTESIAN_POINT('',(0.04143039465444,0.0215841401800116,0.0056));
#2413=CARTESIAN_POINT('',(0.0464303946544399,0.0215841401800116,0.0056));
#2414=CARTESIAN_POINT('',(0.0464303946544399,0.0235841401800116,0.0056));
#2415=CARTESIAN_POINT('',(0.0484303946544399,0.0235841401800116,0.0056));
#2416=CARTESIAN_POINT('',(0.0484303946544399,0.0225841401800116,0.0056));
#2417=CARTESIAN_POINT('',(0.0484303946544399,0.0255841401800116,0.0056));
#2418=CARTESIAN_POINT('',(0.0464303946544399,0.0255841401800116,0.0056));
#2419=CARTESIAN_POINT('',(0.0464303946544399,0.0275841401800116,0.0056));
#2420=CARTESIAN_POINT('',(0.04493039465444,0.0275841401800116,0.0056));
#2421=CARTESIAN_POINT('',(0.04143039465444,0.0275841401800116,0.0056));
#2422=CARTESIAN_POINT('',(0.04043039465444,0.0265841401800116,0.0056));
#2423=CARTESIAN_POINT('',(0.04143039465444,0.0215841401800116,0.0056));
#2424=CARTESIAN_POINT('',(0.0484303946544399,0.0225841401800116,0.0036));
#2425=CARTESIAN_POINT('',(0.0484303946544399,0.0235841401800116,0.0036));
#2426=CARTESIAN_POINT('',(0.0484303946544399,0.0235841401800116,0.0016));
#2427=CARTESIAN_POINT('',(0.0484303946544399,0.0225841401800116,0.0016));
#2428=CARTESIAN_POINT('',(0.0484303946544399,0.0255841401800116,0.0016));
#2429=CARTESIAN_POINT('',(0.0484303946544399,0.0255841401800116,0.0036));
#2430=CARTESIAN_POINT('',(0.04343039465444,0.0225841401800116,0.0016));
#2431=CARTESIAN_POINT('',(0.045,0.0245,0.0016));
#2432=CARTESIAN_POINT('',(0.04325,0.0245,0.0016));
#2433=CARTESIAN_POINT('',(0.0464303946544399,0.0235841401800116,0.0016));
#2434=CARTESIAN_POINT('',(0.0464303946544399,0.0215841401800116,0.0016));
#2435=CARTESIAN_POINT('',(0.04343039465444,0.0215841401800116,0.0016));
#2436=CARTESIAN_POINT('',(0.04143039465444,0.0215841401800116,0.0016));
#2437=CARTESIAN_POINT('',(0.0419303946544399,0.0210841401800116,0.0016));
#2438=CARTESIAN_POINT('',(0.03843039465444,0.0225841401800116,0.0016));
#2439=CARTESIAN_POINT('',(0.03993039465444,0.0260841401800116,0.0016));
#2440=CARTESIAN_POINT('',(0.04143039465444,0.0275841401800116,0.0016));
#2441=CARTESIAN_POINT('',(0.04343039465444,0.0275841401800116,0.0016));
#2442=CARTESIAN_POINT('',(0.0464303946544399,0.0275841401800116,0.0016));
#2443=CARTESIAN_POINT('',(0.0464303946544399,0.0255841401800116,0.0016));
#2444=CARTESIAN_POINT('',(0.03843039465444,0.0225841401800116,0.0036));
#2445=CARTESIAN_POINT('',(0.03843039465444,0.0265841401800116,0.0056));
#2446=CARTESIAN_POINT('',(-0.0452682219780985,0.0225841401800116,0.0056));
#2447=CARTESIAN_POINT('',(-0.045,0.0245,0.0056));
#2448=CARTESIAN_POINT('',(-0.04325,0.0245,0.0056));
#2449=CARTESIAN_POINT('',(-0.0487682219780986,0.0225841401800116,0.0056));
#2450=CARTESIAN_POINT('',(-0.0487682219780986,0.0235841401800116,0.0056));
#2451=CARTESIAN_POINT('',(-0.0487682219780986,0.0255841401800116,0.0056));
#2452=CARTESIAN_POINT('',(-0.0467682219780986,0.0235841401800116,0.0056));
#2453=CARTESIAN_POINT('',(-0.0467682219780986,0.0215841401800116,0.0056));
#2454=CARTESIAN_POINT('',(-0.0452682219780985,0.0215841401800116,0.0056));
#2455=CARTESIAN_POINT('',(-0.0417682219780985,0.0215841401800116,0.0056));
#2456=CARTESIAN_POINT('',(-0.0430182219780985,0.0203341401800116,0.0056));
#2457=CARTESIAN_POINT('',(-0.0410182219780985,0.0268341401800116,0.0056));
#2458=CARTESIAN_POINT('',(-0.0417682219780985,0.0275841401800116,0.0056));
#2459=CARTESIAN_POINT('',(-0.0452682219780985,0.0275841401800116,0.0056));
#2460=CARTESIAN_POINT('',(-0.0467682219780986,0.0275841401800116,0.0056));
#2461=CARTESIAN_POINT('',(-0.0467682219780986,0.0255841401800116,0.0056));
#2462=CARTESIAN_POINT('',(-0.0387682219780985,0.0225841401800116,0.0036));
#2463=CARTESIAN_POINT('',(-0.0387682219780985,0.0225841401800116,0.0056));
#2464=CARTESIAN_POINT('',(-0.0387682219780985,0.0225841401800116,0.0016));
#2465=CARTESIAN_POINT('',(-0.0437682219780985,0.0225841401800116,0.0016));
#2466=CARTESIAN_POINT('',(-0.045,0.0245,0.0016));
#2467=CARTESIAN_POINT('',(-0.04675,0.0245,0.0016));
#2468=CARTESIAN_POINT('',(-0.0437682219780985,0.0215841401800116,0.0016));
#2469=CARTESIAN_POINT('',(-0.0417682219780985,0.0215841401800116,0.0016));
#2470=CARTESIAN_POINT('',(-0.0467682219780986,0.0215841401800116,0.0016));
#2471=CARTESIAN_POINT('',(-0.0467682219780986,0.0235841401800116,0.0016));
#2472=CARTESIAN_POINT('',(-0.0487682219780986,0.0235841401800116,0.0016));
#2473=CARTESIAN_POINT('',(-0.0487682219780986,0.0225841401800116,0.0016));
#2474=CARTESIAN_POINT('',(-0.0487682219780986,0.0255841401800116,0.0016));
#2475=CARTESIAN_POINT('',(-0.0467682219780986,0.0255841401800116,0.0016));
#2476=CARTESIAN_POINT('',(-0.0467682219780986,0.0275841401800116,0.0016));
#2477=CARTESIAN_POINT('',(-0.0437682219780985,0.0275841401800116,0.0016));
#2478=CARTESIAN_POINT('',(-0.0417682219780985,0.0275841401800116,0.0016));
#2479=CARTESIAN_POINT('',(-0.0417682219780985,0.0275841401800116,0.0016));
#2480=CARTESIAN_POINT('',(-0.0407682219780985,0.0225841401800116,0.0016));
#2481=CARTESIAN_POINT('',(-0.0487682219780986,0.0225841401800116,0.0036));
#2482=CARTESIAN_POINT('',(-0.0487682219780986,0.0235841401800116,0.0056));
#2483=CARTESIAN_POINT('',(-0.0487682219780986,0.0255841401800116,0.0016));
#2484=CARTESIAN_POINT('',(-0.000168913661829303,0.0215841401800116,0.0056));
#2485=CARTESIAN_POINT('',(-0.0467682219780986,0.0215841401800116,0.0016));
#2486=CARTESIAN_POINT('',(-0.0417682219780985,0.0215841401800116,0.0036));
#2487=CARTESIAN_POINT('',(-0.000168913661829303,0.0215841401800116,0.0056));
#2488=CARTESIAN_POINT('',(0.0464303946544399,0.0215841401800116,0.0056));
#2489=CARTESIAN_POINT('',(0.04143039465444,0.0215841401800116,0.0036));
#2490=CARTESIAN_POINT('',(-0.000168913661829304,0.0275841401800116,0.0056));
#2491=CARTESIAN_POINT('',(-0.0467682219780986,0.0275841401800116,0.0056));
#2492=CARTESIAN_POINT('',(-0.0417682219780985,0.0275841401800116,0.0036));
#2493=CARTESIAN_POINT('',(-0.000168913661829304,0.0275841401800116,0.0056));
#2494=CARTESIAN_POINT('',(0.0464303946544399,0.0275841401800116,0.0056));
#2495=CARTESIAN_POINT('',(0.04143039465444,0.0275841401800116,0.0036));
#2496=CARTESIAN_POINT('',(0.0464303946544399,0.0235841401800116,0.0036));
#2497=CARTESIAN_POINT('',(-0.0467682219780986,0.0235841401800116,0.0056));
#2498=CARTESIAN_POINT('',(0.0464303946544399,0.0255841401800116,0.0056));
#2499=CARTESIAN_POINT('',(-0.0467682219780986,0.0255841401800116,0.0036));
#2500=CARTESIAN_POINT('',(0.03943039465444,0.0245841401800116,0.0076));
#2501=CARTESIAN_POINT('',(0.03943039465444,0.0278056216732846,0.0076));
#2502=CARTESIAN_POINT('',(-0.0397682219780985,0.0202031893181155,0.0076));
#2503=CARTESIAN_POINT('',(-0.0397682219780985,0.0278056216732847,0.0076));
#2504=CARTESIAN_POINT('',(0.03643039465444,0.0225841401800116,0.0056));
#2505=CARTESIAN_POINT('',(-0.0367682219780986,0.0202031893181155,0.0056));
#2506=CARTESIAN_POINT('',(-0.000168913661829307,0.0258056216732846,0.0096));
#2507=CARTESIAN_POINT('',(-0.045,0.0245,0.005602));
#2508=CARTESIAN_POINT('',(0.045,0.0245,0.005602));
#2509=CARTESIAN_POINT('',(-0.0417682219780985,0.0275841401800116,0.0036));
#2510=CARTESIAN_POINT('',(0.04043039465444,0.0265841401800116,0.0096));
#2511=CARTESIAN_POINT('',(-0.0407682219780985,0.0225841401800116,0.0096));
#2512=CARTESIAN_POINT('',(0.04143039465444,0.0215841401800116,0.0036));
#2513=CARTESIAN_POINT('',(-0.0308153032034681,0.0212031893181156,0.0066));
#2514=CARTESIAN_POINT('',(-0.0357153032034681,0.0202031893181155,0.0076));
#2515=CARTESIAN_POINT('',(-0.023815303203468,0.0212031893181156,0.0066));
#2516=CARTESIAN_POINT('',(-0.028715303203468,0.0202031893181155,0.0076));
#2517=CARTESIAN_POINT('',(-0.016815303203468,0.0212031893181156,0.0066));
#2518=CARTESIAN_POINT('',(-0.021715303203468,0.0202031893181155,0.0076));
#2519=CARTESIAN_POINT('',(-0.00981530320346803,0.0212031893181156,0.0066));
#2520=CARTESIAN_POINT('',(-0.014715303203468,0.0202031893181155,0.0076));
#2521=MECHANICAL_DESIGN_GEOMETRIC_PRESENTATION_REPRESENTATION('',(#1570),
#2522);
#2522=(
GEOMETRIC_REPRESENTATION_CONTEXT(3)
GLOBAL_UNCERTAINTY_ASSIGNED_CONTEXT((#2523))
GLOBAL_UNIT_ASSIGNED_CONTEXT((#2526,#2525,#2524))
REPRESENTATION_CONTEXT('LightPipe clip','TOP_LEVEL_ASSEMBLY_PART')
);
#2523=UNCERTAINTY_MEASURE_WITH_UNIT(LENGTH_MEASURE(1.E-8),#2526,
'DISTANCE_ACCURACY_VALUE','Maximum Tolerance applied to model');
#2524=(
NAMED_UNIT(*)
SI_UNIT($,.STERADIAN.)
SOLID_ANGLE_UNIT()
);
#2525=(
NAMED_UNIT(*)
PLANE_ANGLE_UNIT()
SI_UNIT($,.RADIAN.)
);
#2526=(
LENGTH_UNIT()
NAMED_UNIT(*)
SI_UNIT($,.METRE.)
);
#2527=PRODUCT_DEFINITION_SHAPE('','',#2528);
#2528=PRODUCT_DEFINITION('','',#2530,#2529);
#2529=PRODUCT_DEFINITION_CONTEXT('',#2536,'design');
#2530=PRODUCT_DEFINITION_FORMATION_WITH_SPECIFIED_SOURCE('','',#2532,
 .NOT_KNOWN.);
#2531=PRODUCT_RELATED_PRODUCT_CATEGORY('','',(#2532));
#2532=PRODUCT('LightPipe clip','LightPipe clip','LightPipe clip',(#2534));
#2533=PRODUCT_CATEGORY('','');
#2534=PRODUCT_CONTEXT('',#2536,'mechanical');
#2535=APPLICATION_PROTOCOL_DEFINITION('international standard',
'ap242_managed_model_based_3d_engineering',2020,#2536);
#2536=APPLICATION_CONTEXT('managed model based 3d engineering');
ENDSEC;
END-ISO-10303-21;
